name,mean_bal_acc,std_bal_acc,n_subjects
baseline,0.49266975308641975,0.12105805109549482,9
no_bandpass,0.5489969135802469,0.091361087598806,9
zscore_per_channel_on,0.4780092592592593,0.12021167869120941,9
zscore_per_epoch_on,0.4652777777777778,0.12337658949767098,9
readout_spk_last,0.4652777777777778,0.14127009671667057,9
readout_spk_sum,0.44116512345679015,0.08647872285344738,9
