subject,bal_acc,f1_macro,n_train,n_test
3,0.6302083333333333,0.6332021944253735,4608,576
9,0.623263888888889,0.6236223924305014,4608,576
8,0.6163194444444444,0.6034932058952525,4608,576
1,0.5954861111111112,0.5954188634658399,4608,576
7,0.44791666666666663,0.44070460471776474,4608,576
4,0.4149305555555556,0.4097000872212737,4608,576
6,0.3836805555555556,0.3580491384250925,4608,576
2,0.3819444444444445,0.3815678111340903,4608,576
5,0.3402777777777778,0.31278173657247454,4608,576
