Job ID   : 44392964
Node     : fg6
Started  : Sun Jul  5 19:57:06 MDT 2026
Directory: /home/aleksander.berezowsk/spiking-eegnet
Requirement already satisfied: setuptools==69.5.1 in /home/aleksander.berezowsk/venv/lib/python3.12/site-packages (69.5.1)
Requirement already satisfied: torch==2.4.0 in /home/aleksander.berezowsk/venv/lib/python3.12/site-packages (2.4.0)
Requirement already satisfied: torchvision==0.19.0 in /home/aleksander.berezowsk/venv/lib/python3.12/site-packages (0.19.0)
Requirement already satisfied: torchaudio==2.4.0 in /home/aleksander.berezowsk/venv/lib/python3.12/site-packages (2.4.0)
Requirement already satisfied: torchmetrics in /home/aleksander.berezowsk/venv/lib/python3.12/site-packages (1.9.0)
Requirement already satisfied: filelock in /home/aleksander.berezowsk/venv/lib/python3.12/site-packages (from torch==2.4.0) (3.29.0)
Requirement already satisfied: typing-extensions>=4.8.0 in /home/aleksander.berezowsk/venv/lib/python3.12/site-packages (from torch==2.4.0) (4.15.0)
Requirement already satisfied: sympy in /home/aleksander.berezowsk/venv/lib/python3.12/site-packages (from torch==2.4.0) (1.14.0)
Requirement already satisfied: networkx in /home/aleksander.berezowsk/venv/lib/python3.12/site-packages (from torch==2.4.0) (3.6.1)
Requirement already satisfied: jinja2 in /home/aleksander.berezowsk/venv/lib/python3.12/site-packages (from torch==2.4.0) (3.1.6)
Requirement already satisfied: fsspec in /home/aleksander.berezowsk/venv/lib/python3.12/site-packages (from torch==2.4.0) (2026.4.0)
Requirement already satisfied: setuptools in /home/aleksander.berezowsk/venv/lib/python3.12/site-packages (from torch==2.4.0) (69.5.1)
Requirement already satisfied: nvidia-cuda-nvrtc-cu12==12.1.105 in /home/aleksander.berezowsk/venv/lib/python3.12/site-packages (from torch==2.4.0) (12.1.105)
Requirement already satisfied: nvidia-cuda-runtime-cu12==12.1.105 in /home/aleksander.berezowsk/venv/lib/python3.12/site-packages (from torch==2.4.0) (12.1.105)
Requirement already satisfied: nvidia-cuda-cupti-cu12==12.1.105 in /home/aleksander.berezowsk/venv/lib/python3.12/site-packages (from torch==2.4.0) (12.1.105)
Requirement already satisfied: nvidia-cudnn-cu12==9.1.0.70 in /home/aleksander.berezowsk/venv/lib/python3.12/site-packages (from torch==2.4.0) (9.1.0.70)
Requirement already satisfied: nvidia-cublas-cu12==12.1.3.1 in /home/aleksander.berezowsk/venv/lib/python3.12/site-packages (from torch==2.4.0) (12.1.3.1)
Requirement already satisfied: nvidia-cufft-cu12==11.0.2.54 in /home/aleksander.berezowsk/venv/lib/python3.12/site-packages (from torch==2.4.0) (11.0.2.54)
Requirement already satisfied: nvidia-curand-cu12==10.3.2.106 in /home/aleksander.berezowsk/venv/lib/python3.12/site-packages (from torch==2.4.0) (10.3.2.106)
Requirement already satisfied: nvidia-cusolver-cu12==11.4.5.107 in /home/aleksander.berezowsk/venv/lib/python3.12/site-packages (from torch==2.4.0) (11.4.5.107)
Requirement already satisfied: nvidia-cusparse-cu12==12.1.0.106 in /home/aleksander.berezowsk/venv/lib/python3.12/site-packages (from torch==2.4.0) (12.1.0.106)
Requirement already satisfied: nvidia-nccl-cu12==2.20.5 in /home/aleksander.berezowsk/venv/lib/python3.12/site-packages (from torch==2.4.0) (2.20.5)
Requirement already satisfied: nvidia-nvtx-cu12==12.1.105 in /home/aleksander.berezowsk/venv/lib/python3.12/site-packages (from torch==2.4.0) (12.1.105)
Requirement already satisfied: triton==3.0.0 in /home/aleksander.berezowsk/venv/lib/python3.12/site-packages (from torch==2.4.0) (3.0.0)
Requirement already satisfied: numpy in /home/aleksander.berezowsk/venv/lib/python3.12/site-packages (from torchvision==0.19.0) (2.4.6)
Requirement already satisfied: pillow!=8.3.*,>=5.3.0 in /home/aleksander.berezowsk/venv/lib/python3.12/site-packages (from torchvision==0.19.0) (12.2.0)
Requirement already satisfied: nvidia-nvjitlink-cu12 in /home/aleksander.berezowsk/venv/lib/python3.12/site-packages (from nvidia-cusolver-cu12==11.4.5.107->torch==2.4.0) (12.9.86)
Requirement already satisfied: packaging>17.1 in /home/aleksander.berezowsk/venv/lib/python3.12/site-packages (from torchmetrics) (26.2)
Requirement already satisfied: lightning-utilities>=0.15.3 in /home/aleksander.berezowsk/venv/lib/python3.12/site-packages (from torchmetrics) (0.15.3)
Requirement already satisfied: MarkupSafe>=2.0 in /home/aleksander.berezowsk/venv/lib/python3.12/site-packages (from jinja2->torch==2.4.0) (3.0.3)
Requirement already satisfied: mpmath<1.4,>=1.1.0 in /home/aleksander.berezowsk/venv/lib/python3.12/site-packages (from sympy->torch==2.4.0) (1.3.0)
Requirement already satisfied: optuna in /home/aleksander.berezowsk/venv/lib/python3.12/site-packages (4.9.0)
Requirement already satisfied: snntorch in /home/aleksander.berezowsk/venv/lib/python3.12/site-packages (0.9.4)
Requirement already satisfied: alembic>=1.5.0 in /home/aleksander.berezowsk/venv/lib/python3.12/site-packages (from optuna) (1.18.4)
Requirement already satisfied: colorlog in /home/aleksander.berezowsk/venv/lib/python3.12/site-packages (from optuna) (6.10.1)
Requirement already satisfied: numpy in /home/aleksander.berezowsk/venv/lib/python3.12/site-packages (from optuna) (2.4.6)
Requirement already satisfied: packaging>=20.0 in /home/aleksander.berezowsk/venv/lib/python3.12/site-packages (from optuna) (26.2)
Requirement already satisfied: sqlalchemy>=1.4.2 in /home/aleksander.berezowsk/venv/lib/python3.12/site-packages (from optuna) (2.0.50)
Requirement already satisfied: tqdm in /home/aleksander.berezowsk/venv/lib/python3.12/site-packages (from optuna) (4.67.3)
Requirement already satisfied: PyYAML in /home/aleksander.berezowsk/venv/lib/python3.12/site-packages (from optuna) (6.0.3)
Requirement already satisfied: Mako in /home/aleksander.berezowsk/venv/lib/python3.12/site-packages (from alembic>=1.5.0->optuna) (1.3.12)
Requirement already satisfied: typing-extensions>=4.12 in /home/aleksander.berezowsk/venv/lib/python3.12/site-packages (from alembic>=1.5.0->optuna) (4.15.0)
Requirement already satisfied: greenlet>=1 in /home/aleksander.berezowsk/venv/lib/python3.12/site-packages (from sqlalchemy>=1.4.2->optuna) (3.5.1)
Requirement already satisfied: MarkupSafe>=0.9.2 in /home/aleksander.berezowsk/venv/lib/python3.12/site-packages (from Mako->alembic>=1.5.0->optuna) (3.0.3)
Device: cuda
[BNCI2014_001] loading from cache: /home/aleksander.berezowsk/.cache/spiking_eegnet/BNCI2014_001_af1ccf3e92f684d8a93c057082b654d7.npz
[BNCI2014_001] cache hit: (5184, 1, 22, 1001), classes=['feet', 'left_hand', 'right_hand', 'tongue'], subjects=9
Dataset meta: {'n_classes': 4, 'n_channels': 22, 'n_samples': 1001, 'class_names': ['feet', 'left_hand', 'right_hand', 'tongue'], 'subject_list': [1, 2, 3, 4, 5, 6, 7, 8, 9], 'n_subjects': 9, 'sfreq': 250.0}

=== LOSO (hold out subject 0) ===
  Train: 4608 trials  |  Test: 576 trials
  Model params: 7,870
  epoch   1/50  loss=1.2758  bal_acc=0.4375
  epoch   2/50  loss=1.0874  bal_acc=0.4722
  epoch   3/50  loss=0.9761  bal_acc=0.4757
  epoch   4/50  loss=0.8728  bal_acc=0.5469
  epoch   5/50  loss=0.7979  bal_acc=0.5278
  epoch   6/50  loss=0.7439  bal_acc=0.5417
  epoch   7/50  loss=0.7033  bal_acc=0.5469
  epoch   8/50  loss=0.6528  bal_acc=0.5608
  epoch   9/50  loss=0.6230  bal_acc=0.5382
  epoch  10/50  loss=0.6045  bal_acc=0.5608
  epoch  11/50  loss=0.5849  bal_acc=0.5677
  epoch  12/50  loss=0.5463  bal_acc=0.5243
  epoch  13/50  loss=0.5153  bal_acc=0.5104
  epoch  14/50  loss=0.5040  bal_acc=0.5851
  epoch  15/50  loss=0.4960  bal_acc=0.5764
  epoch  16/50  loss=0.4693  bal_acc=0.5365
  epoch  17/50  loss=0.4570  bal_acc=0.5191
  epoch  18/50  loss=0.4554  bal_acc=0.5764
  epoch  19/50  loss=0.4340  bal_acc=0.5729
  epoch  20/50  loss=0.4279  bal_acc=0.6059
  epoch  21/50  loss=0.4078  bal_acc=0.5295
  epoch  22/50  loss=0.3889  bal_acc=0.6059
  epoch  23/50  loss=0.4028  bal_acc=0.5330
  epoch  24/50  loss=0.3902  bal_acc=0.5799
  epoch  25/50  loss=0.3765  bal_acc=0.5781
  epoch  26/50  loss=0.3536  bal_acc=0.5851
  epoch  27/50  loss=0.3509  bal_acc=0.5556
  epoch  28/50  loss=0.3428  bal_acc=0.5885
  epoch  29/50  loss=0.3473  bal_acc=0.5868
  epoch  30/50  loss=0.3279  bal_acc=0.5694
  epoch  31/50  loss=0.3172  bal_acc=0.5625
  epoch  32/50  loss=0.3411  bal_acc=0.5747
  epoch  33/50  loss=0.3136  bal_acc=0.5521
  epoch  34/50  loss=0.3172  bal_acc=0.5729
  epoch  35/50  loss=0.2984  bal_acc=0.5799
  epoch  36/50  loss=0.3019  bal_acc=0.5399
  epoch  37/50  loss=0.3026  bal_acc=0.5903
  epoch  38/50  loss=0.2893  bal_acc=0.5747
  epoch  39/50  loss=0.2802  bal_acc=0.5833
  epoch  40/50  loss=0.2726  bal_acc=0.5990
  epoch  41/50  loss=0.2834  bal_acc=0.5833
  epoch  42/50  loss=0.2876  bal_acc=0.5677
  epoch  43/50  loss=0.2726  bal_acc=0.5677
  epoch  44/50  loss=0.2596  bal_acc=0.5573
  epoch  45/50  loss=0.2526  bal_acc=0.5764
  epoch  46/50  loss=0.2470  bal_acc=0.5677
  epoch  47/50  loss=0.2686  bal_acc=0.5312
  epoch  48/50  loss=0.2407  bal_acc=0.5712
  epoch  49/50  loss=0.2429  bal_acc=0.5694
  epoch  50/50  loss=0.2333  bal_acc=0.5938
  [LOSO 1/9] subject 0: acc=0.5938  running_mean=0.5938

=== LOSO (hold out subject 1) ===
  Train: 4608 trials  |  Test: 576 trials
  Model params: 7,870
  epoch   1/50  loss=1.2673  bal_acc=0.3472
  epoch   2/50  loss=1.0338  bal_acc=0.4444
  epoch   3/50  loss=0.8977  bal_acc=0.4045
  epoch   4/50  loss=0.7855  bal_acc=0.4028
  epoch   5/50  loss=0.7267  bal_acc=0.4635
  epoch   6/50  loss=0.6770  bal_acc=0.4531
  epoch   7/50  loss=0.6335  bal_acc=0.4253
  epoch   8/50  loss=0.5941  bal_acc=0.4670
  epoch   9/50  loss=0.5620  bal_acc=0.4340
  epoch  10/50  loss=0.5277  bal_acc=0.4635
  epoch  11/50  loss=0.5154  bal_acc=0.4688
  epoch  12/50  loss=0.4846  bal_acc=0.4497
  epoch  13/50  loss=0.4592  bal_acc=0.4323
  epoch  14/50  loss=0.4465  bal_acc=0.4410
  epoch  15/50  loss=0.4181  bal_acc=0.4566
  epoch  16/50  loss=0.4040  bal_acc=0.4253
  epoch  17/50  loss=0.4143  bal_acc=0.4375
  epoch  18/50  loss=0.3714  bal_acc=0.4531
  epoch  19/50  loss=0.3638  bal_acc=0.4479
  epoch  20/50  loss=0.3714  bal_acc=0.4705
  epoch  21/50  loss=0.3483  bal_acc=0.4375
  epoch  22/50  loss=0.3319  bal_acc=0.4618
  epoch  23/50  loss=0.3341  bal_acc=0.4444
  epoch  24/50  loss=0.3201  bal_acc=0.4479
  epoch  25/50  loss=0.3178  bal_acc=0.4566
  epoch  26/50  loss=0.2930  bal_acc=0.4635
  epoch  27/50  loss=0.3147  bal_acc=0.4531
  epoch  28/50  loss=0.2835  bal_acc=0.4358
  epoch  29/50  loss=0.2846  bal_acc=0.4688
  epoch  30/50  loss=0.2791  bal_acc=0.4583
  epoch  31/50  loss=0.2875  bal_acc=0.4549
  epoch  32/50  loss=0.2533  bal_acc=0.4271
  epoch  33/50  loss=0.2438  bal_acc=0.4531
  epoch  34/50  loss=0.2507  bal_acc=0.4340
  epoch  35/50  loss=0.2491  bal_acc=0.4444
  epoch  36/50  loss=0.2525  bal_acc=0.4392
  epoch  37/50  loss=0.2598  bal_acc=0.4427
  epoch  38/50  loss=0.2425  bal_acc=0.4427
  epoch  39/50  loss=0.2513  bal_acc=0.4358
  epoch  40/50  loss=0.2514  bal_acc=0.4392
  epoch  41/50  loss=0.2289  bal_acc=0.4462
  epoch  42/50  loss=0.2256  bal_acc=0.4514
  epoch  43/50  loss=0.2279  bal_acc=0.4497
  epoch  44/50  loss=0.2094  bal_acc=0.4497
  epoch  45/50  loss=0.2219  bal_acc=0.4358
  epoch  46/50  loss=0.2241  bal_acc=0.4288
  epoch  47/50  loss=0.2163  bal_acc=0.4253
  epoch  48/50  loss=0.1869  bal_acc=0.4601
  epoch  49/50  loss=0.1880  bal_acc=0.4306
  epoch  50/50  loss=0.2233  bal_acc=0.4705
  [LOSO 2/9] subject 1: acc=0.4705  running_mean=0.5321

=== LOSO (hold out subject 2) ===
  Train: 4608 trials  |  Test: 576 trials
  Model params: 7,870
  epoch   1/50  loss=1.2804  bal_acc=0.4913
  epoch   2/50  loss=1.0746  bal_acc=0.4948
  epoch   3/50  loss=0.9474  bal_acc=0.6128
  epoch   4/50  loss=0.8514  bal_acc=0.6753
  epoch   5/50  loss=0.8009  bal_acc=0.7170
  epoch   6/50  loss=0.7609  bal_acc=0.6997
  epoch   7/50  loss=0.7102  bal_acc=0.6962
  epoch   8/50  loss=0.6758  bal_acc=0.6753
  epoch   9/50  loss=0.6380  bal_acc=0.7378
  epoch  10/50  loss=0.6062  bal_acc=0.7205
  epoch  11/50  loss=0.5948  bal_acc=0.6493
  epoch  12/50  loss=0.5781  bal_acc=0.7361
  epoch  13/50  loss=0.5522  bal_acc=0.7361
  epoch  14/50  loss=0.5152  bal_acc=0.6632
  epoch  15/50  loss=0.5305  bal_acc=0.6962
  epoch  16/50  loss=0.4984  bal_acc=0.7396
  epoch  17/50  loss=0.4906  bal_acc=0.7413
  epoch  18/50  loss=0.4889  bal_acc=0.7153
  epoch  19/50  loss=0.4560  bal_acc=0.7361
  epoch  20/50  loss=0.4487  bal_acc=0.7292
  epoch  21/50  loss=0.4375  bal_acc=0.7083
  epoch  22/50  loss=0.4053  bal_acc=0.7135
  epoch  23/50  loss=0.4148  bal_acc=0.7118
  epoch  24/50  loss=0.3915  bal_acc=0.7118
  epoch  25/50  loss=0.3693  bal_acc=0.7240
  epoch  26/50  loss=0.3763  bal_acc=0.7083
  epoch  27/50  loss=0.3770  bal_acc=0.7326
  epoch  28/50  loss=0.3547  bal_acc=0.7604
  epoch  29/50  loss=0.3657  bal_acc=0.6771
  epoch  30/50  loss=0.3406  bal_acc=0.7153
  epoch  31/50  loss=0.3507  bal_acc=0.6892
  epoch  32/50  loss=0.3311  bal_acc=0.6962
  epoch  33/50  loss=0.3423  bal_acc=0.6979
  epoch  34/50  loss=0.3269  bal_acc=0.7049
  epoch  35/50  loss=0.3279  bal_acc=0.7274
  epoch  36/50  loss=0.3219  bal_acc=0.7118
  epoch  37/50  loss=0.3155  bal_acc=0.7378
  epoch  38/50  loss=0.3049  bal_acc=0.6701
  epoch  39/50  loss=0.2905  bal_acc=0.6615
  epoch  40/50  loss=0.3042  bal_acc=0.7101
  epoch  41/50  loss=0.2817  bal_acc=0.7292
  epoch  42/50  loss=0.2876  bal_acc=0.7205
  epoch  43/50  loss=0.2796  bal_acc=0.6979
  epoch  44/50  loss=0.2689  bal_acc=0.7205
  epoch  45/50  loss=0.2817  bal_acc=0.7049
  epoch  46/50  loss=0.2663  bal_acc=0.7031
  epoch  47/50  loss=0.2769  bal_acc=0.7153
  epoch  48/50  loss=0.2716  bal_acc=0.6997
  epoch  49/50  loss=0.2538  bal_acc=0.7031
  epoch  50/50  loss=0.2492  bal_acc=0.7014
  [LOSO 3/9] subject 2: acc=0.7014  running_mean=0.5885

=== LOSO (hold out subject 3) ===
  Train: 4608 trials  |  Test: 576 trials
  Model params: 7,870
  epoch   1/50  loss=1.2560  bal_acc=0.3715
  epoch   2/50  loss=0.9965  bal_acc=0.4115
  epoch   3/50  loss=0.8638  bal_acc=0.4792
  epoch   4/50  loss=0.7742  bal_acc=0.4549
  epoch   5/50  loss=0.7449  bal_acc=0.4931
  epoch   6/50  loss=0.6798  bal_acc=0.4757
  epoch   7/50  loss=0.6448  bal_acc=0.4358
  epoch   8/50  loss=0.6251  bal_acc=0.4167
  epoch   9/50  loss=0.5880  bal_acc=0.4653
  epoch  10/50  loss=0.5650  bal_acc=0.4670
  epoch  11/50  loss=0.5359  bal_acc=0.4444
  epoch  12/50  loss=0.5181  bal_acc=0.4427
  epoch  13/50  loss=0.5222  bal_acc=0.4392
  epoch  14/50  loss=0.4774  bal_acc=0.4219
  epoch  15/50  loss=0.4566  bal_acc=0.4722
  epoch  16/50  loss=0.4512  bal_acc=0.3854
  epoch  17/50  loss=0.4455  bal_acc=0.4583
  epoch  18/50  loss=0.4360  bal_acc=0.5087
  epoch  19/50  loss=0.4198  bal_acc=0.4583
  epoch  20/50  loss=0.4187  bal_acc=0.4167
  epoch  21/50  loss=0.3853  bal_acc=0.4722
  epoch  22/50  loss=0.3546  bal_acc=0.4566
  epoch  23/50  loss=0.3719  bal_acc=0.4253
  epoch  24/50  loss=0.3624  bal_acc=0.4306
  epoch  25/50  loss=0.3665  bal_acc=0.4375
  epoch  26/50  loss=0.3205  bal_acc=0.4392
  epoch  27/50  loss=0.3461  bal_acc=0.4028
  epoch  28/50  loss=0.3281  bal_acc=0.4132
  epoch  29/50  loss=0.2992  bal_acc=0.4062
  epoch  30/50  loss=0.3001  bal_acc=0.4653
  epoch  31/50  loss=0.3140  bal_acc=0.4097
  epoch  32/50  loss=0.2945  bal_acc=0.4288
  epoch  33/50  loss=0.2956  bal_acc=0.4757
  epoch  34/50  loss=0.2963  bal_acc=0.4531
  epoch  35/50  loss=0.2944  bal_acc=0.3958
  epoch  36/50  loss=0.2831  bal_acc=0.4566
  epoch  37/50  loss=0.2813  bal_acc=0.4410
  epoch  38/50  loss=0.2892  bal_acc=0.4566
  epoch  39/50  loss=0.2556  bal_acc=0.4444
  epoch  40/50  loss=0.2534  bal_acc=0.4219
  epoch  41/50  loss=0.2494  bal_acc=0.4462
  epoch  42/50  loss=0.2438  bal_acc=0.4097
  epoch  43/50  loss=0.2488  bal_acc=0.4427
  epoch  44/50  loss=0.2241  bal_acc=0.4549
  epoch  45/50  loss=0.2403  bal_acc=0.4358
  epoch  46/50  loss=0.2288  bal_acc=0.4219
  epoch  47/50  loss=0.2657  bal_acc=0.4132
  epoch  48/50  loss=0.2287  bal_acc=0.4653
  epoch  49/50  loss=0.2401  bal_acc=0.4392
  epoch  50/50  loss=0.2226  bal_acc=0.4028
  [LOSO 4/9] subject 3: acc=0.4028  running_mean=0.5421

=== LOSO (hold out subject 4) ===
  Train: 4608 trials  |  Test: 576 trials
  Model params: 7,870
  epoch   1/50  loss=1.2505  bal_acc=0.3229
  epoch   2/50  loss=0.9950  bal_acc=0.3733
  epoch   3/50  loss=0.8731  bal_acc=0.4722
  epoch   4/50  loss=0.7968  bal_acc=0.4427
  epoch   5/50  loss=0.7467  bal_acc=0.4201
  epoch   6/50  loss=0.6932  bal_acc=0.4184
  epoch   7/50  loss=0.6521  bal_acc=0.4531
  epoch   8/50  loss=0.6274  bal_acc=0.4861
  epoch   9/50  loss=0.6002  bal_acc=0.3698
  epoch  10/50  loss=0.5750  bal_acc=0.3976
  epoch  11/50  loss=0.5282  bal_acc=0.4983
  epoch  12/50  loss=0.5186  bal_acc=0.4323
  epoch  13/50  loss=0.4932  bal_acc=0.4514
  epoch  14/50  loss=0.4858  bal_acc=0.4427
  epoch  15/50  loss=0.4691  bal_acc=0.4062
  epoch  16/50  loss=0.4508  bal_acc=0.3906
  epoch  17/50  loss=0.4415  bal_acc=0.3924
  epoch  18/50  loss=0.4075  bal_acc=0.4062
  epoch  19/50  loss=0.4046  bal_acc=0.3889
  epoch  20/50  loss=0.3899  bal_acc=0.4115
  epoch  21/50  loss=0.3906  bal_acc=0.3976
  epoch  22/50  loss=0.3667  bal_acc=0.4392
  epoch  23/50  loss=0.3487  bal_acc=0.4219
  epoch  24/50  loss=0.3533  bal_acc=0.4514
  epoch  25/50  loss=0.3384  bal_acc=0.4271
  epoch  26/50  loss=0.3203  bal_acc=0.4236
  epoch  27/50  loss=0.3162  bal_acc=0.3889
  epoch  28/50  loss=0.3373  bal_acc=0.4566
  epoch  29/50  loss=0.3031  bal_acc=0.4566
  epoch  30/50  loss=0.3029  bal_acc=0.4583
  epoch  31/50  loss=0.3032  bal_acc=0.3785
  epoch  32/50  loss=0.2790  bal_acc=0.4253
  epoch  33/50  loss=0.3100  bal_acc=0.3889
  epoch  34/50  loss=0.2718  bal_acc=0.4323
  epoch  35/50  loss=0.2651  bal_acc=0.3941
  epoch  36/50  loss=0.2625  bal_acc=0.4184
  epoch  37/50  loss=0.2839  bal_acc=0.4688
  epoch  38/50  loss=0.2741  bal_acc=0.3958
  epoch  39/50  loss=0.2497  bal_acc=0.4201
  epoch  40/50  loss=0.2458  bal_acc=0.4375
  epoch  41/50  loss=0.2330  bal_acc=0.4201
  epoch  42/50  loss=0.2448  bal_acc=0.4670
  epoch  43/50  loss=0.2369  bal_acc=0.4219
  epoch  44/50  loss=0.2354  bal_acc=0.4410
  epoch  45/50  loss=0.2332  bal_acc=0.4201
  epoch  46/50  loss=0.2326  bal_acc=0.4358
  epoch  47/50  loss=0.2209  bal_acc=0.4323
  epoch  48/50  loss=0.2183  bal_acc=0.4618
  epoch  49/50  loss=0.2354  bal_acc=0.4705
  epoch  50/50  loss=0.2226  bal_acc=0.4253
  [LOSO 5/9] subject 4: acc=0.4253  running_mean=0.5188

=== LOSO (hold out subject 5) ===
  Train: 4608 trials  |  Test: 576 trials
  Model params: 7,870
  epoch   1/50  loss=1.2315  bal_acc=0.3924
  epoch   2/50  loss=0.9967  bal_acc=0.3924
  epoch   3/50  loss=0.8571  bal_acc=0.4358
  epoch   4/50  loss=0.7941  bal_acc=0.4219
  epoch   5/50  loss=0.7309  bal_acc=0.3993
  epoch   6/50  loss=0.6807  bal_acc=0.4132
  epoch   7/50  loss=0.6398  bal_acc=0.4618
  epoch   8/50  loss=0.6213  bal_acc=0.3889
  epoch   9/50  loss=0.5718  bal_acc=0.4028
  epoch  10/50  loss=0.5553  bal_acc=0.4444
  epoch  11/50  loss=0.5292  bal_acc=0.4201
  epoch  12/50  loss=0.4956  bal_acc=0.4219
  epoch  13/50  loss=0.4934  bal_acc=0.4375
  epoch  14/50  loss=0.4608  bal_acc=0.3733
  epoch  15/50  loss=0.4382  bal_acc=0.4010
  epoch  16/50  loss=0.4191  bal_acc=0.4757
  epoch  17/50  loss=0.4268  bal_acc=0.4236
  epoch  18/50  loss=0.4085  bal_acc=0.4062
  epoch  19/50  loss=0.4175  bal_acc=0.4253
  epoch  20/50  loss=0.3746  bal_acc=0.4236
  epoch  21/50  loss=0.3648  bal_acc=0.4028
  epoch  22/50  loss=0.3729  bal_acc=0.4479
  epoch  23/50  loss=0.3455  bal_acc=0.3889
  epoch  24/50  loss=0.3320  bal_acc=0.4184
  epoch  25/50  loss=0.3232  bal_acc=0.3941
  epoch  26/50  loss=0.3319  bal_acc=0.4566
  epoch  27/50  loss=0.3422  bal_acc=0.4097
  epoch  28/50  loss=0.3258  bal_acc=0.4722
  epoch  29/50  loss=0.2948  bal_acc=0.4271
  epoch  30/50  loss=0.3020  bal_acc=0.3646
  epoch  31/50  loss=0.2860  bal_acc=0.3733
  epoch  32/50  loss=0.2935  bal_acc=0.4479
  epoch  33/50  loss=0.2849  bal_acc=0.4219
  epoch  34/50  loss=0.2839  bal_acc=0.3767
  epoch  35/50  loss=0.2863  bal_acc=0.4219
  epoch  36/50  loss=0.2539  bal_acc=0.3958
  epoch  37/50  loss=0.2448  bal_acc=0.3767
  epoch  38/50  loss=0.2566  bal_acc=0.4288
  epoch  39/50  loss=0.2500  bal_acc=0.3802
  epoch  40/50  loss=0.2430  bal_acc=0.3854
  epoch  41/50  loss=0.2582  bal_acc=0.3889
  epoch  42/50  loss=0.2458  bal_acc=0.4080
  epoch  43/50  loss=0.2381  bal_acc=0.3872
  epoch  44/50  loss=0.2466  bal_acc=0.3941
  epoch  45/50  loss=0.2300  bal_acc=0.3872
  epoch  46/50  loss=0.2445  bal_acc=0.3750
  epoch  47/50  loss=0.2217  bal_acc=0.3837
  epoch  48/50  loss=0.2199  bal_acc=0.4323
  epoch  49/50  loss=0.2061  bal_acc=0.4097
  epoch  50/50  loss=0.2138  bal_acc=0.4149
  [LOSO 6/9] subject 5: acc=0.4149  running_mean=0.5014

=== LOSO (hold out subject 6) ===
  Train: 4608 trials  |  Test: 576 trials
  Model params: 7,870
  epoch   1/50  loss=1.2936  bal_acc=0.5156
  epoch   2/50  loss=1.0806  bal_acc=0.5174
  epoch   3/50  loss=0.9498  bal_acc=0.5365
  epoch   4/50  loss=0.8573  bal_acc=0.6076
  epoch   5/50  loss=0.8116  bal_acc=0.5799
  epoch   6/50  loss=0.7481  bal_acc=0.5799
  epoch   7/50  loss=0.6788  bal_acc=0.6528
  epoch   8/50  loss=0.6675  bal_acc=0.6024
  epoch   9/50  loss=0.6322  bal_acc=0.5903
  epoch  10/50  loss=0.5927  bal_acc=0.6007
  epoch  11/50  loss=0.5582  bal_acc=0.5955
  epoch  12/50  loss=0.5394  bal_acc=0.6163
  epoch  13/50  loss=0.5318  bal_acc=0.6233
  epoch  14/50  loss=0.5000  bal_acc=0.6163
  epoch  15/50  loss=0.4784  bal_acc=0.5990
  epoch  16/50  loss=0.4704  bal_acc=0.5955
  epoch  17/50  loss=0.4600  bal_acc=0.5990
  epoch  18/50  loss=0.4291  bal_acc=0.6042
  epoch  19/50  loss=0.4272  bal_acc=0.6493
  epoch  20/50  loss=0.4196  bal_acc=0.6267
  epoch  21/50  loss=0.3933  bal_acc=0.6493
  epoch  22/50  loss=0.3951  bal_acc=0.6562
  epoch  23/50  loss=0.3813  bal_acc=0.6250
  epoch  24/50  loss=0.3714  bal_acc=0.6042
  epoch  25/50  loss=0.3696  bal_acc=0.6632
  epoch  26/50  loss=0.3646  bal_acc=0.5851
  epoch  27/50  loss=0.3525  bal_acc=0.5938
  epoch  28/50  loss=0.3356  bal_acc=0.6441
  epoch  29/50  loss=0.3115  bal_acc=0.6406
  epoch  30/50  loss=0.3328  bal_acc=0.6476
  epoch  31/50  loss=0.3088  bal_acc=0.6215
  epoch  32/50  loss=0.3176  bal_acc=0.6198
  epoch  33/50  loss=0.3009  bal_acc=0.6267
  epoch  34/50  loss=0.3126  bal_acc=0.6528
  epoch  35/50  loss=0.2978  bal_acc=0.6233
  epoch  36/50  loss=0.2983  bal_acc=0.6372
  epoch  37/50  loss=0.2959  bal_acc=0.6302
  epoch  38/50  loss=0.3182  bal_acc=0.6389
  epoch  39/50  loss=0.2943  bal_acc=0.6267
  epoch  40/50  loss=0.2647  bal_acc=0.6007
  epoch  41/50  loss=0.2724  bal_acc=0.6181
  epoch  42/50  loss=0.2675  bal_acc=0.6372
  epoch  43/50  loss=0.2653  bal_acc=0.6337
  epoch  44/50  loss=0.2538  bal_acc=0.6215
  epoch  45/50  loss=0.2570  bal_acc=0.6493
  epoch  46/50  loss=0.2382  bal_acc=0.6285
  epoch  47/50  loss=0.2681  bal_acc=0.6302
  epoch  48/50  loss=0.2377  bal_acc=0.6111
  epoch  49/50  loss=0.2507  bal_acc=0.6128
  epoch  50/50  loss=0.2315  bal_acc=0.6146
  [LOSO 7/9] subject 6: acc=0.6146  running_mean=0.5176

=== LOSO (hold out subject 7) ===
  Train: 4608 trials  |  Test: 576 trials
  Model params: 7,870
  epoch   1/50  loss=1.2759  bal_acc=0.5087
  epoch   2/50  loss=1.0693  bal_acc=0.5764
  epoch   3/50  loss=0.9670  bal_acc=0.5920
  epoch   4/50  loss=0.8721  bal_acc=0.5868
  epoch   5/50  loss=0.8335  bal_acc=0.6111
  epoch   6/50  loss=0.7695  bal_acc=0.6267
  epoch   7/50  loss=0.7241  bal_acc=0.6128
  epoch   8/50  loss=0.6754  bal_acc=0.6649
  epoch   9/50  loss=0.6495  bal_acc=0.6267
  epoch  10/50  loss=0.6078  bal_acc=0.6406
  epoch  11/50  loss=0.5926  bal_acc=0.6563
  epoch  12/50  loss=0.5651  bal_acc=0.6753
  epoch  13/50  loss=0.5319  bal_acc=0.6771
  epoch  14/50  loss=0.5153  bal_acc=0.6667
  epoch  15/50  loss=0.4895  bal_acc=0.7014
  epoch  16/50  loss=0.4718  bal_acc=0.6562
  epoch  17/50  loss=0.4756  bal_acc=0.6719
  epoch  18/50  loss=0.4410  bal_acc=0.6406
  epoch  19/50  loss=0.4445  bal_acc=0.6493
  epoch  20/50  loss=0.4439  bal_acc=0.6736
  epoch  21/50  loss=0.4286  bal_acc=0.5920
  epoch  22/50  loss=0.4092  bal_acc=0.6528
  epoch  23/50  loss=0.3973  bal_acc=0.6372
  epoch  24/50  loss=0.3809  bal_acc=0.6840
  epoch  25/50  loss=0.3877  bal_acc=0.6562
  epoch  26/50  loss=0.3578  bal_acc=0.6372
  epoch  27/50  loss=0.3624  bal_acc=0.6389
  epoch  28/50  loss=0.3581  bal_acc=0.6649
  epoch  29/50  loss=0.3598  bal_acc=0.6215
  epoch  30/50  loss=0.3317  bal_acc=0.6719
  epoch  31/50  loss=0.3360  bal_acc=0.6111
  epoch  32/50  loss=0.3300  bal_acc=0.6146
  epoch  33/50  loss=0.3375  bal_acc=0.6302
  epoch  34/50  loss=0.3135  bal_acc=0.6250
  epoch  35/50  loss=0.3212  bal_acc=0.6372
  epoch  36/50  loss=0.3130  bal_acc=0.6545
  epoch  37/50  loss=0.2977  bal_acc=0.6163
  epoch  38/50  loss=0.3013  bal_acc=0.6267
  epoch  39/50  loss=0.2864  bal_acc=0.5938
  epoch  40/50  loss=0.3044  bal_acc=0.5990
  epoch  41/50  loss=0.2947  bal_acc=0.6146
  epoch  42/50  loss=0.2828  bal_acc=0.6128
  epoch  43/50  loss=0.2830  bal_acc=0.5955
  epoch  44/50  loss=0.2815  bal_acc=0.6250
  epoch  45/50  loss=0.2574  bal_acc=0.6337
  epoch  46/50  loss=0.2767  bal_acc=0.6215
  epoch  47/50  loss=0.2696  bal_acc=0.6458
  epoch  48/50  loss=0.2675  bal_acc=0.6424
  epoch  49/50  loss=0.2669  bal_acc=0.6424
  epoch  50/50  loss=0.2723  bal_acc=0.6094
  [LOSO 8/9] subject 7: acc=0.6094  running_mean=0.5291

=== LOSO (hold out subject 8) ===
  Train: 4608 trials  |  Test: 576 trials
  Model params: 7,870
  epoch   1/50  loss=1.3080  bal_acc=0.3420
  epoch   2/50  loss=1.0783  bal_acc=0.5191
  epoch   3/50  loss=0.9380  bal_acc=0.4878
  epoch   4/50  loss=0.8390  bal_acc=0.5694
  epoch   5/50  loss=0.7637  bal_acc=0.5295
  epoch   6/50  loss=0.7245  bal_acc=0.5122
  epoch   7/50  loss=0.6681  bal_acc=0.5417
  epoch   8/50  loss=0.6488  bal_acc=0.5503
  epoch   9/50  loss=0.6049  bal_acc=0.5417
  epoch  10/50  loss=0.5789  bal_acc=0.5660
  epoch  11/50  loss=0.5660  bal_acc=0.5799
  epoch  12/50  loss=0.5474  bal_acc=0.5833
  epoch  13/50  loss=0.5054  bal_acc=0.5781
  epoch  14/50  loss=0.5008  bal_acc=0.5469
  epoch  15/50  loss=0.4615  bal_acc=0.5538
  epoch  16/50  loss=0.4559  bal_acc=0.5469
  epoch  17/50  loss=0.4389  bal_acc=0.5538
  epoch  18/50  loss=0.4294  bal_acc=0.5590
  epoch  19/50  loss=0.4233  bal_acc=0.5833
  epoch  20/50  loss=0.3875  bal_acc=0.5434
  epoch  21/50  loss=0.3859  bal_acc=0.5677
  epoch  22/50  loss=0.3811  bal_acc=0.5642
  epoch  23/50  loss=0.3860  bal_acc=0.5295
  epoch  24/50  loss=0.3600  bal_acc=0.5781
  epoch  25/50  loss=0.3464  bal_acc=0.5226
  epoch  26/50  loss=0.3488  bal_acc=0.5608
  epoch  27/50  loss=0.3264  bal_acc=0.5156
  epoch  28/50  loss=0.3423  bal_acc=0.5069
  epoch  29/50  loss=0.3252  bal_acc=0.5781
  epoch  30/50  loss=0.3358  bal_acc=0.5538
  epoch  31/50  loss=0.3061  bal_acc=0.4757
  epoch  32/50  loss=0.3033  bal_acc=0.5556
  epoch  33/50  loss=0.2966  bal_acc=0.5312
  epoch  34/50  loss=0.3061  bal_acc=0.4861
  epoch  35/50  loss=0.2951  bal_acc=0.5799
  epoch  36/50  loss=0.2867  bal_acc=0.5764
  epoch  37/50  loss=0.2878  bal_acc=0.5035
  epoch  38/50  loss=0.2564  bal_acc=0.5851
  epoch  39/50  loss=0.2628  bal_acc=0.5295
  epoch  40/50  loss=0.2596  bal_acc=0.5174
  epoch  41/50  loss=0.2621  bal_acc=0.5417
  epoch  42/50  loss=0.2577  bal_acc=0.5712
  epoch  43/50  loss=0.2378  bal_acc=0.5226
  epoch  44/50  loss=0.2297  bal_acc=0.5399
  epoch  45/50  loss=0.2433  bal_acc=0.5139
  epoch  46/50  loss=0.2443  bal_acc=0.5365
  epoch  47/50  loss=0.2343  bal_acc=0.5417
  epoch  48/50  loss=0.2360  bal_acc=0.5260
  epoch  49/50  loss=0.2256  bal_acc=0.5486
  epoch  50/50  loss=0.2275  bal_acc=0.5104
  [LOSO 9/9] subject 8: acc=0.5104  running_mean=0.5270
Results saved to results/BNCI2014_001/results_trial_68.json
Trial logged to results/BNCI2014_001/trials.csv
[status] trial 68 done (state=COMPLETE, value=0.5270061728395061) -- 61 completed total
Device: cuda
[BNCI2014_001] loading from cache: /home/aleksander.berezowsk/.cache/spiking_eegnet/BNCI2014_001_af1ccf3e92f684d8a93c057082b654d7.npz
[BNCI2014_001] cache hit: (5184, 1, 22, 1001), classes=['feet', 'left_hand', 'right_hand', 'tongue'], subjects=9
Dataset meta: {'n_classes': 4, 'n_channels': 22, 'n_samples': 1001, 'class_names': ['feet', 'left_hand', 'right_hand', 'tongue'], 'subject_list': [1, 2, 3, 4, 5, 6, 7, 8, 9], 'n_subjects': 9, 'sfreq': 250.0}

=== LOSO (hold out subject 0) ===
  Train: 4608 trials  |  Test: 576 trials
  Model params: 15,227
  epoch   1/50  loss=1.2808  bal_acc=0.4913
  epoch   2/50  loss=1.0491  bal_acc=0.5694
  epoch   3/50  loss=0.9014  bal_acc=0.5434
  epoch   4/50  loss=0.8250  bal_acc=0.5503
  epoch   5/50  loss=0.7421  bal_acc=0.5660
  epoch   6/50  loss=0.6909  bal_acc=0.4896
  epoch   7/50  loss=0.6403  bal_acc=0.5365
  epoch   8/50  loss=0.5862  bal_acc=0.6111
  epoch   9/50  loss=0.5622  bal_acc=0.5694
  epoch  10/50  loss=0.5205  bal_acc=0.5677
  epoch  11/50  loss=0.4915  bal_acc=0.5729
  epoch  12/50  loss=0.4386  bal_acc=0.5642
  epoch  13/50  loss=0.4260  bal_acc=0.5590
  epoch  14/50  loss=0.4188  bal_acc=0.5434
  epoch  15/50  loss=0.3733  bal_acc=0.5556
  epoch  16/50  loss=0.3917  bal_acc=0.5781
  epoch  17/50  loss=0.3542  bal_acc=0.5608
  epoch  18/50  loss=0.3664  bal_acc=0.5799
  epoch  19/50  loss=0.3353  bal_acc=0.5833
  epoch  20/50  loss=0.3092  bal_acc=0.5503
  epoch  21/50  loss=0.3344  bal_acc=0.5799
  epoch  22/50  loss=0.3259  bal_acc=0.5573
  epoch  23/50  loss=0.2879  bal_acc=0.5521
  epoch  24/50  loss=0.2838  bal_acc=0.5590
  epoch  25/50  loss=0.2905  bal_acc=0.5417
  epoch  26/50  loss=0.2740  bal_acc=0.5451
  epoch  27/50  loss=0.2560  bal_acc=0.5469
  epoch  28/50  loss=0.2882  bal_acc=0.5764
  epoch  29/50  loss=0.2596  bal_acc=0.5694
  epoch  30/50  loss=0.2645  bal_acc=0.5469
  epoch  31/50  loss=0.2510  bal_acc=0.5833
  epoch  32/50  loss=0.2445  bal_acc=0.5556
  epoch  33/50  loss=0.2724  bal_acc=0.5434
  epoch  34/50  loss=0.2494  bal_acc=0.5642
  epoch  35/50  loss=0.2304  bal_acc=0.5590
  epoch  36/50  loss=0.2407  bal_acc=0.5590
  epoch  37/50  loss=0.2583  bal_acc=0.5538
  epoch  38/50  loss=0.2173  bal_acc=0.5503
  epoch  39/50  loss=0.2299  bal_acc=0.5608
  epoch  40/50  loss=0.2427  bal_acc=0.5486
  epoch  41/50  loss=0.2313  bal_acc=0.5573
  epoch  42/50  loss=0.2048  bal_acc=0.5399
  epoch  43/50  loss=0.2255  bal_acc=0.5521
  epoch  44/50  loss=0.2251  bal_acc=0.5660
  epoch  45/50  loss=0.1899  bal_acc=0.5642
  epoch  46/50  loss=0.1897  bal_acc=0.5642
  epoch  47/50  loss=0.2075  bal_acc=0.5642
  epoch  48/50  loss=0.2106  bal_acc=0.5625
  epoch  49/50  loss=0.2103  bal_acc=0.5677
  epoch  50/50  loss=0.1978  bal_acc=0.5556
  [LOSO 1/9] subject 0: acc=0.5556  running_mean=0.5556

=== LOSO (hold out subject 1) ===
  Train: 4608 trials  |  Test: 576 trials
  Model params: 15,227
  epoch   1/50  loss=1.3173  bal_acc=0.3681
  epoch   2/50  loss=1.0412  bal_acc=0.3646
  epoch   3/50  loss=0.9006  bal_acc=0.4167
  epoch   4/50  loss=0.8042  bal_acc=0.3872
  epoch   5/50  loss=0.7504  bal_acc=0.4062
  epoch   6/50  loss=0.6432  bal_acc=0.4444
  epoch   7/50  loss=0.6116  bal_acc=0.4253
  epoch   8/50  loss=0.5696  bal_acc=0.4236
  epoch   9/50  loss=0.5205  bal_acc=0.4063
  epoch  10/50  loss=0.5032  bal_acc=0.4149
  epoch  11/50  loss=0.4600  bal_acc=0.4288
  epoch  12/50  loss=0.4180  bal_acc=0.4115
  epoch  13/50  loss=0.4359  bal_acc=0.3785
  epoch  14/50  loss=0.3770  bal_acc=0.3924
  epoch  15/50  loss=0.3957  bal_acc=0.3958
  epoch  16/50  loss=0.3830  bal_acc=0.3785
  epoch  17/50  loss=0.3598  bal_acc=0.4045
  epoch  18/50  loss=0.3534  bal_acc=0.3785
  epoch  19/50  loss=0.3454  bal_acc=0.3993
  epoch  20/50  loss=0.3140  bal_acc=0.4167
  epoch  21/50  loss=0.3041  bal_acc=0.3924
  epoch  22/50  loss=0.2881  bal_acc=0.4149
  epoch  23/50  loss=0.2855  bal_acc=0.3941
  epoch  24/50  loss=0.2825  bal_acc=0.3993
  epoch  25/50  loss=0.2907  bal_acc=0.4028
  epoch  26/50  loss=0.2906  bal_acc=0.4080
  epoch  27/50  loss=0.2642  bal_acc=0.4045
  epoch  28/50  loss=0.2476  bal_acc=0.4028
  epoch  29/50  loss=0.2655  bal_acc=0.4167
  epoch  30/50  loss=0.2449  bal_acc=0.4045
  epoch  31/50  loss=0.2558  bal_acc=0.4340
  epoch  32/50  loss=0.2357  bal_acc=0.4358
  epoch  33/50  loss=0.2518  bal_acc=0.4028
  epoch  34/50  loss=0.2452  bal_acc=0.4201
  epoch  35/50  loss=0.2336  bal_acc=0.3802
  epoch  36/50  loss=0.2290  bal_acc=0.4167
  epoch  37/50  loss=0.2387  bal_acc=0.4097
  epoch  38/50  loss=0.2157  bal_acc=0.4236
  epoch  39/50  loss=0.2141  bal_acc=0.4045
  epoch  40/50  loss=0.2180  bal_acc=0.4010
  epoch  41/50  loss=0.2138  bal_acc=0.4149
  epoch  42/50  loss=0.1919  bal_acc=0.4097
  epoch  43/50  loss=0.1901  bal_acc=0.3958
  epoch  44/50  loss=0.2432  bal_acc=0.4219
  epoch  45/50  loss=0.1923  bal_acc=0.4184
  epoch  46/50  loss=0.2199  bal_acc=0.4045
  epoch  47/50  loss=0.2035  bal_acc=0.3837
  epoch  48/50  loss=0.1991  bal_acc=0.3872
  epoch  49/50  loss=0.1957  bal_acc=0.3854
  epoch  50/50  loss=0.1845  bal_acc=0.4184
  [LOSO 2/9] subject 1: acc=0.4184  running_mean=0.4870

=== LOSO (hold out subject 2) ===
  Train: 4608 trials  |  Test: 576 trials
  Model params: 15,227
  epoch   1/50  loss=1.3132  bal_acc=0.5035
  epoch   2/50  loss=1.0925  bal_acc=0.5278
  epoch   3/50  loss=0.9709  bal_acc=0.5521
  epoch   4/50  loss=0.8677  bal_acc=0.6233
  epoch   5/50  loss=0.7842  bal_acc=0.6302
  epoch   6/50  loss=0.7077  bal_acc=0.6094
  epoch   7/50  loss=0.6582  bal_acc=0.5781
  epoch   8/50  loss=0.6295  bal_acc=0.5278
  epoch   9/50  loss=0.5809  bal_acc=0.5990
  epoch  10/50  loss=0.5229  bal_acc=0.5920
  epoch  11/50  loss=0.5132  bal_acc=0.5972
  epoch  12/50  loss=0.4989  bal_acc=0.6424
  epoch  13/50  loss=0.4731  bal_acc=0.6215
  epoch  14/50  loss=0.4349  bal_acc=0.6111
  epoch  15/50  loss=0.4176  bal_acc=0.5851
  epoch  16/50  loss=0.3887  bal_acc=0.5625
  epoch  17/50  loss=0.3956  bal_acc=0.5833
  epoch  18/50  loss=0.3867  bal_acc=0.5972
  epoch  19/50  loss=0.3544  bal_acc=0.6076
  epoch  20/50  loss=0.3515  bal_acc=0.6146
  epoch  21/50  loss=0.3296  bal_acc=0.6233
  epoch  22/50  loss=0.3366  bal_acc=0.5851
  epoch  23/50  loss=0.3423  bal_acc=0.6302
  epoch  24/50  loss=0.3110  bal_acc=0.6024
  epoch  25/50  loss=0.3219  bal_acc=0.5729
  epoch  26/50  loss=0.3171  bal_acc=0.6163
  epoch  27/50  loss=0.3042  bal_acc=0.5816
  epoch  28/50  loss=0.2964  bal_acc=0.6094
  epoch  29/50  loss=0.2880  bal_acc=0.5521
  epoch  30/50  loss=0.2753  bal_acc=0.5851
  epoch  31/50  loss=0.3060  bal_acc=0.5764
  epoch  32/50  loss=0.2693  bal_acc=0.6059
  epoch  33/50  loss=0.2557  bal_acc=0.5851
  epoch  34/50  loss=0.2981  bal_acc=0.6337
  epoch  35/50  loss=0.2614  bal_acc=0.6198
  epoch  36/50  loss=0.2599  bal_acc=0.6372
  epoch  37/50  loss=0.2413  bal_acc=0.6042
  epoch  38/50  loss=0.2523  bal_acc=0.5955
  epoch  39/50  loss=0.2493  bal_acc=0.5868
  epoch  40/50  loss=0.2379  bal_acc=0.6059
  epoch  41/50  loss=0.2304  bal_acc=0.6163
  epoch  42/50  loss=0.2537  bal_acc=0.5608
  epoch  43/50  loss=0.2509  bal_acc=0.5990
  epoch  44/50  loss=0.2224  bal_acc=0.5816
  epoch  45/50  loss=0.2330  bal_acc=0.5885
  epoch  46/50  loss=0.2459  bal_acc=0.5747
  epoch  47/50  loss=0.2122  bal_acc=0.6389
  epoch  48/50  loss=0.2413  bal_acc=0.6024
  epoch  49/50  loss=0.2155  bal_acc=0.5920
  epoch  50/50  loss=0.1994  bal_acc=0.6128
  [LOSO 3/9] subject 2: acc=0.6128  running_mean=0.5289

=== LOSO (hold out subject 3) ===
  Train: 4608 trials  |  Test: 576 trials
  Model params: 15,227
  epoch   1/50  loss=1.2866  bal_acc=0.4462
  epoch   2/50  loss=1.0452  bal_acc=0.4410
  epoch   3/50  loss=0.8865  bal_acc=0.4253
  epoch   4/50  loss=0.8034  bal_acc=0.4271
  epoch   5/50  loss=0.6952  bal_acc=0.4288
  epoch   6/50  loss=0.6307  bal_acc=0.4080
  epoch   7/50  loss=0.5943  bal_acc=0.4427
  epoch   8/50  loss=0.5271  bal_acc=0.4427
  epoch   9/50  loss=0.5128  bal_acc=0.4792
  epoch  10/50  loss=0.4598  bal_acc=0.4306
  epoch  11/50  loss=0.4472  bal_acc=0.4323
  epoch  12/50  loss=0.4115  bal_acc=0.4410
  epoch  13/50  loss=0.3843  bal_acc=0.4219
  epoch  14/50  loss=0.3879  bal_acc=0.4062
  epoch  15/50  loss=0.3501  bal_acc=0.4080
  epoch  16/50  loss=0.3621  bal_acc=0.4757
  epoch  17/50  loss=0.3240  bal_acc=0.4410
  epoch  18/50  loss=0.3067  bal_acc=0.4062
  epoch  19/50  loss=0.2893  bal_acc=0.4392
  epoch  20/50  loss=0.3162  bal_acc=0.4236
  epoch  21/50  loss=0.2787  bal_acc=0.4115
  epoch  22/50  loss=0.2689  bal_acc=0.4444
  epoch  23/50  loss=0.2855  bal_acc=0.4306
  epoch  24/50  loss=0.2743  bal_acc=0.4028
  epoch  25/50  loss=0.2775  bal_acc=0.4375
  epoch  26/50  loss=0.2847  bal_acc=0.4236
  epoch  27/50  loss=0.2470  bal_acc=0.4340
  epoch  28/50  loss=0.2505  bal_acc=0.4444
  epoch  29/50  loss=0.2423  bal_acc=0.4497
  epoch  30/50  loss=0.2409  bal_acc=0.4080
  epoch  31/50  loss=0.2366  bal_acc=0.4462
  epoch  32/50  loss=0.2267  bal_acc=0.4566
  epoch  33/50  loss=0.2135  bal_acc=0.4253
  epoch  34/50  loss=0.2185  bal_acc=0.4340
  epoch  35/50  loss=0.2054  bal_acc=0.4219
  epoch  36/50  loss=0.2087  bal_acc=0.4080
  epoch  37/50  loss=0.2076  bal_acc=0.4566
  epoch  38/50  loss=0.2048  bal_acc=0.4410
  epoch  39/50  loss=0.2243  bal_acc=0.4462
  epoch  40/50  loss=0.1955  bal_acc=0.4531
  epoch  41/50  loss=0.2126  bal_acc=0.4306
  epoch  42/50  loss=0.1864  bal_acc=0.4427
  epoch  43/50  loss=0.1840  bal_acc=0.4306
  epoch  44/50  loss=0.1776  bal_acc=0.4618
  epoch  45/50  loss=0.2201  bal_acc=0.4497
  epoch  46/50  loss=0.1878  bal_acc=0.4184
  epoch  47/50  loss=0.1758  bal_acc=0.4375
  epoch  48/50  loss=0.1842  bal_acc=0.4132
  epoch  49/50  loss=0.1959  bal_acc=0.4358
  epoch  50/50  loss=0.1980  bal_acc=0.4410
  [LOSO 4/9] subject 3: acc=0.4410  running_mean=0.5069

=== LOSO (hold out subject 4) ===
  Train: 4608 trials  |  Test: 576 trials
  Model params: 15,227
  epoch   1/50  loss=1.2995  bal_acc=0.3420
  epoch   2/50  loss=1.0238  bal_acc=0.4826
  epoch   3/50  loss=0.8623  bal_acc=0.4601
  epoch   4/50  loss=0.7582  bal_acc=0.4913
  epoch   5/50  loss=0.7084  bal_acc=0.4878
  epoch   6/50  loss=0.6240  bal_acc=0.5312
  epoch   7/50  loss=0.5718  bal_acc=0.4635
  epoch   8/50  loss=0.5504  bal_acc=0.5312
  epoch   9/50  loss=0.5023  bal_acc=0.4861
  epoch  10/50  loss=0.4780  bal_acc=0.4774
  epoch  11/50  loss=0.4355  bal_acc=0.4601
  epoch  12/50  loss=0.4036  bal_acc=0.4410
  epoch  13/50  loss=0.4018  bal_acc=0.4670
  epoch  14/50  loss=0.3997  bal_acc=0.4566
  epoch  15/50  loss=0.3671  bal_acc=0.5069
  epoch  16/50  loss=0.3575  bal_acc=0.4514
  epoch  17/50  loss=0.3512  bal_acc=0.4653
  epoch  18/50  loss=0.3323  bal_acc=0.4740
  epoch  19/50  loss=0.3161  bal_acc=0.4271
  epoch  20/50  loss=0.2763  bal_acc=0.4809
  epoch  21/50  loss=0.2948  bal_acc=0.4896
  epoch  22/50  loss=0.3086  bal_acc=0.4444
  epoch  23/50  loss=0.2981  bal_acc=0.4948
  epoch  24/50  loss=0.2646  bal_acc=0.4497
  epoch  25/50  loss=0.2710  bal_acc=0.4809
  epoch  26/50  loss=0.2594  bal_acc=0.4358
  epoch  27/50  loss=0.2562  bal_acc=0.4549
  epoch  28/50  loss=0.2519  bal_acc=0.4826
  epoch  29/50  loss=0.2440  bal_acc=0.4392
  epoch  30/50  loss=0.2283  bal_acc=0.5017
  epoch  31/50  loss=0.2377  bal_acc=0.4722
  epoch  32/50  loss=0.2564  bal_acc=0.4844
  epoch  33/50  loss=0.2358  bal_acc=0.4549
  epoch  34/50  loss=0.2132  bal_acc=0.4896
  epoch  35/50  loss=0.2058  bal_acc=0.4653
  epoch  36/50  loss=0.2022  bal_acc=0.4219
  epoch  37/50  loss=0.1975  bal_acc=0.4653
  epoch  38/50  loss=0.1897  bal_acc=0.4722
  epoch  39/50  loss=0.2095  bal_acc=0.4861
  epoch  40/50  loss=0.1930  bal_acc=0.4740
  epoch  41/50  loss=0.1877  bal_acc=0.4913
  epoch  42/50  loss=0.2107  bal_acc=0.4358
  epoch  43/50  loss=0.1882  bal_acc=0.4774
  epoch  44/50  loss=0.1721  bal_acc=0.4792
  epoch  45/50  loss=0.2010  bal_acc=0.4288
  epoch  46/50  loss=0.2008  bal_acc=0.4983
  epoch  47/50  loss=0.1938  bal_acc=0.5000
  epoch  48/50  loss=0.1876  bal_acc=0.4965
  epoch  49/50  loss=0.1735  bal_acc=0.5017
  epoch  50/50  loss=0.1612  bal_acc=0.4497
  [LOSO 5/9] subject 4: acc=0.4497  running_mean=0.4955

=== LOSO (hold out subject 5) ===
  Train: 4608 trials  |  Test: 576 trials
  Model params: 15,227
  epoch   1/50  loss=1.2727  bal_acc=0.3594
  epoch   2/50  loss=1.0114  bal_acc=0.4288
  epoch   3/50  loss=0.8692  bal_acc=0.4792
  epoch   4/50  loss=0.7807  bal_acc=0.4410
  epoch   5/50  loss=0.6978  bal_acc=0.4531
  epoch   6/50  loss=0.6441  bal_acc=0.4271
  epoch   7/50  loss=0.5985  bal_acc=0.4844
  epoch   8/50  loss=0.5499  bal_acc=0.4566
  epoch   9/50  loss=0.5287  bal_acc=0.4757
  epoch  10/50  loss=0.4733  bal_acc=0.4688
  epoch  11/50  loss=0.4398  bal_acc=0.4653
  epoch  12/50  loss=0.4306  bal_acc=0.4358
  epoch  13/50  loss=0.4165  bal_acc=0.4653
  epoch  14/50  loss=0.3873  bal_acc=0.4479
  epoch  15/50  loss=0.3583  bal_acc=0.4479
  epoch  16/50  loss=0.3455  bal_acc=0.4549
  epoch  17/50  loss=0.3196  bal_acc=0.4583
  epoch  18/50  loss=0.3242  bal_acc=0.4601
  epoch  19/50  loss=0.3262  bal_acc=0.4479
  epoch  20/50  loss=0.2953  bal_acc=0.4740
  epoch  21/50  loss=0.3067  bal_acc=0.4444
  epoch  22/50  loss=0.2663  bal_acc=0.4566
  epoch  23/50  loss=0.2471  bal_acc=0.4201
  epoch  24/50  loss=0.2562  bal_acc=0.4427
  epoch  25/50  loss=0.2636  bal_acc=0.4618
  epoch  26/50  loss=0.2642  bal_acc=0.4340
  epoch  27/50  loss=0.2308  bal_acc=0.4618
  epoch  28/50  loss=0.2443  bal_acc=0.4410
  epoch  29/50  loss=0.2232  bal_acc=0.4566
  epoch  30/50  loss=0.2179  bal_acc=0.4531
  epoch  31/50  loss=0.2313  bal_acc=0.4740
  epoch  32/50  loss=0.2568  bal_acc=0.4688
  epoch  33/50  loss=0.2304  bal_acc=0.4410
  epoch  34/50  loss=0.1942  bal_acc=0.4531
  epoch  35/50  loss=0.2291  bal_acc=0.4375
  epoch  36/50  loss=0.2193  bal_acc=0.4479
  epoch  37/50  loss=0.2072  bal_acc=0.4635
  epoch  38/50  loss=0.1966  bal_acc=0.4479
  epoch  39/50  loss=0.1677  bal_acc=0.4635
  epoch  40/50  loss=0.2047  bal_acc=0.4462
  epoch  41/50  loss=0.1878  bal_acc=0.4722
  epoch  42/50  loss=0.1678  bal_acc=0.4444
  epoch  43/50  loss=0.1879  bal_acc=0.4583
  epoch  44/50  loss=0.1970  bal_acc=0.4635
  epoch  45/50  loss=0.1947  bal_acc=0.4722
  epoch  46/50  loss=0.1903  bal_acc=0.4427
  epoch  47/50  loss=0.1814  bal_acc=0.4375
  epoch  48/50  loss=0.1880  bal_acc=0.4132
  epoch  49/50  loss=0.1987  bal_acc=0.4410
  epoch  50/50  loss=0.1757  bal_acc=0.4774
  [LOSO 6/9] subject 5: acc=0.4774  running_mean=0.4925

=== LOSO (hold out subject 6) ===
  Train: 4608 trials  |  Test: 576 trials
  Model params: 15,227
  epoch   1/50  loss=1.3056  bal_acc=0.4514
  epoch   2/50  loss=1.0502  bal_acc=0.5139
  epoch   3/50  loss=0.8895  bal_acc=0.5330
  epoch   4/50  loss=0.8157  bal_acc=0.5642
  epoch   5/50  loss=0.7243  bal_acc=0.5052
  epoch   6/50  loss=0.6655  bal_acc=0.5816
  epoch   7/50  loss=0.6393  bal_acc=0.5885
  epoch   8/50  loss=0.5616  bal_acc=0.5885
  epoch   9/50  loss=0.5329  bal_acc=0.5712
  epoch  10/50  loss=0.5170  bal_acc=0.5712
  epoch  11/50  loss=0.4778  bal_acc=0.5156
  epoch  12/50  loss=0.4724  bal_acc=0.5799
  epoch  13/50  loss=0.4476  bal_acc=0.5660
  epoch  14/50  loss=0.4144  bal_acc=0.5677
  epoch  15/50  loss=0.4006  bal_acc=0.5885
  epoch  16/50  loss=0.3780  bal_acc=0.5208
  epoch  17/50  loss=0.3788  bal_acc=0.5781
  epoch  18/50  loss=0.3692  bal_acc=0.5972
  epoch  19/50  loss=0.3518  bal_acc=0.5816
  epoch  20/50  loss=0.3530  bal_acc=0.5920
  epoch  21/50  loss=0.3286  bal_acc=0.5781
  epoch  22/50  loss=0.3299  bal_acc=0.5677
  epoch  23/50  loss=0.2887  bal_acc=0.5625
  epoch  24/50  loss=0.2941  bal_acc=0.5990
  epoch  25/50  loss=0.2917  bal_acc=0.5365
  epoch  26/50  loss=0.2985  bal_acc=0.5747
  epoch  27/50  loss=0.2685  bal_acc=0.5868
  epoch  28/50  loss=0.3015  bal_acc=0.5747
  epoch  29/50  loss=0.2884  bal_acc=0.5816
  epoch  30/50  loss=0.2711  bal_acc=0.5694
  epoch  31/50  loss=0.2496  bal_acc=0.5938
  epoch  32/50  loss=0.2484  bal_acc=0.6007
  epoch  33/50  loss=0.2549  bal_acc=0.5885
  epoch  34/50  loss=0.2568  bal_acc=0.5747
  epoch  35/50  loss=0.2523  bal_acc=0.5729
  epoch  36/50  loss=0.2187  bal_acc=0.5781
  epoch  37/50  loss=0.2516  bal_acc=0.5799
  epoch  38/50  loss=0.2351  bal_acc=0.5885
  epoch  39/50  loss=0.2380  bal_acc=0.5174
  epoch  40/50  loss=0.2305  bal_acc=0.6233
  epoch  41/50  loss=0.2283  bal_acc=0.5885
  epoch  42/50  loss=0.2006  bal_acc=0.5868
  epoch  43/50  loss=0.2203  bal_acc=0.6024
  epoch  44/50  loss=0.2300  bal_acc=0.5955
  epoch  45/50  loss=0.2196  bal_acc=0.5903
  epoch  46/50  loss=0.2182  bal_acc=0.5781
  epoch  47/50  loss=0.2284  bal_acc=0.6007
  epoch  48/50  loss=0.2281  bal_acc=0.5972
  epoch  49/50  loss=0.2241  bal_acc=0.5833
  epoch  50/50  loss=0.1980  bal_acc=0.5972
  [LOSO 7/9] subject 6: acc=0.5972  running_mean=0.5074

=== LOSO (hold out subject 7) ===
  Train: 4608 trials  |  Test: 576 trials
  Model params: 15,227
  epoch   1/50  loss=1.3112  bal_acc=0.4462
  epoch   2/50  loss=1.0595  bal_acc=0.5087
  epoch   3/50  loss=0.9188  bal_acc=0.5295
  epoch   4/50  loss=0.8380  bal_acc=0.5556
  epoch   5/50  loss=0.7264  bal_acc=0.5747
  epoch   6/50  loss=0.6697  bal_acc=0.5833
  epoch   7/50  loss=0.6337  bal_acc=0.5677
  epoch   8/50  loss=0.5673  bal_acc=0.5521
  epoch   9/50  loss=0.5356  bal_acc=0.5573
  epoch  10/50  loss=0.5235  bal_acc=0.5174
  epoch  11/50  loss=0.4810  bal_acc=0.5920
  epoch  12/50  loss=0.4537  bal_acc=0.5625
  epoch  13/50  loss=0.4317  bal_acc=0.5608
  epoch  14/50  loss=0.4162  bal_acc=0.5347
  epoch  15/50  loss=0.4065  bal_acc=0.5868
  epoch  16/50  loss=0.3878  bal_acc=0.5764
  epoch  17/50  loss=0.3365  bal_acc=0.5694
  epoch  18/50  loss=0.3388  bal_acc=0.5903
  epoch  19/50  loss=0.3458  bal_acc=0.5660
  epoch  20/50  loss=0.3292  bal_acc=0.5816
  epoch  21/50  loss=0.3128  bal_acc=0.5729
  epoch  22/50  loss=0.3111  bal_acc=0.5833
  epoch  23/50  loss=0.2853  bal_acc=0.5920
  epoch  24/50  loss=0.2792  bal_acc=0.5365
  epoch  25/50  loss=0.2900  bal_acc=0.5868
  epoch  26/50  loss=0.2954  bal_acc=0.5503
  epoch  27/50  loss=0.2736  bal_acc=0.5816
  epoch  28/50  loss=0.2972  bal_acc=0.5729
  epoch  29/50  loss=0.2701  bal_acc=0.5521
  epoch  30/50  loss=0.2290  bal_acc=0.5642
  epoch  31/50  loss=0.2346  bal_acc=0.5903
  epoch  32/50  loss=0.2466  bal_acc=0.5816
  epoch  33/50  loss=0.2635  bal_acc=0.5694
  epoch  34/50  loss=0.2323  bal_acc=0.5712
  epoch  35/50  loss=0.2435  bal_acc=0.5660
  epoch  36/50  loss=0.2341  bal_acc=0.5712
  epoch  37/50  loss=0.2359  bal_acc=0.5764
  epoch  38/50  loss=0.2383  bal_acc=0.5764
  epoch  39/50  loss=0.2257  bal_acc=0.5469
  epoch  40/50  loss=0.2039  bal_acc=0.5451
  epoch  41/50  loss=0.2065  bal_acc=0.5747
  epoch  42/50  loss=0.2175  bal_acc=0.5625
  epoch  43/50  loss=0.2200  bal_acc=0.5868
  epoch  44/50  loss=0.2315  bal_acc=0.5764
  epoch  45/50  loss=0.2229  bal_acc=0.5729
  epoch  46/50  loss=0.2048  bal_acc=0.5486
  epoch  47/50  loss=0.2056  bal_acc=0.5451
  epoch  48/50  loss=0.1938  bal_acc=0.5642
  epoch  49/50  loss=0.2090  bal_acc=0.5625
  epoch  50/50  loss=0.2214  bal_acc=0.5833
  [LOSO 8/9] subject 7: acc=0.5833  running_mean=0.5169

=== LOSO (hold out subject 8) ===
  Train: 4608 trials  |  Test: 576 trials
  Model params: 15,227
  epoch   1/50  loss=1.3000  bal_acc=0.3507
  epoch   2/50  loss=1.0622  bal_acc=0.4497
  epoch   3/50  loss=0.9331  bal_acc=0.4219
  epoch   4/50  loss=0.8358  bal_acc=0.4253
  epoch   5/50  loss=0.7391  bal_acc=0.4826
  epoch   6/50  loss=0.6633  bal_acc=0.5295
  epoch   7/50  loss=0.6097  bal_acc=0.5104
  epoch   8/50  loss=0.5707  bal_acc=0.4601
  epoch   9/50  loss=0.5335  bal_acc=0.5087
  epoch  10/50  loss=0.4689  bal_acc=0.4878
  epoch  11/50  loss=0.4521  bal_acc=0.5000
  epoch  12/50  loss=0.4447  bal_acc=0.5122
  epoch  13/50  loss=0.4094  bal_acc=0.4792
  epoch  14/50  loss=0.3964  bal_acc=0.4948
  epoch  15/50  loss=0.3745  bal_acc=0.5330
  epoch  16/50  loss=0.3398  bal_acc=0.5608
  epoch  17/50  loss=0.3534  bal_acc=0.5486
  epoch  18/50  loss=0.3389  bal_acc=0.5851
  epoch  19/50  loss=0.3161  bal_acc=0.5434
  epoch  20/50  loss=0.3325  bal_acc=0.5226
  epoch  21/50  loss=0.3165  bal_acc=0.5156
  epoch  22/50  loss=0.3091  bal_acc=0.5226
  epoch  23/50  loss=0.2890  bal_acc=0.5382
  epoch  24/50  loss=0.2700  bal_acc=0.5226
  epoch  25/50  loss=0.2665  bal_acc=0.5486
  epoch  26/50  loss=0.2610  bal_acc=0.5208
  epoch  27/50  loss=0.2474  bal_acc=0.5226
  epoch  28/50  loss=0.2624  bal_acc=0.5521
  epoch  29/50  loss=0.2389  bal_acc=0.4688
  epoch  30/50  loss=0.2279  bal_acc=0.5191
  epoch  31/50  loss=0.2142  bal_acc=0.4913
  epoch  32/50  loss=0.2289  bal_acc=0.5052
  epoch  33/50  loss=0.2511  bal_acc=0.4878
  epoch  34/50  loss=0.2224  bal_acc=0.5243
  epoch  35/50  loss=0.2171  bal_acc=0.4931
  epoch  36/50  loss=0.2270  bal_acc=0.5556
  epoch  37/50  loss=0.2334  bal_acc=0.5451
  epoch  38/50  loss=0.2077  bal_acc=0.5243
  epoch  39/50  loss=0.2056  bal_acc=0.5365
  epoch  40/50  loss=0.2046  bal_acc=0.4861
  epoch  41/50  loss=0.2441  bal_acc=0.5156
  epoch  42/50  loss=0.1982  bal_acc=0.5469
  epoch  43/50  loss=0.2110  bal_acc=0.5417
  epoch  44/50  loss=0.1916  bal_acc=0.5330
  epoch  45/50  loss=0.1996  bal_acc=0.5156
  epoch  46/50  loss=0.2272  bal_acc=0.4688
  epoch  47/50  loss=0.1984  bal_acc=0.4705
  epoch  48/50  loss=0.1945  bal_acc=0.5139
  epoch  49/50  loss=0.1958  bal_acc=0.5139
  epoch  50/50  loss=0.1971  bal_acc=0.5226
  [LOSO 9/9] subject 8: acc=0.5226  running_mean=0.5176
Results saved to results/BNCI2014_001/results_trial_72.json
Trial logged to results/BNCI2014_001/trials.csv
[status] trial 72 done (state=COMPLETE, value=0.5175540123456791) -- 65 completed total
Device: cuda
[BNCI2014_001] loading from cache: /home/aleksander.berezowsk/.cache/spiking_eegnet/BNCI2014_001_af1ccf3e92f684d8a93c057082b654d7.npz
[BNCI2014_001] cache hit: (5184, 1, 22, 1001), classes=['feet', 'left_hand', 'right_hand', 'tongue'], subjects=9
Dataset meta: {'n_classes': 4, 'n_channels': 22, 'n_samples': 1001, 'class_names': ['feet', 'left_hand', 'right_hand', 'tongue'], 'subject_list': [1, 2, 3, 4, 5, 6, 7, 8, 9], 'n_subjects': 9, 'sfreq': 250.0}

=== LOSO (hold out subject 0) ===
  Train: 4608 trials  |  Test: 576 trials
  Model params: 20,784
  epoch   1/50  loss=1.2739  bal_acc=0.4306
  epoch   2/50  loss=0.9981  bal_acc=0.4740
  epoch   3/50  loss=0.8504  bal_acc=0.5156
  epoch   4/50  loss=0.7347  bal_acc=0.5417
  epoch   5/50  loss=0.6399  bal_acc=0.5903
  epoch   6/50  loss=0.5558  bal_acc=0.5312
  epoch   7/50  loss=0.4911  bal_acc=0.5712
  epoch   8/50  loss=0.4249  bal_acc=0.5052
  epoch   9/50  loss=0.3740  bal_acc=0.5434
  epoch  10/50  loss=0.3434  bal_acc=0.6007
  epoch  11/50  loss=0.3100  bal_acc=0.5382
  epoch  12/50  loss=0.2719  bal_acc=0.5399
  epoch  13/50  loss=0.2321  bal_acc=0.5625
  epoch  14/50  loss=0.2068  bal_acc=0.5660
  epoch  15/50  loss=0.1762  bal_acc=0.5729
  epoch  16/50  loss=0.1666  bal_acc=0.5816
  epoch  17/50  loss=0.1873  bal_acc=0.5434
  epoch  18/50  loss=0.1450  bal_acc=0.5469
  epoch  19/50  loss=0.1399  bal_acc=0.5417
  epoch  20/50  loss=0.1476  bal_acc=0.5625
  epoch  21/50  loss=0.1448  bal_acc=0.5052
  epoch  22/50  loss=0.1157  bal_acc=0.5174
  epoch  23/50  loss=0.1143  bal_acc=0.5521
  epoch  24/50  loss=0.1369  bal_acc=0.5573
  epoch  25/50  loss=0.1231  bal_acc=0.5538
  epoch  26/50  loss=0.0972  bal_acc=0.5660
  epoch  27/50  loss=0.1044  bal_acc=0.5417
  epoch  28/50  loss=0.0915  bal_acc=0.5677
  epoch  29/50  loss=0.0902  bal_acc=0.5799
  epoch  30/50  loss=0.0823  bal_acc=0.5625
  epoch  31/50  loss=0.1106  bal_acc=0.5799
  epoch  32/50  loss=0.1160  bal_acc=0.5556
  epoch  33/50  loss=0.1269  bal_acc=0.5017
  epoch  34/50  loss=0.0950  bal_acc=0.5816
  epoch  35/50  loss=0.0564  bal_acc=0.5608
  epoch  36/50  loss=0.0466  bal_acc=0.5677
  epoch  37/50  loss=0.0769  bal_acc=0.5330
  epoch  38/50  loss=0.1143  bal_acc=0.5417
  epoch  39/50  loss=0.1032  bal_acc=0.5365
  epoch  40/50  loss=0.1072  bal_acc=0.6007
  epoch  41/50  loss=0.0872  bal_acc=0.5556
  epoch  42/50  loss=0.0845  bal_acc=0.5278
  epoch  43/50  loss=0.0805  bal_acc=0.5208
  epoch  44/50  loss=0.0712  bal_acc=0.5417
  epoch  45/50  loss=0.0607  bal_acc=0.5625
  epoch  46/50  loss=0.0614  bal_acc=0.5590
  epoch  47/50  loss=0.0654  bal_acc=0.5208
  epoch  48/50  loss=0.0865  bal_acc=0.5399
  epoch  49/50  loss=0.1003  bal_acc=0.5469
  epoch  50/50  loss=0.1093  bal_acc=0.5521
  [LOSO 1/9] subject 0: acc=0.5521  running_mean=0.5521

=== LOSO (hold out subject 1) ===
  Train: 4608 trials  |  Test: 576 trials
  Model params: 20,784
  epoch   1/50  loss=1.2552  bal_acc=0.3802
  epoch   2/50  loss=0.9490  bal_acc=0.4479
  epoch   3/50  loss=0.7762  bal_acc=0.4462
  epoch   4/50  loss=0.6569  bal_acc=0.4497
  epoch   5/50  loss=0.5801  bal_acc=0.4531
  epoch   6/50  loss=0.4897  bal_acc=0.4462
  epoch   7/50  loss=0.4385  bal_acc=0.4514
  epoch   8/50  loss=0.3925  bal_acc=0.4010
  epoch   9/50  loss=0.3227  bal_acc=0.4358
  epoch  10/50  loss=0.2670  bal_acc=0.4375
  epoch  11/50  loss=0.2405  bal_acc=0.4253
  epoch  12/50  loss=0.2466  bal_acc=0.4340
  epoch  13/50  loss=0.1927  bal_acc=0.4514
  epoch  14/50  loss=0.1682  bal_acc=0.4688
  epoch  15/50  loss=0.2064  bal_acc=0.4271
  epoch  16/50  loss=0.1500  bal_acc=0.4410
  epoch  17/50  loss=0.1531  bal_acc=0.4358
  epoch  18/50  loss=0.1326  bal_acc=0.4514
  epoch  19/50  loss=0.1225  bal_acc=0.4688
  epoch  20/50  loss=0.1145  bal_acc=0.4635
  epoch  21/50  loss=0.0894  bal_acc=0.4410
  epoch  22/50  loss=0.1017  bal_acc=0.4253
  epoch  23/50  loss=0.1301  bal_acc=0.4184
  epoch  24/50  loss=0.1251  bal_acc=0.4358
  epoch  25/50  loss=0.1253  bal_acc=0.4479
  epoch  26/50  loss=0.1016  bal_acc=0.4514
  epoch  27/50  loss=0.0844  bal_acc=0.4740
  epoch  28/50  loss=0.0796  bal_acc=0.4219
  epoch  29/50  loss=0.0698  bal_acc=0.4410
  epoch  30/50  loss=0.0745  bal_acc=0.4427
  epoch  31/50  loss=0.0867  bal_acc=0.4566
  epoch  32/50  loss=0.1026  bal_acc=0.4601
  epoch  33/50  loss=0.0887  bal_acc=0.4253
  epoch  34/50  loss=0.0689  bal_acc=0.4462
  epoch  35/50  loss=0.0790  bal_acc=0.4479
  epoch  36/50  loss=0.0922  bal_acc=0.4618
  epoch  37/50  loss=0.0688  bal_acc=0.4410
  epoch  38/50  loss=0.0730  bal_acc=0.4531
  epoch  39/50  loss=0.0707  bal_acc=0.4618
  epoch  40/50  loss=0.0841  bal_acc=0.4531
  epoch  41/50  loss=0.1018  bal_acc=0.4462
  epoch  42/50  loss=0.0868  bal_acc=0.4514
  epoch  43/50  loss=0.0691  bal_acc=0.4167
  epoch  44/50  loss=0.0374  bal_acc=0.4444
  epoch  45/50  loss=0.0388  bal_acc=0.4236
  epoch  46/50  loss=0.0371  bal_acc=0.4514
  epoch  47/50  loss=0.0898  bal_acc=0.4444
  epoch  48/50  loss=0.1011  bal_acc=0.4340
  epoch  49/50  loss=0.0988  bal_acc=0.4236
  epoch  50/50  loss=0.0587  bal_acc=0.4323
  [LOSO 2/9] subject 1: acc=0.4323  running_mean=0.4922

=== LOSO (hold out subject 2) ===
  Train: 4608 trials  |  Test: 576 trials
  Model params: 20,784
  epoch   1/50  loss=1.2997  bal_acc=0.5156
  epoch   2/50  loss=1.0428  bal_acc=0.5017
  epoch   3/50  loss=0.8976  bal_acc=0.6215
  epoch   4/50  loss=0.8084  bal_acc=0.6632
  epoch   5/50  loss=0.7003  bal_acc=0.6493
  epoch   6/50  loss=0.6286  bal_acc=0.6510
  epoch   7/50  loss=0.5499  bal_acc=0.6649
  epoch   8/50  loss=0.4533  bal_acc=0.5538
  epoch   9/50  loss=0.4189  bal_acc=0.5816
  epoch  10/50  loss=0.3931  bal_acc=0.6684
  epoch  11/50  loss=0.3266  bal_acc=0.5208
  epoch  12/50  loss=0.2623  bal_acc=0.6215
  epoch  13/50  loss=0.2543  bal_acc=0.6215
  epoch  14/50  loss=0.2381  bal_acc=0.6163
  epoch  15/50  loss=0.1973  bal_acc=0.6215
  epoch  16/50  loss=0.1843  bal_acc=0.6094
  epoch  17/50  loss=0.1587  bal_acc=0.6319
  epoch  18/50  loss=0.1280  bal_acc=0.6007
  epoch  19/50  loss=0.1503  bal_acc=0.6580
  epoch  20/50  loss=0.1195  bal_acc=0.6233
  epoch  21/50  loss=0.1383  bal_acc=0.6267
  epoch  22/50  loss=0.1316  bal_acc=0.5833
  epoch  23/50  loss=0.1108  bal_acc=0.6163
  epoch  24/50  loss=0.1524  bal_acc=0.5955
  epoch  25/50  loss=0.1123  bal_acc=0.6111
  epoch  26/50  loss=0.1163  bal_acc=0.6024
  epoch  27/50  loss=0.1259  bal_acc=0.6319
  epoch  28/50  loss=0.1156  bal_acc=0.5938
  epoch  29/50  loss=0.1001  bal_acc=0.6354
  epoch  30/50  loss=0.1126  bal_acc=0.5885
  epoch  31/50  loss=0.0914  bal_acc=0.6250
  epoch  32/50  loss=0.0773  bal_acc=0.5538
  epoch  33/50  loss=0.0824  bal_acc=0.5903
  epoch  34/50  loss=0.1042  bal_acc=0.5799
  epoch  35/50  loss=0.0833  bal_acc=0.6250
  epoch  36/50  loss=0.0747  bal_acc=0.5781
  epoch  37/50  loss=0.0901  bal_acc=0.6076
  epoch  38/50  loss=0.0882  bal_acc=0.6059
  epoch  39/50  loss=0.0799  bal_acc=0.6111
  epoch  40/50  loss=0.0998  bal_acc=0.6042
  epoch  41/50  loss=0.0862  bal_acc=0.6406
  epoch  42/50  loss=0.0727  bal_acc=0.5799
  epoch  43/50  loss=0.0901  bal_acc=0.6198
  epoch  44/50  loss=0.0820  bal_acc=0.6059
  epoch  45/50  loss=0.0561  bal_acc=0.6146
  epoch  46/50  loss=0.0583  bal_acc=0.5851
  epoch  47/50  loss=0.0615  bal_acc=0.6233
  epoch  48/50  loss=0.0805  bal_acc=0.6024
  epoch  49/50  loss=0.0655  bal_acc=0.6007
  epoch  50/50  loss=0.0609  bal_acc=0.6250
  [LOSO 3/9] subject 2: acc=0.6250  running_mean=0.5365

=== LOSO (hold out subject 3) ===
  Train: 4608 trials  |  Test: 576 trials
  Model params: 20,784
  epoch   1/50  loss=1.2630  bal_acc=0.4271
  epoch   2/50  loss=0.9753  bal_acc=0.4375
  epoch   3/50  loss=0.7994  bal_acc=0.4826
  epoch   4/50  loss=0.6964  bal_acc=0.4687
  epoch   5/50  loss=0.5987  bal_acc=0.3715
  epoch   6/50  loss=0.5395  bal_acc=0.4566
  epoch   7/50  loss=0.4583  bal_acc=0.4149
  epoch   8/50  loss=0.4344  bal_acc=0.4618
  epoch   9/50  loss=0.3516  bal_acc=0.4010
  epoch  10/50  loss=0.3173  bal_acc=0.3993
  epoch  11/50  loss=0.2740  bal_acc=0.4271
  epoch  12/50  loss=0.2605  bal_acc=0.4271
  epoch  13/50  loss=0.2443  bal_acc=0.4080
  epoch  14/50  loss=0.2004  bal_acc=0.4497
  epoch  15/50  loss=0.2118  bal_acc=0.3976
  epoch  16/50  loss=0.1975  bal_acc=0.3993
  epoch  17/50  loss=0.1506  bal_acc=0.4687
  epoch  18/50  loss=0.1234  bal_acc=0.4271
  epoch  19/50  loss=0.1430  bal_acc=0.4149
  epoch  20/50  loss=0.1147  bal_acc=0.4167
  epoch  21/50  loss=0.0984  bal_acc=0.4097
  epoch  22/50  loss=0.1088  bal_acc=0.4531
  epoch  23/50  loss=0.1099  bal_acc=0.4132
  epoch  24/50  loss=0.1213  bal_acc=0.4479
  epoch  25/50  loss=0.1644  bal_acc=0.4358
  epoch  26/50  loss=0.1377  bal_acc=0.4653
  epoch  27/50  loss=0.0950  bal_acc=0.4375
  epoch  28/50  loss=0.1041  bal_acc=0.4688
  epoch  29/50  loss=0.1118  bal_acc=0.4427
  epoch  30/50  loss=0.0880  bal_acc=0.4167
  epoch  31/50  loss=0.0788  bal_acc=0.4253
  epoch  32/50  loss=0.0979  bal_acc=0.4236
  epoch  33/50  loss=0.1019  bal_acc=0.4427
  epoch  34/50  loss=0.1257  bal_acc=0.4479
  epoch  35/50  loss=0.0749  bal_acc=0.4410
  epoch  36/50  loss=0.0781  bal_acc=0.4323
  epoch  37/50  loss=0.0895  bal_acc=0.4462
  epoch  38/50  loss=0.1146  bal_acc=0.4340
  epoch  39/50  loss=0.1004  bal_acc=0.4323
  epoch  40/50  loss=0.0583  bal_acc=0.4288
  epoch  41/50  loss=0.0704  bal_acc=0.4097
  epoch  42/50  loss=0.0623  bal_acc=0.4062
  epoch  43/50  loss=0.0677  bal_acc=0.4236
  epoch  44/50  loss=0.0873  bal_acc=0.3993
  epoch  45/50  loss=0.0789  bal_acc=0.4323
  epoch  46/50  loss=0.0702  bal_acc=0.4184
  epoch  47/50  loss=0.0730  bal_acc=0.3924
  epoch  48/50  loss=0.0775  bal_acc=0.4375
  epoch  49/50  loss=0.0813  bal_acc=0.4167
  epoch  50/50  loss=0.0463  bal_acc=0.4410
  [LOSO 4/9] subject 3: acc=0.4410  running_mean=0.5126

=== LOSO (hold out subject 4) ===
  Train: 4608 trials  |  Test: 576 trials
  Model params: 20,784
  epoch   1/50  loss=1.2596  bal_acc=0.3802
  epoch   2/50  loss=0.9654  bal_acc=0.4062
  epoch   3/50  loss=0.8100  bal_acc=0.4670
  epoch   4/50  loss=0.7009  bal_acc=0.4184
  epoch   5/50  loss=0.6235  bal_acc=0.4497
  epoch   6/50  loss=0.5429  bal_acc=0.4306
  epoch   7/50  loss=0.4785  bal_acc=0.4358
  epoch   8/50  loss=0.4321  bal_acc=0.4514
  epoch   9/50  loss=0.4130  bal_acc=0.4253
  epoch  10/50  loss=0.3340  bal_acc=0.4635
  epoch  11/50  loss=0.2834  bal_acc=0.5104
  epoch  12/50  loss=0.2558  bal_acc=0.4878
  epoch  13/50  loss=0.2565  bal_acc=0.5052
  epoch  14/50  loss=0.2469  bal_acc=0.4896
  epoch  15/50  loss=0.2157  bal_acc=0.4948
  epoch  16/50  loss=0.2157  bal_acc=0.4948
  epoch  17/50  loss=0.1466  bal_acc=0.4670
  epoch  18/50  loss=0.1373  bal_acc=0.4792
  epoch  19/50  loss=0.1386  bal_acc=0.4253
  epoch  20/50  loss=0.1515  bal_acc=0.4531
  epoch  21/50  loss=0.1299  bal_acc=0.5000
  epoch  22/50  loss=0.1208  bal_acc=0.4861
  epoch  23/50  loss=0.1081  bal_acc=0.4688
  epoch  24/50  loss=0.1172  bal_acc=0.5035
  epoch  25/50  loss=0.1385  bal_acc=0.4670
  epoch  26/50  loss=0.1090  bal_acc=0.4601
  epoch  27/50  loss=0.1265  bal_acc=0.4427
  epoch  28/50  loss=0.0985  bal_acc=0.4653
  epoch  29/50  loss=0.0996  bal_acc=0.4583
  epoch  30/50  loss=0.1098  bal_acc=0.4566
  epoch  31/50  loss=0.1117  bal_acc=0.4774
  epoch  32/50  loss=0.0990  bal_acc=0.4236
  epoch  33/50  loss=0.1046  bal_acc=0.4809
  epoch  34/50  loss=0.1045  bal_acc=0.4688
  epoch  35/50  loss=0.0966  bal_acc=0.4809
  epoch  36/50  loss=0.1039  bal_acc=0.4549
  epoch  37/50  loss=0.0998  bal_acc=0.4861
  epoch  38/50  loss=0.0958  bal_acc=0.4722
  epoch  39/50  loss=0.1174  bal_acc=0.4236
  epoch  40/50  loss=0.0812  bal_acc=0.4792
  epoch  41/50  loss=0.0791  bal_acc=0.3958
  epoch  42/50  loss=0.0778  bal_acc=0.4844
  epoch  43/50  loss=0.0606  bal_acc=0.4844
  epoch  44/50  loss=0.0646  bal_acc=0.4062
  epoch  45/50  loss=0.0922  bal_acc=0.4896
  epoch  46/50  loss=0.0749  bal_acc=0.4913
  epoch  47/50  loss=0.0750  bal_acc=0.4931
  epoch  48/50  loss=0.0772  bal_acc=0.4306
  epoch  49/50  loss=0.1024  bal_acc=0.4444
  epoch  50/50  loss=0.1318  bal_acc=0.4878
  [LOSO 5/9] subject 4: acc=0.4878  running_mean=0.5076

=== LOSO (hold out subject 5) ===
  Train: 4608 trials  |  Test: 576 trials
  Model params: 20,784
  epoch   1/50  loss=1.2675  bal_acc=0.4132
  epoch   2/50  loss=0.9811  bal_acc=0.4323
  epoch   3/50  loss=0.8116  bal_acc=0.4201
  epoch   4/50  loss=0.7079  bal_acc=0.4410
  epoch   5/50  loss=0.5937  bal_acc=0.4792
  epoch   6/50  loss=0.5257  bal_acc=0.3906
  epoch   7/50  loss=0.4339  bal_acc=0.4601
  epoch   8/50  loss=0.4061  bal_acc=0.3611
  epoch   9/50  loss=0.3433  bal_acc=0.3750
  epoch  10/50  loss=0.3151  bal_acc=0.4045
  epoch  11/50  loss=0.2519  bal_acc=0.3715
  epoch  12/50  loss=0.2091  bal_acc=0.3576
  epoch  13/50  loss=0.2130  bal_acc=0.4080
  epoch  14/50  loss=0.2258  bal_acc=0.4132
  epoch  15/50  loss=0.1603  bal_acc=0.4167
  epoch  16/50  loss=0.1880  bal_acc=0.4444
  epoch  17/50  loss=0.1524  bal_acc=0.4115
  epoch  18/50  loss=0.1166  bal_acc=0.4167
  epoch  19/50  loss=0.0957  bal_acc=0.4253
  epoch  20/50  loss=0.1212  bal_acc=0.3767
  epoch  21/50  loss=0.1046  bal_acc=0.4149
  epoch  22/50  loss=0.1018  bal_acc=0.3785
  epoch  23/50  loss=0.1008  bal_acc=0.3872
  epoch  24/50  loss=0.0995  bal_acc=0.4132
  epoch  25/50  loss=0.1195  bal_acc=0.3837
  epoch  26/50  loss=0.1265  bal_acc=0.4253
  epoch  27/50  loss=0.1393  bal_acc=0.3958
  epoch  28/50  loss=0.1101  bal_acc=0.4028
  epoch  29/50  loss=0.0921  bal_acc=0.4271
  epoch  30/50  loss=0.0787  bal_acc=0.4097
  epoch  31/50  loss=0.0686  bal_acc=0.3941
  epoch  32/50  loss=0.0723  bal_acc=0.4132
  epoch  33/50  loss=0.0665  bal_acc=0.3663
  epoch  34/50  loss=0.0832  bal_acc=0.4132
  epoch  35/50  loss=0.1206  bal_acc=0.4045
  epoch  36/50  loss=0.0872  bal_acc=0.3993
  epoch  37/50  loss=0.0913  bal_acc=0.4340
  epoch  38/50  loss=0.0920  bal_acc=0.4253
  epoch  39/50  loss=0.0669  bal_acc=0.4306
  epoch  40/50  loss=0.0771  bal_acc=0.4115
  epoch  41/50  loss=0.0673  bal_acc=0.4288
  epoch  42/50  loss=0.0721  bal_acc=0.3819
  epoch  43/50  loss=0.0697  bal_acc=0.4340
  epoch  44/50  loss=0.0816  bal_acc=0.3802
  epoch  45/50  loss=0.1068  bal_acc=0.4271
  epoch  46/50  loss=0.0719  bal_acc=0.3941
  epoch  47/50  loss=0.0583  bal_acc=0.4184
  epoch  48/50  loss=0.0493  bal_acc=0.4427
  epoch  49/50  loss=0.0738  bal_acc=0.4219
  epoch  50/50  loss=0.0921  bal_acc=0.4288
  [LOSO 6/9] subject 5: acc=0.4288  running_mean=0.4945

=== LOSO (hold out subject 6) ===
  Train: 4608 trials  |  Test: 576 trials
  Model params: 20,784
  epoch   1/50  loss=1.2895  bal_acc=0.5069
  epoch   2/50  loss=1.0102  bal_acc=0.5556
  epoch   3/50  loss=0.8267  bal_acc=0.5903
  epoch   4/50  loss=0.7250  bal_acc=0.5868
  epoch   5/50  loss=0.6532  bal_acc=0.5382
  epoch   6/50  loss=0.5835  bal_acc=0.6146
  epoch   7/50  loss=0.4944  bal_acc=0.5382
  epoch   8/50  loss=0.4309  bal_acc=0.5729
  epoch   9/50  loss=0.3833  bal_acc=0.5729
  epoch  10/50  loss=0.3227  bal_acc=0.5556
  epoch  11/50  loss=0.3249  bal_acc=0.5712
  epoch  12/50  loss=0.2836  bal_acc=0.5642
  epoch  13/50  loss=0.2438  bal_acc=0.5885
  epoch  14/50  loss=0.1963  bal_acc=0.6024
  epoch  15/50  loss=0.1965  bal_acc=0.5521
  epoch  16/50  loss=0.2202  bal_acc=0.5781
  epoch  17/50  loss=0.1973  bal_acc=0.6146
  epoch  18/50  loss=0.1682  bal_acc=0.5764
  epoch  19/50  loss=0.1518  bal_acc=0.5851
  epoch  20/50  loss=0.1511  bal_acc=0.5764
  epoch  21/50  loss=0.1410  bal_acc=0.5556
  epoch  22/50  loss=0.1334  bal_acc=0.5833
  epoch  23/50  loss=0.1099  bal_acc=0.6024
  epoch  24/50  loss=0.1343  bal_acc=0.5868
  epoch  25/50  loss=0.1156  bal_acc=0.5694
  epoch  26/50  loss=0.1256  bal_acc=0.5920
  epoch  27/50  loss=0.1149  bal_acc=0.5972
  epoch  28/50  loss=0.1258  bal_acc=0.5503
  epoch  29/50  loss=0.1251  bal_acc=0.5608
  epoch  30/50  loss=0.1081  bal_acc=0.6181
  epoch  31/50  loss=0.0859  bal_acc=0.5833
  epoch  32/50  loss=0.0908  bal_acc=0.5573
  epoch  33/50  loss=0.0991  bal_acc=0.5938
  epoch  34/50  loss=0.0788  bal_acc=0.5677
  epoch  35/50  loss=0.0568  bal_acc=0.5972
  epoch  36/50  loss=0.0665  bal_acc=0.5781
  epoch  37/50  loss=0.0913  bal_acc=0.6128
  epoch  38/50  loss=0.0962  bal_acc=0.5642
  epoch  39/50  loss=0.1130  bal_acc=0.5694
  epoch  40/50  loss=0.0711  bal_acc=0.5642
  epoch  41/50  loss=0.0884  bal_acc=0.6007
  epoch  42/50  loss=0.0745  bal_acc=0.5694
  epoch  43/50  loss=0.0799  bal_acc=0.5868
  epoch  44/50  loss=0.0812  bal_acc=0.5972
  epoch  45/50  loss=0.0889  bal_acc=0.5955
  epoch  46/50  loss=0.1053  bal_acc=0.5660
  epoch  47/50  loss=0.0900  bal_acc=0.5920
  epoch  48/50  loss=0.0590  bal_acc=0.5625
  epoch  49/50  loss=0.0575  bal_acc=0.5712
  epoch  50/50  loss=0.0955  bal_acc=0.5781
  [LOSO 7/9] subject 6: acc=0.5781  running_mean=0.5064

=== LOSO (hold out subject 7) ===
  Train: 4608 trials  |  Test: 576 trials
  Model params: 20,784
  epoch   1/50  loss=1.2826  bal_acc=0.3819
  epoch   2/50  loss=1.0436  bal_acc=0.4705
  epoch   3/50  loss=0.8678  bal_acc=0.5556
  epoch   4/50  loss=0.7515  bal_acc=0.4965
  epoch   5/50  loss=0.6726  bal_acc=0.6128
  epoch   6/50  loss=0.5786  bal_acc=0.5764
  epoch   7/50  loss=0.4986  bal_acc=0.5764
  epoch   8/50  loss=0.4451  bal_acc=0.6250
  epoch   9/50  loss=0.3932  bal_acc=0.5781
  epoch  10/50  loss=0.3372  bal_acc=0.5503
  epoch  11/50  loss=0.2977  bal_acc=0.6302
  epoch  12/50  loss=0.2958  bal_acc=0.5868
  epoch  13/50  loss=0.2492  bal_acc=0.5885
  epoch  14/50  loss=0.2021  bal_acc=0.6146
  epoch  15/50  loss=0.2003  bal_acc=0.6094
  epoch  16/50  loss=0.1619  bal_acc=0.5868
  epoch  17/50  loss=0.1780  bal_acc=0.6076
  epoch  18/50  loss=0.1472  bal_acc=0.6007
  epoch  19/50  loss=0.1273  bal_acc=0.6146
  epoch  20/50  loss=0.1381  bal_acc=0.6111
  epoch  21/50  loss=0.1137  bal_acc=0.5851
  epoch  22/50  loss=0.1262  bal_acc=0.5747
  epoch  23/50  loss=0.1796  bal_acc=0.5677
  epoch  24/50  loss=0.1418  bal_acc=0.5955
  epoch  25/50  loss=0.1172  bal_acc=0.6250
  epoch  26/50  loss=0.1179  bal_acc=0.6094
  epoch  27/50  loss=0.1043  bal_acc=0.5434
  epoch  28/50  loss=0.0955  bal_acc=0.5747
  epoch  29/50  loss=0.0791  bal_acc=0.6128
  epoch  30/50  loss=0.0951  bal_acc=0.5955
  epoch  31/50  loss=0.0894  bal_acc=0.5694
  epoch  32/50  loss=0.1000  bal_acc=0.6319
  epoch  33/50  loss=0.1065  bal_acc=0.5764
  epoch  34/50  loss=0.1102  bal_acc=0.5868
  epoch  35/50  loss=0.1025  bal_acc=0.5868
  epoch  36/50  loss=0.1160  bal_acc=0.5990
  epoch  37/50  loss=0.0904  bal_acc=0.5694
  epoch  38/50  loss=0.0831  bal_acc=0.6059
  epoch  39/50  loss=0.0774  bal_acc=0.5833
  epoch  40/50  loss=0.0757  bal_acc=0.6094
  epoch  41/50  loss=0.0713  bal_acc=0.5833
  epoch  42/50  loss=0.0716  bal_acc=0.6024
  epoch  43/50  loss=0.0773  bal_acc=0.5764
  epoch  44/50  loss=0.0676  bal_acc=0.5851
  epoch  45/50  loss=0.0700  bal_acc=0.5677
  epoch  46/50  loss=0.0832  bal_acc=0.5677
  epoch  47/50  loss=0.0715  bal_acc=0.5608
  epoch  48/50  loss=0.0588  bal_acc=0.5503
  epoch  49/50  loss=0.0594  bal_acc=0.5816
  epoch  50/50  loss=0.0637  bal_acc=0.6076
  [LOSO 8/9] subject 7: acc=0.6076  running_mean=0.5191

=== LOSO (hold out subject 8) ===
  Train: 4608 trials  |  Test: 576 trials
  Model params: 20,784
  epoch   1/50  loss=1.2996  bal_acc=0.3872
  epoch   2/50  loss=1.0133  bal_acc=0.5035
  epoch   3/50  loss=0.8544  bal_acc=0.6267
  epoch   4/50  loss=0.7419  bal_acc=0.5747
  epoch   5/50  loss=0.6572  bal_acc=0.5573
  epoch   6/50  loss=0.5727  bal_acc=0.5972
  epoch   7/50  loss=0.4970  bal_acc=0.5521
  epoch   8/50  loss=0.4469  bal_acc=0.5590
  epoch   9/50  loss=0.3916  bal_acc=0.5747
  epoch  10/50  loss=0.3300  bal_acc=0.5365
  epoch  11/50  loss=0.2853  bal_acc=0.5469
  epoch  12/50  loss=0.2633  bal_acc=0.5885
  epoch  13/50  loss=0.2092  bal_acc=0.5417
  epoch  14/50  loss=0.2078  bal_acc=0.5590
  epoch  15/50  loss=0.1952  bal_acc=0.5608
  epoch  16/50  loss=0.1820  bal_acc=0.5208
  epoch  17/50  loss=0.1519  bal_acc=0.5052
  epoch  18/50  loss=0.1463  bal_acc=0.5677
  epoch  19/50  loss=0.1375  bal_acc=0.5330
  epoch  20/50  loss=0.1606  bal_acc=0.5486
  epoch  21/50  loss=0.1307  bal_acc=0.5868
  epoch  22/50  loss=0.1344  bal_acc=0.5243
  epoch  23/50  loss=0.1151  bal_acc=0.5538
  epoch  24/50  loss=0.1097  bal_acc=0.5330
  epoch  25/50  loss=0.0995  bal_acc=0.5174
  epoch  26/50  loss=0.1100  bal_acc=0.5017
  epoch  27/50  loss=0.1067  bal_acc=0.5625
  epoch  28/50  loss=0.0978  bal_acc=0.4965
  epoch  29/50  loss=0.0900  bal_acc=0.5417
  epoch  30/50  loss=0.1146  bal_acc=0.5642
  epoch  31/50  loss=0.1075  bal_acc=0.5417
  epoch  32/50  loss=0.0682  bal_acc=0.5660
  epoch  33/50  loss=0.0731  bal_acc=0.5226
  epoch  34/50  loss=0.0975  bal_acc=0.5330
  epoch  35/50  loss=0.0812  bal_acc=0.5226
  epoch  36/50  loss=0.0817  bal_acc=0.5521
  epoch  37/50  loss=0.1484  bal_acc=0.5174
  epoch  38/50  loss=0.1102  bal_acc=0.5694
  epoch  39/50  loss=0.0754  bal_acc=0.5330
  epoch  40/50  loss=0.0714  bal_acc=0.5521
  epoch  41/50  loss=0.0588  bal_acc=0.5608
  epoch  42/50  loss=0.0588  bal_acc=0.5625
  epoch  43/50  loss=0.0572  bal_acc=0.5156
  epoch  44/50  loss=0.0935  bal_acc=0.5590
  epoch  45/50  loss=0.1041  bal_acc=0.4878
  epoch  46/50  loss=0.0827  bal_acc=0.4965
  epoch  47/50  loss=0.0887  bal_acc=0.5382
  epoch  48/50  loss=0.0694  bal_acc=0.4896
  epoch  49/50  loss=0.0611  bal_acc=0.5295
  epoch  50/50  loss=0.0540  bal_acc=0.4809
  [LOSO 9/9] subject 8: acc=0.4809  running_mean=0.5149
Results saved to results/BNCI2014_001/results_trial_77.json
Trial logged to results/BNCI2014_001/trials.csv
[status] trial 77 done (state=COMPLETE, value=0.5148533950617283) -- 70 completed total
Device: cuda
[BNCI2014_001] loading from cache: /home/aleksander.berezowsk/.cache/spiking_eegnet/BNCI2014_001_af1ccf3e92f684d8a93c057082b654d7.npz
[BNCI2014_001] cache hit: (5184, 1, 22, 1001), classes=['feet', 'left_hand', 'right_hand', 'tongue'], subjects=9
Dataset meta: {'n_classes': 4, 'n_channels': 22, 'n_samples': 1001, 'class_names': ['feet', 'left_hand', 'right_hand', 'tongue'], 'subject_list': [1, 2, 3, 4, 5, 6, 7, 8, 9], 'n_subjects': 9, 'sfreq': 250.0}

=== LOSO (hold out subject 0) ===
  Train: 4608 trials  |  Test: 576 trials
  Model params: 18,498
  epoch   1/50  loss=1.3135  bal_acc=0.4149
  epoch   2/50  loss=1.0651  bal_acc=0.5330
  epoch   3/50  loss=0.9093  bal_acc=0.5590
  epoch   4/50  loss=0.8140  bal_acc=0.5729
  epoch   5/50  loss=0.7412  bal_acc=0.5938
  epoch   6/50  loss=0.6794  bal_acc=0.6007
  epoch   7/50  loss=0.6350  bal_acc=0.6198
  epoch   8/50  loss=0.5865  bal_acc=0.5625
  epoch   9/50  loss=0.5366  bal_acc=0.6042
  epoch  10/50  loss=0.5049  bal_acc=0.5677
  epoch  11/50  loss=0.4905  bal_acc=0.6267
  epoch  12/50  loss=0.4458  bal_acc=0.6076
  epoch  13/50  loss=0.4415  bal_acc=0.5781
  epoch  14/50  loss=0.4328  bal_acc=0.5990
  epoch  15/50  loss=0.3864  bal_acc=0.6285
  epoch  16/50  loss=0.3669  bal_acc=0.6128
  epoch  17/50  loss=0.3587  bal_acc=0.6042
  epoch  18/50  loss=0.3323  bal_acc=0.6163
  epoch  19/50  loss=0.3321  bal_acc=0.6111
  epoch  20/50  loss=0.3162  bal_acc=0.5660
  epoch  21/50  loss=0.3030  bal_acc=0.5677
  epoch  22/50  loss=0.2900  bal_acc=0.5712
  epoch  23/50  loss=0.2638  bal_acc=0.5712
  epoch  24/50  loss=0.2647  bal_acc=0.5955
  epoch  25/50  loss=0.2592  bal_acc=0.6042
  epoch  26/50  loss=0.2419  bal_acc=0.6337
  epoch  27/50  loss=0.2445  bal_acc=0.5816
  epoch  28/50  loss=0.2416  bal_acc=0.5608
  epoch  29/50  loss=0.2309  bal_acc=0.5660
  epoch  30/50  loss=0.2305  bal_acc=0.6076
  epoch  31/50  loss=0.2215  bal_acc=0.6319
  epoch  32/50  loss=0.2318  bal_acc=0.6233
  epoch  33/50  loss=0.2268  bal_acc=0.5972
  epoch  34/50  loss=0.1876  bal_acc=0.6215
  epoch  35/50  loss=0.1953  bal_acc=0.6285
  epoch  36/50  loss=0.2025  bal_acc=0.6285
  epoch  37/50  loss=0.1756  bal_acc=0.5747
  epoch  38/50  loss=0.1868  bal_acc=0.5885
  epoch  39/50  loss=0.1800  bal_acc=0.6042
  epoch  40/50  loss=0.1799  bal_acc=0.6285
  epoch  41/50  loss=0.1775  bal_acc=0.5885
  epoch  42/50  loss=0.1724  bal_acc=0.6198
  epoch  43/50  loss=0.1769  bal_acc=0.6250
  epoch  44/50  loss=0.1585  bal_acc=0.6024
  epoch  45/50  loss=0.1578  bal_acc=0.6094
  epoch  46/50  loss=0.1631  bal_acc=0.6128
  epoch  47/50  loss=0.1606  bal_acc=0.5972
  epoch  48/50  loss=0.1499  bal_acc=0.6128
  epoch  49/50  loss=0.1484  bal_acc=0.6354
  epoch  50/50  loss=0.1388  bal_acc=0.6076
  [LOSO 1/9] subject 0: acc=0.6076  running_mean=0.6076

=== LOSO (hold out subject 1) ===
  Train: 4608 trials  |  Test: 576 trials
  Model params: 18,498
  epoch   1/50  loss=1.2668  bal_acc=0.3576
  epoch   2/50  loss=0.9933  bal_acc=0.4097
  epoch   3/50  loss=0.8510  bal_acc=0.3941
  epoch   4/50  loss=0.7540  bal_acc=0.4375
  epoch   5/50  loss=0.6890  bal_acc=0.4913
  epoch   6/50  loss=0.6347  bal_acc=0.4740
  epoch   7/50  loss=0.5904  bal_acc=0.4583
  epoch   8/50  loss=0.5376  bal_acc=0.4288
  epoch   9/50  loss=0.5098  bal_acc=0.4479
  epoch  10/50  loss=0.4698  bal_acc=0.4358
  epoch  11/50  loss=0.4483  bal_acc=0.4670
  epoch  12/50  loss=0.4232  bal_acc=0.4549
  epoch  13/50  loss=0.4117  bal_acc=0.4427
  epoch  14/50  loss=0.3718  bal_acc=0.4549
  epoch  15/50  loss=0.3522  bal_acc=0.4566
  epoch  16/50  loss=0.3324  bal_acc=0.4774
  epoch  17/50  loss=0.3327  bal_acc=0.4306
  epoch  18/50  loss=0.3090  bal_acc=0.4653
  epoch  19/50  loss=0.3029  bal_acc=0.4635
  epoch  20/50  loss=0.2781  bal_acc=0.4444
  epoch  21/50  loss=0.2775  bal_acc=0.4531
  epoch  22/50  loss=0.2633  bal_acc=0.4618
  epoch  23/50  loss=0.2533  bal_acc=0.4410
  epoch  24/50  loss=0.2391  bal_acc=0.4479
  epoch  25/50  loss=0.2282  bal_acc=0.4549
  epoch  26/50  loss=0.2300  bal_acc=0.4288
  epoch  27/50  loss=0.2241  bal_acc=0.4323
  epoch  28/50  loss=0.2122  bal_acc=0.4670
  epoch  29/50  loss=0.2155  bal_acc=0.4635
  epoch  30/50  loss=0.2159  bal_acc=0.4653
  epoch  31/50  loss=0.2006  bal_acc=0.4531
  epoch  32/50  loss=0.1865  bal_acc=0.4444
  epoch  33/50  loss=0.1792  bal_acc=0.4340
  epoch  34/50  loss=0.1749  bal_acc=0.4514
  epoch  35/50  loss=0.1697  bal_acc=0.4497
  epoch  36/50  loss=0.1679  bal_acc=0.4097
  epoch  37/50  loss=0.1583  bal_acc=0.4271
  epoch  38/50  loss=0.1616  bal_acc=0.4427
  epoch  39/50  loss=0.1672  bal_acc=0.4340
  epoch  40/50  loss=0.1538  bal_acc=0.4427
  epoch  41/50  loss=0.1530  bal_acc=0.4601
  epoch  42/50  loss=0.1623  bal_acc=0.4514
  epoch  43/50  loss=0.1599  bal_acc=0.4653
  epoch  44/50  loss=0.1496  bal_acc=0.4497
  epoch  45/50  loss=0.1667  bal_acc=0.4462
  epoch  46/50  loss=0.1570  bal_acc=0.4583
  epoch  47/50  loss=0.1371  bal_acc=0.4358
  epoch  48/50  loss=0.1492  bal_acc=0.4340
  epoch  49/50  loss=0.1490  bal_acc=0.4410
  epoch  50/50  loss=0.1249  bal_acc=0.4410
  [LOSO 2/9] subject 1: acc=0.4410  running_mean=0.5243

=== LOSO (hold out subject 2) ===
  Train: 4608 trials  |  Test: 576 trials
  Model params: 18,498
  epoch   1/50  loss=1.3202  bal_acc=0.5295
  epoch   2/50  loss=1.0670  bal_acc=0.5156
  epoch   3/50  loss=0.9563  bal_acc=0.6319
  epoch   4/50  loss=0.8442  bal_acc=0.6545
  epoch   5/50  loss=0.7903  bal_acc=0.6389
  epoch   6/50  loss=0.7247  bal_acc=0.6580
  epoch   7/50  loss=0.6800  bal_acc=0.7309
  epoch   8/50  loss=0.6529  bal_acc=0.6250
  epoch   9/50  loss=0.6010  bal_acc=0.6736
  epoch  10/50  loss=0.5468  bal_acc=0.6528
  epoch  11/50  loss=0.5379  bal_acc=0.7066
  epoch  12/50  loss=0.5185  bal_acc=0.6649
  epoch  13/50  loss=0.4777  bal_acc=0.6823
  epoch  14/50  loss=0.4691  bal_acc=0.6858
  epoch  15/50  loss=0.4226  bal_acc=0.6753
  epoch  16/50  loss=0.4229  bal_acc=0.6632
  epoch  17/50  loss=0.4005  bal_acc=0.6181
  epoch  18/50  loss=0.3871  bal_acc=0.6753
  epoch  19/50  loss=0.3627  bal_acc=0.6771
  epoch  20/50  loss=0.3571  bal_acc=0.6337
  epoch  21/50  loss=0.3377  bal_acc=0.6528
  epoch  22/50  loss=0.3280  bal_acc=0.6701
  epoch  23/50  loss=0.3165  bal_acc=0.6684
  epoch  24/50  loss=0.3041  bal_acc=0.6615
  epoch  25/50  loss=0.3015  bal_acc=0.6719
  epoch  26/50  loss=0.2904  bal_acc=0.6597
  epoch  27/50  loss=0.2831  bal_acc=0.6510
  epoch  28/50  loss=0.2774  bal_acc=0.6406
  epoch  29/50  loss=0.2586  bal_acc=0.6458
  epoch  30/50  loss=0.2487  bal_acc=0.6163
  epoch  31/50  loss=0.2437  bal_acc=0.6632
  epoch  32/50  loss=0.2381  bal_acc=0.6389
  epoch  33/50  loss=0.2306  bal_acc=0.6753
  epoch  34/50  loss=0.2333  bal_acc=0.6476
  epoch  35/50  loss=0.2226  bal_acc=0.6753
  epoch  36/50  loss=0.2225  bal_acc=0.6684
  epoch  37/50  loss=0.2270  bal_acc=0.7014
  epoch  38/50  loss=0.2178  bal_acc=0.6858
  epoch  39/50  loss=0.1926  bal_acc=0.6528
  epoch  40/50  loss=0.2026  bal_acc=0.6649
  epoch  41/50  loss=0.2103  bal_acc=0.6823
  epoch  42/50  loss=0.1976  bal_acc=0.6649
  epoch  43/50  loss=0.2020  bal_acc=0.6267
  epoch  44/50  loss=0.2011  bal_acc=0.6632
  epoch  45/50  loss=0.1835  bal_acc=0.6997
  epoch  46/50  loss=0.1847  bal_acc=0.7205
  epoch  47/50  loss=0.1835  bal_acc=0.6701
  epoch  48/50  loss=0.1722  bal_acc=0.6719
  epoch  49/50  loss=0.1673  bal_acc=0.6736
  epoch  50/50  loss=0.1670  bal_acc=0.6979
  [LOSO 3/9] subject 2: acc=0.6979  running_mean=0.5822

=== LOSO (hold out subject 3) ===
  Train: 4608 trials  |  Test: 576 trials
  Model params: 18,498
  epoch   1/50  loss=1.3107  bal_acc=0.4132
  epoch   2/50  loss=1.0457  bal_acc=0.3681
  epoch   3/50  loss=0.8870  bal_acc=0.4375
  epoch   4/50  loss=0.7557  bal_acc=0.4861
  epoch   5/50  loss=0.6829  bal_acc=0.5226
  epoch   6/50  loss=0.6392  bal_acc=0.5000
  epoch   7/50  loss=0.6046  bal_acc=0.4844
  epoch   8/50  loss=0.5633  bal_acc=0.4931
  epoch   9/50  loss=0.5004  bal_acc=0.4392
  epoch  10/50  loss=0.4697  bal_acc=0.4618
  epoch  11/50  loss=0.4476  bal_acc=0.4549
  epoch  12/50  loss=0.4385  bal_acc=0.4392
  epoch  13/50  loss=0.3904  bal_acc=0.4219
  epoch  14/50  loss=0.3976  bal_acc=0.4722
  epoch  15/50  loss=0.3719  bal_acc=0.4809
  epoch  16/50  loss=0.3522  bal_acc=0.4688
  epoch  17/50  loss=0.3210  bal_acc=0.4306
  epoch  18/50  loss=0.3352  bal_acc=0.4757
  epoch  19/50  loss=0.2957  bal_acc=0.4653
  epoch  20/50  loss=0.2888  bal_acc=0.4549
  epoch  21/50  loss=0.2788  bal_acc=0.4757
  epoch  22/50  loss=0.2750  bal_acc=0.4705
  epoch  23/50  loss=0.2773  bal_acc=0.4566
  epoch  24/50  loss=0.2611  bal_acc=0.4653
  epoch  25/50  loss=0.2413  bal_acc=0.4757
  epoch  26/50  loss=0.2312  bal_acc=0.4740
  epoch  27/50  loss=0.2189  bal_acc=0.4740
  epoch  28/50  loss=0.2009  bal_acc=0.4514
  epoch  29/50  loss=0.1982  bal_acc=0.4375
  epoch  30/50  loss=0.2165  bal_acc=0.4531
  epoch  31/50  loss=0.2188  bal_acc=0.4705
  epoch  32/50  loss=0.2098  bal_acc=0.4653
  epoch  33/50  loss=0.1900  bal_acc=0.4635
  epoch  34/50  loss=0.1816  bal_acc=0.4427
  epoch  35/50  loss=0.1900  bal_acc=0.4740
  epoch  36/50  loss=0.1718  bal_acc=0.4809
  epoch  37/50  loss=0.1898  bal_acc=0.4948
  epoch  38/50  loss=0.1663  bal_acc=0.4479
  epoch  39/50  loss=0.1667  bal_acc=0.4757
  epoch  40/50  loss=0.1523  bal_acc=0.4306
  epoch  41/50  loss=0.1539  bal_acc=0.4826
  epoch  42/50  loss=0.1526  bal_acc=0.4896
  epoch  43/50  loss=0.1695  bal_acc=0.4688
  epoch  44/50  loss=0.1365  bal_acc=0.4844
  epoch  45/50  loss=0.1362  bal_acc=0.4878
  epoch  46/50  loss=0.1589  bal_acc=0.4844
  epoch  47/50  loss=0.1422  bal_acc=0.4340
  epoch  48/50  loss=0.1467  bal_acc=0.4670
  epoch  49/50  loss=0.1523  bal_acc=0.5122
  epoch  50/50  loss=0.1477  bal_acc=0.4688
  [LOSO 4/9] subject 3: acc=0.4688  running_mean=0.5538

=== LOSO (hold out subject 4) ===
  Train: 4608 trials  |  Test: 576 trials
  Model params: 18,498
  epoch   1/50  loss=1.2681  bal_acc=0.3594
  epoch   2/50  loss=1.0034  bal_acc=0.4340
  epoch   3/50  loss=0.8544  bal_acc=0.5087
  epoch   4/50  loss=0.7561  bal_acc=0.4497
  epoch   5/50  loss=0.7072  bal_acc=0.4427
  epoch   6/50  loss=0.6405  bal_acc=0.4184
  epoch   7/50  loss=0.6059  bal_acc=0.5399
  epoch   8/50  loss=0.5586  bal_acc=0.4514
  epoch   9/50  loss=0.5405  bal_acc=0.5347
  epoch  10/50  loss=0.4982  bal_acc=0.4844
  epoch  11/50  loss=0.4667  bal_acc=0.4444
  epoch  12/50  loss=0.4513  bal_acc=0.4601
  epoch  13/50  loss=0.4217  bal_acc=0.5000
  epoch  14/50  loss=0.3918  bal_acc=0.5174
  epoch  15/50  loss=0.3901  bal_acc=0.5243
  epoch  16/50  loss=0.3687  bal_acc=0.5208
  epoch  17/50  loss=0.3620  bal_acc=0.5747
  epoch  18/50  loss=0.3270  bal_acc=0.5260
  epoch  19/50  loss=0.3250  bal_acc=0.5087
  epoch  20/50  loss=0.3018  bal_acc=0.5295
  epoch  21/50  loss=0.2922  bal_acc=0.4965
  epoch  22/50  loss=0.2836  bal_acc=0.5104
  epoch  23/50  loss=0.2730  bal_acc=0.5521
  epoch  24/50  loss=0.2495  bal_acc=0.5226
  epoch  25/50  loss=0.2497  bal_acc=0.5521
  epoch  26/50  loss=0.2501  bal_acc=0.4878
  epoch  27/50  loss=0.2348  bal_acc=0.5486
  epoch  28/50  loss=0.2135  bal_acc=0.5000
  epoch  29/50  loss=0.2328  bal_acc=0.5104
  epoch  30/50  loss=0.2108  bal_acc=0.5486
  epoch  31/50  loss=0.2153  bal_acc=0.5295
  epoch  32/50  loss=0.1966  bal_acc=0.5087
  epoch  33/50  loss=0.2191  bal_acc=0.5208
  epoch  34/50  loss=0.2077  bal_acc=0.5642
  epoch  35/50  loss=0.1857  bal_acc=0.5000
  epoch  36/50  loss=0.1765  bal_acc=0.5642
  epoch  37/50  loss=0.1880  bal_acc=0.5590
  epoch  38/50  loss=0.1851  bal_acc=0.5660
  epoch  39/50  loss=0.1725  bal_acc=0.5677
  epoch  40/50  loss=0.1866  bal_acc=0.5122
  epoch  41/50  loss=0.1805  bal_acc=0.5764
  epoch  42/50  loss=0.1802  bal_acc=0.5434
  epoch  43/50  loss=0.1679  bal_acc=0.5729
  epoch  44/50  loss=0.1603  bal_acc=0.5260
  epoch  45/50  loss=0.1537  bal_acc=0.5451
  epoch  46/50  loss=0.1679  bal_acc=0.5590
  epoch  47/50  loss=0.1572  bal_acc=0.5417
  epoch  48/50  loss=0.1630  bal_acc=0.5365
  epoch  49/50  loss=0.1324  bal_acc=0.5538
  epoch  50/50  loss=0.1465  bal_acc=0.5556
  [LOSO 5/9] subject 4: acc=0.5556  running_mean=0.5542

=== LOSO (hold out subject 5) ===
  Train: 4608 trials  |  Test: 576 trials
  Model params: 18,498
  epoch   1/50  loss=1.2806  bal_acc=0.3993
  epoch   2/50  loss=1.0151  bal_acc=0.4392
  epoch   3/50  loss=0.8397  bal_acc=0.5035
  epoch   4/50  loss=0.7618  bal_acc=0.4340
  epoch   5/50  loss=0.7040  bal_acc=0.4583
  epoch   6/50  loss=0.6554  bal_acc=0.4653
  epoch   7/50  loss=0.6129  bal_acc=0.4774
  epoch   8/50  loss=0.5794  bal_acc=0.4861
  epoch   9/50  loss=0.5386  bal_acc=0.4826
  epoch  10/50  loss=0.5090  bal_acc=0.4410
  epoch  11/50  loss=0.4740  bal_acc=0.5017
  epoch  12/50  loss=0.4416  bal_acc=0.4566
  epoch  13/50  loss=0.4240  bal_acc=0.4167
  epoch  14/50  loss=0.3935  bal_acc=0.3872
  epoch  15/50  loss=0.3820  bal_acc=0.4757
  epoch  16/50  loss=0.3551  bal_acc=0.4670
  epoch  17/50  loss=0.3407  bal_acc=0.4965
  epoch  18/50  loss=0.3265  bal_acc=0.5226
  epoch  19/50  loss=0.3117  bal_acc=0.5035
  epoch  20/50  loss=0.3175  bal_acc=0.4132
  epoch  21/50  loss=0.2850  bal_acc=0.4861
  epoch  22/50  loss=0.2763  bal_acc=0.4861
  epoch  23/50  loss=0.2796  bal_acc=0.4740
  epoch  24/50  loss=0.2565  bal_acc=0.4323
  epoch  25/50  loss=0.2552  bal_acc=0.4306
  epoch  26/50  loss=0.2345  bal_acc=0.4062
  epoch  27/50  loss=0.2336  bal_acc=0.4115
  epoch  28/50  loss=0.2216  bal_acc=0.3993
  epoch  29/50  loss=0.2283  bal_acc=0.4167
  epoch  30/50  loss=0.2250  bal_acc=0.4375
  epoch  31/50  loss=0.1960  bal_acc=0.4045
  epoch  32/50  loss=0.2132  bal_acc=0.4514
  epoch  33/50  loss=0.1889  bal_acc=0.4618
  epoch  34/50  loss=0.2053  bal_acc=0.4479
  epoch  35/50  loss=0.1930  bal_acc=0.4688
  epoch  36/50  loss=0.1928  bal_acc=0.4323
  epoch  37/50  loss=0.1634  bal_acc=0.4045
  epoch  38/50  loss=0.1559  bal_acc=0.4167
  epoch  39/50  loss=0.1654  bal_acc=0.4097
  epoch  40/50  loss=0.1730  bal_acc=0.4097
  epoch  41/50  loss=0.1721  bal_acc=0.4306
  epoch  42/50  loss=0.1681  bal_acc=0.4566
  epoch  43/50  loss=0.1529  bal_acc=0.3802
  epoch  44/50  loss=0.1530  bal_acc=0.4045
  epoch  45/50  loss=0.1641  bal_acc=0.4479
  epoch  46/50  loss=0.1413  bal_acc=0.4219
  epoch  47/50  loss=0.1591  bal_acc=0.4583
  epoch  48/50  loss=0.1351  bal_acc=0.4253
  epoch  49/50  loss=0.1447  bal_acc=0.4757
  epoch  50/50  loss=0.1480  bal_acc=0.4115
  [LOSO 6/9] subject 5: acc=0.4115  running_mean=0.5304

=== LOSO (hold out subject 6) ===
  Train: 4608 trials  |  Test: 576 trials
  Model params: 18,498
  epoch   1/50  loss=1.3138  bal_acc=0.5122
  epoch   2/50  loss=1.0572  bal_acc=0.5538
  epoch   3/50  loss=0.9167  bal_acc=0.6181
  epoch   4/50  loss=0.7946  bal_acc=0.6024
  epoch   5/50  loss=0.7393  bal_acc=0.5625
  epoch   6/50  loss=0.6905  bal_acc=0.5694
  epoch   7/50  loss=0.6367  bal_acc=0.5729
  epoch   8/50  loss=0.5951  bal_acc=0.6389
  epoch   9/50  loss=0.5489  bal_acc=0.6215
  epoch  10/50  loss=0.5247  bal_acc=0.5972
  epoch  11/50  loss=0.4839  bal_acc=0.6215
  epoch  12/50  loss=0.4633  bal_acc=0.6076
  epoch  13/50  loss=0.4458  bal_acc=0.6059
  epoch  14/50  loss=0.4316  bal_acc=0.6233
  epoch  15/50  loss=0.4088  bal_acc=0.5764
  epoch  16/50  loss=0.3964  bal_acc=0.6632
  epoch  17/50  loss=0.3667  bal_acc=0.6024
  epoch  18/50  loss=0.3718  bal_acc=0.6476
  epoch  19/50  loss=0.3446  bal_acc=0.6337
  epoch  20/50  loss=0.3272  bal_acc=0.6302
  epoch  21/50  loss=0.3211  bal_acc=0.6007
  epoch  22/50  loss=0.3001  bal_acc=0.6059
  epoch  23/50  loss=0.2670  bal_acc=0.5955
  epoch  24/50  loss=0.2657  bal_acc=0.6007
  epoch  25/50  loss=0.2686  bal_acc=0.6042
  epoch  26/50  loss=0.2503  bal_acc=0.6198
  epoch  27/50  loss=0.2494  bal_acc=0.6372
  epoch  28/50  loss=0.2523  bal_acc=0.5972
  epoch  29/50  loss=0.2375  bal_acc=0.5903
  epoch  30/50  loss=0.2205  bal_acc=0.5885
  epoch  31/50  loss=0.2224  bal_acc=0.6059
  epoch  32/50  loss=0.2168  bal_acc=0.5833
  epoch  33/50  loss=0.2211  bal_acc=0.6181
  epoch  34/50  loss=0.2213  bal_acc=0.6250
  epoch  35/50  loss=0.1919  bal_acc=0.5903
  epoch  36/50  loss=0.2079  bal_acc=0.6302
  epoch  37/50  loss=0.1988  bal_acc=0.6319
  epoch  38/50  loss=0.1981  bal_acc=0.6076
  epoch  39/50  loss=0.1898  bal_acc=0.5972
  epoch  40/50  loss=0.1892  bal_acc=0.5990
  epoch  41/50  loss=0.1822  bal_acc=0.6181
  epoch  42/50  loss=0.1570  bal_acc=0.6233
  epoch  43/50  loss=0.1665  bal_acc=0.6024
  epoch  44/50  loss=0.1804  bal_acc=0.6406
  epoch  45/50  loss=0.1679  bal_acc=0.6198
  epoch  46/50  loss=0.1677  bal_acc=0.6250
  epoch  47/50  loss=0.1614  bal_acc=0.6233
  epoch  48/50  loss=0.1606  bal_acc=0.6024
  epoch  49/50  loss=0.1510  bal_acc=0.6076
  epoch  50/50  loss=0.1715  bal_acc=0.6250
  [LOSO 7/9] subject 6: acc=0.6250  running_mean=0.5439

=== LOSO (hold out subject 7) ===
  Train: 4608 trials  |  Test: 576 trials
  Model params: 18,498
  epoch   1/50  loss=1.2858  bal_acc=0.5122
  epoch   2/50  loss=1.0547  bal_acc=0.5434
  epoch   3/50  loss=0.9511  bal_acc=0.5260
  epoch   4/50  loss=0.8632  bal_acc=0.5521
  epoch   5/50  loss=0.8051  bal_acc=0.5885
  epoch   6/50  loss=0.7298  bal_acc=0.6076
  epoch   7/50  loss=0.6632  bal_acc=0.6233
  epoch   8/50  loss=0.6269  bal_acc=0.6267
  epoch   9/50  loss=0.5846  bal_acc=0.6059
  epoch  10/50  loss=0.5552  bal_acc=0.6319
  epoch  11/50  loss=0.5326  bal_acc=0.5972
  epoch  12/50  loss=0.4912  bal_acc=0.6354
  epoch  13/50  loss=0.4637  bal_acc=0.6233
  epoch  14/50  loss=0.4173  bal_acc=0.6493
  epoch  15/50  loss=0.4276  bal_acc=0.6354
  epoch  16/50  loss=0.3963  bal_acc=0.6076
  epoch  17/50  loss=0.3737  bal_acc=0.6736
  epoch  18/50  loss=0.3815  bal_acc=0.6476
  epoch  19/50  loss=0.3504  bal_acc=0.6354
  epoch  20/50  loss=0.3400  bal_acc=0.6424
  epoch  21/50  loss=0.3236  bal_acc=0.6493
  epoch  22/50  loss=0.3032  bal_acc=0.6198
  epoch  23/50  loss=0.3058  bal_acc=0.6406
  epoch  24/50  loss=0.2851  bal_acc=0.6389
  epoch  25/50  loss=0.2821  bal_acc=0.6510
  epoch  26/50  loss=0.2896  bal_acc=0.6580
  epoch  27/50  loss=0.2517  bal_acc=0.6215
  epoch  28/50  loss=0.2440  bal_acc=0.6753
  epoch  29/50  loss=0.2430  bal_acc=0.6562
  epoch  30/50  loss=0.2303  bal_acc=0.6545
  epoch  31/50  loss=0.2380  bal_acc=0.6528
  epoch  32/50  loss=0.2173  bal_acc=0.6562
  epoch  33/50  loss=0.2200  bal_acc=0.6615
  epoch  34/50  loss=0.2149  bal_acc=0.6285
  epoch  35/50  loss=0.2166  bal_acc=0.6458
  epoch  36/50  loss=0.2194  bal_acc=0.6667
  epoch  37/50  loss=0.2058  bal_acc=0.6580
  epoch  38/50  loss=0.2022  bal_acc=0.6597
  epoch  39/50  loss=0.2060  bal_acc=0.6354
  epoch  40/50  loss=0.2058  bal_acc=0.6424
  epoch  41/50  loss=0.1895  bal_acc=0.6528
  epoch  42/50  loss=0.1841  bal_acc=0.6667
  epoch  43/50  loss=0.1842  bal_acc=0.6493
  epoch  44/50  loss=0.1707  bal_acc=0.6771
  epoch  45/50  loss=0.1938  bal_acc=0.6493
  epoch  46/50  loss=0.1777  bal_acc=0.6458
  epoch  47/50  loss=0.1728  bal_acc=0.6545
  epoch  48/50  loss=0.1582  bal_acc=0.6580
  epoch  49/50  loss=0.1833  bal_acc=0.6615
  epoch  50/50  loss=0.1806  bal_acc=0.6354
  [LOSO 8/9] subject 7: acc=0.6354  running_mean=0.5553

=== LOSO (hold out subject 8) ===
  Train: 4608 trials  |  Test: 576 trials
  Model params: 18,498
  epoch   1/50  loss=1.2919  bal_acc=0.4306
  epoch   2/50  loss=1.0536  bal_acc=0.4740
  epoch   3/50  loss=0.8832  bal_acc=0.5260
  epoch   4/50  loss=0.7940  bal_acc=0.5191
  epoch   5/50  loss=0.7243  bal_acc=0.5087
  epoch   6/50  loss=0.6846  bal_acc=0.5417
  epoch   7/50  loss=0.6414  bal_acc=0.5035
  epoch   8/50  loss=0.5861  bal_acc=0.5087
  epoch   9/50  loss=0.5660  bal_acc=0.5000
  epoch  10/50  loss=0.5384  bal_acc=0.4861
  epoch  11/50  loss=0.4936  bal_acc=0.5295
  epoch  12/50  loss=0.4605  bal_acc=0.5365
  epoch  13/50  loss=0.4585  bal_acc=0.5260
  epoch  14/50  loss=0.4457  bal_acc=0.5417
  epoch  15/50  loss=0.4284  bal_acc=0.5503
  epoch  16/50  loss=0.3864  bal_acc=0.5260
  epoch  17/50  loss=0.3855  bal_acc=0.5295
  epoch  18/50  loss=0.3611  bal_acc=0.5521
  epoch  19/50  loss=0.3507  bal_acc=0.5538
  epoch  20/50  loss=0.3227  bal_acc=0.5764
  epoch  21/50  loss=0.3176  bal_acc=0.5764
  epoch  22/50  loss=0.3048  bal_acc=0.5469
  epoch  23/50  loss=0.2669  bal_acc=0.5312
  epoch  24/50  loss=0.2702  bal_acc=0.5313
  epoch  25/50  loss=0.2850  bal_acc=0.5417
  epoch  26/50  loss=0.2615  bal_acc=0.5590
  epoch  27/50  loss=0.2649  bal_acc=0.5382
  epoch  28/50  loss=0.2493  bal_acc=0.5417
  epoch  29/50  loss=0.2541  bal_acc=0.5538
  epoch  30/50  loss=0.2367  bal_acc=0.5590
  epoch  31/50  loss=0.2297  bal_acc=0.5608
  epoch  32/50  loss=0.2132  bal_acc=0.5295
  epoch  33/50  loss=0.2213  bal_acc=0.5347
  epoch  34/50  loss=0.2185  bal_acc=0.5764
  epoch  35/50  loss=0.2172  bal_acc=0.5660
  epoch  36/50  loss=0.1965  bal_acc=0.5382
  epoch  37/50  loss=0.2083  bal_acc=0.5312
  epoch  38/50  loss=0.1922  bal_acc=0.5434
  epoch  39/50  loss=0.2006  bal_acc=0.5260
  epoch  40/50  loss=0.1938  bal_acc=0.5295
  epoch  41/50  loss=0.1837  bal_acc=0.4983
  epoch  42/50  loss=0.1744  bal_acc=0.5052
  epoch  43/50  loss=0.1728  bal_acc=0.5503
  epoch  44/50  loss=0.1634  bal_acc=0.5556
  epoch  45/50  loss=0.1694  bal_acc=0.5087
  epoch  46/50  loss=0.1789  bal_acc=0.5399
  epoch  47/50  loss=0.1859  bal_acc=0.5035
  epoch  48/50  loss=0.1760  bal_acc=0.5365
  epoch  49/50  loss=0.1492  bal_acc=0.5243
  epoch  50/50  loss=0.1459  bal_acc=0.5556
  [LOSO 9/9] subject 8: acc=0.5556  running_mean=0.5554
Results saved to results/BNCI2014_001/results_trial_83.json
Trial logged to results/BNCI2014_001/trials.csv
[status] trial 83 done (state=COMPLETE, value=0.5553626543209877) -- 73 completed total
Device: cuda
[BNCI2014_001] loading from cache: /home/aleksander.berezowsk/.cache/spiking_eegnet/BNCI2014_001_af1ccf3e92f684d8a93c057082b654d7.npz
[BNCI2014_001] cache hit: (5184, 1, 22, 1001), classes=['feet', 'left_hand', 'right_hand', 'tongue'], subjects=9
Dataset meta: {'n_classes': 4, 'n_channels': 22, 'n_samples': 1001, 'class_names': ['feet', 'left_hand', 'right_hand', 'tongue'], 'subject_list': [1, 2, 3, 4, 5, 6, 7, 8, 9], 'n_subjects': 9, 'sfreq': 250.0}

=== LOSO (hold out subject 0) ===
  Train: 4608 trials  |  Test: 576 trials
  Model params: 12,694
  epoch   1/50  loss=1.3120  bal_acc=0.3941
  epoch   2/50  loss=1.1261  bal_acc=0.4618
  epoch   3/50  loss=1.0065  bal_acc=0.4878
  epoch   4/50  loss=0.9303  bal_acc=0.4896
  epoch   5/50  loss=0.8622  bal_acc=0.5399
  epoch   6/50  loss=0.7986  bal_acc=0.5486
  epoch   7/50  loss=0.7676  bal_acc=0.5556
  epoch   8/50  loss=0.7429  bal_acc=0.5451
  epoch   9/50  loss=0.6918  bal_acc=0.5312
  epoch  10/50  loss=0.6906  bal_acc=0.5295
  epoch  11/50  loss=0.6810  bal_acc=0.5990
  epoch  12/50  loss=0.6425  bal_acc=0.5799
  epoch  13/50  loss=0.6006  bal_acc=0.5608
  epoch  14/50  loss=0.5976  bal_acc=0.5764
  epoch  15/50  loss=0.5842  bal_acc=0.5226
  epoch  16/50  loss=0.5531  bal_acc=0.5729
  epoch  17/50  loss=0.5413  bal_acc=0.5712
  epoch  18/50  loss=0.5159  bal_acc=0.5747
  epoch  19/50  loss=0.5004  bal_acc=0.5694
  epoch  20/50  loss=0.5003  bal_acc=0.5608
  epoch  21/50  loss=0.4790  bal_acc=0.5677
  epoch  22/50  loss=0.4559  bal_acc=0.5486
  epoch  23/50  loss=0.4653  bal_acc=0.5781
  epoch  24/50  loss=0.4526  bal_acc=0.5295
  epoch  25/50  loss=0.4446  bal_acc=0.5503
  epoch  26/50  loss=0.4437  bal_acc=0.5677
  epoch  27/50  loss=0.4298  bal_acc=0.5243
  epoch  28/50  loss=0.4160  bal_acc=0.5312
  epoch  29/50  loss=0.4199  bal_acc=0.5139
  epoch  30/50  loss=0.4074  bal_acc=0.5590
  epoch  31/50  loss=0.4042  bal_acc=0.5399
  epoch  32/50  loss=0.3974  bal_acc=0.5208
  epoch  33/50  loss=0.3988  bal_acc=0.5434
  epoch  34/50  loss=0.3855  bal_acc=0.5799
  epoch  35/50  loss=0.3670  bal_acc=0.5677
  epoch  36/50  loss=0.3504  bal_acc=0.5729
  epoch  37/50  loss=0.3524  bal_acc=0.5590
  epoch  38/50  loss=0.3431  bal_acc=0.5608
  epoch  39/50  loss=0.3394  bal_acc=0.5174
  epoch  40/50  loss=0.3375  bal_acc=0.5382
  epoch  41/50  loss=0.3479  bal_acc=0.5469
  epoch  42/50  loss=0.3524  bal_acc=0.5434
  epoch  43/50  loss=0.3512  bal_acc=0.5625
  epoch  44/50  loss=0.3330  bal_acc=0.5833
  epoch  45/50  loss=0.3353  bal_acc=0.5556
  epoch  46/50  loss=0.3229  bal_acc=0.5486
  epoch  47/50  loss=0.3333  bal_acc=0.5295
  epoch  48/50  loss=0.3028  bal_acc=0.5625
  epoch  49/50  loss=0.3071  bal_acc=0.5469
  epoch  50/50  loss=0.3137  bal_acc=0.5486
  [LOSO 1/9] subject 0: acc=0.5486  running_mean=0.5486

=== LOSO (hold out subject 1) ===
  Train: 4608 trials  |  Test: 576 trials
  Model params: 12,694
  epoch   1/50  loss=1.2995  bal_acc=0.3872
  epoch   2/50  loss=1.0757  bal_acc=0.3646
  epoch   3/50  loss=0.9199  bal_acc=0.4080
  epoch   4/50  loss=0.8495  bal_acc=0.3958
  epoch   5/50  loss=0.7885  bal_acc=0.4253
  epoch   6/50  loss=0.7518  bal_acc=0.4271
  epoch   7/50  loss=0.6910  bal_acc=0.4774
  epoch   8/50  loss=0.6589  bal_acc=0.4514
  epoch   9/50  loss=0.6358  bal_acc=0.4670
  epoch  10/50  loss=0.6214  bal_acc=0.4618
  epoch  11/50  loss=0.5825  bal_acc=0.4809
  epoch  12/50  loss=0.5644  bal_acc=0.4688
  epoch  13/50  loss=0.5311  bal_acc=0.4601
  epoch  14/50  loss=0.5084  bal_acc=0.4444
  epoch  15/50  loss=0.5121  bal_acc=0.4670
  epoch  16/50  loss=0.4789  bal_acc=0.4618
  epoch  17/50  loss=0.4671  bal_acc=0.4583
  epoch  18/50  loss=0.4331  bal_acc=0.4201
  epoch  19/50  loss=0.4571  bal_acc=0.4705
  epoch  20/50  loss=0.4361  bal_acc=0.4375
  epoch  21/50  loss=0.4242  bal_acc=0.4444
  epoch  22/50  loss=0.4219  bal_acc=0.4618
  epoch  23/50  loss=0.4291  bal_acc=0.4444
  epoch  24/50  loss=0.3969  bal_acc=0.4462
  epoch  25/50  loss=0.3996  bal_acc=0.4913
  epoch  26/50  loss=0.3663  bal_acc=0.4809
  epoch  27/50  loss=0.3591  bal_acc=0.4549
  epoch  28/50  loss=0.3510  bal_acc=0.4549
  epoch  29/50  loss=0.3423  bal_acc=0.4774
  epoch  30/50  loss=0.3670  bal_acc=0.4583
  epoch  31/50  loss=0.3510  bal_acc=0.4601
  epoch  32/50  loss=0.3407  bal_acc=0.4462
  epoch  33/50  loss=0.3454  bal_acc=0.4479
  epoch  34/50  loss=0.3312  bal_acc=0.4792
  epoch  35/50  loss=0.3190  bal_acc=0.4531
  epoch  36/50  loss=0.3175  bal_acc=0.4601
  epoch  37/50  loss=0.3164  bal_acc=0.4479
  epoch  38/50  loss=0.3137  bal_acc=0.4670
  epoch  39/50  loss=0.3308  bal_acc=0.4826
  epoch  40/50  loss=0.3102  bal_acc=0.4306
  epoch  41/50  loss=0.2801  bal_acc=0.4497
  epoch  42/50  loss=0.2707  bal_acc=0.4497
  epoch  43/50  loss=0.2796  bal_acc=0.4514
  epoch  44/50  loss=0.2784  bal_acc=0.4410
  epoch  45/50  loss=0.2833  bal_acc=0.4497
  epoch  46/50  loss=0.2812  bal_acc=0.4306
  epoch  47/50  loss=0.2651  bal_acc=0.4670
  epoch  48/50  loss=0.2853  bal_acc=0.4444
  epoch  49/50  loss=0.2637  bal_acc=0.4670
  epoch  50/50  loss=0.2779  bal_acc=0.4583
  [LOSO 2/9] subject 1: acc=0.4583  running_mean=0.5035

=== LOSO (hold out subject 2) ===
  Train: 4608 trials  |  Test: 576 trials
  Model params: 12,694
  epoch   1/50  loss=1.3361  bal_acc=0.4896
  epoch   2/50  loss=1.1479  bal_acc=0.5330
  epoch   3/50  loss=1.0470  bal_acc=0.5260
  epoch   4/50  loss=0.9800  bal_acc=0.5417
  epoch   5/50  loss=0.9320  bal_acc=0.5417
  epoch   6/50  loss=0.8676  bal_acc=0.5399
  epoch   7/50  loss=0.8369  bal_acc=0.5174
  epoch   8/50  loss=0.8159  bal_acc=0.5087
  epoch   9/50  loss=0.7510  bal_acc=0.5156
  epoch  10/50  loss=0.7378  bal_acc=0.5451
  epoch  11/50  loss=0.7162  bal_acc=0.5191
  epoch  12/50  loss=0.6925  bal_acc=0.6250
  epoch  13/50  loss=0.6505  bal_acc=0.5712
  epoch  14/50  loss=0.6447  bal_acc=0.5503
  epoch  15/50  loss=0.6152  bal_acc=0.6007
  epoch  16/50  loss=0.6183  bal_acc=0.5990
  epoch  17/50  loss=0.5833  bal_acc=0.5660
  epoch  18/50  loss=0.5677  bal_acc=0.6024
  epoch  19/50  loss=0.5590  bal_acc=0.5486
  epoch  20/50  loss=0.5288  bal_acc=0.6024
  epoch  21/50  loss=0.5291  bal_acc=0.5868
  epoch  22/50  loss=0.5072  bal_acc=0.6128
  epoch  23/50  loss=0.5112  bal_acc=0.6128
  epoch  24/50  loss=0.4808  bal_acc=0.6441
  epoch  25/50  loss=0.4940  bal_acc=0.6319
  epoch  26/50  loss=0.4746  bal_acc=0.6458
  epoch  27/50  loss=0.4617  bal_acc=0.6510
  epoch  28/50  loss=0.4380  bal_acc=0.6163
  epoch  29/50  loss=0.4554  bal_acc=0.5712
  epoch  30/50  loss=0.4509  bal_acc=0.6562
  epoch  31/50  loss=0.4223  bal_acc=0.6163
  epoch  32/50  loss=0.4352  bal_acc=0.6267
  epoch  33/50  loss=0.4184  bal_acc=0.6389
  epoch  34/50  loss=0.3925  bal_acc=0.6302
  epoch  35/50  loss=0.3908  bal_acc=0.6059
  epoch  36/50  loss=0.3894  bal_acc=0.6111
  epoch  37/50  loss=0.3904  bal_acc=0.6267
  epoch  38/50  loss=0.3773  bal_acc=0.6441
  epoch  39/50  loss=0.3833  bal_acc=0.5764
  epoch  40/50  loss=0.3713  bal_acc=0.6042
  epoch  41/50  loss=0.3709  bal_acc=0.6597
  epoch  42/50  loss=0.3782  bal_acc=0.5938
  epoch  43/50  loss=0.3530  bal_acc=0.5938
  epoch  44/50  loss=0.3600  bal_acc=0.6181
  epoch  45/50  loss=0.3484  bal_acc=0.6198
  epoch  46/50  loss=0.3256  bal_acc=0.6059
  epoch  47/50  loss=0.3400  bal_acc=0.5972
  epoch  48/50  loss=0.3347  bal_acc=0.5833
  epoch  49/50  loss=0.3227  bal_acc=0.6111
  epoch  50/50  loss=0.3330  bal_acc=0.5608
  [LOSO 3/9] subject 2: acc=0.5608  running_mean=0.5226

=== LOSO (hold out subject 3) ===
  Train: 4608 trials  |  Test: 576 trials
  Model params: 12,694
  epoch   1/50  loss=1.3223  bal_acc=0.4236
  epoch   2/50  loss=1.0875  bal_acc=0.4549
  epoch   3/50  loss=0.9387  bal_acc=0.4149
  epoch   4/50  loss=0.8525  bal_acc=0.4601
  epoch   5/50  loss=0.7746  bal_acc=0.4444
  epoch   6/50  loss=0.7333  bal_acc=0.4757
  epoch   7/50  loss=0.7031  bal_acc=0.4583
  epoch   8/50  loss=0.6800  bal_acc=0.4132
  epoch   9/50  loss=0.6367  bal_acc=0.4861
  epoch  10/50  loss=0.6081  bal_acc=0.4566
  epoch  11/50  loss=0.5797  bal_acc=0.4583
  epoch  12/50  loss=0.5847  bal_acc=0.4514
  epoch  13/50  loss=0.5545  bal_acc=0.4566
  epoch  14/50  loss=0.5267  bal_acc=0.4288
  epoch  15/50  loss=0.5124  bal_acc=0.4566
  epoch  16/50  loss=0.5029  bal_acc=0.4479
  epoch  17/50  loss=0.4845  bal_acc=0.4479
  epoch  18/50  loss=0.4747  bal_acc=0.4792
  epoch  19/50  loss=0.4555  bal_acc=0.4080
  epoch  20/50  loss=0.4382  bal_acc=0.4670
  epoch  21/50  loss=0.4411  bal_acc=0.4583
  epoch  22/50  loss=0.4288  bal_acc=0.5122
  epoch  23/50  loss=0.4263  bal_acc=0.4757
  epoch  24/50  loss=0.4043  bal_acc=0.4983
  epoch  25/50  loss=0.4055  bal_acc=0.4479
  epoch  26/50  loss=0.3834  bal_acc=0.4601
  epoch  27/50  loss=0.3849  bal_acc=0.4809
  epoch  28/50  loss=0.3840  bal_acc=0.4670
  epoch  29/50  loss=0.3817  bal_acc=0.4479
  epoch  30/50  loss=0.3708  bal_acc=0.4566
  epoch  31/50  loss=0.3828  bal_acc=0.4687
  epoch  32/50  loss=0.3595  bal_acc=0.4844
  epoch  33/50  loss=0.3414  bal_acc=0.4844
  epoch  34/50  loss=0.3453  bal_acc=0.4670
  epoch  35/50  loss=0.3413  bal_acc=0.4688
  epoch  36/50  loss=0.3176  bal_acc=0.4601
  epoch  37/50  loss=0.3221  bal_acc=0.4479
  epoch  38/50  loss=0.3304  bal_acc=0.4531
  epoch  39/50  loss=0.3037  bal_acc=0.4427
  epoch  40/50  loss=0.3009  bal_acc=0.4340
  epoch  41/50  loss=0.2978  bal_acc=0.4514
  epoch  42/50  loss=0.2961  bal_acc=0.4444
  epoch  43/50  loss=0.2950  bal_acc=0.4670
  epoch  44/50  loss=0.2799  bal_acc=0.4410
  epoch  45/50  loss=0.2953  bal_acc=0.4497
  epoch  46/50  loss=0.2704  bal_acc=0.4583
  epoch  47/50  loss=0.2791  bal_acc=0.4306
  epoch  48/50  loss=0.2771  bal_acc=0.4635
  epoch  49/50  loss=0.2924  bal_acc=0.4583
  epoch  50/50  loss=0.2658  bal_acc=0.4618
  [LOSO 4/9] subject 3: acc=0.4618  running_mean=0.5074

=== LOSO (hold out subject 4) ===
  Train: 4608 trials  |  Test: 576 trials
  Model params: 12,694
  epoch   1/50  loss=1.2984  bal_acc=0.3090
  epoch   2/50  loss=1.1408  bal_acc=0.4184
  epoch   3/50  loss=0.9898  bal_acc=0.4271
  epoch   4/50  loss=0.8842  bal_acc=0.4583
  epoch   5/50  loss=0.8074  bal_acc=0.4167
  epoch   6/50  loss=0.7714  bal_acc=0.4531
  epoch   7/50  loss=0.7257  bal_acc=0.4983
  epoch   8/50  loss=0.6742  bal_acc=0.4392
  epoch   9/50  loss=0.6563  bal_acc=0.4653
  epoch  10/50  loss=0.6339  bal_acc=0.4913
  epoch  11/50  loss=0.6129  bal_acc=0.5243
  epoch  12/50  loss=0.5889  bal_acc=0.4740
  epoch  13/50  loss=0.5541  bal_acc=0.4931
  epoch  14/50  loss=0.5479  bal_acc=0.4149
  epoch  15/50  loss=0.5309  bal_acc=0.4844
  epoch  16/50  loss=0.5119  bal_acc=0.4549
  epoch  17/50  loss=0.5251  bal_acc=0.4861
  epoch  18/50  loss=0.4816  bal_acc=0.4896
  epoch  19/50  loss=0.4854  bal_acc=0.4878
  epoch  20/50  loss=0.4604  bal_acc=0.4948
  epoch  21/50  loss=0.4761  bal_acc=0.4740
  epoch  22/50  loss=0.4527  bal_acc=0.4913
  epoch  23/50  loss=0.4537  bal_acc=0.4826
  epoch  24/50  loss=0.4477  bal_acc=0.4601
  epoch  25/50  loss=0.4186  bal_acc=0.4948
  epoch  26/50  loss=0.3996  bal_acc=0.4948
  epoch  27/50  loss=0.3915  bal_acc=0.4878
  epoch  28/50  loss=0.3979  bal_acc=0.4601
  epoch  29/50  loss=0.3941  bal_acc=0.4549
  epoch  30/50  loss=0.3917  bal_acc=0.5069
  epoch  31/50  loss=0.3726  bal_acc=0.4792
  epoch  32/50  loss=0.3669  bal_acc=0.4861
  epoch  33/50  loss=0.3674  bal_acc=0.5156
  epoch  34/50  loss=0.3303  bal_acc=0.4809
  epoch  35/50  loss=0.3565  bal_acc=0.5035
  epoch  36/50  loss=0.3521  bal_acc=0.5122
  epoch  37/50  loss=0.3412  bal_acc=0.4948
  epoch  38/50  loss=0.3383  bal_acc=0.5174
  epoch  39/50  loss=0.3434  bal_acc=0.5087
  epoch  40/50  loss=0.3283  bal_acc=0.4427
  epoch  41/50  loss=0.3066  bal_acc=0.4931
  epoch  42/50  loss=0.3192  bal_acc=0.4479
  epoch  43/50  loss=0.3137  bal_acc=0.4618
  epoch  44/50  loss=0.3046  bal_acc=0.4705
  epoch  45/50  loss=0.3014  bal_acc=0.4740
  epoch  46/50  loss=0.3049  bal_acc=0.4844
  epoch  47/50  loss=0.2955  bal_acc=0.4462
  epoch  48/50  loss=0.2761  bal_acc=0.4653
  epoch  49/50  loss=0.2931  bal_acc=0.4878
  epoch  50/50  loss=0.2884  bal_acc=0.4913
  [LOSO 5/9] subject 4: acc=0.4913  running_mean=0.5042

=== LOSO (hold out subject 5) ===
  Train: 4608 trials  |  Test: 576 trials
  Model params: 12,694
  epoch   1/50  loss=1.2665  bal_acc=0.3906
  epoch   2/50  loss=1.0436  bal_acc=0.4253
  epoch   3/50  loss=0.9080  bal_acc=0.3750
  epoch   4/50  loss=0.8529  bal_acc=0.4149
  epoch   5/50  loss=0.7771  bal_acc=0.3924
  epoch   6/50  loss=0.7323  bal_acc=0.4167
  epoch   7/50  loss=0.7118  bal_acc=0.4913
  epoch   8/50  loss=0.6715  bal_acc=0.4410
  epoch   9/50  loss=0.6456  bal_acc=0.4427
  epoch  10/50  loss=0.6205  bal_acc=0.4375
  epoch  11/50  loss=0.5929  bal_acc=0.4253
  epoch  12/50  loss=0.5653  bal_acc=0.4306
  epoch  13/50  loss=0.5613  bal_acc=0.4271
  epoch  14/50  loss=0.5331  bal_acc=0.4115
  epoch  15/50  loss=0.5195  bal_acc=0.4392
  epoch  16/50  loss=0.5026  bal_acc=0.4479
  epoch  17/50  loss=0.4947  bal_acc=0.4149
  epoch  18/50  loss=0.5000  bal_acc=0.4688
  epoch  19/50  loss=0.4459  bal_acc=0.4236
  epoch  20/50  loss=0.4634  bal_acc=0.4601
  epoch  21/50  loss=0.4333  bal_acc=0.3993
  epoch  22/50  loss=0.4267  bal_acc=0.4375
  epoch  23/50  loss=0.4136  bal_acc=0.4167
  epoch  24/50  loss=0.4220  bal_acc=0.4427
  epoch  25/50  loss=0.4098  bal_acc=0.4601
  epoch  26/50  loss=0.3778  bal_acc=0.4601
  epoch  27/50  loss=0.3922  bal_acc=0.4184
  epoch  28/50  loss=0.3690  bal_acc=0.4635
  epoch  29/50  loss=0.3674  bal_acc=0.4392
  epoch  30/50  loss=0.3803  bal_acc=0.4479
  epoch  31/50  loss=0.3488  bal_acc=0.4635
  epoch  32/50  loss=0.3494  bal_acc=0.4358
  epoch  33/50  loss=0.3566  bal_acc=0.4306
  epoch  34/50  loss=0.3361  bal_acc=0.4497
  epoch  35/50  loss=0.3677  bal_acc=0.4010
  epoch  36/50  loss=0.3337  bal_acc=0.3837
  epoch  37/50  loss=0.3298  bal_acc=0.4340
  epoch  38/50  loss=0.3254  bal_acc=0.3785
  epoch  39/50  loss=0.3318  bal_acc=0.4774
  epoch  40/50  loss=0.3111  bal_acc=0.4809
  epoch  41/50  loss=0.3144  bal_acc=0.4271
  epoch  42/50  loss=0.3221  bal_acc=0.4306
  epoch  43/50  loss=0.3110  bal_acc=0.4410
  epoch  44/50  loss=0.3043  bal_acc=0.4219
  epoch  45/50  loss=0.2857  bal_acc=0.4392
  epoch  46/50  loss=0.2710  bal_acc=0.4462
  epoch  47/50  loss=0.2749  bal_acc=0.4427
  epoch  48/50  loss=0.2865  bal_acc=0.4444
  epoch  49/50  loss=0.2867  bal_acc=0.4219
  epoch  50/50  loss=0.2899  bal_acc=0.4410
  [LOSO 6/9] subject 5: acc=0.4410  running_mean=0.4936

=== LOSO (hold out subject 6) ===
  Train: 4608 trials  |  Test: 576 trials
  Model params: 12,694
  epoch   1/50  loss=1.3170  bal_acc=0.4566
  epoch   2/50  loss=1.1663  bal_acc=0.4774
  epoch   3/50  loss=1.0147  bal_acc=0.4809
  epoch   4/50  loss=0.9231  bal_acc=0.5208
  epoch   5/50  loss=0.8510  bal_acc=0.5816
  epoch   6/50  loss=0.8222  bal_acc=0.5833
  epoch   7/50  loss=0.7679  bal_acc=0.6146
  epoch   8/50  loss=0.7127  bal_acc=0.6285
  epoch   9/50  loss=0.6884  bal_acc=0.5955
  epoch  10/50  loss=0.6785  bal_acc=0.5764
  epoch  11/50  loss=0.6522  bal_acc=0.5972
  epoch  12/50  loss=0.6192  bal_acc=0.5920
