Job ID   : 44392959
Node     : fg3
Started  : Sun Jul  5 02:06:51 MDT 2026
Directory: /home/aleksander.berezowsk/spiking-eegnet
Requirement already satisfied: setuptools==69.5.1 in /home/aleksander.berezowsk/venv/lib/python3.12/site-packages (69.5.1)
Requirement already satisfied: torch==2.4.0 in /home/aleksander.berezowsk/venv/lib/python3.12/site-packages (2.4.0)
Requirement already satisfied: torchvision==0.19.0 in /home/aleksander.berezowsk/venv/lib/python3.12/site-packages (0.19.0)
Requirement already satisfied: torchaudio==2.4.0 in /home/aleksander.berezowsk/venv/lib/python3.12/site-packages (2.4.0)
Requirement already satisfied: torchmetrics in /home/aleksander.berezowsk/venv/lib/python3.12/site-packages (1.9.0)
Requirement already satisfied: filelock in /home/aleksander.berezowsk/venv/lib/python3.12/site-packages (from torch==2.4.0) (3.29.0)
Requirement already satisfied: typing-extensions>=4.8.0 in /home/aleksander.berezowsk/venv/lib/python3.12/site-packages (from torch==2.4.0) (4.15.0)
Requirement already satisfied: sympy in /home/aleksander.berezowsk/venv/lib/python3.12/site-packages (from torch==2.4.0) (1.14.0)
Requirement already satisfied: networkx in /home/aleksander.berezowsk/venv/lib/python3.12/site-packages (from torch==2.4.0) (3.6.1)
Requirement already satisfied: jinja2 in /home/aleksander.berezowsk/venv/lib/python3.12/site-packages (from torch==2.4.0) (3.1.6)
Requirement already satisfied: fsspec in /home/aleksander.berezowsk/venv/lib/python3.12/site-packages (from torch==2.4.0) (2026.4.0)
Requirement already satisfied: setuptools in /home/aleksander.berezowsk/venv/lib/python3.12/site-packages (from torch==2.4.0) (69.5.1)
Requirement already satisfied: nvidia-cuda-nvrtc-cu12==12.1.105 in /home/aleksander.berezowsk/venv/lib/python3.12/site-packages (from torch==2.4.0) (12.1.105)
Requirement already satisfied: nvidia-cuda-runtime-cu12==12.1.105 in /home/aleksander.berezowsk/venv/lib/python3.12/site-packages (from torch==2.4.0) (12.1.105)
Requirement already satisfied: nvidia-cuda-cupti-cu12==12.1.105 in /home/aleksander.berezowsk/venv/lib/python3.12/site-packages (from torch==2.4.0) (12.1.105)
Requirement already satisfied: nvidia-cudnn-cu12==9.1.0.70 in /home/aleksander.berezowsk/venv/lib/python3.12/site-packages (from torch==2.4.0) (9.1.0.70)
Requirement already satisfied: nvidia-cublas-cu12==12.1.3.1 in /home/aleksander.berezowsk/venv/lib/python3.12/site-packages (from torch==2.4.0) (12.1.3.1)
Requirement already satisfied: nvidia-cufft-cu12==11.0.2.54 in /home/aleksander.berezowsk/venv/lib/python3.12/site-packages (from torch==2.4.0) (11.0.2.54)
Requirement already satisfied: nvidia-curand-cu12==10.3.2.106 in /home/aleksander.berezowsk/venv/lib/python3.12/site-packages (from torch==2.4.0) (10.3.2.106)
Requirement already satisfied: nvidia-cusolver-cu12==11.4.5.107 in /home/aleksander.berezowsk/venv/lib/python3.12/site-packages (from torch==2.4.0) (11.4.5.107)
Requirement already satisfied: nvidia-cusparse-cu12==12.1.0.106 in /home/aleksander.berezowsk/venv/lib/python3.12/site-packages (from torch==2.4.0) (12.1.0.106)
Requirement already satisfied: nvidia-nccl-cu12==2.20.5 in /home/aleksander.berezowsk/venv/lib/python3.12/site-packages (from torch==2.4.0) (2.20.5)
Requirement already satisfied: nvidia-nvtx-cu12==12.1.105 in /home/aleksander.berezowsk/venv/lib/python3.12/site-packages (from torch==2.4.0) (12.1.105)
Requirement already satisfied: triton==3.0.0 in /home/aleksander.berezowsk/venv/lib/python3.12/site-packages (from torch==2.4.0) (3.0.0)
Requirement already satisfied: numpy in /home/aleksander.berezowsk/venv/lib/python3.12/site-packages (from torchvision==0.19.0) (2.4.6)
Requirement already satisfied: pillow!=8.3.*,>=5.3.0 in /home/aleksander.berezowsk/venv/lib/python3.12/site-packages (from torchvision==0.19.0) (12.2.0)
Requirement already satisfied: nvidia-nvjitlink-cu12 in /home/aleksander.berezowsk/venv/lib/python3.12/site-packages (from nvidia-cusolver-cu12==11.4.5.107->torch==2.4.0) (12.9.86)
Requirement already satisfied: packaging>17.1 in /home/aleksander.berezowsk/venv/lib/python3.12/site-packages (from torchmetrics) (26.2)
Requirement already satisfied: lightning-utilities>=0.15.3 in /home/aleksander.berezowsk/venv/lib/python3.12/site-packages (from torchmetrics) (0.15.3)
Requirement already satisfied: MarkupSafe>=2.0 in /home/aleksander.berezowsk/venv/lib/python3.12/site-packages (from jinja2->torch==2.4.0) (3.0.3)
Requirement already satisfied: mpmath<1.4,>=1.1.0 in /home/aleksander.berezowsk/venv/lib/python3.12/site-packages (from sympy->torch==2.4.0) (1.3.0)
Requirement already satisfied: optuna in /home/aleksander.berezowsk/venv/lib/python3.12/site-packages (4.9.0)
Requirement already satisfied: snntorch in /home/aleksander.berezowsk/venv/lib/python3.12/site-packages (0.9.4)
Requirement already satisfied: alembic>=1.5.0 in /home/aleksander.berezowsk/venv/lib/python3.12/site-packages (from optuna) (1.18.4)
Requirement already satisfied: colorlog in /home/aleksander.berezowsk/venv/lib/python3.12/site-packages (from optuna) (6.10.1)
Requirement already satisfied: numpy in /home/aleksander.berezowsk/venv/lib/python3.12/site-packages (from optuna) (2.4.6)
Requirement already satisfied: packaging>=20.0 in /home/aleksander.berezowsk/venv/lib/python3.12/site-packages (from optuna) (26.2)
Requirement already satisfied: sqlalchemy>=1.4.2 in /home/aleksander.berezowsk/venv/lib/python3.12/site-packages (from optuna) (2.0.50)
Requirement already satisfied: tqdm in /home/aleksander.berezowsk/venv/lib/python3.12/site-packages (from optuna) (4.67.3)
Requirement already satisfied: PyYAML in /home/aleksander.berezowsk/venv/lib/python3.12/site-packages (from optuna) (6.0.3)
Requirement already satisfied: Mako in /home/aleksander.berezowsk/venv/lib/python3.12/site-packages (from alembic>=1.5.0->optuna) (1.3.12)
Requirement already satisfied: typing-extensions>=4.12 in /home/aleksander.berezowsk/venv/lib/python3.12/site-packages (from alembic>=1.5.0->optuna) (4.15.0)
Requirement already satisfied: greenlet>=1 in /home/aleksander.berezowsk/venv/lib/python3.12/site-packages (from sqlalchemy>=1.4.2->optuna) (3.5.1)
Requirement already satisfied: MarkupSafe>=0.9.2 in /home/aleksander.berezowsk/venv/lib/python3.12/site-packages (from Mako->alembic>=1.5.0->optuna) (3.0.3)
Device: cuda
[BNCI2014_001] loading from cache: /home/aleksander.berezowsk/.cache/spiking_eegnet/BNCI2014_001_af1ccf3e92f684d8a93c057082b654d7.npz
[BNCI2014_001] cache hit: (5184, 1, 22, 1001), classes=['feet', 'left_hand', 'right_hand', 'tongue'], subjects=9
Dataset meta: {'n_classes': 4, 'n_channels': 22, 'n_samples': 1001, 'class_names': ['feet', 'left_hand', 'right_hand', 'tongue'], 'subject_list': [1, 2, 3, 4, 5, 6, 7, 8, 9], 'n_subjects': 9, 'sfreq': 250.0}

=== LOSO (hold out subject 0) ===
  Train: 4608 trials  |  Test: 576 trials
  Model params: 8,122
  epoch   1/50  loss=1.3083  bal_acc=0.4201
  epoch   2/50  loss=1.1524  bal_acc=0.4306
  epoch   3/50  loss=1.0534  bal_acc=0.4965
  epoch   4/50  loss=0.9775  bal_acc=0.5122
  epoch   5/50  loss=0.9238  bal_acc=0.4757
  epoch   6/50  loss=0.8755  bal_acc=0.4948
  epoch   7/50  loss=0.8459  bal_acc=0.4844
  epoch   8/50  loss=0.8138  bal_acc=0.4826
  epoch   9/50  loss=0.8038  bal_acc=0.5174
  epoch  10/50  loss=0.7545  bal_acc=0.4792
  epoch  11/50  loss=0.7423  bal_acc=0.5122
  epoch  12/50  loss=0.7201  bal_acc=0.4861
  epoch  13/50  loss=0.6916  bal_acc=0.5017
  epoch  14/50  loss=0.6912  bal_acc=0.4948
  epoch  15/50  loss=0.6667  bal_acc=0.4983
  epoch  16/50  loss=0.6542  bal_acc=0.4983
  epoch  17/50  loss=0.6540  bal_acc=0.4809
  epoch  18/50  loss=0.6165  bal_acc=0.5174
  epoch  19/50  loss=0.6055  bal_acc=0.4792
  epoch  20/50  loss=0.5919  bal_acc=0.5278
  epoch  21/50  loss=0.5886  bal_acc=0.5104
  epoch  22/50  loss=0.5807  bal_acc=0.4965
  epoch  23/50  loss=0.5717  bal_acc=0.4983
  epoch  24/50  loss=0.5498  bal_acc=0.5226
  epoch  25/50  loss=0.5536  bal_acc=0.4983
  epoch  26/50  loss=0.5503  bal_acc=0.5278
  epoch  27/50  loss=0.5381  bal_acc=0.5330
  epoch  28/50  loss=0.5382  bal_acc=0.5486
  epoch  29/50  loss=0.5180  bal_acc=0.5278
  epoch  30/50  loss=0.5222  bal_acc=0.5712
  epoch  31/50  loss=0.5041  bal_acc=0.5312
  epoch  32/50  loss=0.4970  bal_acc=0.4740
  epoch  33/50  loss=0.5062  bal_acc=0.5330
  epoch  34/50  loss=0.4789  bal_acc=0.5243
  epoch  35/50  loss=0.4900  bal_acc=0.5503
  epoch  36/50  loss=0.4694  bal_acc=0.5330
  epoch  37/50  loss=0.4702  bal_acc=0.5451
  epoch  38/50  loss=0.4617  bal_acc=0.5312
  epoch  39/50  loss=0.4580  bal_acc=0.4965
  epoch  40/50  loss=0.4638  bal_acc=0.4896
  epoch  41/50  loss=0.4408  bal_acc=0.5260
  epoch  42/50  loss=0.4415  bal_acc=0.4497
  epoch  43/50  loss=0.4309  bal_acc=0.4271
  epoch  44/50  loss=0.4249  bal_acc=0.5226
  epoch  45/50  loss=0.4144  bal_acc=0.4861
  epoch  46/50  loss=0.4375  bal_acc=0.5156
  epoch  47/50  loss=0.4018  bal_acc=0.5017
  epoch  48/50  loss=0.4070  bal_acc=0.5260
  epoch  49/50  loss=0.3774  bal_acc=0.4861
  epoch  50/50  loss=0.3981  bal_acc=0.5521
  [LOSO 1/9] subject 0: acc=0.5521  running_mean=0.5521

=== LOSO (hold out subject 1) ===
  Train: 4608 trials  |  Test: 576 trials
  Model params: 8,122
  epoch   1/50  loss=1.3335  bal_acc=0.3177
  epoch   2/50  loss=1.1718  bal_acc=0.3854
  epoch   3/50  loss=1.0848  bal_acc=0.3628
  epoch   4/50  loss=1.0106  bal_acc=0.3715
  epoch   5/50  loss=0.9614  bal_acc=0.3403
  epoch   6/50  loss=0.8961  bal_acc=0.3941
  epoch   7/50  loss=0.8552  bal_acc=0.4167
  epoch   8/50  loss=0.8006  bal_acc=0.4410
  epoch   9/50  loss=0.7677  bal_acc=0.4115
  epoch  10/50  loss=0.7494  bal_acc=0.4358
  epoch  11/50  loss=0.7174  bal_acc=0.4392
  epoch  12/50  loss=0.6862  bal_acc=0.4080
  epoch  13/50  loss=0.6780  bal_acc=0.4288
  epoch  14/50  loss=0.6752  bal_acc=0.4306
  epoch  15/50  loss=0.6390  bal_acc=0.4323
  epoch  16/50  loss=0.6305  bal_acc=0.4306
  epoch  17/50  loss=0.6071  bal_acc=0.4271
  epoch  18/50  loss=0.6009  bal_acc=0.3368
  epoch  19/50  loss=0.5752  bal_acc=0.4549
  epoch  20/50  loss=0.5683  bal_acc=0.4392
  epoch  21/50  loss=0.5612  bal_acc=0.4340
  epoch  22/50  loss=0.5352  bal_acc=0.4514
  epoch  23/50  loss=0.5277  bal_acc=0.4410
  epoch  24/50  loss=0.5188  bal_acc=0.4757
  epoch  25/50  loss=0.5021  bal_acc=0.4253
  epoch  26/50  loss=0.4988  bal_acc=0.4670
  epoch  27/50  loss=0.4980  bal_acc=0.4253
  epoch  28/50  loss=0.4837  bal_acc=0.4201
  epoch  29/50  loss=0.4809  bal_acc=0.4410
  epoch  30/50  loss=0.4746  bal_acc=0.4149
  epoch  31/50  loss=0.4568  bal_acc=0.4149
  epoch  32/50  loss=0.4644  bal_acc=0.4253
  epoch  33/50  loss=0.4447  bal_acc=0.3455
  epoch  34/50  loss=0.4333  bal_acc=0.4271
  epoch  35/50  loss=0.4320  bal_acc=0.4253
  epoch  36/50  loss=0.4411  bal_acc=0.4080
  epoch  37/50  loss=0.4185  bal_acc=0.4045
  epoch  38/50  loss=0.4315  bal_acc=0.4427
  epoch  39/50  loss=0.4265  bal_acc=0.4462
  epoch  40/50  loss=0.4167  bal_acc=0.4167
  epoch  41/50  loss=0.4063  bal_acc=0.4410
  epoch  42/50  loss=0.4100  bal_acc=0.4375
  epoch  43/50  loss=0.4141  bal_acc=0.4132
  epoch  44/50  loss=0.4047  bal_acc=0.4236
  epoch  45/50  loss=0.3825  bal_acc=0.4184
  epoch  46/50  loss=0.3843  bal_acc=0.4323
  epoch  47/50  loss=0.3840  bal_acc=0.4323
  epoch  48/50  loss=0.3595  bal_acc=0.4097
  epoch  49/50  loss=0.3616  bal_acc=0.4201
  epoch  50/50  loss=0.3595  bal_acc=0.4444
  [LOSO 2/9] subject 1: acc=0.4444  running_mean=0.4983

=== LOSO (hold out subject 2) ===
  Train: 4608 trials  |  Test: 576 trials
  Model params: 8,122
  epoch   1/50  loss=1.3375  bal_acc=0.4514
  epoch   2/50  loss=1.1793  bal_acc=0.5174
  epoch   3/50  loss=1.0986  bal_acc=0.5104
  epoch   4/50  loss=1.0215  bal_acc=0.5694
  epoch   5/50  loss=0.9701  bal_acc=0.5694
  epoch   6/50  loss=0.9252  bal_acc=0.5573
  epoch   7/50  loss=0.8892  bal_acc=0.5035
  epoch   8/50  loss=0.8528  bal_acc=0.6389
  epoch   9/50  loss=0.8334  bal_acc=0.5434
  epoch  10/50  loss=0.8171  bal_acc=0.5486
  epoch  11/50  loss=0.7965  bal_acc=0.6354
  epoch  12/50  loss=0.7764  bal_acc=0.5417
  epoch  13/50  loss=0.7392  bal_acc=0.6111
  epoch  14/50  loss=0.7368  bal_acc=0.6267
  epoch  15/50  loss=0.7152  bal_acc=0.5208
  epoch  16/50  loss=0.6974  bal_acc=0.5868
  epoch  17/50  loss=0.6761  bal_acc=0.6007
  epoch  18/50  loss=0.6554  bal_acc=0.6510
  epoch  19/50  loss=0.6480  bal_acc=0.5486
  epoch  20/50  loss=0.6295  bal_acc=0.5087
  epoch  21/50  loss=0.6188  bal_acc=0.5139
  epoch  22/50  loss=0.6148  bal_acc=0.5122
  epoch  23/50  loss=0.5950  bal_acc=0.4826
  epoch  24/50  loss=0.5833  bal_acc=0.5434
  epoch  25/50  loss=0.5882  bal_acc=0.5868
  epoch  26/50  loss=0.5722  bal_acc=0.6406
  epoch  27/50  loss=0.5546  bal_acc=0.4931
  epoch  28/50  loss=0.5486  bal_acc=0.5017
  epoch  29/50  loss=0.5516  bal_acc=0.5000
  epoch  30/50  loss=0.5306  bal_acc=0.5139
  epoch  31/50  loss=0.5206  bal_acc=0.5104
  epoch  32/50  loss=0.5280  bal_acc=0.5000
  epoch  33/50  loss=0.5001  bal_acc=0.5451
  epoch  34/50  loss=0.5089  bal_acc=0.4983
  epoch  35/50  loss=0.4976  bal_acc=0.5920
  epoch  36/50  loss=0.4938  bal_acc=0.5017
  epoch  37/50  loss=0.4809  bal_acc=0.4670
  epoch  38/50  loss=0.4984  bal_acc=0.5417
  epoch  39/50  loss=0.4878  bal_acc=0.6580
  epoch  40/50  loss=0.4767  bal_acc=0.5608
  epoch  41/50  loss=0.4709  bal_acc=0.5243
  epoch  42/50  loss=0.4697  bal_acc=0.5035
  epoch  43/50  loss=0.4606  bal_acc=0.5764
  epoch  44/50  loss=0.4486  bal_acc=0.4844
  epoch  45/50  loss=0.4389  bal_acc=0.7188
  epoch  46/50  loss=0.4460  bal_acc=0.5920
  epoch  47/50  loss=0.4456  bal_acc=0.5122
  epoch  48/50  loss=0.4402  bal_acc=0.4861
  epoch  49/50  loss=0.4233  bal_acc=0.4826
  epoch  50/50  loss=0.4231  bal_acc=0.4896
  [LOSO 3/9] subject 2: acc=0.4896  running_mean=0.4954

=== LOSO (hold out subject 3) ===
  Train: 4608 trials  |  Test: 576 trials
  Model params: 8,122
  epoch   1/50  loss=1.3124  bal_acc=0.3819
  epoch   2/50  loss=1.1274  bal_acc=0.3785
  epoch   3/50  loss=0.9945  bal_acc=0.4167
  epoch   4/50  loss=0.9442  bal_acc=0.4826
  epoch   5/50  loss=0.8966  bal_acc=0.4757
  epoch   6/50  loss=0.8436  bal_acc=0.5035
  epoch   7/50  loss=0.7937  bal_acc=0.4410
  epoch   8/50  loss=0.7628  bal_acc=0.5000
  epoch   9/50  loss=0.7529  bal_acc=0.4323
  epoch  10/50  loss=0.7221  bal_acc=0.4358
  epoch  11/50  loss=0.7274  bal_acc=0.4688
  epoch  12/50  loss=0.7076  bal_acc=0.4688
  epoch  13/50  loss=0.6752  bal_acc=0.4462
  epoch  14/50  loss=0.6511  bal_acc=0.4427
  epoch  15/50  loss=0.6574  bal_acc=0.4774
  epoch  16/50  loss=0.6362  bal_acc=0.4601
  epoch  17/50  loss=0.6181  bal_acc=0.5052
  epoch  18/50  loss=0.6031  bal_acc=0.4601
  epoch  19/50  loss=0.5898  bal_acc=0.4427
  epoch  20/50  loss=0.5738  bal_acc=0.4878
  epoch  21/50  loss=0.5712  bal_acc=0.4236
  epoch  22/50  loss=0.5488  bal_acc=0.4167
  epoch  23/50  loss=0.5363  bal_acc=0.4340
  epoch  24/50  loss=0.5359  bal_acc=0.4774
  epoch  25/50  loss=0.5251  bal_acc=0.4722
  epoch  26/50  loss=0.5178  bal_acc=0.3993
  epoch  27/50  loss=0.5174  bal_acc=0.4358
  epoch  28/50  loss=0.5016  bal_acc=0.4809
  epoch  29/50  loss=0.5294  bal_acc=0.4323
  epoch  30/50  loss=0.4922  bal_acc=0.4392
  epoch  31/50  loss=0.4870  bal_acc=0.4410
  epoch  32/50  loss=0.4745  bal_acc=0.4514
  epoch  33/50  loss=0.4888  bal_acc=0.4358
  epoch  34/50  loss=0.4614  bal_acc=0.4167
  epoch  35/50  loss=0.4594  bal_acc=0.4358
  epoch  36/50  loss=0.4508  bal_acc=0.4271
  epoch  37/50  loss=0.4497  bal_acc=0.4531
  epoch  38/50  loss=0.4512  bal_acc=0.4375
  epoch  39/50  loss=0.4469  bal_acc=0.4358
  epoch  40/50  loss=0.4337  bal_acc=0.4549
  epoch  41/50  loss=0.4361  bal_acc=0.3837
  epoch  42/50  loss=0.4231  bal_acc=0.5000
  epoch  43/50  loss=0.4177  bal_acc=0.4844
  epoch  44/50  loss=0.4163  bal_acc=0.4236
  epoch  45/50  loss=0.4234  bal_acc=0.4219
  epoch  46/50  loss=0.4100  bal_acc=0.4774
  epoch  47/50  loss=0.3848  bal_acc=0.4392
  epoch  48/50  loss=0.3809  bal_acc=0.4444
  epoch  49/50  loss=0.3899  bal_acc=0.4028
  epoch  50/50  loss=0.3970  bal_acc=0.4410
  [LOSO 4/9] subject 3: acc=0.4410  running_mean=0.4818

=== LOSO (hold out subject 4) ===
  Train: 4608 trials  |  Test: 576 trials
  Model params: 8,122
  epoch   1/50  loss=1.2963  bal_acc=0.4878
  epoch   2/50  loss=1.1188  bal_acc=0.3958
  epoch   3/50  loss=1.0251  bal_acc=0.4792
  epoch   4/50  loss=0.9603  bal_acc=0.4219
  epoch   5/50  loss=0.8972  bal_acc=0.4844
  epoch   6/50  loss=0.8731  bal_acc=0.4288
  epoch   7/50  loss=0.8141  bal_acc=0.3507
  epoch   8/50  loss=0.8184  bal_acc=0.4965
  epoch   9/50  loss=0.7899  bal_acc=0.4826
  epoch  10/50  loss=0.7428  bal_acc=0.5330
  epoch  11/50  loss=0.7342  bal_acc=0.4878
  epoch  12/50  loss=0.6921  bal_acc=0.5139
  epoch  13/50  loss=0.6833  bal_acc=0.4097
  epoch  14/50  loss=0.6627  bal_acc=0.5104
  epoch  15/50  loss=0.6461  bal_acc=0.3472
  epoch  16/50  loss=0.6392  bal_acc=0.4861
  epoch  17/50  loss=0.6117  bal_acc=0.5990
  epoch  18/50  loss=0.6010  bal_acc=0.5035
  epoch  19/50  loss=0.5877  bal_acc=0.3021
  epoch  20/50  loss=0.5904  bal_acc=0.5747
  epoch  21/50  loss=0.5716  bal_acc=0.5729
  epoch  22/50  loss=0.5536  bal_acc=0.5573
  epoch  23/50  loss=0.5525  bal_acc=0.5278
  epoch  24/50  loss=0.5354  bal_acc=0.4444
  epoch  25/50  loss=0.5416  bal_acc=0.4184
  epoch  26/50  loss=0.5425  bal_acc=0.5260
  epoch  27/50  loss=0.5179  bal_acc=0.5851
  epoch  28/50  loss=0.5091  bal_acc=0.4878
  epoch  29/50  loss=0.4974  bal_acc=0.4809
  epoch  30/50  loss=0.4906  bal_acc=0.5764
  epoch  31/50  loss=0.4859  bal_acc=0.5208
  epoch  32/50  loss=0.4760  bal_acc=0.5660
  epoch  33/50  loss=0.4808  bal_acc=0.4965
  epoch  34/50  loss=0.4669  bal_acc=0.5469
  epoch  35/50  loss=0.4637  bal_acc=0.5503
  epoch  36/50  loss=0.4667  bal_acc=0.5278
  epoch  37/50  loss=0.4438  bal_acc=0.5781
  epoch  38/50  loss=0.4240  bal_acc=0.5382
  epoch  39/50  loss=0.4378  bal_acc=0.5625
  epoch  40/50  loss=0.4327  bal_acc=0.5781
  epoch  41/50  loss=0.4225  bal_acc=0.5833
  epoch  42/50  loss=0.4261  bal_acc=0.5312
  epoch  43/50  loss=0.4366  bal_acc=0.5191
  epoch  44/50  loss=0.4187  bal_acc=0.5365
  epoch  45/50  loss=0.3971  bal_acc=0.5191
  epoch  46/50  loss=0.4036  bal_acc=0.5417
  epoch  47/50  loss=0.4123  bal_acc=0.5295
  epoch  48/50  loss=0.4000  bal_acc=0.5312
  epoch  49/50  loss=0.4028  bal_acc=0.4080
  epoch  50/50  loss=0.3946  bal_acc=0.5833
  [LOSO 5/9] subject 4: acc=0.5833  running_mean=0.5021

=== LOSO (hold out subject 5) ===
  Train: 4608 trials  |  Test: 576 trials
  Model params: 8,122
  epoch   1/50  loss=1.3311  bal_acc=0.3698
  epoch   2/50  loss=1.1524  bal_acc=0.3872
  epoch   3/50  loss=1.0358  bal_acc=0.3698
  epoch   4/50  loss=0.9332  bal_acc=0.4097
  epoch   5/50  loss=0.8723  bal_acc=0.4253
  epoch   6/50  loss=0.8234  bal_acc=0.3872
  epoch   7/50  loss=0.7840  bal_acc=0.3889
  epoch   8/50  loss=0.7617  bal_acc=0.4167
  epoch   9/50  loss=0.7267  bal_acc=0.3958
  epoch  10/50  loss=0.7138  bal_acc=0.4028
  epoch  11/50  loss=0.6971  bal_acc=0.4097
  epoch  12/50  loss=0.6506  bal_acc=0.3646
  epoch  13/50  loss=0.6544  bal_acc=0.3941
  epoch  14/50  loss=0.6379  bal_acc=0.4149
  epoch  15/50  loss=0.6286  bal_acc=0.3507
  epoch  16/50  loss=0.6125  bal_acc=0.3802
  epoch  17/50  loss=0.5991  bal_acc=0.3264
  epoch  18/50  loss=0.5733  bal_acc=0.4288
  epoch  19/50  loss=0.5689  bal_acc=0.3941
  epoch  20/50  loss=0.5601  bal_acc=0.4167
  epoch  21/50  loss=0.5559  bal_acc=0.4045
  epoch  22/50  loss=0.5425  bal_acc=0.3715
  epoch  23/50  loss=0.5324  bal_acc=0.4132
  epoch  24/50  loss=0.5081  bal_acc=0.4097
  epoch  25/50  loss=0.5113  bal_acc=0.3576
  epoch  26/50  loss=0.4957  bal_acc=0.4462
  epoch  27/50  loss=0.4983  bal_acc=0.3142
  epoch  28/50  loss=0.4844  bal_acc=0.4115
  epoch  29/50  loss=0.4736  bal_acc=0.3490
  epoch  30/50  loss=0.4710  bal_acc=0.4010
  epoch  31/50  loss=0.4723  bal_acc=0.4288
  epoch  32/50  loss=0.4666  bal_acc=0.3611
  epoch  33/50  loss=0.4649  bal_acc=0.3872
  epoch  34/50  loss=0.4533  bal_acc=0.3559
  epoch  35/50  loss=0.4356  bal_acc=0.3316
  epoch  36/50  loss=0.4440  bal_acc=0.3420
  epoch  37/50  loss=0.4271  bal_acc=0.4306
  epoch  38/50  loss=0.4379  bal_acc=0.3681
  epoch  39/50  loss=0.4224  bal_acc=0.3646
  epoch  40/50  loss=0.4117  bal_acc=0.3993
  epoch  41/50  loss=0.3965  bal_acc=0.3872
  epoch  42/50  loss=0.4072  bal_acc=0.4201
  epoch  43/50  loss=0.3876  bal_acc=0.3889
  epoch  44/50  loss=0.3917  bal_acc=0.3212
  epoch  45/50  loss=0.3862  bal_acc=0.4392
  epoch  46/50  loss=0.3730  bal_acc=0.3333
  epoch  47/50  loss=0.3842  bal_acc=0.4531
  epoch  48/50  loss=0.3837  bal_acc=0.4167
  epoch  49/50  loss=0.3661  bal_acc=0.3524
  epoch  50/50  loss=0.3866  bal_acc=0.3889
  [LOSO 6/9] subject 5: acc=0.3889  running_mean=0.4832

=== LOSO (hold out subject 6) ===
  Train: 4608 trials  |  Test: 576 trials
  Model params: 8,122
  epoch   1/50  loss=1.3315  bal_acc=0.5087
  epoch   2/50  loss=1.2016  bal_acc=0.5469
  epoch   3/50  loss=1.1301  bal_acc=0.5295
  epoch   4/50  loss=1.0671  bal_acc=0.5486
  epoch   5/50  loss=1.0025  bal_acc=0.6042
  epoch   6/50  loss=0.9711  bal_acc=0.5451
  epoch   7/50  loss=0.9355  bal_acc=0.5938
  epoch   8/50  loss=0.9087  bal_acc=0.5920
  epoch   9/50  loss=0.8910  bal_acc=0.5139
  epoch  10/50  loss=0.8645  bal_acc=0.5938
  epoch  11/50  loss=0.8383  bal_acc=0.5938
  epoch  12/50  loss=0.8154  bal_acc=0.6163
  epoch  13/50  loss=0.7967  bal_acc=0.5799
  epoch  14/50  loss=0.7746  bal_acc=0.5920
  epoch  15/50  loss=0.7605  bal_acc=0.6128
  epoch  16/50  loss=0.7318  bal_acc=0.5677
  epoch  17/50  loss=0.7142  bal_acc=0.5208
  epoch  18/50  loss=0.7058  bal_acc=0.5208
  epoch  19/50  loss=0.6948  bal_acc=0.5434
  epoch  20/50  loss=0.6833  bal_acc=0.6024
  epoch  21/50  loss=0.6670  bal_acc=0.6476
  epoch  22/50  loss=0.6681  bal_acc=0.6215
  epoch  23/50  loss=0.6552  bal_acc=0.6267
  epoch  24/50  loss=0.6260  bal_acc=0.6580
  epoch  25/50  loss=0.6243  bal_acc=0.6215
  epoch  26/50  loss=0.6152  bal_acc=0.6111
  epoch  27/50  loss=0.6036  bal_acc=0.6580
  epoch  28/50  loss=0.6042  bal_acc=0.6146
  epoch  29/50  loss=0.5934  bal_acc=0.6493
  epoch  30/50  loss=0.5744  bal_acc=0.6059
  epoch  31/50  loss=0.5621  bal_acc=0.5868
  epoch  32/50  loss=0.5591  bal_acc=0.5330
  epoch  33/50  loss=0.5540  bal_acc=0.5885
  epoch  34/50  loss=0.5400  bal_acc=0.6128
  epoch  35/50  loss=0.5438  bal_acc=0.6250
  epoch  36/50  loss=0.5279  bal_acc=0.6059
  epoch  37/50  loss=0.5336  bal_acc=0.6076
  epoch  38/50  loss=0.5058  bal_acc=0.5851
  epoch  39/50  loss=0.5099  bal_acc=0.5920
  epoch  40/50  loss=0.4922  bal_acc=0.5347
  epoch  41/50  loss=0.4929  bal_acc=0.5729
  epoch  42/50  loss=0.4759  bal_acc=0.5885
  epoch  43/50  loss=0.4687  bal_acc=0.5694
  epoch  44/50  loss=0.4606  bal_acc=0.5885
  epoch  45/50  loss=0.4547  bal_acc=0.5312
  epoch  46/50  loss=0.4659  bal_acc=0.5486
  epoch  47/50  loss=0.4555  bal_acc=0.5868
  epoch  48/50  loss=0.4380  bal_acc=0.6076
  epoch  49/50  loss=0.4486  bal_acc=0.5122
  epoch  50/50  loss=0.4543  bal_acc=0.6007
  [LOSO 7/9] subject 6: acc=0.6007  running_mean=0.5000

=== LOSO (hold out subject 7) ===
  Train: 4608 trials  |  Test: 576 trials
  Model params: 8,122
  epoch   1/50  loss=1.3336  bal_acc=0.4184
  epoch   2/50  loss=1.1879  bal_acc=0.4184
  epoch   3/50  loss=1.0861  bal_acc=0.4844
  epoch   4/50  loss=1.0339  bal_acc=0.5156
  epoch   5/50  loss=0.9727  bal_acc=0.5087
  epoch   6/50  loss=0.9274  bal_acc=0.4774
  epoch   7/50  loss=0.9074  bal_acc=0.5451
  epoch   8/50  loss=0.8808  bal_acc=0.4722
  epoch   9/50  loss=0.8388  bal_acc=0.5608
  epoch  10/50  loss=0.7977  bal_acc=0.5451
  epoch  11/50  loss=0.7959  bal_acc=0.5781
  epoch  12/50  loss=0.7598  bal_acc=0.6198
  epoch  13/50  loss=0.7404  bal_acc=0.5503
  epoch  14/50  loss=0.7198  bal_acc=0.5868
  epoch  15/50  loss=0.6894  bal_acc=0.5955
  epoch  16/50  loss=0.6815  bal_acc=0.6128
  epoch  17/50  loss=0.6684  bal_acc=0.6545
  epoch  18/50  loss=0.6601  bal_acc=0.6163
  epoch  19/50  loss=0.6348  bal_acc=0.5938
  epoch  20/50  loss=0.6164  bal_acc=0.5851
  epoch  21/50  loss=0.6165  bal_acc=0.6215
  epoch  22/50  loss=0.5970  bal_acc=0.6250
  epoch  23/50  loss=0.5917  bal_acc=0.5972
  epoch  24/50  loss=0.5805  bal_acc=0.6146
  epoch  25/50  loss=0.5838  bal_acc=0.5885
  epoch  26/50  loss=0.5649  bal_acc=0.5955
  epoch  27/50  loss=0.5758  bal_acc=0.5938
  epoch  28/50  loss=0.5448  bal_acc=0.6111
  epoch  29/50  loss=0.5391  bal_acc=0.6389
  epoch  30/50  loss=0.5426  bal_acc=0.5955
  epoch  31/50  loss=0.5280  bal_acc=0.5764
  epoch  32/50  loss=0.4987  bal_acc=0.5938
  epoch  33/50  loss=0.4938  bal_acc=0.5955
  epoch  34/50  loss=0.5012  bal_acc=0.5903
  epoch  35/50  loss=0.4775  bal_acc=0.5990
  epoch  36/50  loss=0.4923  bal_acc=0.6163
  epoch  37/50  loss=0.4973  bal_acc=0.6354
  epoch  38/50  loss=0.4779  bal_acc=0.5885
  epoch  39/50  loss=0.4704  bal_acc=0.6042
  epoch  40/50  loss=0.4661  bal_acc=0.5747
  epoch  41/50  loss=0.4570  bal_acc=0.5260
  epoch  42/50  loss=0.4540  bal_acc=0.5851
  epoch  43/50  loss=0.4416  bal_acc=0.6215
  epoch  44/50  loss=0.4392  bal_acc=0.5660
  epoch  45/50  loss=0.4415  bal_acc=0.5382
  epoch  46/50  loss=0.4381  bal_acc=0.6059
  epoch  47/50  loss=0.4381  bal_acc=0.6215
  epoch  48/50  loss=0.4451  bal_acc=0.6042
  epoch  49/50  loss=0.4080  bal_acc=0.5972
  epoch  50/50  loss=0.4277  bal_acc=0.6233
  [LOSO 8/9] subject 7: acc=0.6233  running_mean=0.5154

=== LOSO (hold out subject 8) ===
  Train: 4608 trials  |  Test: 576 trials
  Model params: 8,122
  epoch   1/50  loss=1.3196  bal_acc=0.3802
  epoch   2/50  loss=1.1450  bal_acc=0.5191
  epoch   3/50  loss=1.0337  bal_acc=0.4670
  epoch   4/50  loss=0.9623  bal_acc=0.4878
  epoch   5/50  loss=0.9110  bal_acc=0.4792
  epoch   6/50  loss=0.8540  bal_acc=0.5226
  epoch   7/50  loss=0.8087  bal_acc=0.5122
  epoch   8/50  loss=0.7758  bal_acc=0.5191
  epoch   9/50  loss=0.7634  bal_acc=0.4392
  epoch  10/50  loss=0.7285  bal_acc=0.5243
  epoch  11/50  loss=0.6981  bal_acc=0.5035
  epoch  12/50  loss=0.6874  bal_acc=0.5573
  epoch  13/50  loss=0.6731  bal_acc=0.5087
  epoch  14/50  loss=0.6615  bal_acc=0.4809
  epoch  15/50  loss=0.6371  bal_acc=0.5156
  epoch  16/50  loss=0.6299  bal_acc=0.5243
  epoch  17/50  loss=0.6153  bal_acc=0.5139
  epoch  18/50  loss=0.5937  bal_acc=0.5347
  epoch  19/50  loss=0.5845  bal_acc=0.5052
  epoch  20/50  loss=0.5904  bal_acc=0.5139
  epoch  21/50  loss=0.5574  bal_acc=0.5104
  epoch  22/50  loss=0.5530  bal_acc=0.5156
  epoch  23/50  loss=0.5380  bal_acc=0.5226
  epoch  24/50  loss=0.5415  bal_acc=0.5087
  epoch  25/50  loss=0.5228  bal_acc=0.5208
  epoch  26/50  loss=0.5179  bal_acc=0.5122
  epoch  27/50  loss=0.5119  bal_acc=0.5191
  epoch  28/50  loss=0.5331  bal_acc=0.5174
  epoch  29/50  loss=0.5091  bal_acc=0.5191
  epoch  30/50  loss=0.4888  bal_acc=0.4722
  epoch  31/50  loss=0.4791  bal_acc=0.5087
  epoch  32/50  loss=0.4852  bal_acc=0.5191
  epoch  33/50  loss=0.4826  bal_acc=0.4965
  epoch  34/50  loss=0.4591  bal_acc=0.4757
  epoch  35/50  loss=0.4522  bal_acc=0.5122
  epoch  36/50  loss=0.4601  bal_acc=0.5122
  epoch  37/50  loss=0.4486  bal_acc=0.5191
  epoch  38/50  loss=0.4531  bal_acc=0.5312
  epoch  39/50  loss=0.4365  bal_acc=0.4896
  epoch  40/50  loss=0.4344  bal_acc=0.5104
  epoch  41/50  loss=0.4213  bal_acc=0.5295
  epoch  42/50  loss=0.4193  bal_acc=0.5365
  epoch  43/50  loss=0.4150  bal_acc=0.4774
  epoch  44/50  loss=0.4079  bal_acc=0.5608
  epoch  45/50  loss=0.3981  bal_acc=0.5104
  epoch  46/50  loss=0.4251  bal_acc=0.4427
  epoch  47/50  loss=0.4150  bal_acc=0.5000
  epoch  48/50  loss=0.3956  bal_acc=0.5035
  epoch  49/50  loss=0.3868  bal_acc=0.5069
  epoch  50/50  loss=0.3889  bal_acc=0.5156
  [LOSO 9/9] subject 8: acc=0.5156  running_mean=0.5154
Results saved to results/BNCI2014_001/results_trial_44.json
Trial logged to results/BNCI2014_001/trials.csv
[status] trial 44 done (state=COMPLETE, value=0.5154320987654322) -- 38 completed total
Device: cuda
[BNCI2014_001] loading from cache: /home/aleksander.berezowsk/.cache/spiking_eegnet/BNCI2014_001_af1ccf3e92f684d8a93c057082b654d7.npz
[BNCI2014_001] cache hit: (5184, 1, 22, 1001), classes=['feet', 'left_hand', 'right_hand', 'tongue'], subjects=9
Dataset meta: {'n_classes': 4, 'n_channels': 22, 'n_samples': 1001, 'class_names': ['feet', 'left_hand', 'right_hand', 'tongue'], 'subject_list': [1, 2, 3, 4, 5, 6, 7, 8, 9], 'n_subjects': 9, 'sfreq': 250.0}

=== LOSO (hold out subject 0) ===
  Train: 4608 trials  |  Test: 576 trials
  Model params: 42,046
  epoch   1/50  loss=1.3735  bal_acc=0.3507
  epoch   2/50  loss=1.3269  bal_acc=0.3646
  epoch   3/50  loss=1.2824  bal_acc=0.4080
  epoch   4/50  loss=1.2444  bal_acc=0.3819
  epoch   5/50  loss=1.2019  bal_acc=0.3941
  epoch   6/50  loss=1.1550  bal_acc=0.4167
  epoch   7/50  loss=1.1076  bal_acc=0.4444
  epoch   8/50  loss=1.0599  bal_acc=0.4549
  epoch   9/50  loss=1.0151  bal_acc=0.4705
  epoch  10/50  loss=0.9759  bal_acc=0.4913
  epoch  11/50  loss=0.9418  bal_acc=0.5000
  epoch  12/50  loss=0.9093  bal_acc=0.4931
  epoch  13/50  loss=0.8830  bal_acc=0.4965
  epoch  14/50  loss=0.8547  bal_acc=0.4965
  epoch  15/50  loss=0.8273  bal_acc=0.5017
  epoch  16/50  loss=0.8059  bal_acc=0.5087
  epoch  17/50  loss=0.7831  bal_acc=0.5226
  epoch  18/50  loss=0.7605  bal_acc=0.5226
  epoch  19/50  loss=0.7410  bal_acc=0.5087
  epoch  20/50  loss=0.7251  bal_acc=0.5312
  epoch  21/50  loss=0.7012  bal_acc=0.5469
  epoch  22/50  loss=0.6898  bal_acc=0.5330
  epoch  23/50  loss=0.6659  bal_acc=0.5486
  epoch  24/50  loss=0.6496  bal_acc=0.5434
  epoch  25/50  loss=0.6373  bal_acc=0.5503
  epoch  26/50  loss=0.6131  bal_acc=0.5347
  epoch  27/50  loss=0.6023  bal_acc=0.5434
  epoch  28/50  loss=0.5913  bal_acc=0.5382
  epoch  29/50  loss=0.5757  bal_acc=0.5573
  epoch  30/50  loss=0.5614  bal_acc=0.5521
  epoch  31/50  loss=0.5496  bal_acc=0.5538
  epoch  32/50  loss=0.5381  bal_acc=0.5642
  epoch  33/50  loss=0.5241  bal_acc=0.5399
  epoch  34/50  loss=0.5106  bal_acc=0.5764
  epoch  35/50  loss=0.4989  bal_acc=0.5608
  epoch  36/50  loss=0.4916  bal_acc=0.5833
  epoch  37/50  loss=0.4771  bal_acc=0.5625
  epoch  38/50  loss=0.4665  bal_acc=0.5729
  epoch  39/50  loss=0.4574  bal_acc=0.5747
  epoch  40/50  loss=0.4418  bal_acc=0.5503
  epoch  41/50  loss=0.4369  bal_acc=0.5712
  epoch  42/50  loss=0.4301  bal_acc=0.5764
  epoch  43/50  loss=0.4153  bal_acc=0.5903
  epoch  44/50  loss=0.4085  bal_acc=0.5729
  epoch  45/50  loss=0.3978  bal_acc=0.5781
  epoch  46/50  loss=0.3920  bal_acc=0.5990
  epoch  47/50  loss=0.3786  bal_acc=0.5486
  epoch  48/50  loss=0.3735  bal_acc=0.5920
  epoch  49/50  loss=0.3675  bal_acc=0.5764
  epoch  50/50  loss=0.3560  bal_acc=0.5712
  [LOSO 1/9] subject 0: acc=0.5712  running_mean=0.5712

=== LOSO (hold out subject 1) ===
  Train: 4608 trials  |  Test: 576 trials
  Model params: 42,046
  epoch   1/50  loss=1.3701  bal_acc=0.3229
  epoch   2/50  loss=1.3174  bal_acc=0.3681
  epoch   3/50  loss=1.2691  bal_acc=0.3472
  epoch   4/50  loss=1.2275  bal_acc=0.3802
  epoch   5/50  loss=1.1748  bal_acc=0.3993
  epoch   6/50  loss=1.1098  bal_acc=0.3941
  epoch   7/50  loss=1.0487  bal_acc=0.4167
  epoch   8/50  loss=0.9962  bal_acc=0.4028
  epoch   9/50  loss=0.9476  bal_acc=0.4184
  epoch  10/50  loss=0.9108  bal_acc=0.4219
  epoch  11/50  loss=0.8735  bal_acc=0.4097
  epoch  12/50  loss=0.8390  bal_acc=0.4427
  epoch  13/50  loss=0.8059  bal_acc=0.4253
  epoch  14/50  loss=0.7724  bal_acc=0.4375
  epoch  15/50  loss=0.7511  bal_acc=0.4635
  epoch  16/50  loss=0.7212  bal_acc=0.4549
  epoch  17/50  loss=0.6971  bal_acc=0.4444
  epoch  18/50  loss=0.6702  bal_acc=0.4410
  epoch  19/50  loss=0.6483  bal_acc=0.4392
  epoch  20/50  loss=0.6314  bal_acc=0.4410
  epoch  21/50  loss=0.6080  bal_acc=0.4479
  epoch  22/50  loss=0.5966  bal_acc=0.4635
  epoch  23/50  loss=0.5762  bal_acc=0.4583
  epoch  24/50  loss=0.5600  bal_acc=0.4444
  epoch  25/50  loss=0.5463  bal_acc=0.4601
  epoch  26/50  loss=0.5309  bal_acc=0.4653
  epoch  27/50  loss=0.5184  bal_acc=0.4566
  epoch  28/50  loss=0.5039  bal_acc=0.4583
  epoch  29/50  loss=0.4981  bal_acc=0.4531
  epoch  30/50  loss=0.4856  bal_acc=0.4670
  epoch  31/50  loss=0.4711  bal_acc=0.4618
  epoch  32/50  loss=0.4555  bal_acc=0.4583
  epoch  33/50  loss=0.4445  bal_acc=0.4635
  epoch  34/50  loss=0.4319  bal_acc=0.4514
  epoch  35/50  loss=0.4257  bal_acc=0.4688
  epoch  36/50  loss=0.4124  bal_acc=0.4670
  epoch  37/50  loss=0.4020  bal_acc=0.4774
  epoch  38/50  loss=0.3973  bal_acc=0.4549
  epoch  39/50  loss=0.3850  bal_acc=0.4618
  epoch  40/50  loss=0.3712  bal_acc=0.4601
  epoch  41/50  loss=0.3657  bal_acc=0.4549
  epoch  42/50  loss=0.3577  bal_acc=0.4497
  epoch  43/50  loss=0.3491  bal_acc=0.4583
  epoch  44/50  loss=0.3428  bal_acc=0.4549
  epoch  45/50  loss=0.3330  bal_acc=0.4427
  epoch  46/50  loss=0.3245  bal_acc=0.4253
  epoch  47/50  loss=0.3129  bal_acc=0.4566
  epoch  48/50  loss=0.3092  bal_acc=0.4497
  epoch  49/50  loss=0.2999  bal_acc=0.4444
  epoch  50/50  loss=0.2935  bal_acc=0.4410
  [LOSO 2/9] subject 1: acc=0.4410  running_mean=0.5061

=== LOSO (hold out subject 2) ===
  Train: 4608 trials  |  Test: 576 trials
  Model params: 42,046
  epoch   1/50  loss=1.3710  bal_acc=0.3576
  epoch   2/50  loss=1.3206  bal_acc=0.3906
  epoch   3/50  loss=1.2823  bal_acc=0.4132
  epoch   4/50  loss=1.2461  bal_acc=0.4479
  epoch   5/50  loss=1.2089  bal_acc=0.4757
  epoch   6/50  loss=1.1589  bal_acc=0.5017
  epoch   7/50  loss=1.1069  bal_acc=0.5486
  epoch   8/50  loss=1.0541  bal_acc=0.5573
  epoch   9/50  loss=1.0121  bal_acc=0.5538
  epoch  10/50  loss=0.9758  bal_acc=0.5781
  epoch  11/50  loss=0.9427  bal_acc=0.5851
  epoch  12/50  loss=0.9124  bal_acc=0.5677
  epoch  13/50  loss=0.8854  bal_acc=0.6163
  epoch  14/50  loss=0.8590  bal_acc=0.6302
  epoch  15/50  loss=0.8353  bal_acc=0.6250
  epoch  16/50  loss=0.8092  bal_acc=0.6354
  epoch  17/50  loss=0.7849  bal_acc=0.6649
  epoch  18/50  loss=0.7621  bal_acc=0.6458
  epoch  19/50  loss=0.7435  bal_acc=0.6719
  epoch  20/50  loss=0.7234  bal_acc=0.6510
  epoch  21/50  loss=0.7039  bal_acc=0.6962
  epoch  22/50  loss=0.6862  bal_acc=0.7031
  epoch  23/50  loss=0.6698  bal_acc=0.7292
  epoch  24/50  loss=0.6533  bal_acc=0.6875
  epoch  25/50  loss=0.6412  bal_acc=0.7274
  epoch  26/50  loss=0.6209  bal_acc=0.6910
  epoch  27/50  loss=0.6108  bal_acc=0.7274
  epoch  28/50  loss=0.5985  bal_acc=0.7240
  epoch  29/50  loss=0.5869  bal_acc=0.6858
  epoch  30/50  loss=0.5768  bal_acc=0.7292
  epoch  31/50  loss=0.5593  bal_acc=0.7309
  epoch  32/50  loss=0.5428  bal_acc=0.7014
  epoch  33/50  loss=0.5361  bal_acc=0.7014
  epoch  34/50  loss=0.5208  bal_acc=0.7240
  epoch  35/50  loss=0.5143  bal_acc=0.7083
  epoch  36/50  loss=0.5048  bal_acc=0.7153
  epoch  37/50  loss=0.4921  bal_acc=0.7292
  epoch  38/50  loss=0.4796  bal_acc=0.7240
  epoch  39/50  loss=0.4675  bal_acc=0.7240
  epoch  40/50  loss=0.4556  bal_acc=0.7465
  epoch  41/50  loss=0.4523  bal_acc=0.7500
  epoch  42/50  loss=0.4339  bal_acc=0.7517
  epoch  43/50  loss=0.4324  bal_acc=0.7569
  epoch  44/50  loss=0.4152  bal_acc=0.7135
  epoch  45/50  loss=0.4074  bal_acc=0.7622
  epoch  46/50  loss=0.3968  bal_acc=0.7240
  epoch  47/50  loss=0.3897  bal_acc=0.7135
  epoch  48/50  loss=0.3827  bal_acc=0.7483
  epoch  49/50  loss=0.3751  bal_acc=0.7483
  epoch  50/50  loss=0.3673  bal_acc=0.7326
  [LOSO 3/9] subject 2: acc=0.7326  running_mean=0.5816

=== LOSO (hold out subject 3) ===
  Train: 4608 trials  |  Test: 576 trials
  Model params: 42,046
  epoch   1/50  loss=1.3731  bal_acc=0.3160
  epoch   2/50  loss=1.3228  bal_acc=0.3611
  epoch   3/50  loss=1.2785  bal_acc=0.3594
  epoch   4/50  loss=1.2388  bal_acc=0.3819
  epoch   5/50  loss=1.1965  bal_acc=0.4167
  epoch   6/50  loss=1.1424  bal_acc=0.4253
  epoch   7/50  loss=1.0812  bal_acc=0.4688
  epoch   8/50  loss=1.0202  bal_acc=0.4497
  epoch   9/50  loss=0.9690  bal_acc=0.4601
  epoch  10/50  loss=0.9271  bal_acc=0.4618
  epoch  11/50  loss=0.8915  bal_acc=0.4757
  epoch  12/50  loss=0.8620  bal_acc=0.4635
  epoch  13/50  loss=0.8280  bal_acc=0.4878
  epoch  14/50  loss=0.7953  bal_acc=0.4913
  epoch  15/50  loss=0.7631  bal_acc=0.4913
  epoch  16/50  loss=0.7397  bal_acc=0.5104
  epoch  17/50  loss=0.7166  bal_acc=0.4844
  epoch  18/50  loss=0.6933  bal_acc=0.4931
  epoch  19/50  loss=0.6697  bal_acc=0.4722
  epoch  20/50  loss=0.6473  bal_acc=0.5087
  epoch  21/50  loss=0.6273  bal_acc=0.4844
  epoch  22/50  loss=0.6089  bal_acc=0.4878
  epoch  23/50  loss=0.5958  bal_acc=0.5087
  epoch  24/50  loss=0.5814  bal_acc=0.5260
  epoch  25/50  loss=0.5658  bal_acc=0.4983
  epoch  26/50  loss=0.5470  bal_acc=0.5174
  epoch  27/50  loss=0.5366  bal_acc=0.4878
  epoch  28/50  loss=0.5279  bal_acc=0.4948
  epoch  29/50  loss=0.5107  bal_acc=0.4826
  epoch  30/50  loss=0.5066  bal_acc=0.5052
  epoch  31/50  loss=0.4840  bal_acc=0.4965
  epoch  32/50  loss=0.4771  bal_acc=0.4965
  epoch  33/50  loss=0.4730  bal_acc=0.4705
  epoch  34/50  loss=0.4538  bal_acc=0.5243
  epoch  35/50  loss=0.4481  bal_acc=0.5087
  epoch  36/50  loss=0.4405  bal_acc=0.4878
  epoch  37/50  loss=0.4243  bal_acc=0.4826
  epoch  38/50  loss=0.4151  bal_acc=0.5347
  epoch  39/50  loss=0.4089  bal_acc=0.4983
  epoch  40/50  loss=0.3983  bal_acc=0.5226
  epoch  41/50  loss=0.3929  bal_acc=0.4774
  epoch  42/50  loss=0.3874  bal_acc=0.5347
  epoch  43/50  loss=0.3699  bal_acc=0.5139
  epoch  44/50  loss=0.3690  bal_acc=0.5243
  epoch  45/50  loss=0.3575  bal_acc=0.5139
  epoch  46/50  loss=0.3499  bal_acc=0.5052
  epoch  47/50  loss=0.3398  bal_acc=0.5087
  epoch  48/50  loss=0.3349  bal_acc=0.4913
  epoch  49/50  loss=0.3285  bal_acc=0.5174
  epoch  50/50  loss=0.3190  bal_acc=0.5139
  [LOSO 4/9] subject 3: acc=0.5139  running_mean=0.5647

=== LOSO (hold out subject 4) ===
  Train: 4608 trials  |  Test: 576 trials
  Model params: 42,046
  epoch   1/50  loss=1.3736  bal_acc=0.3073
  epoch   2/50  loss=1.3213  bal_acc=0.3368
  epoch   3/50  loss=1.2713  bal_acc=0.3594
  epoch   4/50  loss=1.2268  bal_acc=0.4115
  epoch   5/50  loss=1.1756  bal_acc=0.4097
  epoch   6/50  loss=1.1197  bal_acc=0.4028
  epoch   7/50  loss=1.0709  bal_acc=0.4705
  epoch   8/50  loss=1.0279  bal_acc=0.4774
  epoch   9/50  loss=0.9810  bal_acc=0.4514
  epoch  10/50  loss=0.9475  bal_acc=0.4722
  epoch  11/50  loss=0.9190  bal_acc=0.4983
  epoch  12/50  loss=0.8810  bal_acc=0.4705
  epoch  13/50  loss=0.8557  bal_acc=0.4983
  epoch  14/50  loss=0.8300  bal_acc=0.4965
  epoch  15/50  loss=0.7999  bal_acc=0.4688
  epoch  16/50  loss=0.7706  bal_acc=0.4705
  epoch  17/50  loss=0.7485  bal_acc=0.5035
  epoch  18/50  loss=0.7257  bal_acc=0.4722
  epoch  19/50  loss=0.6990  bal_acc=0.5174
  epoch  20/50  loss=0.6739  bal_acc=0.5208
  epoch  21/50  loss=0.6588  bal_acc=0.5087
  epoch  22/50  loss=0.6420  bal_acc=0.4757
  epoch  23/50  loss=0.6192  bal_acc=0.5208
  epoch  24/50  loss=0.5962  bal_acc=0.5347
  epoch  25/50  loss=0.5890  bal_acc=0.5330
  epoch  26/50  loss=0.5771  bal_acc=0.5590
  epoch  27/50  loss=0.5617  bal_acc=0.4809
  epoch  28/50  loss=0.5463  bal_acc=0.5035
  epoch  29/50  loss=0.5299  bal_acc=0.5035
  epoch  30/50  loss=0.5183  bal_acc=0.5208
  epoch  31/50  loss=0.5006  bal_acc=0.5365
  epoch  32/50  loss=0.4927  bal_acc=0.5347
  epoch  33/50  loss=0.4804  bal_acc=0.5139
  epoch  34/50  loss=0.4733  bal_acc=0.5069
  epoch  35/50  loss=0.4610  bal_acc=0.5312
  epoch  36/50  loss=0.4497  bal_acc=0.5208
  epoch  37/50  loss=0.4345  bal_acc=0.5104
  epoch  38/50  loss=0.4321  bal_acc=0.5295
  epoch  39/50  loss=0.4198  bal_acc=0.5382
  epoch  40/50  loss=0.4118  bal_acc=0.5295
  epoch  41/50  loss=0.3963  bal_acc=0.5278
  epoch  42/50  loss=0.3896  bal_acc=0.5208
  epoch  43/50  loss=0.3761  bal_acc=0.5330
  epoch  44/50  loss=0.3693  bal_acc=0.5174
  epoch  45/50  loss=0.3644  bal_acc=0.5156
  epoch  46/50  loss=0.3557  bal_acc=0.5226
  epoch  47/50  loss=0.3459  bal_acc=0.5191
  epoch  48/50  loss=0.3399  bal_acc=0.5243
  epoch  49/50  loss=0.3254  bal_acc=0.5191
  epoch  50/50  loss=0.3239  bal_acc=0.5122
  [LOSO 5/9] subject 4: acc=0.5122  running_mean=0.5542

=== LOSO (hold out subject 5) ===
  Train: 4608 trials  |  Test: 576 trials
  Model params: 42,046
  epoch   1/50  loss=1.3779  bal_acc=0.3090
  epoch   2/50  loss=1.3300  bal_acc=0.3507
  epoch   3/50  loss=1.2877  bal_acc=0.3872
  epoch   4/50  loss=1.2470  bal_acc=0.3924
  epoch   5/50  loss=1.2014  bal_acc=0.3924
  epoch   6/50  loss=1.1505  bal_acc=0.3958
  epoch   7/50  loss=1.0869  bal_acc=0.3976
  epoch   8/50  loss=1.0247  bal_acc=0.4410
  epoch   9/50  loss=0.9740  bal_acc=0.4219
  epoch  10/50  loss=0.9299  bal_acc=0.4236
  epoch  11/50  loss=0.8957  bal_acc=0.4514
  epoch  12/50  loss=0.8593  bal_acc=0.4444
  epoch  13/50  loss=0.8295  bal_acc=0.4479
  epoch  14/50  loss=0.7954  bal_acc=0.4514
  epoch  15/50  loss=0.7674  bal_acc=0.4583
  epoch  16/50  loss=0.7414  bal_acc=0.4635
  epoch  17/50  loss=0.7103  bal_acc=0.4514
  epoch  18/50  loss=0.6899  bal_acc=0.4358
  epoch  19/50  loss=0.6730  bal_acc=0.4688
  epoch  20/50  loss=0.6504  bal_acc=0.4688
  epoch  21/50  loss=0.6309  bal_acc=0.4653
  epoch  22/50  loss=0.6093  bal_acc=0.4566
  epoch  23/50  loss=0.5933  bal_acc=0.4653
  epoch  24/50  loss=0.5798  bal_acc=0.4583
  epoch  25/50  loss=0.5675  bal_acc=0.4618
  epoch  26/50  loss=0.5459  bal_acc=0.4653
  epoch  27/50  loss=0.5350  bal_acc=0.4601
  epoch  28/50  loss=0.5170  bal_acc=0.4618
  epoch  29/50  loss=0.5049  bal_acc=0.4705
  epoch  30/50  loss=0.4887  bal_acc=0.4444
  epoch  31/50  loss=0.4811  bal_acc=0.4514
  epoch  32/50  loss=0.4706  bal_acc=0.4670
  epoch  33/50  loss=0.4633  bal_acc=0.4375
  epoch  34/50  loss=0.4459  bal_acc=0.4896
  epoch  35/50  loss=0.4312  bal_acc=0.4844
  epoch  36/50  loss=0.4305  bal_acc=0.4740
  epoch  37/50  loss=0.4198  bal_acc=0.4444
  epoch  38/50  loss=0.4122  bal_acc=0.4757
  epoch  39/50  loss=0.3944  bal_acc=0.4878
  epoch  40/50  loss=0.3877  bal_acc=0.4931
  epoch  41/50  loss=0.3840  bal_acc=0.4844
  epoch  42/50  loss=0.3742  bal_acc=0.4601
  epoch  43/50  loss=0.3663  bal_acc=0.4184
  epoch  44/50  loss=0.3528  bal_acc=0.4323
  epoch  45/50  loss=0.3475  bal_acc=0.4774
  epoch  46/50  loss=0.3385  bal_acc=0.4392
  epoch  47/50  loss=0.3304  bal_acc=0.4410
  epoch  48/50  loss=0.3239  bal_acc=0.4618
  epoch  49/50  loss=0.3169  bal_acc=0.4566
  epoch  50/50  loss=0.3132  bal_acc=0.4618
  [LOSO 6/9] subject 5: acc=0.4618  running_mean=0.5388

=== LOSO (hold out subject 6) ===
  Train: 4608 trials  |  Test: 576 trials
  Model params: 42,046
  epoch   1/50  loss=1.3755  bal_acc=0.3941
  epoch   2/50  loss=1.3320  bal_acc=0.3976
  epoch   3/50  loss=1.2914  bal_acc=0.4392
  epoch   4/50  loss=1.2488  bal_acc=0.4514
  epoch   5/50  loss=1.2104  bal_acc=0.4653
  epoch   6/50  loss=1.1705  bal_acc=0.4844
  epoch   7/50  loss=1.1297  bal_acc=0.5312
  epoch   8/50  loss=1.0862  bal_acc=0.5469
  epoch   9/50  loss=1.0535  bal_acc=0.5434
  epoch  10/50  loss=1.0125  bal_acc=0.5868
  epoch  11/50  loss=0.9770  bal_acc=0.6007
  epoch  12/50  loss=0.9399  bal_acc=0.5972
  epoch  13/50  loss=0.9061  bal_acc=0.6250
  epoch  14/50  loss=0.8768  bal_acc=0.6319
  epoch  15/50  loss=0.8439  bal_acc=0.6337
  epoch  16/50  loss=0.8145  bal_acc=0.6372
  epoch  17/50  loss=0.7860  bal_acc=0.6476
  epoch  18/50  loss=0.7557  bal_acc=0.6372
  epoch  19/50  loss=0.7290  bal_acc=0.6372
  epoch  20/50  loss=0.7138  bal_acc=0.6528
  epoch  21/50  loss=0.6902  bal_acc=0.6510
  epoch  22/50  loss=0.6812  bal_acc=0.6632
  epoch  23/50  loss=0.6526  bal_acc=0.6701
  epoch  24/50  loss=0.6367  bal_acc=0.6632
  epoch  25/50  loss=0.6234  bal_acc=0.6753
  epoch  26/50  loss=0.6104  bal_acc=0.6840
  epoch  27/50  loss=0.5951  bal_acc=0.6510
  epoch  28/50  loss=0.5804  bal_acc=0.6823
  epoch  29/50  loss=0.5682  bal_acc=0.6562
  epoch  30/50  loss=0.5478  bal_acc=0.6736
  epoch  31/50  loss=0.5403  bal_acc=0.6667
  epoch  32/50  loss=0.5289  bal_acc=0.6788
  epoch  33/50  loss=0.5183  bal_acc=0.6736
  epoch  34/50  loss=0.5059  bal_acc=0.6580
  epoch  35/50  loss=0.4914  bal_acc=0.6719
  epoch  36/50  loss=0.4729  bal_acc=0.6701
  epoch  37/50  loss=0.4726  bal_acc=0.6701
  epoch  38/50  loss=0.4609  bal_acc=0.6701
  epoch  39/50  loss=0.4475  bal_acc=0.6823
  epoch  40/50  loss=0.4368  bal_acc=0.6719
  epoch  41/50  loss=0.4291  bal_acc=0.6615
  epoch  42/50  loss=0.4200  bal_acc=0.6771
  epoch  43/50  loss=0.4072  bal_acc=0.6562
  epoch  44/50  loss=0.4000  bal_acc=0.6493
  epoch  45/50  loss=0.3900  bal_acc=0.6667
  epoch  46/50  loss=0.3819  bal_acc=0.6753
  epoch  47/50  loss=0.3751  bal_acc=0.6615
  epoch  48/50  loss=0.3713  bal_acc=0.6615
  epoch  49/50  loss=0.3547  bal_acc=0.6510
  epoch  50/50  loss=0.3526  bal_acc=0.6736
  [LOSO 7/9] subject 6: acc=0.6736  running_mean=0.5580

=== LOSO (hold out subject 7) ===
  Train: 4608 trials  |  Test: 576 trials
  Model params: 42,046
  epoch   1/50  loss=1.3694  bal_acc=0.3038
  epoch   2/50  loss=1.3166  bal_acc=0.3698
  epoch   3/50  loss=1.2686  bal_acc=0.3941
  epoch   4/50  loss=1.2254  bal_acc=0.4097
  epoch   5/50  loss=1.1771  bal_acc=0.4653
  epoch   6/50  loss=1.1263  bal_acc=0.4688
  epoch   7/50  loss=1.0780  bal_acc=0.4948
  epoch   8/50  loss=1.0318  bal_acc=0.5226
  epoch   9/50  loss=0.9872  bal_acc=0.5451
  epoch  10/50  loss=0.9547  bal_acc=0.5503
  epoch  11/50  loss=0.9189  bal_acc=0.5660
  epoch  12/50  loss=0.8913  bal_acc=0.5747
  epoch  13/50  loss=0.8687  bal_acc=0.5990
  epoch  14/50  loss=0.8436  bal_acc=0.5990
  epoch  15/50  loss=0.8197  bal_acc=0.5885
  epoch  16/50  loss=0.7959  bal_acc=0.6128
  epoch  17/50  loss=0.7742  bal_acc=0.6007
  epoch  18/50  loss=0.7525  bal_acc=0.5938
  epoch  19/50  loss=0.7296  bal_acc=0.6285
  epoch  20/50  loss=0.7142  bal_acc=0.6250
  epoch  21/50  loss=0.6896  bal_acc=0.6406
  epoch  22/50  loss=0.6745  bal_acc=0.6267
  epoch  23/50  loss=0.6616  bal_acc=0.6302
  epoch  24/50  loss=0.6353  bal_acc=0.6042
  epoch  25/50  loss=0.6202  bal_acc=0.6337
  epoch  26/50  loss=0.6068  bal_acc=0.6389
  epoch  27/50  loss=0.5932  bal_acc=0.6372
  epoch  28/50  loss=0.5738  bal_acc=0.6215
  epoch  29/50  loss=0.5621  bal_acc=0.6285
  epoch  30/50  loss=0.5426  bal_acc=0.6302
  epoch  31/50  loss=0.5337  bal_acc=0.6458
  epoch  32/50  loss=0.5198  bal_acc=0.6424
  epoch  33/50  loss=0.5133  bal_acc=0.6632
  epoch  34/50  loss=0.5065  bal_acc=0.6580
  epoch  35/50  loss=0.4938  bal_acc=0.6441
  epoch  36/50  loss=0.4739  bal_acc=0.6597
  epoch  37/50  loss=0.4643  bal_acc=0.6441
  epoch  38/50  loss=0.4547  bal_acc=0.6424
  epoch  39/50  loss=0.4430  bal_acc=0.6615
  epoch  40/50  loss=0.4310  bal_acc=0.6510
  epoch  41/50  loss=0.4221  bal_acc=0.6823
  epoch  42/50  loss=0.4124  bal_acc=0.6389
  epoch  43/50  loss=0.4040  bal_acc=0.6667
  epoch  44/50  loss=0.3928  bal_acc=0.6632
  epoch  45/50  loss=0.3829  bal_acc=0.6510
  epoch  46/50  loss=0.3747  bal_acc=0.6788
  epoch  47/50  loss=0.3637  bal_acc=0.6528
  epoch  48/50  loss=0.3557  bal_acc=0.6649
  epoch  49/50  loss=0.3497  bal_acc=0.6701
  epoch  50/50  loss=0.3431  bal_acc=0.6684
  [LOSO 8/9] subject 7: acc=0.6684  running_mean=0.5718

=== LOSO (hold out subject 8) ===
  Train: 4608 trials  |  Test: 576 trials
  Model params: 42,046
  epoch   1/50  loss=1.3761  bal_acc=0.3316
  epoch   2/50  loss=1.3248  bal_acc=0.3108
  epoch   3/50  loss=1.2780  bal_acc=0.3385
  epoch   4/50  loss=1.2409  bal_acc=0.3715
  epoch   5/50  loss=1.2003  bal_acc=0.3351
  epoch   6/50  loss=1.1460  bal_acc=0.3576
  epoch   7/50  loss=1.0910  bal_acc=0.4375
  epoch   8/50  loss=1.0414  bal_acc=0.4306
  epoch   9/50  loss=0.9998  bal_acc=0.4479
  epoch  10/50  loss=0.9594  bal_acc=0.4688
  epoch  11/50  loss=0.9236  bal_acc=0.4792
  epoch  12/50  loss=0.8903  bal_acc=0.4896
  epoch  13/50  loss=0.8633  bal_acc=0.4896
  epoch  14/50  loss=0.8311  bal_acc=0.5035
  epoch  15/50  loss=0.8078  bal_acc=0.5000
  epoch  16/50  loss=0.7828  bal_acc=0.4878
  epoch  17/50  loss=0.7557  bal_acc=0.5191
  epoch  18/50  loss=0.7377  bal_acc=0.5208
  epoch  19/50  loss=0.7179  bal_acc=0.5365
  epoch  20/50  loss=0.6958  bal_acc=0.5608
  epoch  21/50  loss=0.6740  bal_acc=0.5625
  epoch  22/50  loss=0.6557  bal_acc=0.5521
  epoch  23/50  loss=0.6368  bal_acc=0.5590
  epoch  24/50  loss=0.6214  bal_acc=0.5833
  epoch  25/50  loss=0.6081  bal_acc=0.6024
  epoch  26/50  loss=0.5930  bal_acc=0.5608
  epoch  27/50  loss=0.5799  bal_acc=0.5712
  epoch  28/50  loss=0.5597  bal_acc=0.5694
  epoch  29/50  loss=0.5495  bal_acc=0.5938
  epoch  30/50  loss=0.5346  bal_acc=0.5590
  epoch  31/50  loss=0.5204  bal_acc=0.5851
  epoch  32/50  loss=0.5084  bal_acc=0.5503
  epoch  33/50  loss=0.5025  bal_acc=0.5503
  epoch  34/50  loss=0.4866  bal_acc=0.5625
  epoch  35/50  loss=0.4801  bal_acc=0.5226
  epoch  36/50  loss=0.4600  bal_acc=0.5677
  epoch  37/50  loss=0.4549  bal_acc=0.5521
  epoch  38/50  loss=0.4425  bal_acc=0.5660
  epoch  39/50  loss=0.4360  bal_acc=0.5330
  epoch  40/50  loss=0.4262  bal_acc=0.5590
  epoch  41/50  loss=0.4177  bal_acc=0.5712
  epoch  42/50  loss=0.3996  bal_acc=0.5278
  epoch  43/50  loss=0.3959  bal_acc=0.5694
  epoch  44/50  loss=0.3902  bal_acc=0.5330
  epoch  45/50  loss=0.3807  bal_acc=0.5938
  epoch  46/50  loss=0.3705  bal_acc=0.5573
  epoch  47/50  loss=0.3615  bal_acc=0.5729
  epoch  48/50  loss=0.3505  bal_acc=0.5990
  epoch  49/50  loss=0.3408  bal_acc=0.5729
  epoch  50/50  loss=0.3323  bal_acc=0.5729
  [LOSO 9/9] subject 8: acc=0.5729  running_mean=0.5720
Results saved to results/BNCI2014_001/results_trial_46.json
Trial logged to results/BNCI2014_001/trials.csv
[status] trial 46 done (state=COMPLETE, value=0.5719521604938271) -- 44 completed total
Device: cuda
[BNCI2014_001] loading from cache: /home/aleksander.berezowsk/.cache/spiking_eegnet/BNCI2014_001_af1ccf3e92f684d8a93c057082b654d7.npz
[BNCI2014_001] cache hit: (5184, 1, 22, 1001), classes=['feet', 'left_hand', 'right_hand', 'tongue'], subjects=9
Dataset meta: {'n_classes': 4, 'n_channels': 22, 'n_samples': 1001, 'class_names': ['feet', 'left_hand', 'right_hand', 'tongue'], 'subject_list': [1, 2, 3, 4, 5, 6, 7, 8, 9], 'n_subjects': 9, 'sfreq': 250.0}

=== LOSO (hold out subject 0) ===
  Train: 4608 trials  |  Test: 576 trials
  Model params: 11,908
  epoch   1/50  loss=1.3289  bal_acc=0.4462
  epoch   2/50  loss=1.1541  bal_acc=0.4965
  epoch   3/50  loss=1.0249  bal_acc=0.5052
  epoch   4/50  loss=0.9319  bal_acc=0.5347
  epoch   5/50  loss=0.8573  bal_acc=0.5226
  epoch   6/50  loss=0.7999  bal_acc=0.5747
  epoch   7/50  loss=0.7466  bal_acc=0.5885
  epoch   8/50  loss=0.7070  bal_acc=0.5660
  epoch   9/50  loss=0.6739  bal_acc=0.5764
  epoch  10/50  loss=0.6406  bal_acc=0.5677
  epoch  11/50  loss=0.6159  bal_acc=0.5677
  epoch  12/50  loss=0.5945  bal_acc=0.5868
  epoch  13/50  loss=0.5742  bal_acc=0.5417
  epoch  14/50  loss=0.5475  bal_acc=0.6111
  epoch  15/50  loss=0.5311  bal_acc=0.6024
  epoch  16/50  loss=0.5165  bal_acc=0.5920
  epoch  17/50  loss=0.4905  bal_acc=0.5851
  epoch  18/50  loss=0.4779  bal_acc=0.6007
  epoch  19/50  loss=0.4670  bal_acc=0.5486
  epoch  20/50  loss=0.4619  bal_acc=0.6042
  epoch  21/50  loss=0.4352  bal_acc=0.6076
  epoch  22/50  loss=0.4365  bal_acc=0.5903
  epoch  23/50  loss=0.4151  bal_acc=0.5903
  epoch  24/50  loss=0.3920  bal_acc=0.6128
  epoch  25/50  loss=0.3943  bal_acc=0.6181
  epoch  26/50  loss=0.3791  bal_acc=0.5868
  epoch  27/50  loss=0.3625  bal_acc=0.6181
  epoch  28/50  loss=0.3586  bal_acc=0.6128
  epoch  29/50  loss=0.3545  bal_acc=0.6337
  epoch  30/50  loss=0.3516  bal_acc=0.6302
  epoch  31/50  loss=0.3342  bal_acc=0.6389
  epoch  32/50  loss=0.3220  bal_acc=0.5833
  epoch  33/50  loss=0.3102  bal_acc=0.6319
  epoch  34/50  loss=0.3075  bal_acc=0.6059
  epoch  35/50  loss=0.2994  bal_acc=0.6441
  epoch  36/50  loss=0.2911  bal_acc=0.6372
  epoch  37/50  loss=0.2827  bal_acc=0.6302
  epoch  38/50  loss=0.2717  bal_acc=0.6285
  epoch  39/50  loss=0.2769  bal_acc=0.6146
  epoch  40/50  loss=0.2745  bal_acc=0.5920
  epoch  41/50  loss=0.2571  bal_acc=0.6042
  epoch  42/50  loss=0.2583  bal_acc=0.6215
  epoch  43/50  loss=0.2494  bal_acc=0.6128
  epoch  44/50  loss=0.2445  bal_acc=0.6076
  epoch  45/50  loss=0.2473  bal_acc=0.6250
  epoch  46/50  loss=0.2334  bal_acc=0.6354
  epoch  47/50  loss=0.2472  bal_acc=0.5747
  epoch  48/50  loss=0.2337  bal_acc=0.6094
  epoch  49/50  loss=0.2212  bal_acc=0.6285
  epoch  50/50  loss=0.2164  bal_acc=0.6406
  [LOSO 1/9] subject 0: acc=0.6406  running_mean=0.6406

=== LOSO (hold out subject 1) ===
  Train: 4608 trials  |  Test: 576 trials
  Model params: 11,908
  epoch   1/50  loss=1.3354  bal_acc=0.3594
  epoch   2/50  loss=1.1563  bal_acc=0.3767
  epoch   3/50  loss=0.9998  bal_acc=0.4062
  epoch   4/50  loss=0.8841  bal_acc=0.4115
  epoch   5/50  loss=0.8034  bal_acc=0.3542
  epoch   6/50  loss=0.7489  bal_acc=0.3872
  epoch   7/50  loss=0.6910  bal_acc=0.3611
  epoch   8/50  loss=0.6473  bal_acc=0.3993
  epoch   9/50  loss=0.6171  bal_acc=0.4097
  epoch  10/50  loss=0.5871  bal_acc=0.4149
  epoch  11/50  loss=0.5706  bal_acc=0.4045
  epoch  12/50  loss=0.5403  bal_acc=0.4462
  epoch  13/50  loss=0.5116  bal_acc=0.4340
  epoch  14/50  loss=0.4960  bal_acc=0.3941
  epoch  15/50  loss=0.4769  bal_acc=0.4653
  epoch  16/50  loss=0.4608  bal_acc=0.4410
  epoch  17/50  loss=0.4463  bal_acc=0.3941
  epoch  18/50  loss=0.4365  bal_acc=0.4427
  epoch  19/50  loss=0.4106  bal_acc=0.4375
  epoch  20/50  loss=0.3981  bal_acc=0.4253
  epoch  21/50  loss=0.3926  bal_acc=0.4306
  epoch  22/50  loss=0.3719  bal_acc=0.4323
  epoch  23/50  loss=0.3796  bal_acc=0.4236
  epoch  24/50  loss=0.3575  bal_acc=0.4097
  epoch  25/50  loss=0.3380  bal_acc=0.4201
  epoch  26/50  loss=0.3378  bal_acc=0.3941
  epoch  27/50  loss=0.3315  bal_acc=0.4410
  epoch  28/50  loss=0.3180  bal_acc=0.4566
  epoch  29/50  loss=0.3080  bal_acc=0.4601
  epoch  30/50  loss=0.3002  bal_acc=0.4427
  epoch  31/50  loss=0.2975  bal_acc=0.4583
  epoch  32/50  loss=0.2866  bal_acc=0.4410
  epoch  33/50  loss=0.2766  bal_acc=0.4358
  epoch  34/50  loss=0.2646  bal_acc=0.4549
  epoch  35/50  loss=0.2692  bal_acc=0.4288
  epoch  36/50  loss=0.2588  bal_acc=0.4410
  epoch  37/50  loss=0.2479  bal_acc=0.4427
  epoch  38/50  loss=0.2593  bal_acc=0.4167
  epoch  39/50  loss=0.2239  bal_acc=0.4444
  epoch  40/50  loss=0.2346  bal_acc=0.4514
  epoch  41/50  loss=0.2331  bal_acc=0.4167
  epoch  42/50  loss=0.2175  bal_acc=0.4340
  epoch  43/50  loss=0.2185  bal_acc=0.4288
  epoch  44/50  loss=0.2079  bal_acc=0.4149
  epoch  45/50  loss=0.2153  bal_acc=0.4514
  epoch  46/50  loss=0.2015  bal_acc=0.4253
  epoch  47/50  loss=0.1979  bal_acc=0.4375
  epoch  48/50  loss=0.1943  bal_acc=0.4358
  epoch  49/50  loss=0.1962  bal_acc=0.4479
  epoch  50/50  loss=0.1928  bal_acc=0.4097
  [LOSO 2/9] subject 1: acc=0.4097  running_mean=0.5252

=== LOSO (hold out subject 2) ===
  Train: 4608 trials  |  Test: 576 trials
  Model params: 11,908
  epoch   1/50  loss=1.3408  bal_acc=0.4549
  epoch   2/50  loss=1.1820  bal_acc=0.4861
  epoch   3/50  loss=1.0559  bal_acc=0.5747
  epoch   4/50  loss=0.9752  bal_acc=0.5521
  epoch   5/50  loss=0.9093  bal_acc=0.6181
  epoch   6/50  loss=0.8446  bal_acc=0.5538
  epoch   7/50  loss=0.8023  bal_acc=0.6806
  epoch   8/50  loss=0.7536  bal_acc=0.5885
  epoch   9/50  loss=0.7250  bal_acc=0.6597
  epoch  10/50  loss=0.6971  bal_acc=0.6719
  epoch  11/50  loss=0.6684  bal_acc=0.6771
  epoch  12/50  loss=0.6475  bal_acc=0.6024
  epoch  13/50  loss=0.6254  bal_acc=0.6701
  epoch  14/50  loss=0.6022  bal_acc=0.6736
  epoch  15/50  loss=0.5898  bal_acc=0.6198
  epoch  16/50  loss=0.5666  bal_acc=0.6319
  epoch  17/50  loss=0.5611  bal_acc=0.6424
  epoch  18/50  loss=0.5423  bal_acc=0.7049
  epoch  19/50  loss=0.5223  bal_acc=0.6094
  epoch  20/50  loss=0.5236  bal_acc=0.6788
  epoch  21/50  loss=0.4965  bal_acc=0.7135
  epoch  22/50  loss=0.4736  bal_acc=0.7153
  epoch  23/50  loss=0.4646  bal_acc=0.6042
  epoch  24/50  loss=0.4623  bal_acc=0.6719
  epoch  25/50  loss=0.4529  bal_acc=0.7170
  epoch  26/50  loss=0.4413  bal_acc=0.6892
  epoch  27/50  loss=0.4257  bal_acc=0.6997
  epoch  28/50  loss=0.4223  bal_acc=0.6684
  epoch  29/50  loss=0.4157  bal_acc=0.7101
  epoch  30/50  loss=0.3964  bal_acc=0.6649
  epoch  31/50  loss=0.3935  bal_acc=0.6667
  epoch  32/50  loss=0.3881  bal_acc=0.7326
  epoch  33/50  loss=0.3805  bal_acc=0.7222
  epoch  34/50  loss=0.3746  bal_acc=0.6562
  epoch  35/50  loss=0.3629  bal_acc=0.7066
  epoch  36/50  loss=0.3629  bal_acc=0.6944
  epoch  37/50  loss=0.3545  bal_acc=0.6840
  epoch  38/50  loss=0.3352  bal_acc=0.6962
  epoch  39/50  loss=0.3306  bal_acc=0.6528
  epoch  40/50  loss=0.3325  bal_acc=0.7031
  epoch  41/50  loss=0.3188  bal_acc=0.7396
  epoch  42/50  loss=0.3128  bal_acc=0.7222
  epoch  43/50  loss=0.3111  bal_acc=0.7083
  epoch  44/50  loss=0.3025  bal_acc=0.7431
  epoch  45/50  loss=0.2891  bal_acc=0.6875
  epoch  46/50  loss=0.2872  bal_acc=0.7066
  epoch  47/50  loss=0.2921  bal_acc=0.7205
  epoch  48/50  loss=0.2753  bal_acc=0.6146
  epoch  49/50  loss=0.2771  bal_acc=0.6962
  epoch  50/50  loss=0.2652  bal_acc=0.7066
  [LOSO 3/9] subject 2: acc=0.7066  running_mean=0.5856

=== LOSO (hold out subject 3) ===
  Train: 4608 trials  |  Test: 576 trials
  Model params: 11,908
  epoch   1/50  loss=1.3228  bal_acc=0.3958
  epoch   2/50  loss=1.1323  bal_acc=0.4740
  epoch   3/50  loss=0.9735  bal_acc=0.4479
  epoch   4/50  loss=0.8672  bal_acc=0.4427
  epoch   5/50  loss=0.7830  bal_acc=0.4931
  epoch   6/50  loss=0.7207  bal_acc=0.4566
  epoch   7/50  loss=0.6738  bal_acc=0.3889
  epoch   8/50  loss=0.6397  bal_acc=0.5156
  epoch   9/50  loss=0.6131  bal_acc=0.5087
  epoch  10/50  loss=0.5850  bal_acc=0.5087
  epoch  11/50  loss=0.5607  bal_acc=0.4531
  epoch  12/50  loss=0.5358  bal_acc=0.5087
  epoch  13/50  loss=0.5125  bal_acc=0.4757
  epoch  14/50  loss=0.5070  bal_acc=0.5122
  epoch  15/50  loss=0.4801  bal_acc=0.4444
  epoch  16/50  loss=0.4589  bal_acc=0.5104
  epoch  17/50  loss=0.4498  bal_acc=0.4809
  epoch  18/50  loss=0.4403  bal_acc=0.4931
  epoch  19/50  loss=0.4289  bal_acc=0.5382
  epoch  20/50  loss=0.4187  bal_acc=0.4983
  epoch  21/50  loss=0.4020  bal_acc=0.4913
  epoch  22/50  loss=0.3846  bal_acc=0.5104
  epoch  23/50  loss=0.3730  bal_acc=0.4948
  epoch  24/50  loss=0.3722  bal_acc=0.5035
  epoch  25/50  loss=0.3574  bal_acc=0.4687
  epoch  26/50  loss=0.3626  bal_acc=0.4705
  epoch  27/50  loss=0.3367  bal_acc=0.4583
  epoch  28/50  loss=0.3305  bal_acc=0.4618
  epoch  29/50  loss=0.3254  bal_acc=0.5174
  epoch  30/50  loss=0.3074  bal_acc=0.4549
  epoch  31/50  loss=0.3040  bal_acc=0.4340
  epoch  32/50  loss=0.3009  bal_acc=0.4688
  epoch  33/50  loss=0.2954  bal_acc=0.4566
  epoch  34/50  loss=0.2871  bal_acc=0.4722
  epoch  35/50  loss=0.2747  bal_acc=0.5156
  epoch  36/50  loss=0.2739  bal_acc=0.4931
  epoch  37/50  loss=0.2661  bal_acc=0.4913
  epoch  38/50  loss=0.2646  bal_acc=0.4583
  epoch  39/50  loss=0.2485  bal_acc=0.4826
  epoch  40/50  loss=0.2388  bal_acc=0.4618
  epoch  41/50  loss=0.2420  bal_acc=0.5035
  epoch  42/50  loss=0.2431  bal_acc=0.4653
  epoch  43/50  loss=0.2283  bal_acc=0.4497
  epoch  44/50  loss=0.2300  bal_acc=0.4566
  epoch  45/50  loss=0.2143  bal_acc=0.4826
  epoch  46/50  loss=0.2137  bal_acc=0.5052
  epoch  47/50  loss=0.2141  bal_acc=0.4601
  epoch  48/50  loss=0.2141  bal_acc=0.4635
  epoch  49/50  loss=0.2072  bal_acc=0.4965
  epoch  50/50  loss=0.2105  bal_acc=0.4913
  [LOSO 4/9] subject 3: acc=0.4913  running_mean=0.5621

=== LOSO (hold out subject 4) ===
  Train: 4608 trials  |  Test: 576 trials
  Model params: 11,908
  epoch   1/50  loss=1.3383  bal_acc=0.3854
  epoch   2/50  loss=1.1775  bal_acc=0.4444
  epoch   3/50  loss=1.0387  bal_acc=0.4722
  epoch   4/50  loss=0.9211  bal_acc=0.4948
  epoch   5/50  loss=0.8305  bal_acc=0.4618
  epoch   6/50  loss=0.7694  bal_acc=0.4809
  epoch   7/50  loss=0.7095  bal_acc=0.5747
  epoch   8/50  loss=0.6664  bal_acc=0.5278
  epoch   9/50  loss=0.6360  bal_acc=0.5365
  epoch  10/50  loss=0.6022  bal_acc=0.5000
  epoch  11/50  loss=0.5761  bal_acc=0.5590
  epoch  12/50  loss=0.5494  bal_acc=0.5000
  epoch  13/50  loss=0.5240  bal_acc=0.5295
  epoch  14/50  loss=0.5049  bal_acc=0.5295
  epoch  15/50  loss=0.4823  bal_acc=0.5122
  epoch  16/50  loss=0.4797  bal_acc=0.5278
  epoch  17/50  loss=0.4606  bal_acc=0.5017
  epoch  18/50  loss=0.4462  bal_acc=0.5069
  epoch  19/50  loss=0.4297  bal_acc=0.4687
  epoch  20/50  loss=0.4131  bal_acc=0.5122
  epoch  21/50  loss=0.4008  bal_acc=0.4497
  epoch  22/50  loss=0.3959  bal_acc=0.4705
  epoch  23/50  loss=0.3858  bal_acc=0.4844
  epoch  24/50  loss=0.3552  bal_acc=0.5243
  epoch  25/50  loss=0.3564  bal_acc=0.5069
  epoch  26/50  loss=0.3400  bal_acc=0.4878
  epoch  27/50  loss=0.3399  bal_acc=0.5208
  epoch  28/50  loss=0.3160  bal_acc=0.4792
  epoch  29/50  loss=0.3136  bal_acc=0.4913
  epoch  30/50  loss=0.3111  bal_acc=0.4774
  epoch  31/50  loss=0.3030  bal_acc=0.4861
  epoch  32/50  loss=0.2973  bal_acc=0.4740
  epoch  33/50  loss=0.2797  bal_acc=0.4896
  epoch  34/50  loss=0.2724  bal_acc=0.4861
  epoch  35/50  loss=0.2744  bal_acc=0.4670
  epoch  36/50  loss=0.2579  bal_acc=0.4705
  epoch  37/50  loss=0.2540  bal_acc=0.4948
  epoch  38/50  loss=0.2443  bal_acc=0.5000
  epoch  39/50  loss=0.2500  bal_acc=0.4878
  epoch  40/50  loss=0.2452  bal_acc=0.4792
  epoch  41/50  loss=0.2358  bal_acc=0.4948
  epoch  42/50  loss=0.2291  bal_acc=0.4635
  epoch  43/50  loss=0.2225  bal_acc=0.4792
  epoch  44/50  loss=0.2173  bal_acc=0.4826
  epoch  45/50  loss=0.2094  bal_acc=0.4757
  epoch  46/50  loss=0.1998  bal_acc=0.4861
  epoch  47/50  loss=0.1970  bal_acc=0.4878
  epoch  48/50  loss=0.1953  bal_acc=0.5017
  epoch  49/50  loss=0.1868  bal_acc=0.4878
  epoch  50/50  loss=0.1915  bal_acc=0.4983
  [LOSO 5/9] subject 4: acc=0.4983  running_mean=0.5493

=== LOSO (hold out subject 5) ===
  Train: 4608 trials  |  Test: 576 trials
  Model params: 11,908
  epoch   1/50  loss=1.3102  bal_acc=0.3351
  epoch   2/50  loss=1.0893  bal_acc=0.4080
  epoch   3/50  loss=0.9321  bal_acc=0.4080
  epoch   4/50  loss=0.8343  bal_acc=0.4514
  epoch   5/50  loss=0.7642  bal_acc=0.3733
  epoch   6/50  loss=0.7220  bal_acc=0.4323
  epoch   7/50  loss=0.6710  bal_acc=0.4444
  epoch   8/50  loss=0.6469  bal_acc=0.4115
  epoch   9/50  loss=0.6230  bal_acc=0.3906
  epoch  10/50  loss=0.5952  bal_acc=0.4271
  epoch  11/50  loss=0.5574  bal_acc=0.4115
  epoch  12/50  loss=0.5473  bal_acc=0.4097
  epoch  13/50  loss=0.5236  bal_acc=0.3819
  epoch  14/50  loss=0.5145  bal_acc=0.3819
  epoch  15/50  loss=0.4952  bal_acc=0.3993
  epoch  16/50  loss=0.4781  bal_acc=0.3872
  epoch  17/50  loss=0.4632  bal_acc=0.3872
  epoch  18/50  loss=0.4414  bal_acc=0.3976
  epoch  19/50  loss=0.4382  bal_acc=0.4358
  epoch  20/50  loss=0.4269  bal_acc=0.3906
  epoch  21/50  loss=0.4164  bal_acc=0.3854
  epoch  22/50  loss=0.4085  bal_acc=0.4288
  epoch  23/50  loss=0.3948  bal_acc=0.3889
  epoch  24/50  loss=0.3792  bal_acc=0.3924
  epoch  25/50  loss=0.3591  bal_acc=0.3889
  epoch  26/50  loss=0.3576  bal_acc=0.4201
  epoch  27/50  loss=0.3549  bal_acc=0.4132
  epoch  28/50  loss=0.3529  bal_acc=0.4167
  epoch  29/50  loss=0.3407  bal_acc=0.3802
  epoch  30/50  loss=0.3351  bal_acc=0.4271
  epoch  31/50  loss=0.3242  bal_acc=0.4184
  epoch  32/50  loss=0.3178  bal_acc=0.3819
  epoch  33/50  loss=0.3059  bal_acc=0.4288
  epoch  34/50  loss=0.2970  bal_acc=0.3958
  epoch  35/50  loss=0.2933  bal_acc=0.4340
  epoch  36/50  loss=0.2900  bal_acc=0.4097
  epoch  37/50  loss=0.2779  bal_acc=0.3767
  epoch  38/50  loss=0.2747  bal_acc=0.3924
  epoch  39/50  loss=0.2676  bal_acc=0.4236
  epoch  40/50  loss=0.2698  bal_acc=0.4115
  epoch  41/50  loss=0.2582  bal_acc=0.4392
  epoch  42/50  loss=0.2526  bal_acc=0.4271
  epoch  43/50  loss=0.2397  bal_acc=0.4010
  epoch  44/50  loss=0.2347  bal_acc=0.4132
  epoch  45/50  loss=0.2309  bal_acc=0.3958
  epoch  46/50  loss=0.2332  bal_acc=0.3993
  epoch  47/50  loss=0.2275  bal_acc=0.3906
  epoch  48/50  loss=0.2285  bal_acc=0.4132
  epoch  49/50  loss=0.2130  bal_acc=0.4028
  epoch  50/50  loss=0.2233  bal_acc=0.3837
  [LOSO 6/9] subject 5: acc=0.3837  running_mean=0.5217

=== LOSO (hold out subject 6) ===
  Train: 4608 trials  |  Test: 576 trials
  Model params: 11,908
  epoch   1/50  loss=1.3360  bal_acc=0.4375
  epoch   2/50  loss=1.1820  bal_acc=0.5417
  epoch   3/50  loss=1.0508  bal_acc=0.5938
  epoch   4/50  loss=0.9393  bal_acc=0.5729
  epoch   5/50  loss=0.8649  bal_acc=0.6285
  epoch   6/50  loss=0.7928  bal_acc=0.5417
  epoch   7/50  loss=0.7416  bal_acc=0.5955
  epoch   8/50  loss=0.7058  bal_acc=0.6163
  epoch   9/50  loss=0.6787  bal_acc=0.6406
  epoch  10/50  loss=0.6382  bal_acc=0.5642
  epoch  11/50  loss=0.6233  bal_acc=0.6441
  epoch  12/50  loss=0.5925  bal_acc=0.6441
  epoch  13/50  loss=0.5724  bal_acc=0.6406
  epoch  14/50  loss=0.5531  bal_acc=0.6389
  epoch  15/50  loss=0.5356  bal_acc=0.6250
  epoch  16/50  loss=0.5157  bal_acc=0.6562
  epoch  17/50  loss=0.4957  bal_acc=0.6111
  epoch  18/50  loss=0.4926  bal_acc=0.6441
  epoch  19/50  loss=0.4712  bal_acc=0.6389
  epoch  20/50  loss=0.4506  bal_acc=0.6024
  epoch  21/50  loss=0.4491  bal_acc=0.6476
  epoch  22/50  loss=0.4347  bal_acc=0.6076
  epoch  23/50  loss=0.4220  bal_acc=0.5903
  epoch  24/50  loss=0.4070  bal_acc=0.6042
  epoch  25/50  loss=0.3968  bal_acc=0.6354
  epoch  26/50  loss=0.3897  bal_acc=0.5903
  epoch  27/50  loss=0.3874  bal_acc=0.5556
  epoch  28/50  loss=0.3784  bal_acc=0.6476
  epoch  29/50  loss=0.3562  bal_acc=0.6354
  epoch  30/50  loss=0.3503  bal_acc=0.6354
  epoch  31/50  loss=0.3417  bal_acc=0.5972
  epoch  32/50  loss=0.3336  bal_acc=0.6319
  epoch  33/50  loss=0.3285  bal_acc=0.6042
  epoch  34/50  loss=0.3227  bal_acc=0.6233
  epoch  35/50  loss=0.3118  bal_acc=0.6302
  epoch  36/50  loss=0.3048  bal_acc=0.6267
  epoch  37/50  loss=0.3015  bal_acc=0.5660
  epoch  38/50  loss=0.2979  bal_acc=0.6128
  epoch  39/50  loss=0.2933  bal_acc=0.6181
  epoch  40/50  loss=0.2804  bal_acc=0.6372
  epoch  41/50  loss=0.2844  bal_acc=0.6094
  epoch  42/50  loss=0.2684  bal_acc=0.6545
  epoch  43/50  loss=0.2629  bal_acc=0.5955
  epoch  44/50  loss=0.2620  bal_acc=0.6285
  epoch  45/50  loss=0.2647  bal_acc=0.6007
  epoch  46/50  loss=0.2505  bal_acc=0.5625
  epoch  47/50  loss=0.2452  bal_acc=0.5694
  epoch  48/50  loss=0.2401  bal_acc=0.6059
  epoch  49/50  loss=0.2417  bal_acc=0.6198
  epoch  50/50  loss=0.2386  bal_acc=0.6111
  [LOSO 7/9] subject 6: acc=0.6111  running_mean=0.5345

=== LOSO (hold out subject 7) ===
  Train: 4608 trials  |  Test: 576 trials
  Model params: 11,908
  epoch   1/50  loss=1.3195  bal_acc=0.4132
  epoch   2/50  loss=1.1688  bal_acc=0.4896
  epoch   3/50  loss=1.0547  bal_acc=0.5417
  epoch   4/50  loss=0.9691  bal_acc=0.5226
  epoch   5/50  loss=0.9119  bal_acc=0.5156
  epoch   6/50  loss=0.8588  bal_acc=0.5938
  epoch   7/50  loss=0.8125  bal_acc=0.6146
  epoch   8/50  loss=0.7596  bal_acc=0.5764
  epoch   9/50  loss=0.7229  bal_acc=0.5903
  epoch  10/50  loss=0.6889  bal_acc=0.6319
  epoch  11/50  loss=0.6638  bal_acc=0.6580
  epoch  12/50  loss=0.6377  bal_acc=0.5851
  epoch  13/50  loss=0.6191  bal_acc=0.6892
  epoch  14/50  loss=0.5891  bal_acc=0.6493
  epoch  15/50  loss=0.5716  bal_acc=0.6250
  epoch  16/50  loss=0.5570  bal_acc=0.6649
  epoch  17/50  loss=0.5386  bal_acc=0.6927
  epoch  18/50  loss=0.5297  bal_acc=0.6649
  epoch  19/50  loss=0.5034  bal_acc=0.6111
  epoch  20/50  loss=0.4929  bal_acc=0.6510
  epoch  21/50  loss=0.4809  bal_acc=0.6788
  epoch  22/50  loss=0.4747  bal_acc=0.6580
  epoch  23/50  loss=0.4619  bal_acc=0.6753
  epoch  24/50  loss=0.4469  bal_acc=0.6736
  epoch  25/50  loss=0.4476  bal_acc=0.6372
  epoch  26/50  loss=0.4406  bal_acc=0.6198
  epoch  27/50  loss=0.4193  bal_acc=0.6701
  epoch  28/50  loss=0.4052  bal_acc=0.6858
  epoch  29/50  loss=0.4042  bal_acc=0.6059
  epoch  30/50  loss=0.3933  bal_acc=0.6441
  epoch  31/50  loss=0.3778  bal_acc=0.5781
  epoch  32/50  loss=0.3842  bal_acc=0.6267
  epoch  33/50  loss=0.3608  bal_acc=0.6146
  epoch  34/50  loss=0.3600  bal_acc=0.6406
  epoch  35/50  loss=0.3538  bal_acc=0.6233
  epoch  36/50  loss=0.3373  bal_acc=0.6493
  epoch  37/50  loss=0.3401  bal_acc=0.6267
  epoch  38/50  loss=0.3345  bal_acc=0.5972
  epoch  39/50  loss=0.3366  bal_acc=0.6528
  epoch  40/50  loss=0.3175  bal_acc=0.6493
  epoch  41/50  loss=0.3088  bal_acc=0.6476
  epoch  42/50  loss=0.3080  bal_acc=0.6545
  epoch  43/50  loss=0.3010  bal_acc=0.6250
  epoch  44/50  loss=0.2928  bal_acc=0.6476
  epoch  45/50  loss=0.2963  bal_acc=0.6580
  epoch  46/50  loss=0.2818  bal_acc=0.6372
  epoch  47/50  loss=0.2761  bal_acc=0.6302
  epoch  48/50  loss=0.2839  bal_acc=0.6146
  epoch  49/50  loss=0.2661  bal_acc=0.6719
  epoch  50/50  loss=0.2610  bal_acc=0.6389
  [LOSO 8/9] subject 7: acc=0.6389  running_mean=0.5475

=== LOSO (hold out subject 8) ===
  Train: 4608 trials  |  Test: 576 trials
  Model params: 11,908
  epoch   1/50  loss=1.3247  bal_acc=0.4201
  epoch   2/50  loss=1.1599  bal_acc=0.4531
  epoch   3/50  loss=1.0273  bal_acc=0.4705
  epoch   4/50  loss=0.9239  bal_acc=0.5382
  epoch   5/50  loss=0.8416  bal_acc=0.5747
  epoch   6/50  loss=0.7855  bal_acc=0.5677
  epoch   7/50  loss=0.7404  bal_acc=0.5868
  epoch   8/50  loss=0.6967  bal_acc=0.5938
  epoch   9/50  loss=0.6659  bal_acc=0.6042
  epoch  10/50  loss=0.6394  bal_acc=0.5851
  epoch  11/50  loss=0.6176  bal_acc=0.6146
  epoch  12/50  loss=0.5902  bal_acc=0.5747
  epoch  13/50  loss=0.5612  bal_acc=0.6163
  epoch  14/50  loss=0.5524  bal_acc=0.5885
  epoch  15/50  loss=0.5399  bal_acc=0.6024
  epoch  16/50  loss=0.5209  bal_acc=0.6267
  epoch  17/50  loss=0.4984  bal_acc=0.6163
  epoch  18/50  loss=0.4801  bal_acc=0.6128
  epoch  19/50  loss=0.4785  bal_acc=0.6094
  epoch  20/50  loss=0.4609  bal_acc=0.6128
  epoch  21/50  loss=0.4379  bal_acc=0.5764
  epoch  22/50  loss=0.4342  bal_acc=0.5816
  epoch  23/50  loss=0.4182  bal_acc=0.5747
  epoch  24/50  loss=0.4109  bal_acc=0.6233
  epoch  25/50  loss=0.4033  bal_acc=0.5990
  epoch  26/50  loss=0.3927  bal_acc=0.5990
  epoch  27/50  loss=0.3764  bal_acc=0.6042
  epoch  28/50  loss=0.3690  bal_acc=0.6233
  epoch  29/50  loss=0.3628  bal_acc=0.6250
  epoch  30/50  loss=0.3542  bal_acc=0.5990
  epoch  31/50  loss=0.3390  bal_acc=0.5972
  epoch  32/50  loss=0.3400  bal_acc=0.6267
  epoch  33/50  loss=0.3399  bal_acc=0.5903
  epoch  34/50  loss=0.3301  bal_acc=0.5920
  epoch  35/50  loss=0.3112  bal_acc=0.5972
  epoch  36/50  loss=0.3148  bal_acc=0.5503
  epoch  37/50  loss=0.3021  bal_acc=0.5365
  epoch  38/50  loss=0.3000  bal_acc=0.6128
  epoch  39/50  loss=0.2898  bal_acc=0.6250
  epoch  40/50  loss=0.2836  bal_acc=0.6302
  epoch  41/50  loss=0.2811  bal_acc=0.5903
  epoch  42/50  loss=0.2734  bal_acc=0.5747
  epoch  43/50  loss=0.2673  bal_acc=0.6094
  epoch  44/50  loss=0.2639  bal_acc=0.5938
  epoch  45/50  loss=0.2557  bal_acc=0.5833
  epoch  46/50  loss=0.2539  bal_acc=0.5799
  epoch  47/50  loss=0.2395  bal_acc=0.5955
  epoch  48/50  loss=0.2414  bal_acc=0.6250
  epoch  49/50  loss=0.2376  bal_acc=0.5660
  epoch  50/50  loss=0.2372  bal_acc=0.5990
  [LOSO 9/9] subject 8: acc=0.5990  running_mean=0.5532
Results saved to results/BNCI2014_001/results_trial_53.json
Trial logged to results/BNCI2014_001/trials.csv
[status] trial 53 done (state=COMPLETE, value=0.5532407407407408) -- 48 completed total
Device: cuda
[BNCI2014_001] loading from cache: /home/aleksander.berezowsk/.cache/spiking_eegnet/BNCI2014_001_af1ccf3e92f684d8a93c057082b654d7.npz
[BNCI2014_001] cache hit: (5184, 1, 22, 1001), classes=['feet', 'left_hand', 'right_hand', 'tongue'], subjects=9
Dataset meta: {'n_classes': 4, 'n_channels': 22, 'n_samples': 1001, 'class_names': ['feet', 'left_hand', 'right_hand', 'tongue'], 'subject_list': [1, 2, 3, 4, 5, 6, 7, 8, 9], 'n_subjects': 9, 'sfreq': 250.0}

=== LOSO (hold out subject 0) ===
  Train: 4608 trials  |  Test: 576 trials
  Model params: 31,464
  epoch   1/50  loss=1.3345  bal_acc=0.3733
  epoch   2/50  loss=1.1896  bal_acc=0.4392
  epoch   3/50  loss=1.0511  bal_acc=0.5017
  epoch   4/50  loss=0.9569  bal_acc=0.4792
  epoch   5/50  loss=0.8639  bal_acc=0.5139
  epoch   6/50  loss=0.7867  bal_acc=0.5156
  epoch   7/50  loss=0.7273  bal_acc=0.5885
  epoch   8/50  loss=0.6944  bal_acc=0.5747
  epoch   9/50  loss=0.6540  bal_acc=0.5903
  epoch  10/50  loss=0.6029  bal_acc=0.5868
  epoch  11/50  loss=0.5697  bal_acc=0.6042
  epoch  12/50  loss=0.5408  bal_acc=0.5538
  epoch  13/50  loss=0.5091  bal_acc=0.5920
  epoch  14/50  loss=0.4911  bal_acc=0.5903
  epoch  15/50  loss=0.4563  bal_acc=0.5868
  epoch  16/50  loss=0.4377  bal_acc=0.5851
  epoch  17/50  loss=0.4201  bal_acc=0.5625
  epoch  18/50  loss=0.3951  bal_acc=0.5972
  epoch  19/50  loss=0.3716  bal_acc=0.6042
  epoch  20/50  loss=0.3541  bal_acc=0.6076
  epoch  21/50  loss=0.3365  bal_acc=0.6042
  epoch  22/50  loss=0.3238  bal_acc=0.5851
  epoch  23/50  loss=0.3022  bal_acc=0.5920
  epoch  24/50  loss=0.2877  bal_acc=0.5833
  epoch  25/50  loss=0.2766  bal_acc=0.6146
  epoch  26/50  loss=0.2622  bal_acc=0.5799
  epoch  27/50  loss=0.2458  bal_acc=0.5851
  epoch  28/50  loss=0.2355  bal_acc=0.5747
  epoch  29/50  loss=0.2259  bal_acc=0.6059
  epoch  30/50  loss=0.2096  bal_acc=0.5955
  epoch  31/50  loss=0.1983  bal_acc=0.6007
  epoch  32/50  loss=0.1915  bal_acc=0.5642
  epoch  33/50  loss=0.1776  bal_acc=0.5590
  epoch  34/50  loss=0.1689  bal_acc=0.5885
  epoch  35/50  loss=0.1659  bal_acc=0.5538
  epoch  36/50  loss=0.1595  bal_acc=0.5486
  epoch  37/50  loss=0.1523  bal_acc=0.5677
  epoch  38/50  loss=0.1437  bal_acc=0.5938
  epoch  39/50  loss=0.1333  bal_acc=0.5799
  epoch  40/50  loss=0.1282  bal_acc=0.5521
  epoch  41/50  loss=0.1218  bal_acc=0.5972
  epoch  42/50  loss=0.1272  bal_acc=0.5990
  epoch  43/50  loss=0.1184  bal_acc=0.5712
  epoch  44/50  loss=0.1136  bal_acc=0.5920
  epoch  45/50  loss=0.1010  bal_acc=0.6042
  epoch  46/50  loss=0.0929  bal_acc=0.5712
  epoch  47/50  loss=0.0929  bal_acc=0.6024
  epoch  48/50  loss=0.0930  bal_acc=0.5868
  epoch  49/50  loss=0.0833  bal_acc=0.6024
  epoch  50/50  loss=0.0893  bal_acc=0.5781
  [LOSO 1/9] subject 0: acc=0.5781  running_mean=0.5781

=== LOSO (hold out subject 1) ===
  Train: 4608 trials  |  Test: 576 trials
  Model params: 31,464
  epoch   1/50  loss=1.3205  bal_acc=0.3733
  epoch   2/50  loss=1.1771  bal_acc=0.4444
  epoch   3/50  loss=1.0299  bal_acc=0.4115
  epoch   4/50  loss=0.9177  bal_acc=0.4028
  epoch   5/50  loss=0.8216  bal_acc=0.4566
  epoch   6/50  loss=0.7416  bal_acc=0.4306
  epoch   7/50  loss=0.6907  bal_acc=0.4479
  epoch   8/50  loss=0.6348  bal_acc=0.4097
  epoch   9/50  loss=0.5959  bal_acc=0.4497
  epoch  10/50  loss=0.5514  bal_acc=0.4549
  epoch  11/50  loss=0.5229  bal_acc=0.3889
  epoch  12/50  loss=0.4916  bal_acc=0.4566
  epoch  13/50  loss=0.4605  bal_acc=0.4410
  epoch  14/50  loss=0.4300  bal_acc=0.4757
  epoch  15/50  loss=0.4057  bal_acc=0.4913
  epoch  16/50  loss=0.3877  bal_acc=0.4618
  epoch  17/50  loss=0.3722  bal_acc=0.4253
  epoch  18/50  loss=0.3582  bal_acc=0.4323
  epoch  19/50  loss=0.3306  bal_acc=0.4201
  epoch  20/50  loss=0.3165  bal_acc=0.4410
  epoch  21/50  loss=0.2945  bal_acc=0.4653
  epoch  22/50  loss=0.2771  bal_acc=0.4601
  epoch  23/50  loss=0.2597  bal_acc=0.4497
  epoch  24/50  loss=0.2430  bal_acc=0.4497
  epoch  25/50  loss=0.2268  bal_acc=0.4653
  epoch  26/50  loss=0.2180  bal_acc=0.4826
  epoch  27/50  loss=0.2117  bal_acc=0.4462
  epoch  28/50  loss=0.1971  bal_acc=0.4670
  epoch  29/50  loss=0.1918  bal_acc=0.4653
  epoch  30/50  loss=0.1806  bal_acc=0.4549
  epoch  31/50  loss=0.1678  bal_acc=0.4844
  epoch  32/50  loss=0.1590  bal_acc=0.4913
  epoch  33/50  loss=0.1517  bal_acc=0.4774
  epoch  34/50  loss=0.1424  bal_acc=0.4444
  epoch  35/50  loss=0.1435  bal_acc=0.3906
  epoch  36/50  loss=0.1331  bal_acc=0.4653
  epoch  37/50  loss=0.1283  bal_acc=0.4670
  epoch  38/50  loss=0.1180  bal_acc=0.4462
  epoch  39/50  loss=0.1083  bal_acc=0.4826
  epoch  40/50  loss=0.1146  bal_acc=0.4583
  epoch  41/50  loss=0.1007  bal_acc=0.4444
  epoch  42/50  loss=0.1036  bal_acc=0.4427
  epoch  43/50  loss=0.0946  bal_acc=0.4531
  epoch  44/50  loss=0.0982  bal_acc=0.4826
  epoch  45/50  loss=0.0915  bal_acc=0.4253
  epoch  46/50  loss=0.0923  bal_acc=0.4635
  epoch  47/50  loss=0.0875  bal_acc=0.4583
  epoch  48/50  loss=0.0831  bal_acc=0.4497
  epoch  49/50  loss=0.0771  bal_acc=0.4653
  epoch  50/50  loss=0.0753  bal_acc=0.4722
  [LOSO 2/9] subject 1: acc=0.4722  running_mean=0.5252

=== LOSO (hold out subject 2) ===
  Train: 4608 trials  |  Test: 576 trials
  Model params: 31,464
  epoch   1/50  loss=1.3262  bal_acc=0.4618
  epoch   2/50  loss=1.1791  bal_acc=0.4965
  epoch   3/50  loss=1.0662  bal_acc=0.4983
  epoch   4/50  loss=0.9813  bal_acc=0.5347
  epoch   5/50  loss=0.9106  bal_acc=0.5712
  epoch   6/50  loss=0.8603  bal_acc=0.6024
  epoch   7/50  loss=0.8028  bal_acc=0.6441
  epoch   8/50  loss=0.7507  bal_acc=0.6215
  epoch   9/50  loss=0.7103  bal_acc=0.6198
  epoch  10/50  loss=0.6612  bal_acc=0.6510
  epoch  11/50  loss=0.6265  bal_acc=0.6458
  epoch  12/50  loss=0.5848  bal_acc=0.6649
  epoch  13/50  loss=0.5648  bal_acc=0.6458
  epoch  14/50  loss=0.5318  bal_acc=0.6267
  epoch  15/50  loss=0.5008  bal_acc=0.6146
  epoch  16/50  loss=0.4847  bal_acc=0.6962
  epoch  17/50  loss=0.4482  bal_acc=0.6649
  epoch  18/50  loss=0.4314  bal_acc=0.6285
  epoch  19/50  loss=0.4130  bal_acc=0.6701
  epoch  20/50  loss=0.3913  bal_acc=0.6632
  epoch  21/50  loss=0.3900  bal_acc=0.6458
  epoch  22/50  loss=0.3586  bal_acc=0.6354
  epoch  23/50  loss=0.3418  bal_acc=0.7274
  epoch  24/50  loss=0.3106  bal_acc=0.6562
  epoch  25/50  loss=0.3000  bal_acc=0.6927
  epoch  26/50  loss=0.2838  bal_acc=0.6476
  epoch  27/50  loss=0.2709  bal_acc=0.6389
  epoch  28/50  loss=0.2644  bal_acc=0.5920
  epoch  29/50  loss=0.2421  bal_acc=0.6250
  epoch  30/50  loss=0.2305  bal_acc=0.6337
  epoch  31/50  loss=0.2226  bal_acc=0.6858
  epoch  32/50  loss=0.2183  bal_acc=0.6562
  epoch  33/50  loss=0.2045  bal_acc=0.6528
  epoch  34/50  loss=0.1965  bal_acc=0.6545
  epoch  35/50  loss=0.1780  bal_acc=0.6163
  epoch  36/50  loss=0.1806  bal_acc=0.6441
  epoch  37/50  loss=0.1700  bal_acc=0.6319
  epoch  38/50  loss=0.1623  bal_acc=0.6493
  epoch  39/50  loss=0.1529  bal_acc=0.6042
  epoch  40/50  loss=0.1496  bal_acc=0.6267
  epoch  41/50  loss=0.1305  bal_acc=0.6233
  epoch  42/50  loss=0.1241  bal_acc=0.6649
  epoch  43/50  loss=0.1265  bal_acc=0.6337
  epoch  44/50  loss=0.1271  bal_acc=0.6302
  epoch  45/50  loss=0.1152  bal_acc=0.6684
  epoch  46/50  loss=0.1133  bal_acc=0.6458
  epoch  47/50  loss=0.1141  bal_acc=0.6111
  epoch  48/50  loss=0.1023  bal_acc=0.6424
  epoch  49/50  loss=0.1044  bal_acc=0.6944
  epoch  50/50  loss=0.0962  bal_acc=0.6267
  [LOSO 3/9] subject 2: acc=0.6267  running_mean=0.5590

=== LOSO (hold out subject 3) ===
  Train: 4608 trials  |  Test: 576 trials
  Model params: 31,464
  epoch   1/50  loss=1.3280  bal_acc=0.3663
  epoch   2/50  loss=1.1765  bal_acc=0.4080
  epoch   3/50  loss=1.0387  bal_acc=0.4306
  epoch   4/50  loss=0.9370  bal_acc=0.4288
  epoch   5/50  loss=0.8236  bal_acc=0.4201
  epoch   6/50  loss=0.7542  bal_acc=0.4670
  epoch   7/50  loss=0.6945  bal_acc=0.4965
  epoch   8/50  loss=0.6408  bal_acc=0.4896
  epoch   9/50  loss=0.5962  bal_acc=0.4896
  epoch  10/50  loss=0.5637  bal_acc=0.4549
  epoch  11/50  loss=0.5310  bal_acc=0.4618
  epoch  12/50  loss=0.5032  bal_acc=0.4722
  epoch  13/50  loss=0.4762  bal_acc=0.5017
  epoch  14/50  loss=0.4520  bal_acc=0.4583
  epoch  15/50  loss=0.4281  bal_acc=0.4913
  epoch  16/50  loss=0.4165  bal_acc=0.4479
  epoch  17/50  loss=0.3864  bal_acc=0.4618
  epoch  18/50  loss=0.3565  bal_acc=0.4688
  epoch  19/50  loss=0.3397  bal_acc=0.4601
  epoch  20/50  loss=0.3286  bal_acc=0.4462
  epoch  21/50  loss=0.3185  bal_acc=0.4931
  epoch  22/50  loss=0.2917  bal_acc=0.4740
  epoch  23/50  loss=0.2898  bal_acc=0.4601
  epoch  24/50  loss=0.2590  bal_acc=0.4896
  epoch  25/50  loss=0.2507  bal_acc=0.4340
  epoch  26/50  loss=0.2368  bal_acc=0.4740
  epoch  27/50  loss=0.2155  bal_acc=0.4965
  epoch  28/50  loss=0.2161  bal_acc=0.4653
  epoch  29/50  loss=0.2025  bal_acc=0.4514
  epoch  30/50  loss=0.1949  bal_acc=0.4635
  epoch  31/50  loss=0.1836  bal_acc=0.4844
  epoch  32/50  loss=0.1735  bal_acc=0.4774
  epoch  33/50  loss=0.1635  bal_acc=0.4740
  epoch  34/50  loss=0.1514  bal_acc=0.4653
  epoch  35/50  loss=0.1515  bal_acc=0.4184
  epoch  36/50  loss=0.1420  bal_acc=0.4601
  epoch  37/50  loss=0.1427  bal_acc=0.4201
  epoch  38/50  loss=0.1282  bal_acc=0.4583
  epoch  39/50  loss=0.1251  bal_acc=0.4774
  epoch  40/50  loss=0.1157  bal_acc=0.4601
  epoch  41/50  loss=0.1059  bal_acc=0.4878
  epoch  42/50  loss=0.1068  bal_acc=0.4531
  epoch  43/50  loss=0.0935  bal_acc=0.4670
  epoch  44/50  loss=0.1022  bal_acc=0.4931
  epoch  45/50  loss=0.0909  bal_acc=0.4549
  epoch  46/50  loss=0.0922  bal_acc=0.4688
  epoch  47/50  loss=0.0875  bal_acc=0.4635
  epoch  48/50  loss=0.0880  bal_acc=0.4601
  epoch  49/50  loss=0.0748  bal_acc=0.4965
  epoch  50/50  loss=0.0692  bal_acc=0.4392
  [LOSO 4/9] subject 3: acc=0.4392  running_mean=0.5291

=== LOSO (hold out subject 4) ===
  Train: 4608 trials  |  Test: 576 trials
  Model params: 31,464
  epoch   1/50  loss=1.3233  bal_acc=0.3038
  epoch   2/50  loss=1.1920  bal_acc=0.3924
  epoch   3/50  loss=1.0521  bal_acc=0.5104
  epoch   4/50  loss=0.9260  bal_acc=0.4722
  epoch   5/50  loss=0.8371  bal_acc=0.4688
  epoch   6/50  loss=0.7664  bal_acc=0.4583
  epoch   7/50  loss=0.7144  bal_acc=0.5260
  epoch   8/50  loss=0.6709  bal_acc=0.4965
  epoch   9/50  loss=0.6402  bal_acc=0.5347
  epoch  10/50  loss=0.5892  bal_acc=0.5052
  epoch  11/50  loss=0.5607  bal_acc=0.5000
  epoch  12/50  loss=0.5346  bal_acc=0.5295
  epoch  13/50  loss=0.4950  bal_acc=0.5556
  epoch  14/50  loss=0.4812  bal_acc=0.5538
  epoch  15/50  loss=0.4574  bal_acc=0.5434
  epoch  16/50  loss=0.4289  bal_acc=0.5139
  epoch  17/50  loss=0.4035  bal_acc=0.5556
  epoch  18/50  loss=0.3789  bal_acc=0.5278
  epoch  19/50  loss=0.3705  bal_acc=0.5122
  epoch  20/50  loss=0.3499  bal_acc=0.5399
  epoch  21/50  loss=0.3426  bal_acc=0.4809
  epoch  22/50  loss=0.3102  bal_acc=0.5260
  epoch  23/50  loss=0.2947  bal_acc=0.5503
  epoch  24/50  loss=0.2804  bal_acc=0.5399
  epoch  25/50  loss=0.2691  bal_acc=0.5243
  epoch  26/50  loss=0.2518  bal_acc=0.5521
  epoch  27/50  loss=0.2392  bal_acc=0.5139
  epoch  28/50  loss=0.2355  bal_acc=0.5556
  epoch  29/50  loss=0.2163  bal_acc=0.5434
  epoch  30/50  loss=0.2027  bal_acc=0.5122
  epoch  31/50  loss=0.1878  bal_acc=0.5469
  epoch  32/50  loss=0.1868  bal_acc=0.5417
  epoch  33/50  loss=0.1776  bal_acc=0.5434
  epoch  34/50  loss=0.1596  bal_acc=0.5503
  epoch  35/50  loss=0.1545  bal_acc=0.5747
  epoch  36/50  loss=0.1503  bal_acc=0.5729
  epoch  37/50  loss=0.1477  bal_acc=0.5625
  epoch  38/50  loss=0.1433  bal_acc=0.5625
  epoch  39/50  loss=0.1262  bal_acc=0.5590
  epoch  40/50  loss=0.1286  bal_acc=0.5608
  epoch  41/50  loss=0.1248  bal_acc=0.5382
  epoch  42/50  loss=0.1214  bal_acc=0.5208
  epoch  43/50  loss=0.1008  bal_acc=0.5469
  epoch  44/50  loss=0.1017  bal_acc=0.5521
  epoch  45/50  loss=0.0965  bal_acc=0.5573
  epoch  46/50  loss=0.0918  bal_acc=0.5538
  epoch  47/50  loss=0.0937  bal_acc=0.5295
  epoch  48/50  loss=0.0907  bal_acc=0.5538
  epoch  49/50  loss=0.0947  bal_acc=0.5503
  epoch  50/50  loss=0.0921  bal_acc=0.5590
  [LOSO 5/9] subject 4: acc=0.5590  running_mean=0.5351

=== LOSO (hold out subject 5) ===
  Train: 4608 trials  |  Test: 576 trials
  Model params: 31,464
  epoch   1/50  loss=1.3357  bal_acc=0.3872
  epoch   2/50  loss=1.1653  bal_acc=0.4323
  epoch   3/50  loss=0.9959  bal_acc=0.4531
  epoch   4/50  loss=0.8605  bal_acc=0.4531
  epoch   5/50  loss=0.7760  bal_acc=0.4479
  epoch   6/50  loss=0.7184  bal_acc=0.4323
  epoch   7/50  loss=0.6744  bal_acc=0.4705
  epoch   8/50  loss=0.6316  bal_acc=0.4167
  epoch   9/50  loss=0.5981  bal_acc=0.4653
  epoch  10/50  loss=0.5690  bal_acc=0.4115
  epoch  11/50  loss=0.5294  bal_acc=0.4688
  epoch  12/50  loss=0.5080  bal_acc=0.3958
  epoch  13/50  loss=0.4995  bal_acc=0.4097
  epoch  14/50  loss=0.4721  bal_acc=0.4427
  epoch  15/50  loss=0.4429  bal_acc=0.4497
  epoch  16/50  loss=0.4090  bal_acc=0.4271
  epoch  17/50  loss=0.3958  bal_acc=0.3854
  epoch  18/50  loss=0.3803  bal_acc=0.3698
  epoch  19/50  loss=0.3581  bal_acc=0.4635
  epoch  20/50  loss=0.3372  bal_acc=0.3663
  epoch  21/50  loss=0.3135  bal_acc=0.3750
  epoch  22/50  loss=0.3053  bal_acc=0.3524
  epoch  23/50  loss=0.2925  bal_acc=0.3663
  epoch  24/50  loss=0.2743  bal_acc=0.4132
  epoch  25/50  loss=0.2643  bal_acc=0.3941
  epoch  26/50  loss=0.2408  bal_acc=0.3559
  epoch  27/50  loss=0.2377  bal_acc=0.3715
  epoch  28/50  loss=0.2240  bal_acc=0.3889
  epoch  29/50  loss=0.2225  bal_acc=0.3472
  epoch  30/50  loss=0.2035  bal_acc=0.3802
  epoch  31/50  loss=0.1963  bal_acc=0.4167
  epoch  32/50  loss=0.1835  bal_acc=0.4149
  epoch  33/50  loss=0.1701  bal_acc=0.3941
  epoch  34/50  loss=0.1700  bal_acc=0.4219
  epoch  35/50  loss=0.1635  bal_acc=0.3819
  epoch  36/50  loss=0.1551  bal_acc=0.3872
  epoch  37/50  loss=0.1469  bal_acc=0.3872
  epoch  38/50  loss=0.1414  bal_acc=0.3785
  epoch  39/50  loss=0.1387  bal_acc=0.4271
  epoch  40/50  loss=0.1335  bal_acc=0.3889
  epoch  41/50  loss=0.1206  bal_acc=0.4045
  epoch  42/50  loss=0.1161  bal_acc=0.3819
  epoch  43/50  loss=0.1166  bal_acc=0.3941
  epoch  44/50  loss=0.1140  bal_acc=0.3785
  epoch  45/50  loss=0.1084  bal_acc=0.3924
  epoch  46/50  loss=0.0967  bal_acc=0.3941
  epoch  47/50  loss=0.0938  bal_acc=0.4253
  epoch  48/50  loss=0.0919  bal_acc=0.3941
  epoch  49/50  loss=0.0843  bal_acc=0.3767
  epoch  50/50  loss=0.0840  bal_acc=0.3628
  [LOSO 6/9] subject 5: acc=0.3628  running_mean=0.5064

=== LOSO (hold out subject 6) ===
  Train: 4608 trials  |  Test: 576 trials
  Model params: 31,464
  epoch   1/50  loss=1.3306  bal_acc=0.3646
  epoch   2/50  loss=1.1842  bal_acc=0.5486
  epoch   3/50  loss=1.0394  bal_acc=0.5747
  epoch   4/50  loss=0.9167  bal_acc=0.5521
  epoch   5/50  loss=0.8392  bal_acc=0.5816
  epoch   6/50  loss=0.7657  bal_acc=0.6111
  epoch   7/50  loss=0.7033  bal_acc=0.6319
  epoch   8/50  loss=0.6691  bal_acc=0.6267
  epoch   9/50  loss=0.6282  bal_acc=0.6267
  epoch  10/50  loss=0.5857  bal_acc=0.6424
  epoch  11/50  loss=0.5511  bal_acc=0.6285
  epoch  12/50  loss=0.5263  bal_acc=0.6649
  epoch  13/50  loss=0.4922  bal_acc=0.6562
  epoch  14/50  loss=0.4716  bal_acc=0.6389
  epoch  15/50  loss=0.4384  bal_acc=0.6441
  epoch  16/50  loss=0.4186  bal_acc=0.5885
  epoch  17/50  loss=0.4022  bal_acc=0.6528
  epoch  18/50  loss=0.3697  bal_acc=0.6372
  epoch  19/50  loss=0.3516  bal_acc=0.6337
  epoch  20/50  loss=0.3238  bal_acc=0.6233
  epoch  21/50  loss=0.3047  bal_acc=0.6059
  epoch  22/50  loss=0.3010  bal_acc=0.6198
  epoch  23/50  loss=0.2874  bal_acc=0.6076
  epoch  24/50  loss=0.2625  bal_acc=0.6128
  epoch  25/50  loss=0.2428  bal_acc=0.6562
  epoch  26/50  loss=0.2228  bal_acc=0.6528
  epoch  27/50  loss=0.2116  bal_acc=0.6389
  epoch  28/50  loss=0.2026  bal_acc=0.6372
  epoch  29/50  loss=0.1964  bal_acc=0.6250
  epoch  30/50  loss=0.1898  bal_acc=0.6424
  epoch  31/50  loss=0.1801  bal_acc=0.6510
  epoch  32/50  loss=0.1728  bal_acc=0.6302
  epoch  33/50  loss=0.1628  bal_acc=0.5972
  epoch  34/50  loss=0.1664  bal_acc=0.6163
  epoch  35/50  loss=0.1474  bal_acc=0.6476
  epoch  36/50  loss=0.1425  bal_acc=0.6267
  epoch  37/50  loss=0.1328  bal_acc=0.6406
  epoch  38/50  loss=0.1302  bal_acc=0.6250
  epoch  39/50  loss=0.1285  bal_acc=0.6441
  epoch  40/50  loss=0.1136  bal_acc=0.6441
  epoch  41/50  loss=0.1115  bal_acc=0.6389
  epoch  42/50  loss=0.1144  bal_acc=0.6042
  epoch  43/50  loss=0.1061  bal_acc=0.6389
  epoch  44/50  loss=0.0981  bal_acc=0.6424
  epoch  45/50  loss=0.1034  bal_acc=0.6250
  epoch  46/50  loss=0.0987  bal_acc=0.6389
  epoch  47/50  loss=0.0860  bal_acc=0.6319
  epoch  48/50  loss=0.0844  bal_acc=0.6424
  epoch  49/50  loss=0.0817  bal_acc=0.6302
  epoch  50/50  loss=0.0769  bal_acc=0.6319
  [LOSO 7/9] subject 6: acc=0.6319  running_mean=0.5243

=== LOSO (hold out subject 7) ===
  Train: 4608 trials  |  Test: 576 trials
  Model params: 31,464
  epoch   1/50  loss=1.3317  bal_acc=0.3854
  epoch   2/50  loss=1.1841  bal_acc=0.4688
  epoch   3/50  loss=1.0657  bal_acc=0.5139
  epoch   4/50  loss=0.9692  bal_acc=0.5503
  epoch   5/50  loss=0.8982  bal_acc=0.5781
  epoch   6/50  loss=0.8210  bal_acc=0.5799
  epoch   7/50  loss=0.7622  bal_acc=0.6163
  epoch   8/50  loss=0.7121  bal_acc=0.6302
  epoch   9/50  loss=0.6634  bal_acc=0.6181
  epoch  10/50  loss=0.6317  bal_acc=0.6198
  epoch  11/50  loss=0.6033  bal_acc=0.6562
  epoch  12/50  loss=0.5710  bal_acc=0.5816
  epoch  13/50  loss=0.5356  bal_acc=0.6372
  epoch  14/50  loss=0.5113  bal_acc=0.6545
  epoch  15/50  loss=0.4900  bal_acc=0.6753
  epoch  16/50  loss=0.4571  bal_acc=0.6510
  epoch  17/50  loss=0.4367  bal_acc=0.6684
  epoch  18/50  loss=0.4112  bal_acc=0.6753
  epoch  19/50  loss=0.4039  bal_acc=0.6684
  epoch  20/50  loss=0.3849  bal_acc=0.6528
  epoch  21/50  loss=0.3621  bal_acc=0.6649
  epoch  22/50  loss=0.3427  bal_acc=0.6632
  epoch  23/50  loss=0.3231  bal_acc=0.6771
  epoch  24/50  loss=0.3003  bal_acc=0.6510
  epoch  25/50  loss=0.2922  bal_acc=0.6615
  epoch  26/50  loss=0.2754  bal_acc=0.6510
  epoch  27/50  loss=0.2660  bal_acc=0.6615
  epoch  28/50  loss=0.2463  bal_acc=0.6649
  epoch  29/50  loss=0.2383  bal_acc=0.6580
  epoch  30/50  loss=0.2281  bal_acc=0.6788
  epoch  31/50  loss=0.2203  bal_acc=0.6649
  epoch  32/50  loss=0.2074  bal_acc=0.6649
  epoch  33/50  loss=0.1925  bal_acc=0.6840
  epoch  34/50  loss=0.1889  bal_acc=0.6632
  epoch  35/50  loss=0.1718  bal_acc=0.6806
  epoch  36/50  loss=0.1784  bal_acc=0.6649
  epoch  37/50  loss=0.1636  bal_acc=0.6736
  epoch  38/50  loss=0.1533  bal_acc=0.6597
  epoch  39/50  loss=0.1493  bal_acc=0.6892
  epoch  40/50  loss=0.1466  bal_acc=0.6806
  epoch  41/50  loss=0.1332  bal_acc=0.6632
  epoch  42/50  loss=0.1260  bal_acc=0.6701
  epoch  43/50  loss=0.1205  bal_acc=0.6823
  epoch  44/50  loss=0.1270  bal_acc=0.6997
  epoch  45/50  loss=0.1177  bal_acc=0.6823
  epoch  46/50  loss=0.1150  bal_acc=0.6562
  epoch  47/50  loss=0.1223  bal_acc=0.6476
  epoch  48/50  loss=0.1073  bal_acc=0.6719
  epoch  49/50  loss=0.0989  bal_acc=0.6875
  epoch  50/50  loss=0.0928  bal_acc=0.6528
  [LOSO 8/9] subject 7: acc=0.6528  running_mean=0.5404

=== LOSO (hold out subject 8) ===
  Train: 4608 trials  |  Test: 576 trials
  Model params: 31,464
  epoch   1/50  loss=1.3220  bal_acc=0.3455
  epoch   2/50  loss=1.1599  bal_acc=0.4427
  epoch   3/50  loss=1.0282  bal_acc=0.4722
  epoch   4/50  loss=0.9362  bal_acc=0.4896
  epoch   5/50  loss=0.8589  bal_acc=0.5156
  epoch   6/50  loss=0.7876  bal_acc=0.5191
  epoch   7/50  loss=0.7266  bal_acc=0.5642
  epoch   8/50  loss=0.6879  bal_acc=0.5660
  epoch   9/50  loss=0.6505  bal_acc=0.5608
  epoch  10/50  loss=0.6118  bal_acc=0.5799
  epoch  11/50  loss=0.5859  bal_acc=0.5660
  epoch  12/50  loss=0.5484  bal_acc=0.5764
  epoch  13/50  loss=0.5197  bal_acc=0.5833
  epoch  14/50  loss=0.4952  bal_acc=0.5243
  epoch  15/50  loss=0.4789  bal_acc=0.5260
  epoch  16/50  loss=0.4456  bal_acc=0.5660
  epoch  17/50  loss=0.4272  bal_acc=0.5764
  epoch  18/50  loss=0.3992  bal_acc=0.5625
  epoch  19/50  loss=0.3697  bal_acc=0.5521
  epoch  20/50  loss=0.3565  bal_acc=0.5694
  epoch  21/50  loss=0.3439  bal_acc=0.5451
  epoch  22/50  loss=0.3283  bal_acc=0.5747
  epoch  23/50  loss=0.3251  bal_acc=0.5851
  epoch  24/50  loss=0.3033  bal_acc=0.5833
  epoch  25/50  loss=0.2830  bal_acc=0.5399
  epoch  26/50  loss=0.2760  bal_acc=0.5920
  epoch  27/50  loss=0.2657  bal_acc=0.5608
  epoch  28/50  loss=0.2480  bal_acc=0.5469
  epoch  29/50  loss=0.2371  bal_acc=0.5712
  epoch  30/50  loss=0.2197  bal_acc=0.5434
  epoch  31/50  loss=0.2016  bal_acc=0.5538
  epoch  32/50  loss=0.2050  bal_acc=0.5694
  epoch  33/50  loss=0.1935  bal_acc=0.5833
  epoch  34/50  loss=0.1840  bal_acc=0.5278
  epoch  35/50  loss=0.1751  bal_acc=0.5729
  epoch  36/50  loss=0.1737  bal_acc=0.5625
  epoch  37/50  loss=0.1608  bal_acc=0.5608
  epoch  38/50  loss=0.1529  bal_acc=0.5625
  epoch  39/50  loss=0.1412  bal_acc=0.5764
  epoch  40/50  loss=0.1401  bal_acc=0.5781
  epoch  41/50  loss=0.1308  bal_acc=0.6146
  epoch  42/50  loss=0.1252  bal_acc=0.5590
  epoch  43/50  loss=0.1331  bal_acc=0.5677
  epoch  44/50  loss=0.1211  bal_acc=0.5851
  epoch  45/50  loss=0.1132  bal_acc=0.5885
  epoch  46/50  loss=0.1121  bal_acc=0.5868
  epoch  47/50  loss=0.1011  bal_acc=0.6059
  epoch  48/50  loss=0.0983  bal_acc=0.5747
  epoch  49/50  loss=0.1025  bal_acc=0.5538
  epoch  50/50  loss=0.0975  bal_acc=0.5747
  [LOSO 9/9] subject 8: acc=0.5747  running_mean=0.5442
Results saved to results/BNCI2014_001/results_trial_57.json
Trial logged to results/BNCI2014_001/trials.csv
[status] trial 57 done (state=COMPLETE, value=0.5441743827160495) -- 52 completed total
Device: cuda
[BNCI2014_001] loading from cache: /home/aleksander.berezowsk/.cache/spiking_eegnet/BNCI2014_001_af1ccf3e92f684d8a93c057082b654d7.npz
[BNCI2014_001] cache hit: (5184, 1, 22, 1001), classes=['feet', 'left_hand', 'right_hand', 'tongue'], subjects=9
Dataset meta: {'n_classes': 4, 'n_channels': 22, 'n_samples': 1001, 'class_names': ['feet', 'left_hand', 'right_hand', 'tongue'], 'subject_list': [1, 2, 3, 4, 5, 6, 7, 8, 9], 'n_subjects': 9, 'sfreq': 250.0}

=== LOSO (hold out subject 0) ===
  Train: 4608 trials  |  Test: 576 trials
  Model params: 15,346
  epoch   1/50  loss=1.2880  bal_acc=0.4132
  epoch   2/50  loss=1.0532  bal_acc=0.4931
  epoch   3/50  loss=0.8918  bal_acc=0.5434
  epoch   4/50  loss=0.7791  bal_acc=0.5590
  epoch   5/50  loss=0.7066  bal_acc=0.5521
  epoch   6/50  loss=0.6558  bal_acc=0.5903
  epoch   7/50  loss=0.5911  bal_acc=0.6111
  epoch   8/50  loss=0.5437  bal_acc=0.6024
  epoch   9/50  loss=0.5144  bal_acc=0.5625
  epoch  10/50  loss=0.4949  bal_acc=0.6128
  epoch  11/50  loss=0.4436  bal_acc=0.6042
  epoch  12/50  loss=0.4169  bal_acc=0.6128
  epoch  13/50  loss=0.3830  bal_acc=0.6163
  epoch  14/50  loss=0.3531  bal_acc=0.6059
  epoch  15/50  loss=0.3439  bal_acc=0.6198
  epoch  16/50  loss=0.3131  bal_acc=0.6285
  epoch  17/50  loss=0.3190  bal_acc=0.6163
  epoch  18/50  loss=0.2870  bal_acc=0.6285
  epoch  19/50  loss=0.2753  bal_acc=0.6059
  epoch  20/50  loss=0.2647  bal_acc=0.5938
  epoch  21/50  loss=0.2579  bal_acc=0.6302
  epoch  22/50  loss=0.2413  bal_acc=0.6163
  epoch  23/50  loss=0.2151  bal_acc=0.6059
  epoch  24/50  loss=0.2273  bal_acc=0.6163
  epoch  25/50  loss=0.2093  bal_acc=0.5990
  epoch  26/50  loss=0.1989  bal_acc=0.6215
  epoch  27/50  loss=0.1794  bal_acc=0.5990
  epoch  28/50  loss=0.1780  bal_acc=0.6215
  epoch  29/50  loss=0.1909  bal_acc=0.5868
  epoch  30/50  loss=0.1793  bal_acc=0.5729
  epoch  31/50  loss=0.1645  bal_acc=0.6163
  epoch  32/50  loss=0.1548  bal_acc=0.5920
  epoch  33/50  loss=0.1674  bal_acc=0.6146
  epoch  34/50  loss=0.1469  bal_acc=0.6111
  epoch  35/50  loss=0.1455  bal_acc=0.5972
  epoch  36/50  loss=0.1512  bal_acc=0.6128
  epoch  37/50  loss=0.1430  bal_acc=0.6215
  epoch  38/50  loss=0.1305  bal_acc=0.6354
  epoch  39/50  loss=0.1214  bal_acc=0.5955
  epoch  40/50  loss=0.1260  bal_acc=0.6007
  epoch  41/50  loss=0.1239  bal_acc=0.6042
  epoch  42/50  loss=0.1121  bal_acc=0.6111
  epoch  43/50  loss=0.1370  bal_acc=0.6389
  epoch  44/50  loss=0.1335  bal_acc=0.6250
  epoch  45/50  loss=0.1325  bal_acc=0.6337
  epoch  46/50  loss=0.1029  bal_acc=0.6233
  epoch  47/50  loss=0.1103  bal_acc=0.5920
  epoch  48/50  loss=0.1120  bal_acc=0.5938
  epoch  49/50  loss=0.0950  bal_acc=0.6094
  epoch  50/50  loss=0.0995  bal_acc=0.6198
  [LOSO 1/9] subject 0: acc=0.6198  running_mean=0.6198

=== LOSO (hold out subject 1) ===
  Train: 4608 trials  |  Test: 576 trials
  Model params: 15,346
  epoch   1/50  loss=1.2705  bal_acc=0.3733
  epoch   2/50  loss=1.0175  bal_acc=0.3854
  epoch   3/50  loss=0.8574  bal_acc=0.4253
  epoch   4/50  loss=0.7388  bal_acc=0.4340
  epoch   5/50  loss=0.6624  bal_acc=0.4688
  epoch   6/50  loss=0.6005  bal_acc=0.4323
  epoch   7/50  loss=0.5408  bal_acc=0.4479
  epoch   8/50  loss=0.4997  bal_acc=0.4201
  epoch   9/50  loss=0.4638  bal_acc=0.4549
  epoch  10/50  loss=0.4236  bal_acc=0.4705
  epoch  11/50  loss=0.3973  bal_acc=0.4670
  epoch  12/50  loss=0.3723  bal_acc=0.4427
  epoch  13/50  loss=0.3520  bal_acc=0.4462
  epoch  14/50  loss=0.3163  bal_acc=0.4601
  epoch  15/50  loss=0.2950  bal_acc=0.4323
  epoch  16/50  loss=0.2770  bal_acc=0.4566
  epoch  17/50  loss=0.2595  bal_acc=0.4514
  epoch  18/50  loss=0.2598  bal_acc=0.4878
  epoch  19/50  loss=0.2339  bal_acc=0.4757
  epoch  20/50  loss=0.2291  bal_acc=0.4688
  epoch  21/50  loss=0.2191  bal_acc=0.4757
  epoch  22/50  loss=0.2007  bal_acc=0.4618
  epoch  23/50  loss=0.1957  bal_acc=0.4618
  epoch  24/50  loss=0.1892  bal_acc=0.4653
  epoch  25/50  loss=0.1773  bal_acc=0.4271
  epoch  26/50  loss=0.1892  bal_acc=0.4792
  epoch  27/50  loss=0.1703  bal_acc=0.4462
  epoch  28/50  loss=0.1500  bal_acc=0.4549
  epoch  29/50  loss=0.1514  bal_acc=0.4358
  epoch  30/50  loss=0.1520  bal_acc=0.4375
  epoch  31/50  loss=0.1347  bal_acc=0.4618
  epoch  32/50  loss=0.1217  bal_acc=0.4444
  epoch  33/50  loss=0.1336  bal_acc=0.4271
  epoch  34/50  loss=0.1415  bal_acc=0.4444
  epoch  35/50  loss=0.1329  bal_acc=0.4080
  epoch  36/50  loss=0.1238  bal_acc=0.4583
  epoch  37/50  loss=0.1095  bal_acc=0.4375
  epoch  38/50  loss=0.1049  bal_acc=0.4653
  epoch  39/50  loss=0.1112  bal_acc=0.4462
  epoch  40/50  loss=0.1155  bal_acc=0.4479
  epoch  41/50  loss=0.1028  bal_acc=0.4705
  epoch  42/50  loss=0.1102  bal_acc=0.4340
  epoch  43/50  loss=0.1022  bal_acc=0.4340
  epoch  44/50  loss=0.1029  bal_acc=0.4271
  epoch  45/50  loss=0.1085  bal_acc=0.4236
  epoch  46/50  loss=0.0963  bal_acc=0.4479
  epoch  47/50  loss=0.0987  bal_acc=0.4149
  epoch  48/50  loss=0.0970  bal_acc=0.4444
  epoch  49/50  loss=0.0890  bal_acc=0.4601
  epoch  50/50  loss=0.0959  bal_acc=0.4479
  [LOSO 2/9] subject 1: acc=0.4479  running_mean=0.5339

=== LOSO (hold out subject 2) ===
  Train: 4608 trials  |  Test: 576 trials
  Model params: 15,346
  epoch   1/50  loss=1.2862  bal_acc=0.4983
  epoch   2/50  loss=1.0681  bal_acc=0.5365
  epoch   3/50  loss=0.9460  bal_acc=0.5486
  epoch   4/50  loss=0.8638  bal_acc=0.5729
  epoch   5/50  loss=0.7593  bal_acc=0.6736
  epoch   6/50  loss=0.7007  bal_acc=0.6476
  epoch   7/50  loss=0.6484  bal_acc=0.7153
  epoch   8/50  loss=0.5910  bal_acc=0.6840
  epoch   9/50  loss=0.5654  bal_acc=0.6910
  epoch  10/50  loss=0.5210  bal_acc=0.6806
  epoch  11/50  loss=0.4844  bal_acc=0.6649
  epoch  12/50  loss=0.4682  bal_acc=0.6823
  epoch  13/50  loss=0.4357  bal_acc=0.6493
  epoch  14/50  loss=0.4171  bal_acc=0.6771
  epoch  15/50  loss=0.3749  bal_acc=0.6667
  epoch  16/50  loss=0.3659  bal_acc=0.6788
  epoch  17/50  loss=0.3438  bal_acc=0.7049
  epoch  18/50  loss=0.3242  bal_acc=0.7170
  epoch  19/50  loss=0.3114  bal_acc=0.6771
  epoch  20/50  loss=0.2923  bal_acc=0.6771
  epoch  21/50  loss=0.2858  bal_acc=0.7240
  epoch  22/50  loss=0.2690  bal_acc=0.7240
  epoch  23/50  loss=0.2672  bal_acc=0.6684
  epoch  24/50  loss=0.2473  bal_acc=0.7240
  epoch  25/50  loss=0.2229  bal_acc=0.6649
  epoch  26/50  loss=0.2208  bal_acc=0.6806
  epoch  27/50  loss=0.2260  bal_acc=0.6927
  epoch  28/50  loss=0.2075  bal_acc=0.6684
  epoch  29/50  loss=0.1984  bal_acc=0.6632
  epoch  30/50  loss=0.1910  bal_acc=0.6858
  epoch  31/50  loss=0.1897  bal_acc=0.6927
  epoch  32/50  loss=0.1768  bal_acc=0.6997
  epoch  33/50  loss=0.1727  bal_acc=0.6997
  epoch  34/50  loss=0.1633  bal_acc=0.6667
  epoch  35/50  loss=0.1879  bal_acc=0.6962
  epoch  36/50  loss=0.1673  bal_acc=0.6493
  epoch  37/50  loss=0.1606  bal_acc=0.6788
  epoch  38/50  loss=0.1365  bal_acc=0.6910
  epoch  39/50  loss=0.1480  bal_acc=0.7031
  epoch  40/50  loss=0.1536  bal_acc=0.7083
  epoch  41/50  loss=0.1362  bal_acc=0.6944
  epoch  42/50  loss=0.1363  bal_acc=0.6823
  epoch  43/50  loss=0.1285  bal_acc=0.7188
  epoch  44/50  loss=0.1396  bal_acc=0.7049
  epoch  45/50  loss=0.1248  bal_acc=0.6997
  epoch  46/50  loss=0.1304  bal_acc=0.7135
  epoch  47/50  loss=0.1128  bal_acc=0.6771
  epoch  48/50  loss=0.1279  bal_acc=0.7326
  epoch  49/50  loss=0.1174  bal_acc=0.6788
  epoch  50/50  loss=0.1110  bal_acc=0.7292
  [LOSO 3/9] subject 2: acc=0.7292  running_mean=0.5990

=== LOSO (hold out subject 3) ===
  Train: 4608 trials  |  Test: 576 trials
  Model params: 15,346
  epoch   1/50  loss=1.2692  bal_acc=0.4045
  epoch   2/50  loss=1.0261  bal_acc=0.5122
  epoch   3/50  loss=0.8582  bal_acc=0.3837
  epoch   4/50  loss=0.7472  bal_acc=0.5122
  epoch   5/50  loss=0.6629  bal_acc=0.4826
  epoch   6/50  loss=0.6066  bal_acc=0.4931
  epoch   7/50  loss=0.5628  bal_acc=0.4878
  epoch   8/50  loss=0.5123  bal_acc=0.5243
  epoch   9/50  loss=0.4510  bal_acc=0.5139
  epoch  10/50  loss=0.4434  bal_acc=0.5052
  epoch  11/50  loss=0.4074  bal_acc=0.4878
  epoch  12/50  loss=0.3720  bal_acc=0.4983
  epoch  13/50  loss=0.3508  bal_acc=0.4601
  epoch  14/50  loss=0.3522  bal_acc=0.5156
  epoch  15/50  loss=0.3207  bal_acc=0.4983
  epoch  16/50  loss=0.3026  bal_acc=0.4670
  epoch  17/50  loss=0.3061  bal_acc=0.4861
  epoch  18/50  loss=0.2692  bal_acc=0.5174
  epoch  19/50  loss=0.2480  bal_acc=0.4583
  epoch  20/50  loss=0.2429  bal_acc=0.5174
  epoch  21/50  loss=0.2349  bal_acc=0.4688
  epoch  22/50  loss=0.2235  bal_acc=0.5000
  epoch  23/50  loss=0.2224  bal_acc=0.5000
  epoch  24/50  loss=0.2019  bal_acc=0.5052
  epoch  25/50  loss=0.1935  bal_acc=0.5122
  epoch  26/50  loss=0.1907  bal_acc=0.4861
  epoch  27/50  loss=0.1786  bal_acc=0.5174
  epoch  28/50  loss=0.1612  bal_acc=0.5000
  epoch  29/50  loss=0.1719  bal_acc=0.4913
  epoch  30/50  loss=0.1506  bal_acc=0.5035
  epoch  31/50  loss=0.1507  bal_acc=0.4861
  epoch  32/50  loss=0.1442  bal_acc=0.4826
  epoch  33/50  loss=0.1418  bal_acc=0.5434
  epoch  34/50  loss=0.1412  bal_acc=0.4462
  epoch  35/50  loss=0.1263  bal_acc=0.4705
  epoch  36/50  loss=0.1343  bal_acc=0.4566
  epoch  37/50  loss=0.1184  bal_acc=0.5104
  epoch  38/50  loss=0.1233  bal_acc=0.4965
  epoch  39/50  loss=0.1382  bal_acc=0.5122
  epoch  40/50  loss=0.1105  bal_acc=0.4965
  epoch  41/50  loss=0.1041  bal_acc=0.4688
  epoch  42/50  loss=0.1123  bal_acc=0.5104
  epoch  43/50  loss=0.1100  bal_acc=0.4444
  epoch  44/50  loss=0.1090  bal_acc=0.4826
  epoch  45/50  loss=0.1248  bal_acc=0.4844
  epoch  46/50  loss=0.1263  bal_acc=0.4913
  epoch  47/50  loss=0.0989  bal_acc=0.4705
  epoch  48/50  loss=0.1012  bal_acc=0.5191
  epoch  49/50  loss=0.0881  bal_acc=0.5122
  epoch  50/50  loss=0.0934  bal_acc=0.4479
  [LOSO 4/9] subject 3: acc=0.4479  running_mean=0.5612

=== LOSO (hold out subject 4) ===
  Train: 4608 trials  |  Test: 576 trials
  Model params: 15,346
  epoch   1/50  loss=1.2638  bal_acc=0.3924
  epoch   2/50  loss=1.0211  bal_acc=0.4358
  epoch   3/50  loss=0.8723  bal_acc=0.4253
  epoch   4/50  loss=0.7594  bal_acc=0.4410
  epoch   5/50  loss=0.6938  bal_acc=0.5139
  epoch   6/50  loss=0.6255  bal_acc=0.4948
  epoch   7/50  loss=0.5791  bal_acc=0.4045
  epoch   8/50  loss=0.5331  bal_acc=0.5503
  epoch   9/50  loss=0.4845  bal_acc=0.5052
  epoch  10/50  loss=0.4655  bal_acc=0.4427
  epoch  11/50  loss=0.4302  bal_acc=0.5573
  epoch  12/50  loss=0.4163  bal_acc=0.5104
  epoch  13/50  loss=0.3707  bal_acc=0.5469
  epoch  14/50  loss=0.3616  bal_acc=0.4861
  epoch  15/50  loss=0.3421  bal_acc=0.5312
  epoch  16/50  loss=0.3114  bal_acc=0.5069
  epoch  17/50  loss=0.2923  bal_acc=0.5243
  epoch  18/50  loss=0.2871  bal_acc=0.5417
  epoch  19/50  loss=0.2677  bal_acc=0.5399
  epoch  20/50  loss=0.2548  bal_acc=0.5573
  epoch  21/50  loss=0.2383  bal_acc=0.5295
  epoch  22/50  loss=0.2367  bal_acc=0.5434
  epoch  23/50  loss=0.2200  bal_acc=0.5399
  epoch  24/50  loss=0.2019  bal_acc=0.5174
  epoch  25/50  loss=0.2085  bal_acc=0.5295
  epoch  26/50  loss=0.2011  bal_acc=0.5174
  epoch  27/50  loss=0.1887  bal_acc=0.5208
  epoch  28/50  loss=0.1801  bal_acc=0.5312
  epoch  29/50  loss=0.1814  bal_acc=0.5260
  epoch  30/50  loss=0.1672  bal_acc=0.5226
  epoch  31/50  loss=0.1534  bal_acc=0.5104
  epoch  32/50  loss=0.1595  bal_acc=0.5226
  epoch  33/50  loss=0.1402  bal_acc=0.5226
  epoch  34/50  loss=0.1445  bal_acc=0.5382
  epoch  35/50  loss=0.1387  bal_acc=0.5312
  epoch  36/50  loss=0.1332  bal_acc=0.5486
  epoch  37/50  loss=0.1384  bal_acc=0.5208
  epoch  38/50  loss=0.1411  bal_acc=0.5156
  epoch  39/50  loss=0.1479  bal_acc=0.5017
  epoch  40/50  loss=0.1177  bal_acc=0.5069
  epoch  41/50  loss=0.1235  bal_acc=0.5260
  epoch  42/50  loss=0.1166  bal_acc=0.5035
  epoch  43/50  loss=0.1167  bal_acc=0.5035
  epoch  44/50  loss=0.1250  bal_acc=0.4983
  epoch  45/50  loss=0.1244  bal_acc=0.5139
  epoch  46/50  loss=0.1102  bal_acc=0.5035
  epoch  47/50  loss=0.1140  bal_acc=0.5017
  epoch  48/50  loss=0.1098  bal_acc=0.5226
  epoch  49/50  loss=0.1133  bal_acc=0.5017
  epoch  50/50  loss=0.1121  bal_acc=0.5486
  [LOSO 5/9] subject 4: acc=0.5486  running_mean=0.5587

=== LOSO (hold out subject 5) ===
  Train: 4608 trials  |  Test: 576 trials
  Model params: 15,346
  epoch   1/50  loss=1.2672  bal_acc=0.4253
  epoch   2/50  loss=1.0203  bal_acc=0.4045
  epoch   3/50  loss=0.8422  bal_acc=0.4549
  epoch   4/50  loss=0.7327  bal_acc=0.4062
  epoch   5/50  loss=0.6679  bal_acc=0.4149
  epoch   6/50  loss=0.5958  bal_acc=0.4688
  epoch   7/50  loss=0.5450  bal_acc=0.4566
  epoch   8/50  loss=0.4935  bal_acc=0.4618
  epoch   9/50  loss=0.4768  bal_acc=0.4271
  epoch  10/50  loss=0.4472  bal_acc=0.4010
  epoch  11/50  loss=0.4041  bal_acc=0.3976
  epoch  12/50  loss=0.3933  bal_acc=0.4514
  epoch  13/50  loss=0.3451  bal_acc=0.4271
  epoch  14/50  loss=0.3341  bal_acc=0.4792
  epoch  15/50  loss=0.3064  bal_acc=0.4149
  epoch  16/50  loss=0.3010  bal_acc=0.4601
  epoch  17/50  loss=0.2888  bal_acc=0.4115
  epoch  18/50  loss=0.2652  bal_acc=0.4878
  epoch  19/50  loss=0.2588  bal_acc=0.4271
  epoch  20/50  loss=0.2391  bal_acc=0.4653
  epoch  21/50  loss=0.2422  bal_acc=0.4722
  epoch  22/50  loss=0.2114  bal_acc=0.4444
  epoch  23/50  loss=0.2075  bal_acc=0.4323
  epoch  24/50  loss=0.2066  bal_acc=0.4583
  epoch  25/50  loss=0.2104  bal_acc=0.4635
  epoch  26/50  loss=0.1889  bal_acc=0.4705
  epoch  27/50  loss=0.1755  bal_acc=0.4514
  epoch  28/50  loss=0.1753  bal_acc=0.4340
  epoch  29/50  loss=0.1552  bal_acc=0.4688
  epoch  30/50  loss=0.1589  bal_acc=0.4792
  epoch  31/50  loss=0.1510  bal_acc=0.4566
  epoch  32/50  loss=0.1576  bal_acc=0.4253
  epoch  33/50  loss=0.1640  bal_acc=0.4358
  epoch  34/50  loss=0.1341  bal_acc=0.4601
  epoch  35/50  loss=0.1312  bal_acc=0.4878
  epoch  36/50  loss=0.1340  bal_acc=0.4288
  epoch  37/50  loss=0.1194  bal_acc=0.4618
  epoch  38/50  loss=0.1220  bal_acc=0.4566
  epoch  39/50  loss=0.1203  bal_acc=0.4826
  epoch  40/50  loss=0.1125  bal_acc=0.4635
  epoch  41/50  loss=0.1223  bal_acc=0.4462
  epoch  42/50  loss=0.1212  bal_acc=0.4358
  epoch  43/50  loss=0.1186  bal_acc=0.4201
  epoch  44/50  loss=0.1124  bal_acc=0.4583
  epoch  45/50  loss=0.1067  bal_acc=0.4531
  epoch  46/50  loss=0.1057  bal_acc=0.4809
  epoch  47/50  loss=0.0984  bal_acc=0.4392
  epoch  48/50  loss=0.1217  bal_acc=0.4549
  epoch  49/50  loss=0.1008  bal_acc=0.4427
  epoch  50/50  loss=0.1033  bal_acc=0.4479
  [LOSO 6/9] subject 5: acc=0.4479  running_mean=0.5402

=== LOSO (hold out subject 6) ===
  Train: 4608 trials  |  Test: 576 trials
  Model params: 15,346
  epoch   1/50  loss=1.2681  bal_acc=0.4340
  epoch   2/50  loss=1.0314  bal_acc=0.5816
  epoch   3/50  loss=0.8522  bal_acc=0.5833
  epoch   4/50  loss=0.7778  bal_acc=0.6285
  epoch   5/50  loss=0.6885  bal_acc=0.6319
  epoch   6/50  loss=0.6406  bal_acc=0.6076
  epoch   7/50  loss=0.5931  bal_acc=0.6007
  epoch   8/50  loss=0.5371  bal_acc=0.6076
  epoch   9/50  loss=0.4992  bal_acc=0.6493
  epoch  10/50  loss=0.4725  bal_acc=0.6476
  epoch  11/50  loss=0.4429  bal_acc=0.6250
  epoch  12/50  loss=0.4282  bal_acc=0.5833
  epoch  13/50  loss=0.3871  bal_acc=0.6285
  epoch  14/50  loss=0.3726  bal_acc=0.6441
  epoch  15/50  loss=0.3534  bal_acc=0.5955
  epoch  16/50  loss=0.3239  bal_acc=0.6354
  epoch  17/50  loss=0.3068  bal_acc=0.6285
  epoch  18/50  loss=0.2927  bal_acc=0.6476
  epoch  19/50  loss=0.2781  bal_acc=0.6337
  epoch  20/50  loss=0.2617  bal_acc=0.5799
  epoch  21/50  loss=0.2582  bal_acc=0.6267
  epoch  22/50  loss=0.2435  bal_acc=0.6389
  epoch  23/50  loss=0.2272  bal_acc=0.6337
  epoch  24/50  loss=0.2219  bal_acc=0.6267
  epoch  25/50  loss=0.2086  bal_acc=0.6458
  epoch  26/50  loss=0.1994  bal_acc=0.6337
  epoch  27/50  loss=0.1871  bal_acc=0.5660
  epoch  28/50  loss=0.1960  bal_acc=0.6007
  epoch  29/50  loss=0.1822  bal_acc=0.6059
  epoch  30/50  loss=0.1725  bal_acc=0.6354
  epoch  31/50  loss=0.1789  bal_acc=0.6007
  epoch  32/50  loss=0.1779  bal_acc=0.6476
  epoch  33/50  loss=0.1584  bal_acc=0.6285
  epoch  34/50  loss=0.1460  bal_acc=0.6319
  epoch  35/50  loss=0.1427  bal_acc=0.5920
  epoch  36/50  loss=0.1429  bal_acc=0.6163
  epoch  37/50  loss=0.1521  bal_acc=0.6059
  epoch  38/50  loss=0.1426  bal_acc=0.6337
  epoch  39/50  loss=0.1459  bal_acc=0.6476
  epoch  40/50  loss=0.1485  bal_acc=0.6389
  epoch  41/50  loss=0.1287  bal_acc=0.6059
  epoch  42/50  loss=0.1272  bal_acc=0.5920
  epoch  43/50  loss=0.1295  bal_acc=0.6042
  epoch  44/50  loss=0.1357  bal_acc=0.6250
  epoch  45/50  loss=0.1110  bal_acc=0.6024
  epoch  46/50  loss=0.1175  bal_acc=0.6528
  epoch  47/50  loss=0.1093  bal_acc=0.6163
  epoch  48/50  loss=0.1125  bal_acc=0.5712
  epoch  49/50  loss=0.1139  bal_acc=0.6319
  epoch  50/50  loss=0.1094  bal_acc=0.5851
  [LOSO 7/9] subject 6: acc=0.5851  running_mean=0.5466

=== LOSO (hold out subject 7) ===
  Train: 4608 trials  |  Test: 576 trials
  Model params: 15,346
  epoch   1/50  loss=1.2784  bal_acc=0.4410
  epoch   2/50  loss=1.0681  bal_acc=0.4965
  epoch   3/50  loss=0.9464  bal_acc=0.5191
  epoch   4/50  loss=0.8481  bal_acc=0.5781
  epoch   5/50  loss=0.7593  bal_acc=0.5851
  epoch   6/50  loss=0.6917  bal_acc=0.6319
  epoch   7/50  loss=0.6288  bal_acc=0.6406
  epoch   8/50  loss=0.5775  bal_acc=0.6389
  epoch   9/50  loss=0.5385  bal_acc=0.6510
  epoch  10/50  loss=0.5043  bal_acc=0.6128
  epoch  11/50  loss=0.4697  bal_acc=0.6753
  epoch  12/50  loss=0.4461  bal_acc=0.6302
  epoch  13/50  loss=0.4092  bal_acc=0.6215
  epoch  14/50  loss=0.3860  bal_acc=0.6684
  epoch  15/50  loss=0.3728  bal_acc=0.6319
  epoch  16/50  loss=0.3444  bal_acc=0.6719
  epoch  17/50  loss=0.3310  bal_acc=0.6510
  epoch  18/50  loss=0.3164  bal_acc=0.6910
  epoch  19/50  loss=0.3063  bal_acc=0.6562
  epoch  20/50  loss=0.2851  bal_acc=0.6580
  epoch  21/50  loss=0.2795  bal_acc=0.6701
  epoch  22/50  loss=0.2641  bal_acc=0.6788
  epoch  23/50  loss=0.2533  bal_acc=0.6788
  epoch  24/50  loss=0.2397  bal_acc=0.6597
  epoch  25/50  loss=0.2304  bal_acc=0.6510
  epoch  26/50  loss=0.2158  bal_acc=0.6753
  epoch  27/50  loss=0.2166  bal_acc=0.6424
  epoch  28/50  loss=0.2192  bal_acc=0.6510
  epoch  29/50  loss=0.1962  bal_acc=0.6649
  epoch  30/50  loss=0.1944  bal_acc=0.6684
  epoch  31/50  loss=0.1798  bal_acc=0.6545
  epoch  32/50  loss=0.1809  bal_acc=0.6753
  epoch  33/50  loss=0.1786  bal_acc=0.6684
  epoch  34/50  loss=0.1671  bal_acc=0.6771
  epoch  35/50  loss=0.1633  bal_acc=0.6875
  epoch  36/50  loss=0.1717  bal_acc=0.6441
  epoch  37/50  loss=0.1526  bal_acc=0.6458
  epoch  38/50  loss=0.1505  bal_acc=0.6528
  epoch  39/50  loss=0.1503  bal_acc=0.6823
  epoch  40/50  loss=0.1433  bal_acc=0.6684
  epoch  41/50  loss=0.1421  bal_acc=0.6441
  epoch  42/50  loss=0.1308  bal_acc=0.6319
  epoch  43/50  loss=0.1226  bal_acc=0.6424
  epoch  44/50  loss=0.1264  bal_acc=0.6441
  epoch  45/50  loss=0.1256  bal_acc=0.6649
  epoch  46/50  loss=0.1254  bal_acc=0.6441
  epoch  47/50  loss=0.1332  bal_acc=0.6128
  epoch  48/50  loss=0.1248  bal_acc=0.6545
  epoch  49/50  loss=0.1128  bal_acc=0.6562
  epoch  50/50  loss=0.1126  bal_acc=0.6719
  [LOSO 8/9] subject 7: acc=0.6719  running_mean=0.5623

=== LOSO (hold out subject 8) ===
  Train: 4608 trials  |  Test: 576 trials
  Model params: 15,346
  epoch   1/50  loss=1.2917  bal_acc=0.4340
  epoch   2/50  loss=1.0743  bal_acc=0.4375
  epoch   3/50  loss=0.9147  bal_acc=0.5347
  epoch   4/50  loss=0.7900  bal_acc=0.5069
  epoch   5/50  loss=0.7061  bal_acc=0.4931
  epoch   6/50  loss=0.6411  bal_acc=0.5660
  epoch   7/50  loss=0.6125  bal_acc=0.5573
  epoch   8/50  loss=0.5555  bal_acc=0.5781
  epoch   9/50  loss=0.5146  bal_acc=0.4878
  epoch  10/50  loss=0.4627  bal_acc=0.5590
  epoch  11/50  loss=0.4558  bal_acc=0.5139
  epoch  12/50  loss=0.4162  bal_acc=0.5347
  epoch  13/50  loss=0.3929  bal_acc=0.5052
  epoch  14/50  loss=0.3725  bal_acc=0.5035
  epoch  15/50  loss=0.3462  bal_acc=0.5417
  epoch  16/50  loss=0.3194  bal_acc=0.5469
  epoch  17/50  loss=0.3259  bal_acc=0.4948
  epoch  18/50  loss=0.3082  bal_acc=0.5469
  epoch  19/50  loss=0.2749  bal_acc=0.5365
  epoch  20/50  loss=0.2653  bal_acc=0.5417
  epoch  21/50  loss=0.2518  bal_acc=0.5243
  epoch  22/50  loss=0.2523  bal_acc=0.5503
  epoch  23/50  loss=0.2311  bal_acc=0.5191
  epoch  24/50  loss=0.2297  bal_acc=0.4983
  epoch  25/50  loss=0.2167  bal_acc=0.5312
  epoch  26/50  loss=0.1989  bal_acc=0.5017
  epoch  27/50  loss=0.1925  bal_acc=0.5434
  epoch  28/50  loss=0.1843  bal_acc=0.5052
  epoch  29/50  loss=0.1800  bal_acc=0.5156
  epoch  30/50  loss=0.1856  bal_acc=0.5174
  epoch  31/50  loss=0.1768  bal_acc=0.5469
  epoch  32/50  loss=0.1580  bal_acc=0.5174
  epoch  33/50  loss=0.1607  bal_acc=0.5295
  epoch  34/50  loss=0.1499  bal_acc=0.5035
  epoch  35/50  loss=0.1437  bal_acc=0.5087
  epoch  36/50  loss=0.1305  bal_acc=0.4931
  epoch  37/50  loss=0.1403  bal_acc=0.5069
  epoch  38/50  loss=0.1476  bal_acc=0.5278
  epoch  39/50  loss=0.1377  bal_acc=0.5365
  epoch  40/50  loss=0.1301  bal_acc=0.5069
  epoch  41/50  loss=0.1275  bal_acc=0.4757
  epoch  42/50  loss=0.1248  bal_acc=0.5104
  epoch  43/50  loss=0.1310  bal_acc=0.4948
  epoch  44/50  loss=0.1206  bal_acc=0.5382
  epoch  45/50  loss=0.1238  bal_acc=0.4931
  epoch  46/50  loss=0.1211  bal_acc=0.5191
  epoch  47/50  loss=0.1146  bal_acc=0.5035
  epoch  48/50  loss=0.0994  bal_acc=0.4774
  epoch  49/50  loss=0.0930  bal_acc=0.4618
  epoch  50/50  loss=0.1069  bal_acc=0.5469
  [LOSO 9/9] subject 8: acc=0.5469  running_mean=0.5606
Results saved to results/BNCI2014_001/results_trial_61.json
Trial logged to results/BNCI2014_001/trials.csv
[status] trial 61 done (state=COMPLETE, value=0.560570987654321) -- 55 completed total
Device: cuda
[BNCI2014_001] loading from cache: /home/aleksander.berezowsk/.cache/spiking_eegnet/BNCI2014_001_af1ccf3e92f684d8a93c057082b654d7.npz
[BNCI2014_001] cache hit: (5184, 1, 22, 1001), classes=['feet', 'left_hand', 'right_hand', 'tongue'], subjects=9
Dataset meta: {'n_classes': 4, 'n_channels': 22, 'n_samples': 1001, 'class_names': ['feet', 'left_hand', 'right_hand', 'tongue'], 'subject_list': [1, 2, 3, 4, 5, 6, 7, 8, 9], 'n_subjects': 9, 'sfreq': 250.0}

=== LOSO (hold out subject 0) ===
  Train: 4608 trials  |  Test: 576 trials
  Model params: 7,554
  epoch   1/50  loss=1.3577  bal_acc=0.3715
  epoch   2/50  loss=1.2681  bal_acc=0.4115
  epoch   3/50  loss=1.1585  bal_acc=0.4618
  epoch   4/50  loss=1.0813  bal_acc=0.4635
  epoch   5/50  loss=1.0251  bal_acc=0.4792
  epoch   6/50  loss=0.9726  bal_acc=0.5226
  epoch   7/50  loss=0.9301  bal_acc=0.5365
  epoch   8/50  loss=0.8970  bal_acc=0.4878
  epoch   9/50  loss=0.8565  bal_acc=0.5260
  epoch  10/50  loss=0.8316  bal_acc=0.5434
  epoch  11/50  loss=0.8040  bal_acc=0.5573
  epoch  12/50  loss=0.7726  bal_acc=0.5677
  epoch  13/50  loss=0.7562  bal_acc=0.5851
  epoch  14/50  loss=0.7326  bal_acc=0.5816
  epoch  15/50  loss=0.7187  bal_acc=0.5851
  epoch  16/50  loss=0.6977  bal_acc=0.5868
  epoch  17/50  loss=0.6757  bal_acc=0.5747
  epoch  18/50  loss=0.6697  bal_acc=0.5799
  epoch  19/50  loss=0.6549  bal_acc=0.5851
  epoch  20/50  loss=0.6398  bal_acc=0.5938
  epoch  21/50  loss=0.6239  bal_acc=0.5972
  epoch  22/50  loss=0.6186  bal_acc=0.6059
  epoch  23/50  loss=0.5997  bal_acc=0.6198
  epoch  24/50  loss=0.5882  bal_acc=0.5938
  epoch  25/50  loss=0.5874  bal_acc=0.6250
  epoch  26/50  loss=0.5711  bal_acc=0.6163
  epoch  27/50  loss=0.5735  bal_acc=0.6267
  epoch  28/50  loss=0.5516  bal_acc=0.6128
  epoch  29/50  loss=0.5459  bal_acc=0.6319
  epoch  30/50  loss=0.5391  bal_acc=0.6458
  epoch  31/50  loss=0.5347  bal_acc=0.6024
  epoch  32/50  loss=0.5273  bal_acc=0.6250
  epoch  33/50  loss=0.5270  bal_acc=0.6042
  epoch  34/50  loss=0.5279  bal_acc=0.6215
  epoch  35/50  loss=0.5037  bal_acc=0.6181
  epoch  36/50  loss=0.4935  bal_acc=0.6146
  epoch  37/50  loss=0.4915  bal_acc=0.6059
  epoch  38/50  loss=0.5024  bal_acc=0.6076
  epoch  39/50  loss=0.4818  bal_acc=0.5990
  epoch  40/50  loss=0.4649  bal_acc=0.6007
  epoch  41/50  loss=0.4708  bal_acc=0.6233
  epoch  42/50  loss=0.4611  bal_acc=0.5903
  epoch  43/50  loss=0.4627  bal_acc=0.6094
  epoch  44/50  loss=0.4444  bal_acc=0.5833
  epoch  45/50  loss=0.4527  bal_acc=0.5642
  epoch  46/50  loss=0.4464  bal_acc=0.6267
  epoch  47/50  loss=0.4355  bal_acc=0.6007
  epoch  48/50  loss=0.4402  bal_acc=0.6094
  epoch  49/50  loss=0.4337  bal_acc=0.5990
  epoch  50/50  loss=0.4284  bal_acc=0.6111
  [LOSO 1/9] subject 0: acc=0.6111  running_mean=0.6111

=== LOSO (hold out subject 1) ===
  Train: 4608 trials  |  Test: 576 trials
  Model params: 7,554
  epoch   1/50  loss=1.3567  bal_acc=0.3698
  epoch   2/50  loss=1.2427  bal_acc=0.3802
  epoch   3/50  loss=1.1210  bal_acc=0.3976
  epoch   4/50  loss=1.0416  bal_acc=0.3767
  epoch   5/50  loss=0.9739  bal_acc=0.4271
  epoch   6/50  loss=0.9239  bal_acc=0.4010
  epoch   7/50  loss=0.8757  bal_acc=0.3924
  epoch   8/50  loss=0.8308  bal_acc=0.4149
  epoch   9/50  loss=0.7965  bal_acc=0.4271
  epoch  10/50  loss=0.7621  bal_acc=0.4253
  epoch  11/50  loss=0.7368  bal_acc=0.4149
  epoch  12/50  loss=0.7075  bal_acc=0.4462
  epoch  13/50  loss=0.6790  bal_acc=0.4253
  epoch  14/50  loss=0.6640  bal_acc=0.4184
  epoch  15/50  loss=0.6425  bal_acc=0.4271
  epoch  16/50  loss=0.6248  bal_acc=0.4201
  epoch  17/50  loss=0.6089  bal_acc=0.4306
  epoch  18/50  loss=0.5931  bal_acc=0.4583
  epoch  19/50  loss=0.5821  bal_acc=0.4306
  epoch  20/50  loss=0.5662  bal_acc=0.4462
  epoch  21/50  loss=0.5572  bal_acc=0.4288
  epoch  22/50  loss=0.5467  bal_acc=0.4427
  epoch  23/50  loss=0.5400  bal_acc=0.4462
  epoch  24/50  loss=0.5260  bal_acc=0.4514
  epoch  25/50  loss=0.5156  bal_acc=0.4462
  epoch  26/50  loss=0.5149  bal_acc=0.4392
  epoch  27/50  loss=0.5077  bal_acc=0.4497
  epoch  28/50  loss=0.4950  bal_acc=0.4740
  epoch  29/50  loss=0.4740  bal_acc=0.4722
  epoch  30/50  loss=0.4665  bal_acc=0.4531
  epoch  31/50  loss=0.4548  bal_acc=0.4774
  epoch  32/50  loss=0.4647  bal_acc=0.4358
  epoch  33/50  loss=0.4571  bal_acc=0.4531
  epoch  34/50  loss=0.4432  bal_acc=0.4410
  epoch  35/50  loss=0.4441  bal_acc=0.4236
  epoch  36/50  loss=0.4364  bal_acc=0.4722
  epoch  37/50  loss=0.4257  bal_acc=0.4601
  epoch  38/50  loss=0.4060  bal_acc=0.4462
  epoch  39/50  loss=0.4181  bal_acc=0.4253
  epoch  40/50  loss=0.4151  bal_acc=0.4583
  epoch  41/50  loss=0.4004  bal_acc=0.4670
  epoch  42/50  loss=0.4024  bal_acc=0.4514
  epoch  43/50  loss=0.4042  bal_acc=0.4340
  epoch  44/50  loss=0.3918  bal_acc=0.4462
  epoch  45/50  loss=0.3739  bal_acc=0.4306
  epoch  46/50  loss=0.3900  bal_acc=0.4444
  epoch  47/50  loss=0.3731  bal_acc=0.4271
  epoch  48/50  loss=0.3756  bal_acc=0.4497
  epoch  49/50  loss=0.3732  bal_acc=0.4618
  epoch  50/50  loss=0.3621  bal_acc=0.4740
  [LOSO 2/9] subject 1: acc=0.4740  running_mean=0.5425

=== LOSO (hold out subject 2) ===
  Train: 4608 trials  |  Test: 576 trials
  Model params: 7,554
  epoch   1/50  loss=1.3701  bal_acc=0.3542
  epoch   2/50  loss=1.2982  bal_acc=0.4462
  epoch   3/50  loss=1.2154  bal_acc=0.4653
  epoch   4/50  loss=1.1238  bal_acc=0.5382
  epoch   5/50  loss=1.0538  bal_acc=0.5625
  epoch   6/50  loss=0.9944  bal_acc=0.5608
  epoch   7/50  loss=0.9496  bal_acc=0.6146
  epoch   8/50  loss=0.9098  bal_acc=0.6354
  epoch   9/50  loss=0.8811  bal_acc=0.5920
  epoch  10/50  loss=0.8503  bal_acc=0.6441
  epoch  11/50  loss=0.8185  bal_acc=0.6510
  epoch  12/50  loss=0.8120  bal_acc=0.6597
  epoch  13/50  loss=0.7758  bal_acc=0.6424
  epoch  14/50  loss=0.7595  bal_acc=0.6510
  epoch  15/50  loss=0.7367  bal_acc=0.6389
  epoch  16/50  loss=0.7305  bal_acc=0.6684
  epoch  17/50  loss=0.7071  bal_acc=0.6267
  epoch  18/50  loss=0.6937  bal_acc=0.6597
  epoch  19/50  loss=0.6880  bal_acc=0.6597
  epoch  20/50  loss=0.6682  bal_acc=0.6701
  epoch  21/50  loss=0.6642  bal_acc=0.6840
  epoch  22/50  loss=0.6433  bal_acc=0.6163
  epoch  23/50  loss=0.6298  bal_acc=0.7014
  epoch  24/50  loss=0.6141  bal_acc=0.6736
  epoch  25/50  loss=0.6205  bal_acc=0.7413
  epoch  26/50  loss=0.6076  bal_acc=0.6372
  epoch  27/50  loss=0.5941  bal_acc=0.6736
  epoch  28/50  loss=0.5936  bal_acc=0.6788
  epoch  29/50  loss=0.5795  bal_acc=0.6701
  epoch  30/50  loss=0.5758  bal_acc=0.6997
  epoch  31/50  loss=0.5665  bal_acc=0.7083
  epoch  32/50  loss=0.5576  bal_acc=0.6302
  epoch  33/50  loss=0.5510  bal_acc=0.7066
  epoch  34/50  loss=0.5519  bal_acc=0.6997
  epoch  35/50  loss=0.5377  bal_acc=0.6858
  epoch  36/50  loss=0.5302  bal_acc=0.6944
  epoch  37/50  loss=0.5213  bal_acc=0.7274
  epoch  38/50  loss=0.5171  bal_acc=0.7031
  epoch  39/50  loss=0.5150  bal_acc=0.6580
  epoch  40/50  loss=0.5047  bal_acc=0.6927
  epoch  41/50  loss=0.5033  bal_acc=0.7083
  epoch  42/50  loss=0.4898  bal_acc=0.7188
  epoch  43/50  loss=0.4974  bal_acc=0.6875
  epoch  44/50  loss=0.4901  bal_acc=0.6892
  epoch  45/50  loss=0.4888  bal_acc=0.6615
  epoch  46/50  loss=0.4751  bal_acc=0.6858
  epoch  47/50  loss=0.4710  bal_acc=0.6667
  epoch  48/50  loss=0.4609  bal_acc=0.6545
  epoch  49/50  loss=0.4723  bal_acc=0.6771
  epoch  50/50  loss=0.4529  bal_acc=0.6406
  [LOSO 3/9] subject 2: acc=0.6406  running_mean=0.5752

=== LOSO (hold out subject 3) ===
  Train: 4608 trials  |  Test: 576 trials
  Model params: 7,554
  epoch   1/50  loss=1.3568  bal_acc=0.3524
  epoch   2/50  loss=1.2479  bal_acc=0.3559
  epoch   3/50  loss=1.1356  bal_acc=0.4201
  epoch   4/50  loss=1.0654  bal_acc=0.4323
  epoch   5/50  loss=1.0066  bal_acc=0.4583
  epoch   6/50  loss=0.9593  bal_acc=0.4514
  epoch   7/50  loss=0.9041  bal_acc=0.4479
  epoch   8/50  loss=0.8459  bal_acc=0.4635
  epoch   9/50  loss=0.8070  bal_acc=0.4601
  epoch  10/50  loss=0.7790  bal_acc=0.4410
  epoch  11/50  loss=0.7421  bal_acc=0.5069
  epoch  12/50  loss=0.7212  bal_acc=0.5139
  epoch  13/50  loss=0.6973  bal_acc=0.4358
  epoch  14/50  loss=0.6765  bal_acc=0.5052
  epoch  15/50  loss=0.6666  bal_acc=0.5069
  epoch  16/50  loss=0.6537  bal_acc=0.4931
  epoch  17/50  loss=0.6261  bal_acc=0.5087
  epoch  18/50  loss=0.6070  bal_acc=0.5017
  epoch  19/50  loss=0.5949  bal_acc=0.4583
  epoch  20/50  loss=0.5945  bal_acc=0.4670
  epoch  21/50  loss=0.5680  bal_acc=0.4601
  epoch  22/50  loss=0.5670  bal_acc=0.5278
  epoch  23/50  loss=0.5536  bal_acc=0.5035
  epoch  24/50  loss=0.5437  bal_acc=0.4809
  epoch  25/50  loss=0.5478  bal_acc=0.4861
  epoch  26/50  loss=0.5229  bal_acc=0.4792
  epoch  27/50  loss=0.5199  bal_acc=0.5260
  epoch  28/50  loss=0.5143  bal_acc=0.5295
  epoch  29/50  loss=0.5058  bal_acc=0.4965
  epoch  30/50  loss=0.4999  bal_acc=0.5052
  epoch  31/50  loss=0.5008  bal_acc=0.5087
  epoch  32/50  loss=0.4839  bal_acc=0.5017
  epoch  33/50  loss=0.4796  bal_acc=0.5174
  epoch  34/50  loss=0.4731  bal_acc=0.4931
  epoch  35/50  loss=0.4617  bal_acc=0.4705
  epoch  36/50  loss=0.4638  bal_acc=0.5104
  epoch  37/50  loss=0.4595  bal_acc=0.5243
  epoch  38/50  loss=0.4425  bal_acc=0.4740
  epoch  39/50  loss=0.4351  bal_acc=0.5017
  epoch  40/50  loss=0.4345  bal_acc=0.5087
  epoch  41/50  loss=0.4329  bal_acc=0.4792
  epoch  42/50  loss=0.4299  bal_acc=0.5156
  epoch  43/50  loss=0.4252  bal_acc=0.5122
  epoch  44/50  loss=0.4221  bal_acc=0.5260
  epoch  45/50  loss=0.4143  bal_acc=0.4948
  epoch  46/50  loss=0.4094  bal_acc=0.5087
  epoch  47/50  loss=0.4122  bal_acc=0.5122
  epoch  48/50  loss=0.4080  bal_acc=0.5226
  epoch  49/50  loss=0.3949  bal_acc=0.4861
  epoch  50/50  loss=0.3855  bal_acc=0.4601
  [LOSO 4/9] subject 3: acc=0.4601  running_mean=0.5464

=== LOSO (hold out subject 4) ===
  Train: 4608 trials  |  Test: 576 trials
  Model params: 7,554
  epoch   1/50  loss=1.3683  bal_acc=0.3142
  epoch   2/50  loss=1.2737  bal_acc=0.2622
  epoch   3/50  loss=1.1659  bal_acc=0.3281
  epoch   4/50  loss=1.0902  bal_acc=0.3611
  epoch   5/50  loss=1.0161  bal_acc=0.4427
  epoch   6/50  loss=0.9441  bal_acc=0.4340
  epoch   7/50  loss=0.8815  bal_acc=0.4358
  epoch   8/50  loss=0.8324  bal_acc=0.4132
  epoch   9/50  loss=0.8002  bal_acc=0.4635
  epoch  10/50  loss=0.7659  bal_acc=0.4479
  epoch  11/50  loss=0.7456  bal_acc=0.4271
  epoch  12/50  loss=0.7113  bal_acc=0.4392
  epoch  13/50  loss=0.6948  bal_acc=0.4705
  epoch  14/50  loss=0.6812  bal_acc=0.4878
  epoch  15/50  loss=0.6620  bal_acc=0.5017
  epoch  16/50  loss=0.6381  bal_acc=0.5000
  epoch  17/50  loss=0.6268  bal_acc=0.4913
  epoch  18/50  loss=0.6223  bal_acc=0.4757
  epoch  19/50  loss=0.6017  bal_acc=0.5122
  epoch  20/50  loss=0.5903  bal_acc=0.4965
  epoch  21/50  loss=0.5883  bal_acc=0.4722
  epoch  22/50  loss=0.5662  bal_acc=0.4861
  epoch  23/50  loss=0.5612  bal_acc=0.4601
  epoch  24/50  loss=0.5537  bal_acc=0.4844
  epoch  25/50  loss=0.5370  bal_acc=0.4497
  epoch  26/50  loss=0.5302  bal_acc=0.4688
  epoch  27/50  loss=0.5252  bal_acc=0.4757
  epoch  28/50  loss=0.5152  bal_acc=0.4792
  epoch  29/50  loss=0.5043  bal_acc=0.4427
  epoch  30/50  loss=0.5064  bal_acc=0.4670
  epoch  31/50  loss=0.4949  bal_acc=0.4601
  epoch  32/50  loss=0.4836  bal_acc=0.4479
  epoch  33/50  loss=0.4732  bal_acc=0.4601
  epoch  34/50  loss=0.4670  bal_acc=0.4531
  epoch  35/50  loss=0.4648  bal_acc=0.4740
  epoch  36/50  loss=0.4549  bal_acc=0.4514
  epoch  37/50  loss=0.4454  bal_acc=0.4392
  epoch  38/50  loss=0.4371  bal_acc=0.4549
  epoch  39/50  loss=0.4359  bal_acc=0.4601
  epoch  40/50  loss=0.4297  bal_acc=0.4670
  epoch  41/50  loss=0.4327  bal_acc=0.4514
  epoch  42/50  loss=0.4098  bal_acc=0.4618
  epoch  43/50  loss=0.4097  bal_acc=0.4497
  epoch  44/50  loss=0.4062  bal_acc=0.4635
  epoch  45/50  loss=0.4114  bal_acc=0.4497
  epoch  46/50  loss=0.3956  bal_acc=0.4601
  epoch  47/50  loss=0.3856  bal_acc=0.4549
  epoch  48/50  loss=0.3914  bal_acc=0.4323
  epoch  49/50  loss=0.3931  bal_acc=0.4236
  epoch  50/50  loss=0.3837  bal_acc=0.4271
  [LOSO 5/9] subject 4: acc=0.4271  running_mean=0.5226

=== LOSO (hold out subject 5) ===
  Train: 4608 trials  |  Test: 576 trials
  Model params: 7,554
  epoch   1/50  loss=1.3552  bal_acc=0.3368
  epoch   2/50  loss=1.2439  bal_acc=0.4045
  epoch   3/50  loss=1.1158  bal_acc=0.4462
  epoch   4/50  loss=1.0061  bal_acc=0.4358
  epoch   5/50  loss=0.9286  bal_acc=0.4375
  epoch   6/50  loss=0.8665  bal_acc=0.4566
  epoch   7/50  loss=0.8172  bal_acc=0.4670
  epoch   8/50  loss=0.7828  bal_acc=0.4514
  epoch   9/50  loss=0.7505  bal_acc=0.4479
  epoch  10/50  loss=0.7206  bal_acc=0.4444
  epoch  11/50  loss=0.7044  bal_acc=0.4670
  epoch  12/50  loss=0.6827  bal_acc=0.4427
  epoch  13/50  loss=0.6666  bal_acc=0.4410
  epoch  14/50  loss=0.6507  bal_acc=0.4097
  epoch  15/50  loss=0.6313  bal_acc=0.4705
  epoch  16/50  loss=0.6170  bal_acc=0.4688
  epoch  17/50  loss=0.6018  bal_acc=0.4062
  epoch  18/50  loss=0.5930  bal_acc=0.4149
  epoch  19/50  loss=0.5753  bal_acc=0.4236
  epoch  20/50  loss=0.5798  bal_acc=0.4566
  epoch  21/50  loss=0.5499  bal_acc=0.4045
  epoch  22/50  loss=0.5476  bal_acc=0.4149
  epoch  23/50  loss=0.5340  bal_acc=0.4375
  epoch  24/50  loss=0.5279  bal_acc=0.4010
  epoch  25/50  loss=0.5193  bal_acc=0.4184
  epoch  26/50  loss=0.5120  bal_acc=0.3872
  epoch  27/50  loss=0.4960  bal_acc=0.4028
  epoch  28/50  loss=0.4882  bal_acc=0.4045
  epoch  29/50  loss=0.4773  bal_acc=0.4253
  epoch  30/50  loss=0.4727  bal_acc=0.4149
  epoch  31/50  loss=0.4660  bal_acc=0.3924
  epoch  32/50  loss=0.4483  bal_acc=0.3715
  epoch  33/50  loss=0.4612  bal_acc=0.4149
  epoch  34/50  loss=0.4518  bal_acc=0.3819
  epoch  35/50  loss=0.4414  bal_acc=0.4097
  epoch  36/50  loss=0.4288  bal_acc=0.4115
  epoch  37/50  loss=0.4322  bal_acc=0.3958
  epoch  38/50  loss=0.4208  bal_acc=0.4080
  epoch  39/50  loss=0.4203  bal_acc=0.4219
  epoch  40/50  loss=0.4051  bal_acc=0.3889
  epoch  41/50  loss=0.4168  bal_acc=0.4062
  epoch  42/50  loss=0.4074  bal_acc=0.3976
  epoch  43/50  loss=0.3943  bal_acc=0.3924
  epoch  44/50  loss=0.3909  bal_acc=0.4167
  epoch  45/50  loss=0.3993  bal_acc=0.4271
  epoch  46/50  loss=0.3822  bal_acc=0.4167
  epoch  47/50  loss=0.3757  bal_acc=0.3802
  epoch  48/50  loss=0.3752  bal_acc=0.3819
  epoch  49/50  loss=0.3754  bal_acc=0.3976
  epoch  50/50  loss=0.3678  bal_acc=0.3906
  [LOSO 6/9] subject 5: acc=0.3906  running_mean=0.5006

=== LOSO (hold out subject 6) ===
  Train: 4608 trials  |  Test: 576 trials
  Model params: 7,554
  epoch   1/50  loss=1.3669  bal_acc=0.4010
  epoch   2/50  loss=1.2819  bal_acc=0.4670
  epoch   3/50  loss=1.1889  bal_acc=0.5295
  epoch   4/50  loss=1.1176  bal_acc=0.5747
  epoch   5/50  loss=1.0572  bal_acc=0.5833
  epoch   6/50  loss=1.0077  bal_acc=0.6337
  epoch   7/50  loss=0.9671  bal_acc=0.6076
  epoch   8/50  loss=0.9307  bal_acc=0.6354
  epoch   9/50  loss=0.8966  bal_acc=0.6198
  epoch  10/50  loss=0.8612  bal_acc=0.6684
  epoch  11/50  loss=0.8350  bal_acc=0.6354
  epoch  12/50  loss=0.8001  bal_acc=0.6649
  epoch  13/50  loss=0.7672  bal_acc=0.6233
  epoch  14/50  loss=0.7483  bal_acc=0.6406
  epoch  15/50  loss=0.7188  bal_acc=0.6233
  epoch  16/50  loss=0.7024  bal_acc=0.6250
  epoch  17/50  loss=0.6752  bal_acc=0.6302
  epoch  18/50  loss=0.6575  bal_acc=0.6267
  epoch  19/50  loss=0.6500  bal_acc=0.6354
  epoch  20/50  loss=0.6321  bal_acc=0.6372
  epoch  21/50  loss=0.6224  bal_acc=0.6181
  epoch  22/50  loss=0.6112  bal_acc=0.6233
  epoch  23/50  loss=0.5855  bal_acc=0.6163
  epoch  24/50  loss=0.5851  bal_acc=0.6111
  epoch  25/50  loss=0.5688  bal_acc=0.6163
  epoch  26/50  loss=0.5593  bal_acc=0.6250
  epoch  27/50  loss=0.5461  bal_acc=0.6163
  epoch  28/50  loss=0.5375  bal_acc=0.6319
  epoch  29/50  loss=0.5343  bal_acc=0.6441
  epoch  30/50  loss=0.5306  bal_acc=0.6510
  epoch  31/50  loss=0.5222  bal_acc=0.6233
  epoch  32/50  loss=0.5132  bal_acc=0.6441
  epoch  33/50  loss=0.5012  bal_acc=0.6146
  epoch  34/50  loss=0.4938  bal_acc=0.6094
  epoch  35/50  loss=0.4927  bal_acc=0.6267
  epoch  36/50  loss=0.4858  bal_acc=0.6441
  epoch  37/50  loss=0.4823  bal_acc=0.6215
  epoch  38/50  loss=0.4754  bal_acc=0.6285
  epoch  39/50  loss=0.4629  bal_acc=0.6337
  epoch  40/50  loss=0.4689  bal_acc=0.6198
  epoch  41/50  loss=0.4462  bal_acc=0.6042
  epoch  42/50  loss=0.4552  bal_acc=0.6146
  epoch  43/50  loss=0.4571  bal_acc=0.6007
  epoch  44/50  loss=0.4495  bal_acc=0.5781
  epoch  45/50  loss=0.4389  bal_acc=0.5920
  epoch  46/50  loss=0.4511  bal_acc=0.6163
  epoch  47/50  loss=0.4324  bal_acc=0.5972
  epoch  48/50  loss=0.4221  bal_acc=0.5764
  epoch  49/50  loss=0.4248  bal_acc=0.5990
  epoch  50/50  loss=0.4223  bal_acc=0.5694
  [LOSO 7/9] subject 6: acc=0.5694  running_mean=0.5104

=== LOSO (hold out subject 7) ===
  Train: 4608 trials  |  Test: 576 trials
  Model params: 7,554
  epoch   1/50  loss=1.3567  bal_acc=0.3750
  epoch   2/50  loss=1.2601  bal_acc=0.4635
  epoch   3/50  loss=1.1667  bal_acc=0.5122
  epoch   4/50  loss=1.0990  bal_acc=0.5139
  epoch   5/50  loss=1.0435  bal_acc=0.5295
  epoch   6/50  loss=0.9997  bal_acc=0.5608
  epoch   7/50  loss=0.9560  bal_acc=0.5451
  epoch   8/50  loss=0.9206  bal_acc=0.5590
  epoch   9/50  loss=0.8794  bal_acc=0.6128
  epoch  10/50  loss=0.8575  bal_acc=0.6319
  epoch  11/50  loss=0.8113  bal_acc=0.6424
  epoch  12/50  loss=0.7883  bal_acc=0.6354
  epoch  13/50  loss=0.7654  bal_acc=0.6354
  epoch  14/50  loss=0.7405  bal_acc=0.6337
  epoch  15/50  loss=0.7216  bal_acc=0.6337
  epoch  16/50  loss=0.7151  bal_acc=0.6337
  epoch  17/50  loss=0.6964  bal_acc=0.6510
  epoch  18/50  loss=0.6827  bal_acc=0.6285
  epoch  19/50  loss=0.6659  bal_acc=0.6302
  epoch  20/50  loss=0.6460  bal_acc=0.6267
  epoch  21/50  loss=0.6282  bal_acc=0.6233
  epoch  22/50  loss=0.6192  bal_acc=0.6111
  epoch  23/50  loss=0.6191  bal_acc=0.6146
  epoch  24/50  loss=0.6091  bal_acc=0.6458
  epoch  25/50  loss=0.5965  bal_acc=0.6528
  epoch  26/50  loss=0.5877  bal_acc=0.6389
  epoch  27/50  loss=0.5841  bal_acc=0.6302
  epoch  28/50  loss=0.5688  bal_acc=0.6372
  epoch  29/50  loss=0.5592  bal_acc=0.6337
  epoch  30/50  loss=0.5584  bal_acc=0.6424
  epoch  31/50  loss=0.5465  bal_acc=0.6406
  epoch  32/50  loss=0.5497  bal_acc=0.6458
  epoch  33/50  loss=0.5348  bal_acc=0.6042
  epoch  34/50  loss=0.5218  bal_acc=0.6250
  epoch  35/50  loss=0.5221  bal_acc=0.6424
  epoch  36/50  loss=0.5182  bal_acc=0.6233
  epoch  37/50  loss=0.5091  bal_acc=0.6285
  epoch  38/50  loss=0.4973  bal_acc=0.6181
  epoch  39/50  loss=0.4974  bal_acc=0.6250
  epoch  40/50  loss=0.4944  bal_acc=0.6319
  epoch  41/50  loss=0.4793  bal_acc=0.6285
  epoch  42/50  loss=0.4837  bal_acc=0.6267
  epoch  43/50  loss=0.4825  bal_acc=0.6337
  epoch  44/50  loss=0.4816  bal_acc=0.5972
  epoch  45/50  loss=0.4684  bal_acc=0.6285
  epoch  46/50  loss=0.4595  bal_acc=0.6424
  epoch  47/50  loss=0.4575  bal_acc=0.6580
  epoch  48/50  loss=0.4608  bal_acc=0.6337
  epoch  49/50  loss=0.4657  bal_acc=0.6476
  epoch  50/50  loss=0.4431  bal_acc=0.6562
  [LOSO 8/9] subject 7: acc=0.6562  running_mean=0.5286

=== LOSO (hold out subject 8) ===
  Train: 4608 trials  |  Test: 576 trials
  Model params: 7,554
  epoch   1/50  loss=1.3580  bal_acc=0.3576
  epoch   2/50  loss=1.2734  bal_acc=0.4167
  epoch   3/50  loss=1.1831  bal_acc=0.3993
  epoch   4/50  loss=1.1027  bal_acc=0.4271
  epoch   5/50  loss=1.0403  bal_acc=0.4236
  epoch   6/50  loss=0.9800  bal_acc=0.4688
  epoch   7/50  loss=0.9330  bal_acc=0.4809
  epoch   8/50  loss=0.8867  bal_acc=0.4983
  epoch   9/50  loss=0.8442  bal_acc=0.4913
  epoch  10/50  loss=0.8107  bal_acc=0.5625
  epoch  11/50  loss=0.7744  bal_acc=0.5451
  epoch  12/50  loss=0.7537  bal_acc=0.5590
  epoch  13/50  loss=0.7297  bal_acc=0.5347
  epoch  14/50  loss=0.7056  bal_acc=0.5677
  epoch  15/50  loss=0.6954  bal_acc=0.5538
  epoch  16/50  loss=0.6699  bal_acc=0.5642
  epoch  17/50  loss=0.6569  bal_acc=0.5556
  epoch  18/50  loss=0.6458  bal_acc=0.5747
  epoch  19/50  loss=0.6407  bal_acc=0.5503
  epoch  20/50  loss=0.6178  bal_acc=0.5469
  epoch  21/50  loss=0.6156  bal_acc=0.5608
  epoch  22/50  loss=0.5969  bal_acc=0.5538
  epoch  23/50  loss=0.5810  bal_acc=0.5486
  epoch  24/50  loss=0.5753  bal_acc=0.5556
  epoch  25/50  loss=0.5690  bal_acc=0.5660
  epoch  26/50  loss=0.5653  bal_acc=0.5503
  epoch  27/50  loss=0.5580  bal_acc=0.5295
  epoch  28/50  loss=0.5504  bal_acc=0.5017
  epoch  29/50  loss=0.5392  bal_acc=0.5885
  epoch  30/50  loss=0.5412  bal_acc=0.5608
  epoch  31/50  loss=0.5310  bal_acc=0.5399
  epoch  32/50  loss=0.5167  bal_acc=0.5729
  epoch  33/50  loss=0.5097  bal_acc=0.5503
  epoch  34/50  loss=0.5015  bal_acc=0.5868
  epoch  35/50  loss=0.4951  bal_acc=0.5729
  epoch  36/50  loss=0.4891  bal_acc=0.5399
  epoch  37/50  loss=0.4804  bal_acc=0.5573
  epoch  38/50  loss=0.4775  bal_acc=0.5365
  epoch  39/50  loss=0.4672  bal_acc=0.5712
  epoch  40/50  loss=0.4729  bal_acc=0.5903
  epoch  41/50  loss=0.4624  bal_acc=0.5382
  epoch  42/50  loss=0.4571  bal_acc=0.5573
  epoch  43/50  loss=0.4467  bal_acc=0.5521
  epoch  44/50  loss=0.4319  bal_acc=0.5243
  epoch  45/50  loss=0.4377  bal_acc=0.5330
  epoch  46/50  loss=0.4401  bal_acc=0.5694
  epoch  47/50  loss=0.4319  bal_acc=0.5677
  epoch  48/50  loss=0.4319  bal_acc=0.5295
  epoch  49/50  loss=0.4269  bal_acc=0.5295
  epoch  50/50  loss=0.4101  bal_acc=0.5347
  [LOSO 9/9] subject 8: acc=0.5347  running_mean=0.5293
Results saved to results/BNCI2014_001/results_trial_65.json
Trial logged to results/BNCI2014_001/trials.csv
[status] trial 65 done (state=COMPLETE, value=0.529320987654321) -- 58 completed total
Device: cuda
[BNCI2014_001] loading from cache: /home/aleksander.berezowsk/.cache/spiking_eegnet/BNCI2014_001_af1ccf3e92f684d8a93c057082b654d7.npz
[BNCI2014_001] cache hit: (5184, 1, 22, 1001), classes=['feet', 'left_hand', 'right_hand', 'tongue'], subjects=9
Dataset meta: {'n_classes': 4, 'n_channels': 22, 'n_samples': 1001, 'class_names': ['feet', 'left_hand', 'right_hand', 'tongue'], 'subject_list': [1, 2, 3, 4, 5, 6, 7, 8, 9], 'n_subjects': 9, 'sfreq': 250.0}

=== LOSO (hold out subject 0) ===
  Train: 4608 trials  |  Test: 576 trials
  Model params: 16,050
  epoch   1/50  loss=1.3000  bal_acc=0.4583
  epoch   2/50  loss=1.0707  bal_acc=0.5278
  epoch   3/50  loss=0.8898  bal_acc=0.5729
  epoch   4/50  loss=0.8079  bal_acc=0.5365
  epoch   5/50  loss=0.7182  bal_acc=0.6059
  epoch   6/50  loss=0.6627  bal_acc=0.6285
  epoch   7/50  loss=0.6346  bal_acc=0.5347
  epoch   8/50  loss=0.5701  bal_acc=0.5764
  epoch   9/50  loss=0.5396  bal_acc=0.6198
  epoch  10/50  loss=0.4981  bal_acc=0.5434
  epoch  11/50  loss=0.4593  bal_acc=0.5625
  epoch  12/50  loss=0.4530  bal_acc=0.5556
  epoch  13/50  loss=0.4002  bal_acc=0.5642
  epoch  14/50  loss=0.3893  bal_acc=0.5920
  epoch  15/50  loss=0.3501  bal_acc=0.6076
  epoch  16/50  loss=0.3463  bal_acc=0.6007
  epoch  17/50  loss=0.3326  bal_acc=0.6024
  epoch  18/50  loss=0.3077  bal_acc=0.6337
  epoch  19/50  loss=0.2899  bal_acc=0.5590
  epoch  20/50  loss=0.2751  bal_acc=0.5781
  epoch  21/50  loss=0.2569  bal_acc=0.5903
  epoch  22/50  loss=0.2556  bal_acc=0.5694
  epoch  23/50  loss=0.2416  bal_acc=0.5938
  epoch  24/50  loss=0.2458  bal_acc=0.6007
  epoch  25/50  loss=0.2196  bal_acc=0.5729
  epoch  26/50  loss=0.2148  bal_acc=0.5885
  epoch  27/50  loss=0.2176  bal_acc=0.5729
  epoch  28/50  loss=0.2056  bal_acc=0.5451
  epoch  29/50  loss=0.2121  bal_acc=0.5885
  epoch  30/50  loss=0.2013  bal_acc=0.5694
  epoch  31/50  loss=0.1935  bal_acc=0.5747
  epoch  32/50  loss=0.2044  bal_acc=0.5538
  epoch  33/50  loss=0.1897  bal_acc=0.5729
  epoch  34/50  loss=0.1725  bal_acc=0.5677
  epoch  35/50  loss=0.1596  bal_acc=0.5434
  epoch  36/50  loss=0.1586  bal_acc=0.5903
  epoch  37/50  loss=0.1489  bal_acc=0.5990
  epoch  38/50  loss=0.1541  bal_acc=0.5729
  epoch  39/50  loss=0.1589  bal_acc=0.5885
  epoch  40/50  loss=0.1639  bal_acc=0.5747
  epoch  41/50  loss=0.1471  bal_acc=0.5608
  epoch  42/50  loss=0.1647  bal_acc=0.5938
  epoch  43/50  loss=0.1407  bal_acc=0.5642
  epoch  44/50  loss=0.1339  bal_acc=0.5573
  epoch  45/50  loss=0.1296  bal_acc=0.5747
  epoch  46/50  loss=0.1319  bal_acc=0.5660
  epoch  47/50  loss=0.1437  bal_acc=0.5486
  epoch  48/50  loss=0.1365  bal_acc=0.5538
  epoch  49/50  loss=0.1437  bal_acc=0.5781
  epoch  50/50  loss=0.1360  bal_acc=0.5608
  [LOSO 1/9] subject 0: acc=0.5608  running_mean=0.5608

=== LOSO (hold out subject 1) ===
  Train: 4608 trials  |  Test: 576 trials
  Model params: 16,050
  epoch   1/50  loss=1.2496  bal_acc=0.3941
  epoch   2/50  loss=0.9812  bal_acc=0.3906
  epoch   3/50  loss=0.8190  bal_acc=0.4201
  epoch   4/50  loss=0.7405  bal_acc=0.4809
  epoch   5/50  loss=0.6409  bal_acc=0.4010
  epoch   6/50  loss=0.5964  bal_acc=0.4549
  epoch   7/50  loss=0.5419  bal_acc=0.4635
  epoch   8/50  loss=0.5128  bal_acc=0.4219
  epoch   9/50  loss=0.4895  bal_acc=0.4705
  epoch  10/50  loss=0.4538  bal_acc=0.4010
  epoch  11/50  loss=0.4251  bal_acc=0.4288
  epoch  12/50  loss=0.3936  bal_acc=0.4896
  epoch  13/50  loss=0.3776  bal_acc=0.4323
  epoch  14/50  loss=0.3624  bal_acc=0.4774
  epoch  15/50  loss=0.3285  bal_acc=0.4983
  epoch  16/50  loss=0.3128  bal_acc=0.4896
  epoch  17/50  loss=0.2927  bal_acc=0.4844
  epoch  18/50  loss=0.2718  bal_acc=0.5017
  epoch  19/50  loss=0.2580  bal_acc=0.4635
  epoch  20/50  loss=0.2426  bal_acc=0.4774
  epoch  21/50  loss=0.2394  bal_acc=0.4670
  epoch  22/50  loss=0.2201  bal_acc=0.4653
  epoch  23/50  loss=0.2233  bal_acc=0.4462
  epoch  24/50  loss=0.2158  bal_acc=0.4705
  epoch  25/50  loss=0.1990  bal_acc=0.4618
  epoch  26/50  loss=0.2077  bal_acc=0.4740
  epoch  27/50  loss=0.1916  bal_acc=0.4566
  epoch  28/50  loss=0.1875  bal_acc=0.4097
  epoch  29/50  loss=0.1742  bal_acc=0.4340
  epoch  30/50  loss=0.1738  bal_acc=0.4410
  epoch  31/50  loss=0.1729  bal_acc=0.4410
  epoch  32/50  loss=0.1660  bal_acc=0.4340
  epoch  33/50  loss=0.1697  bal_acc=0.4861
  epoch  34/50  loss=0.1448  bal_acc=0.4931
  epoch  35/50  loss=0.1420  bal_acc=0.4635
  epoch  36/50  loss=0.1487  bal_acc=0.4722
  epoch  37/50  loss=0.1519  bal_acc=0.4271
  epoch  38/50  loss=0.1559  bal_acc=0.4531
  epoch  39/50  loss=0.1275  bal_acc=0.4444
  epoch  40/50  loss=0.1317  bal_acc=0.4722
  epoch  41/50  loss=0.1409  bal_acc=0.4479
  epoch  42/50  loss=0.1336  bal_acc=0.4497
  epoch  43/50  loss=0.1243  bal_acc=0.4497
  epoch  44/50  loss=0.1107  bal_acc=0.4740
  epoch  45/50  loss=0.1285  bal_acc=0.4392
  epoch  46/50  loss=0.1099  bal_acc=0.4531
  epoch  47/50  loss=0.1130  bal_acc=0.4670
  epoch  48/50  loss=0.1246  bal_acc=0.4722
  epoch  49/50  loss=0.1298  bal_acc=0.4358
  epoch  50/50  loss=0.1117  bal_acc=0.4688
  [LOSO 2/9] subject 1: acc=0.4688  running_mean=0.5148

=== LOSO (hold out subject 2) ===
  Train: 4608 trials  |  Test: 576 trials
  Model params: 16,050
  epoch   1/50  loss=1.2961  bal_acc=0.4670
  epoch   2/50  loss=1.0551  bal_acc=0.5608
  epoch   3/50  loss=0.9449  bal_acc=0.6250
  epoch   4/50  loss=0.8337  bal_acc=0.6701
  epoch   5/50  loss=0.7457  bal_acc=0.6128
  epoch   6/50  loss=0.7075  bal_acc=0.6649
  epoch   7/50  loss=0.6653  bal_acc=0.6736
  epoch   8/50  loss=0.6129  bal_acc=0.6875
  epoch   9/50  loss=0.5715  bal_acc=0.7118
  epoch  10/50  loss=0.5301  bal_acc=0.7517
  epoch  11/50  loss=0.5024  bal_acc=0.6562
  epoch  12/50  loss=0.4838  bal_acc=0.7309
  epoch  13/50  loss=0.4589  bal_acc=0.7101
  epoch  14/50  loss=0.4264  bal_acc=0.6892
  epoch  15/50  loss=0.4187  bal_acc=0.6858
  epoch  16/50  loss=0.3829  bal_acc=0.6927
  epoch  17/50  loss=0.3772  bal_acc=0.7049
  epoch  18/50  loss=0.3734  bal_acc=0.6875
  epoch  19/50  loss=0.3435  bal_acc=0.6701
  epoch  20/50  loss=0.3224  bal_acc=0.6962
  epoch  21/50  loss=0.3044  bal_acc=0.7170
  epoch  22/50  loss=0.3038  bal_acc=0.6753
  epoch  23/50  loss=0.3045  bal_acc=0.6840
  epoch  24/50  loss=0.2722  bal_acc=0.6771
  epoch  25/50  loss=0.2686  bal_acc=0.6944
  epoch  26/50  loss=0.2575  bal_acc=0.6892
  epoch  27/50  loss=0.2493  bal_acc=0.6858
  epoch  28/50  loss=0.2510  bal_acc=0.6649
  epoch  29/50  loss=0.2433  bal_acc=0.6736
  epoch  30/50  loss=0.2466  bal_acc=0.6545
  epoch  31/50  loss=0.2203  bal_acc=0.6597
  epoch  32/50  loss=0.2247  bal_acc=0.6701
  epoch  33/50  loss=0.2168  bal_acc=0.6510
  epoch  34/50  loss=0.2028  bal_acc=0.6597
  epoch  35/50  loss=0.2095  bal_acc=0.6840
  epoch  36/50  loss=0.2022  bal_acc=0.6997
  epoch  37/50  loss=0.2217  bal_acc=0.6580
  epoch  38/50  loss=0.1825  bal_acc=0.6771
  epoch  39/50  loss=0.1812  bal_acc=0.6875
  epoch  40/50  loss=0.1777  bal_acc=0.6771
  epoch  41/50  loss=0.1858  bal_acc=0.6806
  epoch  42/50  loss=0.1793  bal_acc=0.6927
  epoch  43/50  loss=0.1619  bal_acc=0.6892
  epoch  44/50  loss=0.1757  bal_acc=0.6979
  epoch  45/50  loss=0.1706  bal_acc=0.6354
  epoch  46/50  loss=0.1800  bal_acc=0.6997
  epoch  47/50  loss=0.1610  bal_acc=0.6684
  epoch  48/50  loss=0.1686  bal_acc=0.6719
  epoch  49/50  loss=0.1479  bal_acc=0.6910
  epoch  50/50  loss=0.1527  bal_acc=0.6806
  [LOSO 3/9] subject 2: acc=0.6806  running_mean=0.5700

=== LOSO (hold out subject 3) ===
  Train: 4608 trials  |  Test: 576 trials
  Model params: 16,050
  epoch   1/50  loss=1.2517  bal_acc=0.4392
  epoch   2/50  loss=1.0046  bal_acc=0.4566
  epoch   3/50  loss=0.8559  bal_acc=0.4583
  epoch   4/50  loss=0.7613  bal_acc=0.4566
  epoch   5/50  loss=0.6922  bal_acc=0.4028
  epoch   6/50  loss=0.6268  bal_acc=0.4722
  epoch   7/50  loss=0.5967  bal_acc=0.4722
  epoch   8/50  loss=0.5251  bal_acc=0.4931
  epoch   9/50  loss=0.4981  bal_acc=0.4531
  epoch  10/50  loss=0.4641  bal_acc=0.4826
  epoch  11/50  loss=0.4384  bal_acc=0.4184
  epoch  12/50  loss=0.4282  bal_acc=0.4497
  epoch  13/50  loss=0.3879  bal_acc=0.5017
  epoch  14/50  loss=0.3781  bal_acc=0.4531
  epoch  15/50  loss=0.3616  bal_acc=0.4948
  epoch  16/50  loss=0.3494  bal_acc=0.4444
  epoch  17/50  loss=0.3089  bal_acc=0.4705
  epoch  18/50  loss=0.2986  bal_acc=0.4913
  epoch  19/50  loss=0.2841  bal_acc=0.5434
  epoch  20/50  loss=0.2931  bal_acc=0.4844
  epoch  21/50  loss=0.2692  bal_acc=0.4826
  epoch  22/50  loss=0.2471  bal_acc=0.4635
  epoch  23/50  loss=0.2310  bal_acc=0.4670
  epoch  24/50  loss=0.2378  bal_acc=0.4253
  epoch  25/50  loss=0.2415  bal_acc=0.4878
  epoch  26/50  loss=0.2374  bal_acc=0.4358
  epoch  27/50  loss=0.2146  bal_acc=0.4931
  epoch  28/50  loss=0.2173  bal_acc=0.4809
  epoch  29/50  loss=0.2062  bal_acc=0.4826
  epoch  30/50  loss=0.1947  bal_acc=0.4896
  epoch  31/50  loss=0.1783  bal_acc=0.4740
  epoch  32/50  loss=0.1637  bal_acc=0.4878
  epoch  33/50  loss=0.1709  bal_acc=0.4896
  epoch  34/50  loss=0.1702  bal_acc=0.4809
  epoch  35/50  loss=0.1579  bal_acc=0.4948
  epoch  36/50  loss=0.1775  bal_acc=0.4774
  epoch  37/50  loss=0.1564  bal_acc=0.4844
  epoch  38/50  loss=0.1467  bal_acc=0.4531
  epoch  39/50  loss=0.1438  bal_acc=0.4826
  epoch  40/50  loss=0.1451  bal_acc=0.5035
  epoch  41/50  loss=0.1477  bal_acc=0.4792
  epoch  42/50  loss=0.1442  bal_acc=0.4618
  epoch  43/50  loss=0.1280  bal_acc=0.4688
  epoch  44/50  loss=0.1459  bal_acc=0.4826
  epoch  45/50  loss=0.1282  bal_acc=0.4740
  epoch  46/50  loss=0.1374  bal_acc=0.4497
  epoch  47/50  loss=0.1270  bal_acc=0.4722
  epoch  48/50  loss=0.1268  bal_acc=0.4809
  epoch  49/50  loss=0.1280  bal_acc=0.4688
  epoch  50/50  loss=0.1185  bal_acc=0.4670
  [LOSO 4/9] subject 3: acc=0.4670  running_mean=0.5443

=== LOSO (hold out subject 4) ===
  Train: 4608 trials  |  Test: 576 trials
  Model params: 16,050
  epoch   1/50  loss=1.2549  bal_acc=0.4184
  epoch   2/50  loss=1.0117  bal_acc=0.3889
  epoch   3/50  loss=0.8617  bal_acc=0.4306
  epoch   4/50  loss=0.7776  bal_acc=0.5226
  epoch   5/50  loss=0.7273  bal_acc=0.4635
  epoch   6/50  loss=0.6486  bal_acc=0.4427
  epoch   7/50  loss=0.5956  bal_acc=0.4479
  epoch   8/50  loss=0.5764  bal_acc=0.5122
  epoch   9/50  loss=0.5076  bal_acc=0.4566
  epoch  10/50  loss=0.4929  bal_acc=0.4774
  epoch  11/50  loss=0.4695  bal_acc=0.4792
  epoch  12/50  loss=0.4199  bal_acc=0.4965
  epoch  13/50  loss=0.4032  bal_acc=0.5017
  epoch  14/50  loss=0.3805  bal_acc=0.4878
  epoch  15/50  loss=0.3531  bal_acc=0.5243
  epoch  16/50  loss=0.3413  bal_acc=0.5312
  epoch  17/50  loss=0.3235  bal_acc=0.4965
  epoch  18/50  loss=0.2941  bal_acc=0.5208
  epoch  19/50  loss=0.2979  bal_acc=0.5191
  epoch  20/50  loss=0.2732  bal_acc=0.4566
  epoch  21/50  loss=0.2635  bal_acc=0.5087
  epoch  22/50  loss=0.2638  bal_acc=0.5000
  epoch  23/50  loss=0.2403  bal_acc=0.5573
  epoch  24/50  loss=0.2282  bal_acc=0.4931
  epoch  25/50  loss=0.2191  bal_acc=0.5156
  epoch  26/50  loss=0.2212  bal_acc=0.4826
  epoch  27/50  loss=0.2209  bal_acc=0.5608
  epoch  28/50  loss=0.2126  bal_acc=0.5260
  epoch  29/50  loss=0.2072  bal_acc=0.4965
  epoch  30/50  loss=0.1920  bal_acc=0.5191
  epoch  31/50  loss=0.1829  bal_acc=0.5486
  epoch  32/50  loss=0.1918  bal_acc=0.5000
  epoch  33/50  loss=0.1729  bal_acc=0.5295
  epoch  34/50  loss=0.1645  bal_acc=0.4844
  epoch  35/50  loss=0.1672  bal_acc=0.5017
  epoch  36/50  loss=0.1685  bal_acc=0.5052
  epoch  37/50  loss=0.1665  bal_acc=0.4844
  epoch  38/50  loss=0.1595  bal_acc=0.5260
  epoch  39/50  loss=0.1657  bal_acc=0.5208
  epoch  40/50  loss=0.1512  bal_acc=0.5087
  epoch  41/50  loss=0.1414  bal_acc=0.5295
  epoch  42/50  loss=0.1745  bal_acc=0.5156
  epoch  43/50  loss=0.1504  bal_acc=0.5365
  epoch  44/50  loss=0.1404  bal_acc=0.4983
  epoch  45/50  loss=0.1406  bal_acc=0.5226
  epoch  46/50  loss=0.1542  bal_acc=0.5243
  epoch  47/50  loss=0.1288  bal_acc=0.5278
  epoch  48/50  loss=0.1333  bal_acc=0.4965
  epoch  49/50  loss=0.1424  bal_acc=0.4948
  epoch  50/50  loss=0.1322  bal_acc=0.4983
  [LOSO 5/9] subject 4: acc=0.4983  running_mean=0.5351

=== LOSO (hold out subject 5) ===
  Train: 4608 trials  |  Test: 576 trials
  Model params: 16,050
  epoch   1/50  loss=1.2616  bal_acc=0.3889
  epoch   2/50  loss=0.9917  bal_acc=0.4531
  epoch   3/50  loss=0.8304  bal_acc=0.4618
  epoch   4/50  loss=0.7371  bal_acc=0.4983
  epoch   5/50  loss=0.6639  bal_acc=0.4601
  epoch   6/50  loss=0.6298  bal_acc=0.3976
  epoch   7/50  loss=0.5772  bal_acc=0.4931
  epoch   8/50  loss=0.5187  bal_acc=0.4896
  epoch   9/50  loss=0.4998  bal_acc=0.4288
  epoch  10/50  loss=0.4573  bal_acc=0.4531
  epoch  11/50  loss=0.4449  bal_acc=0.4896
  epoch  12/50  loss=0.3930  bal_acc=0.4531
  epoch  13/50  loss=0.3712  bal_acc=0.4271
  epoch  14/50  loss=0.3305  bal_acc=0.4479
  epoch  15/50  loss=0.3362  bal_acc=0.4809
  epoch  16/50  loss=0.3011  bal_acc=0.4167
  epoch  17/50  loss=0.2939  bal_acc=0.4375
  epoch  18/50  loss=0.2923  bal_acc=0.4323
  epoch  19/50  loss=0.2768  bal_acc=0.4462
  epoch  20/50  loss=0.2712  bal_acc=0.4149
  epoch  21/50  loss=0.2577  bal_acc=0.4375
  epoch  22/50  loss=0.2294  bal_acc=0.4288
  epoch  23/50  loss=0.2269  bal_acc=0.4358
  epoch  24/50  loss=0.2175  bal_acc=0.4497
  epoch  25/50  loss=0.2099  bal_acc=0.4531
  epoch  26/50  loss=0.1992  bal_acc=0.4688
  epoch  27/50  loss=0.1899  bal_acc=0.4236
  epoch  28/50  loss=0.1824  bal_acc=0.4635
  epoch  29/50  loss=0.2002  bal_acc=0.4549
  epoch  30/50  loss=0.1805  bal_acc=0.4497
  epoch  31/50  loss=0.1853  bal_acc=0.4358
  epoch  32/50  loss=0.1726  bal_acc=0.4444
  epoch  33/50  loss=0.1703  bal_acc=0.4965
  epoch  34/50  loss=0.1547  bal_acc=0.4306
  epoch  35/50  loss=0.1477  bal_acc=0.4896
  epoch  36/50  loss=0.1343  bal_acc=0.4323
  epoch  37/50  loss=0.1499  bal_acc=0.4549
  epoch  38/50  loss=0.1357  bal_acc=0.3958
  epoch  39/50  loss=0.1328  bal_acc=0.4132
  epoch  40/50  loss=0.1368  bal_acc=0.4306
  epoch  41/50  loss=0.1172  bal_acc=0.4983
  epoch  42/50  loss=0.1198  bal_acc=0.4549
  epoch  43/50  loss=0.1468  bal_acc=0.4253
  epoch  44/50  loss=0.1100  bal_acc=0.4375
  epoch  45/50  loss=0.1103  bal_acc=0.4653
  epoch  46/50  loss=0.1227  bal_acc=0.4583
  epoch  47/50  loss=0.1225  bal_acc=0.4132
  epoch  48/50  loss=0.1200  bal_acc=0.4705
  epoch  49/50  loss=0.1307  bal_acc=0.4392
  epoch  50/50  loss=0.1097  bal_acc=0.4271
  [LOSO 6/9] subject 5: acc=0.4271  running_mean=0.5171

=== LOSO (hold out subject 6) ===
  Train: 4608 trials  |  Test: 576 trials
  Model params: 16,050
  epoch   1/50  loss=1.2962  bal_acc=0.5035
  epoch   2/50  loss=1.0596  bal_acc=0.5399
  epoch   3/50  loss=0.8873  bal_acc=0.6007
  epoch   4/50  loss=0.8075  bal_acc=0.5816
  epoch   5/50  loss=0.7476  bal_acc=0.5642
  epoch   6/50  loss=0.6914  bal_acc=0.6285
  epoch   7/50  loss=0.6143  bal_acc=0.5538
  epoch   8/50  loss=0.5829  bal_acc=0.6354
  epoch   9/50  loss=0.5455  bal_acc=0.6302
  epoch  10/50  loss=0.5334  bal_acc=0.6667
  epoch  11/50  loss=0.4832  bal_acc=0.6198
  epoch  12/50  loss=0.4657  bal_acc=0.6337
  epoch  13/50  loss=0.4299  bal_acc=0.6128
  epoch  14/50  loss=0.3996  bal_acc=0.6424
  epoch  15/50  loss=0.3911  bal_acc=0.6250
  epoch  16/50  loss=0.3584  bal_acc=0.6372
  epoch  17/50  loss=0.3305  bal_acc=0.6111
  epoch  18/50  loss=0.3242  bal_acc=0.6458
  epoch  19/50  loss=0.3081  bal_acc=0.6250
  epoch  20/50  loss=0.3023  bal_acc=0.6215
  epoch  21/50  loss=0.2917  bal_acc=0.6215
  epoch  22/50  loss=0.2785  bal_acc=0.6250
  epoch  23/50  loss=0.2545  bal_acc=0.6024
  epoch  24/50  loss=0.2671  bal_acc=0.6267
  epoch  25/50  loss=0.2515  bal_acc=0.6319
  epoch  26/50  loss=0.2225  bal_acc=0.6111
  epoch  27/50  loss=0.2155  bal_acc=0.6076
  epoch  28/50  loss=0.2142  bal_acc=0.5816
  epoch  29/50  loss=0.2157  bal_acc=0.6198
  epoch  30/50  loss=0.2026  bal_acc=0.5885
  epoch  31/50  loss=0.2115  bal_acc=0.5938
  epoch  32/50  loss=0.1915  bal_acc=0.5903
  epoch  33/50  loss=0.1841  bal_acc=0.6198
  epoch  34/50  loss=0.1958  bal_acc=0.6250
  epoch  35/50  loss=0.1918  bal_acc=0.6354
  epoch  36/50  loss=0.1770  bal_acc=0.6354
  epoch  37/50  loss=0.1909  bal_acc=0.6198
  epoch  38/50  loss=0.1697  bal_acc=0.6042
  epoch  39/50  loss=0.1565  bal_acc=0.6267
  epoch  40/50  loss=0.1505  bal_acc=0.6059
  epoch  41/50  loss=0.1594  bal_acc=0.5990
  epoch  42/50  loss=0.1768  bal_acc=0.6128
  epoch  43/50  loss=0.1524  bal_acc=0.6007
  epoch  44/50  loss=0.1500  bal_acc=0.6337
  epoch  45/50  loss=0.1581  bal_acc=0.6215
  epoch  46/50  loss=0.1420  bal_acc=0.6285
  epoch  47/50  loss=0.1437  bal_acc=0.5920
  epoch  48/50  loss=0.1518  bal_acc=0.5990
  epoch  49/50  loss=0.1308  bal_acc=0.6181
  epoch  50/50  loss=0.1308  bal_acc=0.6215
  [LOSO 7/9] subject 6: acc=0.6215  running_mean=0.5320

=== LOSO (hold out subject 7) ===
  Train: 4608 trials  |  Test: 576 trials
  Model params: 16,050
  epoch   1/50  loss=1.2830  bal_acc=0.4583
  epoch   2/50  loss=1.0779  bal_acc=0.5174
  epoch   3/50  loss=0.9379  bal_acc=0.6233
  epoch   4/50  loss=0.8399  bal_acc=0.6181
  epoch   5/50  loss=0.7388  bal_acc=0.5729
  epoch   6/50  loss=0.6921  bal_acc=0.6406
  epoch   7/50  loss=0.6358  bal_acc=0.6198
  epoch   8/50  loss=0.6029  bal_acc=0.6771
  epoch   9/50  loss=0.5557  bal_acc=0.6372
  epoch  10/50  loss=0.5165  bal_acc=0.6632
  epoch  11/50  loss=0.4865  bal_acc=0.6198
  epoch  12/50  loss=0.4641  bal_acc=0.6632
  epoch  13/50  loss=0.4184  bal_acc=0.6736
  epoch  14/50  loss=0.3871  bal_acc=0.6372
  epoch  15/50  loss=0.3868  bal_acc=0.6424
  epoch  16/50  loss=0.3808  bal_acc=0.6493
  epoch  17/50  loss=0.3287  bal_acc=0.6701
  epoch  18/50  loss=0.3294  bal_acc=0.6667
  epoch  19/50  loss=0.3057  bal_acc=0.6510
  epoch  20/50  loss=0.3050  bal_acc=0.6250
  epoch  21/50  loss=0.2848  bal_acc=0.6424
  epoch  22/50  loss=0.2758  bal_acc=0.6406
  epoch  23/50  loss=0.2533  bal_acc=0.6528
  epoch  24/50  loss=0.2528  bal_acc=0.6562
  epoch  25/50  loss=0.2443  bal_acc=0.6250
  epoch  26/50  loss=0.2482  bal_acc=0.6493
  epoch  27/50  loss=0.2338  bal_acc=0.6545
  epoch  28/50  loss=0.2130  bal_acc=0.6406
  epoch  29/50  loss=0.2118  bal_acc=0.6649
  epoch  30/50  loss=0.2038  bal_acc=0.6493
  epoch  31/50  loss=0.2242  bal_acc=0.6510
  epoch  32/50  loss=0.2051  bal_acc=0.6615
  epoch  33/50  loss=0.1823  bal_acc=0.6354
  epoch  34/50  loss=0.1825  bal_acc=0.6562
  epoch  35/50  loss=0.1881  bal_acc=0.6267
  epoch  36/50  loss=0.1744  bal_acc=0.6476
  epoch  37/50  loss=0.1780  bal_acc=0.6632
  epoch  38/50  loss=0.1533  bal_acc=0.6597
  epoch  39/50  loss=0.1534  bal_acc=0.6424
  epoch  40/50  loss=0.1581  bal_acc=0.6719
  epoch  41/50  loss=0.1620  bal_acc=0.6545
  epoch  42/50  loss=0.1530  bal_acc=0.6319
  epoch  43/50  loss=0.1569  bal_acc=0.6562
  epoch  44/50  loss=0.1606  bal_acc=0.6649
  epoch  45/50  loss=0.1497  bal_acc=0.6493
  epoch  46/50  loss=0.1527  bal_acc=0.6302
  epoch  47/50  loss=0.1424  bal_acc=0.6302
  epoch  48/50  loss=0.1276  bal_acc=0.6476
  epoch  49/50  loss=0.1198  bal_acc=0.6545
  epoch  50/50  loss=0.1387  bal_acc=0.6597
  [LOSO 8/9] subject 7: acc=0.6597  running_mean=0.5480

=== LOSO (hold out subject 8) ===
  Train: 4608 trials  |  Test: 576 trials
  Model params: 16,050
  epoch   1/50  loss=1.2583  bal_acc=0.4653
  epoch   2/50  loss=1.0627  bal_acc=0.5069
  epoch   3/50  loss=0.9091  bal_acc=0.5191
  epoch   4/50  loss=0.8108  bal_acc=0.5799
  epoch   5/50  loss=0.7339  bal_acc=0.5226
  epoch   6/50  loss=0.6972  bal_acc=0.6111
  epoch   7/50  loss=0.6392  bal_acc=0.5243
  epoch   8/50  loss=0.6102  bal_acc=0.6267
  epoch   9/50  loss=0.5585  bal_acc=0.5816
  epoch  10/50  loss=0.5267  bal_acc=0.6198
  epoch  11/50  loss=0.4817  bal_acc=0.6128
  epoch  12/50  loss=0.4664  bal_acc=0.5729
  epoch  13/50  loss=0.4566  bal_acc=0.5642
  epoch  14/50  loss=0.3986  bal_acc=0.5712
  epoch  15/50  loss=0.3942  bal_acc=0.5972
  epoch  16/50  loss=0.3642  bal_acc=0.4948
  epoch  17/50  loss=0.3546  bal_acc=0.5538
  epoch  18/50  loss=0.3323  bal_acc=0.5885
  epoch  19/50  loss=0.3289  bal_acc=0.5764
  epoch  20/50  loss=0.2957  bal_acc=0.5764
  epoch  21/50  loss=0.2850  bal_acc=0.5764
  epoch  22/50  loss=0.2803  bal_acc=0.5747
  epoch  23/50  loss=0.2779  bal_acc=0.5920
  epoch  24/50  loss=0.2771  bal_acc=0.5955
  epoch  25/50  loss=0.2626  bal_acc=0.6111
  epoch  26/50  loss=0.2388  bal_acc=0.5781
  epoch  27/50  loss=0.2412  bal_acc=0.6181
  epoch  28/50  loss=0.2226  bal_acc=0.6389
  epoch  29/50  loss=0.2146  bal_acc=0.5920
  epoch  30/50  loss=0.2115  bal_acc=0.5382
  epoch  31/50  loss=0.1813  bal_acc=0.5747
  epoch  32/50  loss=0.2015  bal_acc=0.6146
  epoch  33/50  loss=0.2077  bal_acc=0.5903
  epoch  34/50  loss=0.1935  bal_acc=0.6042
  epoch  35/50  loss=0.1879  bal_acc=0.5712
  epoch  36/50  loss=0.1808  bal_acc=0.5920
  epoch  37/50  loss=0.1739  bal_acc=0.5955
  epoch  38/50  loss=0.1573  bal_acc=0.5851
  epoch  39/50  loss=0.1661  bal_acc=0.6007
  epoch  40/50  loss=0.1701  bal_acc=0.6094
  epoch  41/50  loss=0.1590  bal_acc=0.5885
  epoch  42/50  loss=0.1547  bal_acc=0.5660
  epoch  43/50  loss=0.1665  bal_acc=0.6163
  epoch  44/50  loss=0.1594  bal_acc=0.5885
  epoch  45/50  loss=0.1524  bal_acc=0.6007
  epoch  46/50  loss=0.1536  bal_acc=0.5677
  epoch  47/50  loss=0.1496  bal_acc=0.5729
  epoch  48/50  loss=0.1429  bal_acc=0.5903
  epoch  49/50  loss=0.1250  bal_acc=0.5833
  epoch  50/50  loss=0.1335  bal_acc=0.5590
  [LOSO 9/9] subject 8: acc=0.5590  running_mean=0.5492
Results saved to results/BNCI2014_001/results_trial_69.json
Trial logged to results/BNCI2014_001/trials.csv
[status] trial 69 done (state=COMPLETE, value=0.5491898148148148) -- 63 completed total
Device: cuda
[BNCI2014_001] loading from cache: /home/aleksander.berezowsk/.cache/spiking_eegnet/BNCI2014_001_af1ccf3e92f684d8a93c057082b654d7.npz
[BNCI2014_001] cache hit: (5184, 1, 22, 1001), classes=['feet', 'left_hand', 'right_hand', 'tongue'], subjects=9
Dataset meta: {'n_classes': 4, 'n_channels': 22, 'n_samples': 1001, 'class_names': ['feet', 'left_hand', 'right_hand', 'tongue'], 'subject_list': [1, 2, 3, 4, 5, 6, 7, 8, 9], 'n_subjects': 9, 'sfreq': 250.0}

=== LOSO (hold out subject 0) ===
  Train: 4608 trials  |  Test: 576 trials
  Model params: 30,548
  epoch   1/50  loss=1.2292  bal_acc=0.4896
  epoch   2/50  loss=0.9311  bal_acc=0.5816
  epoch   3/50  loss=0.7699  bal_acc=0.6094
  epoch   4/50  loss=0.6458  bal_acc=0.6458
  epoch   5/50  loss=0.5559  bal_acc=0.6111
  epoch   6/50  loss=0.4825  bal_acc=0.6181
  epoch   7/50  loss=0.4186  bal_acc=0.6580
  epoch   8/50  loss=0.3495  bal_acc=0.6406
  epoch   9/50  loss=0.3073  bal_acc=0.6094
  epoch  10/50  loss=0.2561  bal_acc=0.6267
  epoch  11/50  loss=0.2201  bal_acc=0.6337
  epoch  12/50  loss=0.1735  bal_acc=0.6163
  epoch  13/50  loss=0.1459  bal_acc=0.6337
  epoch  14/50  loss=0.1245  bal_acc=0.6250
  epoch  15/50  loss=0.1379  bal_acc=0.6181
  epoch  16/50  loss=0.0989  bal_acc=0.6285
  epoch  17/50  loss=0.0927  bal_acc=0.5903
  epoch  18/50  loss=0.0719  bal_acc=0.6302
  epoch  19/50  loss=0.0629  bal_acc=0.5799
  epoch  20/50  loss=0.0691  bal_acc=0.6215
  epoch  21/50  loss=0.0564  bal_acc=0.5955
  epoch  22/50  loss=0.0648  bal_acc=0.5868
  epoch  23/50  loss=0.0599  bal_acc=0.6181
  epoch  24/50  loss=0.0823  bal_acc=0.6337
  epoch  25/50  loss=0.0828  bal_acc=0.6406
  epoch  26/50  loss=0.0897  bal_acc=0.6042
  epoch  27/50  loss=0.0632  bal_acc=0.6128
  epoch  28/50  loss=0.0596  bal_acc=0.6111
  epoch  29/50  loss=0.0380  bal_acc=0.6198
  epoch  30/50  loss=0.0245  bal_acc=0.6198
  epoch  31/50  loss=0.0238  bal_acc=0.5885
  epoch  32/50  loss=0.0320  bal_acc=0.5521
  epoch  33/50  loss=0.0502  bal_acc=0.6337
  epoch  34/50  loss=0.0778  bal_acc=0.6146
  epoch  35/50  loss=0.0922  bal_acc=0.6042
  epoch  36/50  loss=0.0536  bal_acc=0.5851
  epoch  37/50  loss=0.0452  bal_acc=0.5955
  epoch  38/50  loss=0.0462  bal_acc=0.5938
  epoch  39/50  loss=0.0382  bal_acc=0.6250
  epoch  40/50  loss=0.0304  bal_acc=0.6007
  epoch  41/50  loss=0.0228  bal_acc=0.6024
  epoch  42/50  loss=0.0141  bal_acc=0.5955
  epoch  43/50  loss=0.0170  bal_acc=0.5990
  epoch  44/50  loss=0.0240  bal_acc=0.6111
  epoch  45/50  loss=0.0274  bal_acc=0.5729
  epoch  46/50  loss=0.0889  bal_acc=0.6250
  epoch  47/50  loss=0.1299  bal_acc=0.5868
  epoch  48/50  loss=0.0651  bal_acc=0.6042
  epoch  49/50  loss=0.0309  bal_acc=0.5920
  epoch  50/50  loss=0.0230  bal_acc=0.6111
  [LOSO 1/9] subject 0: acc=0.6111  running_mean=0.6111

=== LOSO (hold out subject 1) ===
  Train: 4608 trials  |  Test: 576 trials
  Model params: 30,548
  epoch   1/50  loss=1.1868  bal_acc=0.4236
  epoch   2/50  loss=0.8749  bal_acc=0.4219
  epoch   3/50  loss=0.7203  bal_acc=0.4219
  epoch   4/50  loss=0.6046  bal_acc=0.3958
  epoch   5/50  loss=0.5199  bal_acc=0.4392
  epoch   6/50  loss=0.4407  bal_acc=0.4340
  epoch   7/50  loss=0.4017  bal_acc=0.4340
  epoch   8/50  loss=0.3241  bal_acc=0.4479
  epoch   9/50  loss=0.2882  bal_acc=0.4253
  epoch  10/50  loss=0.2424  bal_acc=0.3750
  epoch  11/50  loss=0.2145  bal_acc=0.4271
  epoch  12/50  loss=0.1747  bal_acc=0.4688
  epoch  13/50  loss=0.1448  bal_acc=0.3507
  epoch  14/50  loss=0.1351  bal_acc=0.4340
  epoch  15/50  loss=0.1187  bal_acc=0.4583
  epoch  16/50  loss=0.0972  bal_acc=0.4566
  epoch  17/50  loss=0.0817  bal_acc=0.4705
  epoch  18/50  loss=0.0837  bal_acc=0.4566
  epoch  19/50  loss=0.0937  bal_acc=0.3924
  epoch  20/50  loss=0.0936  bal_acc=0.4323
  epoch  21/50  loss=0.0929  bal_acc=0.3889
  epoch  22/50  loss=0.0703  bal_acc=0.4896
  epoch  23/50  loss=0.0491  bal_acc=0.4809
  epoch  24/50  loss=0.0409  bal_acc=0.4444
  epoch  25/50  loss=0.0381  bal_acc=0.4740
  epoch  26/50  loss=0.0456  bal_acc=0.4427
  epoch  27/50  loss=0.0572  bal_acc=0.4670
  epoch  28/50  loss=0.0490  bal_acc=0.4358
  epoch  29/50  loss=0.0632  bal_acc=0.4219
  epoch  30/50  loss=0.0878  bal_acc=0.4740
  epoch  31/50  loss=0.0587  bal_acc=0.4219
  epoch  32/50  loss=0.0541  bal_acc=0.4236
  epoch  33/50  loss=0.0488  bal_acc=0.4531
  epoch  34/50  loss=0.0439  bal_acc=0.4566
  epoch  35/50  loss=0.0493  bal_acc=0.4566
  epoch  36/50  loss=0.0397  bal_acc=0.4444
  epoch  37/50  loss=0.0355  bal_acc=0.4931
  epoch  38/50  loss=0.0369  bal_acc=0.4462
  epoch  39/50  loss=0.0384  bal_acc=0.4323
  epoch  40/50  loss=0.0430  bal_acc=0.4306
  epoch  41/50  loss=0.0203  bal_acc=0.4427
  epoch  42/50  loss=0.0195  bal_acc=0.4497
  epoch  43/50  loss=0.0216  bal_acc=0.4462
  epoch  44/50  loss=0.0194  bal_acc=0.4340
  epoch  45/50  loss=0.0172  bal_acc=0.4149
  epoch  46/50  loss=0.0667  bal_acc=0.4045
  epoch  47/50  loss=0.1161  bal_acc=0.3958
  epoch  48/50  loss=0.0728  bal_acc=0.4514
  epoch  49/50  loss=0.0508  bal_acc=0.4358
  epoch  50/50  loss=0.0323  bal_acc=0.4132
  [LOSO 2/9] subject 1: acc=0.4132  running_mean=0.5122

=== LOSO (hold out subject 2) ===
  Train: 4608 trials  |  Test: 576 trials
  Model params: 30,548
Finished : Sun Jul  5 23:23:40 MDT 2026
Exit code: 0
