Job ID   : 44392955
Node     : fg6
Started  : Sat Jul  4 03:58:41 MDT 2026
Directory: /home/aleksander.berezowsk/spiking-eegnet
Requirement already satisfied: setuptools==69.5.1 in /home/aleksander.berezowsk/venv/lib/python3.12/site-packages (69.5.1)
Requirement already satisfied: torch==2.4.0 in /home/aleksander.berezowsk/venv/lib/python3.12/site-packages (2.4.0)
Requirement already satisfied: torchvision==0.19.0 in /home/aleksander.berezowsk/venv/lib/python3.12/site-packages (0.19.0)
Requirement already satisfied: torchaudio==2.4.0 in /home/aleksander.berezowsk/venv/lib/python3.12/site-packages (2.4.0)
Requirement already satisfied: torchmetrics in /home/aleksander.berezowsk/venv/lib/python3.12/site-packages (1.9.0)
Requirement already satisfied: filelock in /home/aleksander.berezowsk/venv/lib/python3.12/site-packages (from torch==2.4.0) (3.29.0)
Requirement already satisfied: typing-extensions>=4.8.0 in /home/aleksander.berezowsk/venv/lib/python3.12/site-packages (from torch==2.4.0) (4.15.0)
Requirement already satisfied: sympy in /home/aleksander.berezowsk/venv/lib/python3.12/site-packages (from torch==2.4.0) (1.14.0)
Requirement already satisfied: networkx in /home/aleksander.berezowsk/venv/lib/python3.12/site-packages (from torch==2.4.0) (3.6.1)
Requirement already satisfied: jinja2 in /home/aleksander.berezowsk/venv/lib/python3.12/site-packages (from torch==2.4.0) (3.1.6)
Requirement already satisfied: fsspec in /home/aleksander.berezowsk/venv/lib/python3.12/site-packages (from torch==2.4.0) (2026.4.0)
Requirement already satisfied: setuptools in /home/aleksander.berezowsk/venv/lib/python3.12/site-packages (from torch==2.4.0) (69.5.1)
Requirement already satisfied: nvidia-cuda-nvrtc-cu12==12.1.105 in /home/aleksander.berezowsk/venv/lib/python3.12/site-packages (from torch==2.4.0) (12.1.105)
Requirement already satisfied: nvidia-cuda-runtime-cu12==12.1.105 in /home/aleksander.berezowsk/venv/lib/python3.12/site-packages (from torch==2.4.0) (12.1.105)
Requirement already satisfied: nvidia-cuda-cupti-cu12==12.1.105 in /home/aleksander.berezowsk/venv/lib/python3.12/site-packages (from torch==2.4.0) (12.1.105)
Requirement already satisfied: nvidia-cudnn-cu12==9.1.0.70 in /home/aleksander.berezowsk/venv/lib/python3.12/site-packages (from torch==2.4.0) (9.1.0.70)
Requirement already satisfied: nvidia-cublas-cu12==12.1.3.1 in /home/aleksander.berezowsk/venv/lib/python3.12/site-packages (from torch==2.4.0) (12.1.3.1)
Requirement already satisfied: nvidia-cufft-cu12==11.0.2.54 in /home/aleksander.berezowsk/venv/lib/python3.12/site-packages (from torch==2.4.0) (11.0.2.54)
Requirement already satisfied: nvidia-curand-cu12==10.3.2.106 in /home/aleksander.berezowsk/venv/lib/python3.12/site-packages (from torch==2.4.0) (10.3.2.106)
Requirement already satisfied: nvidia-cusolver-cu12==11.4.5.107 in /home/aleksander.berezowsk/venv/lib/python3.12/site-packages (from torch==2.4.0) (11.4.5.107)
Requirement already satisfied: nvidia-cusparse-cu12==12.1.0.106 in /home/aleksander.berezowsk/venv/lib/python3.12/site-packages (from torch==2.4.0) (12.1.0.106)
Requirement already satisfied: nvidia-nccl-cu12==2.20.5 in /home/aleksander.berezowsk/venv/lib/python3.12/site-packages (from torch==2.4.0) (2.20.5)
Requirement already satisfied: nvidia-nvtx-cu12==12.1.105 in /home/aleksander.berezowsk/venv/lib/python3.12/site-packages (from torch==2.4.0) (12.1.105)
Requirement already satisfied: triton==3.0.0 in /home/aleksander.berezowsk/venv/lib/python3.12/site-packages (from torch==2.4.0) (3.0.0)
Requirement already satisfied: numpy in /home/aleksander.berezowsk/venv/lib/python3.12/site-packages (from torchvision==0.19.0) (2.4.6)
Requirement already satisfied: pillow!=8.3.*,>=5.3.0 in /home/aleksander.berezowsk/venv/lib/python3.12/site-packages (from torchvision==0.19.0) (12.2.0)
Requirement already satisfied: nvidia-nvjitlink-cu12 in /home/aleksander.berezowsk/venv/lib/python3.12/site-packages (from nvidia-cusolver-cu12==11.4.5.107->torch==2.4.0) (12.9.86)
Requirement already satisfied: packaging>17.1 in /home/aleksander.berezowsk/venv/lib/python3.12/site-packages (from torchmetrics) (26.2)
Requirement already satisfied: lightning-utilities>=0.15.3 in /home/aleksander.berezowsk/venv/lib/python3.12/site-packages (from torchmetrics) (0.15.3)
Requirement already satisfied: MarkupSafe>=2.0 in /home/aleksander.berezowsk/venv/lib/python3.12/site-packages (from jinja2->torch==2.4.0) (3.0.3)
Requirement already satisfied: mpmath<1.4,>=1.1.0 in /home/aleksander.berezowsk/venv/lib/python3.12/site-packages (from sympy->torch==2.4.0) (1.3.0)
Requirement already satisfied: optuna in /home/aleksander.berezowsk/venv/lib/python3.12/site-packages (4.9.0)
Requirement already satisfied: snntorch in /home/aleksander.berezowsk/venv/lib/python3.12/site-packages (0.9.4)
Requirement already satisfied: alembic>=1.5.0 in /home/aleksander.berezowsk/venv/lib/python3.12/site-packages (from optuna) (1.18.4)
Requirement already satisfied: colorlog in /home/aleksander.berezowsk/venv/lib/python3.12/site-packages (from optuna) (6.10.1)
Requirement already satisfied: numpy in /home/aleksander.berezowsk/venv/lib/python3.12/site-packages (from optuna) (2.4.6)
Requirement already satisfied: packaging>=20.0 in /home/aleksander.berezowsk/venv/lib/python3.12/site-packages (from optuna) (26.2)
Requirement already satisfied: sqlalchemy>=1.4.2 in /home/aleksander.berezowsk/venv/lib/python3.12/site-packages (from optuna) (2.0.50)
Requirement already satisfied: tqdm in /home/aleksander.berezowsk/venv/lib/python3.12/site-packages (from optuna) (4.67.3)
Requirement already satisfied: PyYAML in /home/aleksander.berezowsk/venv/lib/python3.12/site-packages (from optuna) (6.0.3)
Requirement already satisfied: Mako in /home/aleksander.berezowsk/venv/lib/python3.12/site-packages (from alembic>=1.5.0->optuna) (1.3.12)
Requirement already satisfied: typing-extensions>=4.12 in /home/aleksander.berezowsk/venv/lib/python3.12/site-packages (from alembic>=1.5.0->optuna) (4.15.0)
Requirement already satisfied: greenlet>=1 in /home/aleksander.berezowsk/venv/lib/python3.12/site-packages (from sqlalchemy>=1.4.2->optuna) (3.5.1)
Requirement already satisfied: MarkupSafe>=0.9.2 in /home/aleksander.berezowsk/venv/lib/python3.12/site-packages (from Mako->alembic>=1.5.0->optuna) (3.0.3)
Device: cuda
[BNCI2014_001] loading from cache: /home/aleksander.berezowsk/.cache/spiking_eegnet/BNCI2014_001_af1ccf3e92f684d8a93c057082b654d7.npz
[BNCI2014_001] cache hit: (5184, 1, 22, 1001), classes=['feet', 'left_hand', 'right_hand', 'tongue'], subjects=9
Dataset meta: {'n_classes': 4, 'n_channels': 22, 'n_samples': 1001, 'class_names': ['feet', 'left_hand', 'right_hand', 'tongue'], 'subject_list': [1, 2, 3, 4, 5, 6, 7, 8, 9], 'n_subjects': 9, 'sfreq': 250.0}

=== LOSO (hold out subject 0) ===
  Train: 4608 trials  |  Test: 576 trials
  Model params: 25,303
  epoch   1/50  loss=1.3741  bal_acc=0.3403
  epoch   2/50  loss=1.3170  bal_acc=0.3802
  epoch   3/50  loss=1.2654  bal_acc=0.3785
  epoch   4/50  loss=1.2162  bal_acc=0.4062
  epoch   5/50  loss=1.1677  bal_acc=0.4288
  epoch   6/50  loss=1.1134  bal_acc=0.4306
  epoch   7/50  loss=1.0522  bal_acc=0.4514
  epoch   8/50  loss=1.0004  bal_acc=0.4792
  epoch   9/50  loss=0.9539  bal_acc=0.4844
  epoch  10/50  loss=0.9149  bal_acc=0.4931
  epoch  11/50  loss=0.8759  bal_acc=0.4826
  epoch  12/50  loss=0.8421  bal_acc=0.4809
  epoch  13/50  loss=0.8169  bal_acc=0.5052
  epoch  14/50  loss=0.7911  bal_acc=0.5087
  epoch  15/50  loss=0.7657  bal_acc=0.5139
  epoch  16/50  loss=0.7456  bal_acc=0.5295
  epoch  17/50  loss=0.7242  bal_acc=0.5312
  epoch  18/50  loss=0.7050  bal_acc=0.5295
  epoch  19/50  loss=0.6886  bal_acc=0.5434
  epoch  20/50  loss=0.6650  bal_acc=0.5538
  epoch  21/50  loss=0.6483  bal_acc=0.5503
  epoch  22/50  loss=0.6367  bal_acc=0.5573
  epoch  23/50  loss=0.6227  bal_acc=0.5660
  epoch  24/50  loss=0.6033  bal_acc=0.5747
  epoch  25/50  loss=0.5932  bal_acc=0.5677
  epoch  26/50  loss=0.5835  bal_acc=0.5677
  epoch  27/50  loss=0.5691  bal_acc=0.5642
  epoch  28/50  loss=0.5580  bal_acc=0.5764
  epoch  29/50  loss=0.5508  bal_acc=0.5851
  epoch  30/50  loss=0.5366  bal_acc=0.5938
  epoch  31/50  loss=0.5255  bal_acc=0.5729
  epoch  32/50  loss=0.5121  bal_acc=0.5781
  epoch  33/50  loss=0.5004  bal_acc=0.5920
  epoch  34/50  loss=0.4920  bal_acc=0.5799
  epoch  35/50  loss=0.4749  bal_acc=0.6181
  epoch  36/50  loss=0.4725  bal_acc=0.5816
  epoch  37/50  loss=0.4651  bal_acc=0.5799
  epoch  38/50  loss=0.4552  bal_acc=0.5972
  epoch  39/50  loss=0.4430  bal_acc=0.5938
  epoch  40/50  loss=0.4339  bal_acc=0.5955
  epoch  41/50  loss=0.4222  bal_acc=0.5590
  epoch  42/50  loss=0.4157  bal_acc=0.5729
  epoch  43/50  loss=0.4140  bal_acc=0.5799
  epoch  44/50  loss=0.4057  bal_acc=0.5972
  epoch  45/50  loss=0.4000  bal_acc=0.5694
  epoch  46/50  loss=0.3876  bal_acc=0.5885
  epoch  47/50  loss=0.3897  bal_acc=0.5938
  epoch  48/50  loss=0.3754  bal_acc=0.5729
  epoch  49/50  loss=0.3695  bal_acc=0.5920
  epoch  50/50  loss=0.3629  bal_acc=0.5816
  [LOSO 1/9] subject 0: acc=0.5816  running_mean=0.5816

=== LOSO (hold out subject 1) ===
  Train: 4608 trials  |  Test: 576 trials
  Model params: 25,303
  epoch   1/50  loss=1.3700  bal_acc=0.3160
  epoch   2/50  loss=1.3092  bal_acc=0.3316
  epoch   3/50  loss=1.2662  bal_acc=0.3507
  epoch   4/50  loss=1.2208  bal_acc=0.3663
  epoch   5/50  loss=1.1675  bal_acc=0.3715
  epoch   6/50  loss=1.1167  bal_acc=0.3438
  epoch   7/50  loss=1.0595  bal_acc=0.3715
  epoch   8/50  loss=1.0041  bal_acc=0.3750
  epoch   9/50  loss=0.9591  bal_acc=0.3802
  epoch  10/50  loss=0.9199  bal_acc=0.3750
  epoch  11/50  loss=0.8827  bal_acc=0.3941
  epoch  12/50  loss=0.8515  bal_acc=0.4010
  epoch  13/50  loss=0.8141  bal_acc=0.4323
  epoch  14/50  loss=0.7888  bal_acc=0.4115
  epoch  15/50  loss=0.7560  bal_acc=0.4288
  epoch  16/50  loss=0.7356  bal_acc=0.4167
  epoch  17/50  loss=0.7124  bal_acc=0.4288
  epoch  18/50  loss=0.6868  bal_acc=0.4375
  epoch  19/50  loss=0.6692  bal_acc=0.4427
  epoch  20/50  loss=0.6450  bal_acc=0.4062
  epoch  21/50  loss=0.6327  bal_acc=0.4253
  epoch  22/50  loss=0.6090  bal_acc=0.4410
  epoch  23/50  loss=0.5989  bal_acc=0.4514
  epoch  24/50  loss=0.5785  bal_acc=0.4045
  epoch  25/50  loss=0.5679  bal_acc=0.4271
  epoch  26/50  loss=0.5481  bal_acc=0.4149
  epoch  27/50  loss=0.5368  bal_acc=0.4271
  epoch  28/50  loss=0.5243  bal_acc=0.4271
  epoch  29/50  loss=0.5117  bal_acc=0.4444
  epoch  30/50  loss=0.4961  bal_acc=0.4375
  epoch  31/50  loss=0.4919  bal_acc=0.4184
  epoch  32/50  loss=0.4817  bal_acc=0.4375
  epoch  33/50  loss=0.4681  bal_acc=0.4306
  epoch  34/50  loss=0.4669  bal_acc=0.4462
  epoch  35/50  loss=0.4507  bal_acc=0.4306
  epoch  36/50  loss=0.4393  bal_acc=0.4410
  epoch  37/50  loss=0.4260  bal_acc=0.4427
  epoch  38/50  loss=0.4180  bal_acc=0.4132
  epoch  39/50  loss=0.4085  bal_acc=0.4080
  epoch  40/50  loss=0.4014  bal_acc=0.4115
  epoch  41/50  loss=0.3953  bal_acc=0.3941
  epoch  42/50  loss=0.3872  bal_acc=0.4236
  epoch  43/50  loss=0.3788  bal_acc=0.4115
  epoch  44/50  loss=0.3640  bal_acc=0.4149
  epoch  45/50  loss=0.3635  bal_acc=0.4149
  epoch  46/50  loss=0.3540  bal_acc=0.4167
  epoch  47/50  loss=0.3488  bal_acc=0.4288
  epoch  48/50  loss=0.3351  bal_acc=0.4167
  epoch  49/50  loss=0.3291  bal_acc=0.4497
  epoch  50/50  loss=0.3296  bal_acc=0.3906
  [LOSO 2/9] subject 1: acc=0.3906  running_mean=0.4861

=== LOSO (hold out subject 2) ===
  Train: 4608 trials  |  Test: 576 trials
  Model params: 25,303
  epoch   1/50  loss=1.3697  bal_acc=0.3924
  epoch   2/50  loss=1.3081  bal_acc=0.4323
  epoch   3/50  loss=1.2581  bal_acc=0.4444
  epoch   4/50  loss=1.2153  bal_acc=0.4653
  epoch   5/50  loss=1.1689  bal_acc=0.4826
  epoch   6/50  loss=1.1163  bal_acc=0.5174
  epoch   7/50  loss=1.0706  bal_acc=0.5521
  epoch   8/50  loss=1.0252  bal_acc=0.5538
  epoch   9/50  loss=0.9833  bal_acc=0.5747
  epoch  10/50  loss=0.9434  bal_acc=0.5938
  epoch  11/50  loss=0.9142  bal_acc=0.5764
  epoch  12/50  loss=0.8803  bal_acc=0.6389
  epoch  13/50  loss=0.8497  bal_acc=0.6389
  epoch  14/50  loss=0.8260  bal_acc=0.6441
  epoch  15/50  loss=0.8006  bal_acc=0.6649
  epoch  16/50  loss=0.7731  bal_acc=0.6528
  epoch  17/50  loss=0.7525  bal_acc=0.6771
  epoch  18/50  loss=0.7367  bal_acc=0.6840
  epoch  19/50  loss=0.7148  bal_acc=0.6788
  epoch  20/50  loss=0.6986  bal_acc=0.6997
  epoch  21/50  loss=0.6807  bal_acc=0.6979
  epoch  22/50  loss=0.6693  bal_acc=0.6962
  epoch  23/50  loss=0.6521  bal_acc=0.6285
  epoch  24/50  loss=0.6344  bal_acc=0.7274
  epoch  25/50  loss=0.6198  bal_acc=0.6944
  epoch  26/50  loss=0.6093  bal_acc=0.6910
  epoch  27/50  loss=0.5996  bal_acc=0.6892
  epoch  28/50  loss=0.5885  bal_acc=0.7031
  epoch  29/50  loss=0.5755  bal_acc=0.6962
  epoch  30/50  loss=0.5585  bal_acc=0.6771
  epoch  31/50  loss=0.5498  bal_acc=0.6979
  epoch  32/50  loss=0.5433  bal_acc=0.7014
  epoch  33/50  loss=0.5235  bal_acc=0.6997
  epoch  34/50  loss=0.5115  bal_acc=0.6788
  epoch  35/50  loss=0.5068  bal_acc=0.6979
  epoch  36/50  loss=0.4987  bal_acc=0.7170
  epoch  37/50  loss=0.4862  bal_acc=0.6927
  epoch  38/50  loss=0.4821  bal_acc=0.6892
  epoch  39/50  loss=0.4679  bal_acc=0.6892
  epoch  40/50  loss=0.4631  bal_acc=0.6823
  epoch  41/50  loss=0.4510  bal_acc=0.7014
  epoch  42/50  loss=0.4445  bal_acc=0.7101
  epoch  43/50  loss=0.4363  bal_acc=0.6979
  epoch  44/50  loss=0.4233  bal_acc=0.6823
  epoch  45/50  loss=0.4217  bal_acc=0.6840
  epoch  46/50  loss=0.4102  bal_acc=0.6823
  epoch  47/50  loss=0.3993  bal_acc=0.7049
  epoch  48/50  loss=0.3996  bal_acc=0.7240
  epoch  49/50  loss=0.3902  bal_acc=0.6892
  epoch  50/50  loss=0.3804  bal_acc=0.6892
  [LOSO 3/9] subject 2: acc=0.6892  running_mean=0.5538

=== LOSO (hold out subject 3) ===
  Train: 4608 trials  |  Test: 576 trials
  Model params: 25,303
  epoch   1/50  loss=1.3783  bal_acc=0.3212
  epoch   2/50  loss=1.3225  bal_acc=0.3351
  epoch   3/50  loss=1.2763  bal_acc=0.3351
  epoch   4/50  loss=1.2344  bal_acc=0.3715
  epoch   5/50  loss=1.1943  bal_acc=0.3941
  epoch   6/50  loss=1.1467  bal_acc=0.4149
  epoch   7/50  loss=1.0963  bal_acc=0.4184
  epoch   8/50  loss=1.0486  bal_acc=0.4201
  epoch   9/50  loss=1.0061  bal_acc=0.4462
  epoch  10/50  loss=0.9614  bal_acc=0.4375
  epoch  11/50  loss=0.9188  bal_acc=0.4583
  epoch  12/50  loss=0.8806  bal_acc=0.4740
  epoch  13/50  loss=0.8404  bal_acc=0.4896
  epoch  14/50  loss=0.8065  bal_acc=0.4861
  epoch  15/50  loss=0.7737  bal_acc=0.4913
  epoch  16/50  loss=0.7507  bal_acc=0.5122
  epoch  17/50  loss=0.7289  bal_acc=0.4913
  epoch  18/50  loss=0.6996  bal_acc=0.4757
  epoch  19/50  loss=0.6781  bal_acc=0.4878
  epoch  20/50  loss=0.6583  bal_acc=0.4861
  epoch  21/50  loss=0.6419  bal_acc=0.4774
  epoch  22/50  loss=0.6217  bal_acc=0.4688
  epoch  23/50  loss=0.6099  bal_acc=0.4514
  epoch  24/50  loss=0.5937  bal_acc=0.4792
  epoch  25/50  loss=0.5803  bal_acc=0.4722
  epoch  26/50  loss=0.5614  bal_acc=0.4618
  epoch  27/50  loss=0.5516  bal_acc=0.4861
  epoch  28/50  loss=0.5424  bal_acc=0.4688
  epoch  29/50  loss=0.5232  bal_acc=0.4635
  epoch  30/50  loss=0.5133  bal_acc=0.4931
  epoch  31/50  loss=0.5086  bal_acc=0.4931
  epoch  32/50  loss=0.4903  bal_acc=0.4809
  epoch  33/50  loss=0.4770  bal_acc=0.4549
  epoch  34/50  loss=0.4698  bal_acc=0.4983
  epoch  35/50  loss=0.4562  bal_acc=0.4861
  epoch  36/50  loss=0.4502  bal_acc=0.4965
  epoch  37/50  loss=0.4444  bal_acc=0.4983
  epoch  38/50  loss=0.4295  bal_acc=0.4878
  epoch  39/50  loss=0.4274  bal_acc=0.5017
  epoch  40/50  loss=0.4156  bal_acc=0.4844
  epoch  41/50  loss=0.4017  bal_acc=0.5122
  epoch  42/50  loss=0.3961  bal_acc=0.4965
  epoch  43/50  loss=0.3931  bal_acc=0.4965
  epoch  44/50  loss=0.3752  bal_acc=0.5139
  epoch  45/50  loss=0.3746  bal_acc=0.4705
  epoch  46/50  loss=0.3664  bal_acc=0.4809
  epoch  47/50  loss=0.3561  bal_acc=0.5069
  epoch  48/50  loss=0.3512  bal_acc=0.4288
  epoch  49/50  loss=0.3455  bal_acc=0.5052
  epoch  50/50  loss=0.3376  bal_acc=0.4931
  [LOSO 4/9] subject 3: acc=0.4931  running_mean=0.5386

=== LOSO (hold out subject 4) ===
  Train: 4608 trials  |  Test: 576 trials
  Model params: 25,303
  epoch   1/50  loss=1.3705  bal_acc=0.3333
  epoch   2/50  loss=1.3034  bal_acc=0.3889
  epoch   3/50  loss=1.2513  bal_acc=0.3715
  epoch   4/50  loss=1.2004  bal_acc=0.3958
  epoch   5/50  loss=1.1497  bal_acc=0.4028
  epoch   6/50  loss=1.0966  bal_acc=0.4184
  epoch   7/50  loss=1.0401  bal_acc=0.4253
  epoch   8/50  loss=0.9870  bal_acc=0.4427
  epoch   9/50  loss=0.9443  bal_acc=0.4184
  epoch  10/50  loss=0.9018  bal_acc=0.5017
  epoch  11/50  loss=0.8597  bal_acc=0.4271
  epoch  12/50  loss=0.8292  bal_acc=0.4479
  epoch  13/50  loss=0.7963  bal_acc=0.4410
  epoch  14/50  loss=0.7707  bal_acc=0.4375
  epoch  15/50  loss=0.7459  bal_acc=0.4497
  epoch  16/50  loss=0.7206  bal_acc=0.5122
  epoch  17/50  loss=0.6985  bal_acc=0.4809
  epoch  18/50  loss=0.6778  bal_acc=0.4983
  epoch  19/50  loss=0.6596  bal_acc=0.4774
  epoch  20/50  loss=0.6421  bal_acc=0.5000
  epoch  21/50  loss=0.6223  bal_acc=0.4931
  epoch  22/50  loss=0.6078  bal_acc=0.4965
  epoch  23/50  loss=0.5912  bal_acc=0.4965
  epoch  24/50  loss=0.5767  bal_acc=0.4601
  epoch  25/50  loss=0.5622  bal_acc=0.5208
  epoch  26/50  loss=0.5500  bal_acc=0.4861
  epoch  27/50  loss=0.5343  bal_acc=0.5347
  epoch  28/50  loss=0.5276  bal_acc=0.5156
  epoch  29/50  loss=0.5171  bal_acc=0.5156
  epoch  30/50  loss=0.4975  bal_acc=0.5642
  epoch  31/50  loss=0.4833  bal_acc=0.5365
  epoch  32/50  loss=0.4773  bal_acc=0.5243
  epoch  33/50  loss=0.4706  bal_acc=0.5260
  epoch  34/50  loss=0.4569  bal_acc=0.5122
  epoch  35/50  loss=0.4460  bal_acc=0.4931
  epoch  36/50  loss=0.4368  bal_acc=0.4688
  epoch  37/50  loss=0.4265  bal_acc=0.4826
  epoch  38/50  loss=0.4163  bal_acc=0.5486
  epoch  39/50  loss=0.4066  bal_acc=0.5295
  epoch  40/50  loss=0.4058  bal_acc=0.5642
  epoch  41/50  loss=0.3940  bal_acc=0.5208
  epoch  42/50  loss=0.3882  bal_acc=0.5538
  epoch  43/50  loss=0.3715  bal_acc=0.5278
  epoch  44/50  loss=0.3670  bal_acc=0.4948
  epoch  45/50  loss=0.3585  bal_acc=0.5191
  epoch  46/50  loss=0.3512  bal_acc=0.5035
  epoch  47/50  loss=0.3393  bal_acc=0.5104
  epoch  48/50  loss=0.3312  bal_acc=0.5052
  epoch  49/50  loss=0.3279  bal_acc=0.5156
  epoch  50/50  loss=0.3170  bal_acc=0.5608
  [LOSO 5/9] subject 4: acc=0.5608  running_mean=0.5431

=== LOSO (hold out subject 5) ===
  Train: 4608 trials  |  Test: 576 trials
  Model params: 25,303
  epoch   1/50  loss=1.3706  bal_acc=0.3420
  epoch   2/50  loss=1.3079  bal_acc=0.3715
  epoch   3/50  loss=1.2556  bal_acc=0.3594
  epoch   4/50  loss=1.2083  bal_acc=0.4028
  epoch   5/50  loss=1.1570  bal_acc=0.3993
  epoch   6/50  loss=1.1034  bal_acc=0.4062
  epoch   7/50  loss=1.0478  bal_acc=0.4184
  epoch   8/50  loss=0.9928  bal_acc=0.4358
  epoch   9/50  loss=0.9417  bal_acc=0.4479
  epoch  10/50  loss=0.8901  bal_acc=0.4288
  epoch  11/50  loss=0.8448  bal_acc=0.4601
  epoch  12/50  loss=0.8041  bal_acc=0.4653
  epoch  13/50  loss=0.7698  bal_acc=0.4549
  epoch  14/50  loss=0.7407  bal_acc=0.4722
  epoch  15/50  loss=0.7180  bal_acc=0.4410
  epoch  16/50  loss=0.6971  bal_acc=0.4792
  epoch  17/50  loss=0.6778  bal_acc=0.4444
  epoch  18/50  loss=0.6591  bal_acc=0.4375
  epoch  19/50  loss=0.6399  bal_acc=0.4497
  epoch  20/50  loss=0.6202  bal_acc=0.4809
  epoch  21/50  loss=0.6095  bal_acc=0.4375
  epoch  22/50  loss=0.5854  bal_acc=0.4705
  epoch  23/50  loss=0.5759  bal_acc=0.4549
  epoch  24/50  loss=0.5546  bal_acc=0.4583
  epoch  25/50  loss=0.5477  bal_acc=0.4479
  epoch  26/50  loss=0.5278  bal_acc=0.4844
  epoch  27/50  loss=0.5166  bal_acc=0.4028
  epoch  28/50  loss=0.5047  bal_acc=0.4115
  epoch  29/50  loss=0.4990  bal_acc=0.4531
  epoch  30/50  loss=0.4819  bal_acc=0.4549
  epoch  31/50  loss=0.4735  bal_acc=0.4444
  epoch  32/50  loss=0.4562  bal_acc=0.3889
  epoch  33/50  loss=0.4564  bal_acc=0.4427
  epoch  34/50  loss=0.4371  bal_acc=0.4236
  epoch  35/50  loss=0.4338  bal_acc=0.4253
  epoch  36/50  loss=0.4255  bal_acc=0.4392
  epoch  37/50  loss=0.4141  bal_acc=0.4444
  epoch  38/50  loss=0.4085  bal_acc=0.4549
  epoch  39/50  loss=0.3966  bal_acc=0.4271
  epoch  40/50  loss=0.3904  bal_acc=0.4601
  epoch  41/50  loss=0.3809  bal_acc=0.3785
  epoch  42/50  loss=0.3776  bal_acc=0.3958
  epoch  43/50  loss=0.3627  bal_acc=0.4115
  epoch  44/50  loss=0.3661  bal_acc=0.3802
  epoch  45/50  loss=0.3560  bal_acc=0.4062
  epoch  46/50  loss=0.3487  bal_acc=0.4479
  epoch  47/50  loss=0.3377  bal_acc=0.4392
  epoch  48/50  loss=0.3294  bal_acc=0.3889
  epoch  49/50  loss=0.3267  bal_acc=0.4132
  epoch  50/50  loss=0.3157  bal_acc=0.3924
  [LOSO 6/9] subject 5: acc=0.3924  running_mean=0.5179

=== LOSO (hold out subject 6) ===
  Train: 4608 trials  |  Test: 576 trials
  Model params: 25,303
  epoch   1/50  loss=1.3724  bal_acc=0.3906
  epoch   2/50  loss=1.3108  bal_acc=0.4184
  epoch   3/50  loss=1.2654  bal_acc=0.4444
  epoch   4/50  loss=1.2186  bal_acc=0.4705
  epoch   5/50  loss=1.1694  bal_acc=0.4792
  epoch   6/50  loss=1.1200  bal_acc=0.5312
  epoch   7/50  loss=1.0744  bal_acc=0.5417
  epoch   8/50  loss=1.0291  bal_acc=0.5521
  epoch   9/50  loss=0.9894  bal_acc=0.5712
  epoch  10/50  loss=0.9481  bal_acc=0.5833
  epoch  11/50  loss=0.9124  bal_acc=0.5972
  epoch  12/50  loss=0.8760  bal_acc=0.5990
  epoch  13/50  loss=0.8409  bal_acc=0.5920
  epoch  14/50  loss=0.8059  bal_acc=0.6007
  epoch  15/50  loss=0.7742  bal_acc=0.6094
  epoch  16/50  loss=0.7531  bal_acc=0.6024
  epoch  17/50  loss=0.7155  bal_acc=0.6128
  epoch  18/50  loss=0.6991  bal_acc=0.6163
  epoch  19/50  loss=0.6783  bal_acc=0.6198
  epoch  20/50  loss=0.6601  bal_acc=0.5990
  epoch  21/50  loss=0.6422  bal_acc=0.6285
  epoch  22/50  loss=0.6272  bal_acc=0.6146
  epoch  23/50  loss=0.6113  bal_acc=0.5920
  epoch  24/50  loss=0.5995  bal_acc=0.5868
  epoch  25/50  loss=0.5848  bal_acc=0.5972
  epoch  26/50  loss=0.5725  bal_acc=0.6076
  epoch  27/50  loss=0.5625  bal_acc=0.5972
  epoch  28/50  loss=0.5495  bal_acc=0.6198
  epoch  29/50  loss=0.5456  bal_acc=0.6198
  epoch  30/50  loss=0.5282  bal_acc=0.6128
  epoch  31/50  loss=0.5134  bal_acc=0.6302
  epoch  32/50  loss=0.5016  bal_acc=0.6111
  epoch  33/50  loss=0.4926  bal_acc=0.5990
  epoch  34/50  loss=0.4839  bal_acc=0.6076
  epoch  35/50  loss=0.4720  bal_acc=0.6128
  epoch  36/50  loss=0.4655  bal_acc=0.5729
  epoch  37/50  loss=0.4550  bal_acc=0.5920
  epoch  38/50  loss=0.4519  bal_acc=0.5990
  epoch  39/50  loss=0.4380  bal_acc=0.5990
  epoch  40/50  loss=0.4263  bal_acc=0.6233
  epoch  41/50  loss=0.4237  bal_acc=0.5990
  epoch  42/50  loss=0.4160  bal_acc=0.5851
  epoch  43/50  loss=0.4098  bal_acc=0.5903
  epoch  44/50  loss=0.3976  bal_acc=0.6128
  epoch  45/50  loss=0.3864  bal_acc=0.5851
  epoch  46/50  loss=0.3859  bal_acc=0.6094
  epoch  47/50  loss=0.3755  bal_acc=0.5764
  epoch  48/50  loss=0.3712  bal_acc=0.6111
  epoch  49/50  loss=0.3555  bal_acc=0.5885
  epoch  50/50  loss=0.3580  bal_acc=0.6007
  [LOSO 7/9] subject 6: acc=0.6007  running_mean=0.5298

=== LOSO (hold out subject 7) ===
  Train: 4608 trials  |  Test: 576 trials
  Model params: 25,303
  epoch   1/50  loss=1.3799  bal_acc=0.3611
  epoch   2/50  loss=1.3275  bal_acc=0.3854
  epoch   3/50  loss=1.2812  bal_acc=0.4028
  epoch   4/50  loss=1.2434  bal_acc=0.4288
  epoch   5/50  loss=1.2044  bal_acc=0.4635
  epoch   6/50  loss=1.1573  bal_acc=0.4931
  epoch   7/50  loss=1.1070  bal_acc=0.5000
  epoch   8/50  loss=1.0558  bal_acc=0.5382
  epoch   9/50  loss=1.0095  bal_acc=0.5712
  epoch  10/50  loss=0.9642  bal_acc=0.5590
  epoch  11/50  loss=0.9282  bal_acc=0.5799
  epoch  12/50  loss=0.8962  bal_acc=0.5885
  epoch  13/50  loss=0.8720  bal_acc=0.5729
  epoch  14/50  loss=0.8414  bal_acc=0.5625
  epoch  15/50  loss=0.8178  bal_acc=0.5399
  epoch  16/50  loss=0.7920  bal_acc=0.5590
  epoch  17/50  loss=0.7698  bal_acc=0.5851
  epoch  18/50  loss=0.7513  bal_acc=0.5417
  epoch  19/50  loss=0.7332  bal_acc=0.5920
  epoch  20/50  loss=0.7129  bal_acc=0.5920
  epoch  21/50  loss=0.6963  bal_acc=0.5920
  epoch  22/50  loss=0.6785  bal_acc=0.5590
  epoch  23/50  loss=0.6655  bal_acc=0.5833
  epoch  24/50  loss=0.6422  bal_acc=0.5955
  epoch  25/50  loss=0.6298  bal_acc=0.5816
  epoch  26/50  loss=0.6156  bal_acc=0.5833
  epoch  27/50  loss=0.5979  bal_acc=0.5955
  epoch  28/50  loss=0.5793  bal_acc=0.6076
  epoch  29/50  loss=0.5702  bal_acc=0.6163
  epoch  30/50  loss=0.5579  bal_acc=0.6181
  epoch  31/50  loss=0.5457  bal_acc=0.6007
  epoch  32/50  loss=0.5265  bal_acc=0.6267
  epoch  33/50  loss=0.5244  bal_acc=0.5868
  epoch  34/50  loss=0.5098  bal_acc=0.6233
  epoch  35/50  loss=0.4955  bal_acc=0.6233
  epoch  36/50  loss=0.4864  bal_acc=0.5938
  epoch  37/50  loss=0.4778  bal_acc=0.6233
  epoch  38/50  loss=0.4634  bal_acc=0.6372
  epoch  39/50  loss=0.4536  bal_acc=0.6719
  epoch  40/50  loss=0.4471  bal_acc=0.6094
  epoch  41/50  loss=0.4277  bal_acc=0.6233
  epoch  42/50  loss=0.4338  bal_acc=0.6059
  epoch  43/50  loss=0.4172  bal_acc=0.6319
  epoch  44/50  loss=0.4102  bal_acc=0.6302
  epoch  45/50  loss=0.4053  bal_acc=0.6424
  epoch  46/50  loss=0.3917  bal_acc=0.6285
  epoch  47/50  loss=0.3848  bal_acc=0.6424
  epoch  48/50  loss=0.3810  bal_acc=0.6510
  epoch  49/50  loss=0.3717  bal_acc=0.6441
  epoch  50/50  loss=0.3623  bal_acc=0.6372
  [LOSO 8/9] subject 7: acc=0.6372  running_mean=0.5432

=== LOSO (hold out subject 8) ===
  Train: 4608 trials  |  Test: 576 trials
  Model params: 25,303
  epoch   1/50  loss=1.3738  bal_acc=0.3194
  epoch   2/50  loss=1.3116  bal_acc=0.3715
  epoch   3/50  loss=1.2601  bal_acc=0.4028
  epoch   4/50  loss=1.2143  bal_acc=0.3906
  epoch   5/50  loss=1.1630  bal_acc=0.4062
  epoch   6/50  loss=1.1061  bal_acc=0.4392
  epoch   7/50  loss=1.0585  bal_acc=0.4601
  epoch   8/50  loss=1.0200  bal_acc=0.4549
  epoch   9/50  loss=0.9829  bal_acc=0.4688
  epoch  10/50  loss=0.9539  bal_acc=0.4740
  epoch  11/50  loss=0.9237  bal_acc=0.4983
  epoch  12/50  loss=0.8959  bal_acc=0.4878
  epoch  13/50  loss=0.8733  bal_acc=0.4983
  epoch  14/50  loss=0.8527  bal_acc=0.5017
  epoch  15/50  loss=0.8281  bal_acc=0.4948
  epoch  16/50  loss=0.8074  bal_acc=0.5087
  epoch  17/50  loss=0.7839  bal_acc=0.5122
  epoch  18/50  loss=0.7638  bal_acc=0.4983
  epoch  19/50  loss=0.7430  bal_acc=0.5243
  epoch  20/50  loss=0.7284  bal_acc=0.5104
  epoch  21/50  loss=0.7052  bal_acc=0.5347
  epoch  22/50  loss=0.6829  bal_acc=0.5521
  epoch  23/50  loss=0.6678  bal_acc=0.5399
  epoch  24/50  loss=0.6546  bal_acc=0.5469
  epoch  25/50  loss=0.6311  bal_acc=0.5747
  epoch  26/50  loss=0.6194  bal_acc=0.5625
  epoch  27/50  loss=0.5956  bal_acc=0.5625
  epoch  28/50  loss=0.5905  bal_acc=0.5625
  epoch  29/50  loss=0.5673  bal_acc=0.5764
  epoch  30/50  loss=0.5606  bal_acc=0.5677
  epoch  31/50  loss=0.5423  bal_acc=0.5538
  epoch  32/50  loss=0.5316  bal_acc=0.5903
  epoch  33/50  loss=0.5242  bal_acc=0.5677
  epoch  34/50  loss=0.5092  bal_acc=0.5799
  epoch  35/50  loss=0.4984  bal_acc=0.5556
  epoch  36/50  loss=0.4835  bal_acc=0.5521
  epoch  37/50  loss=0.4805  bal_acc=0.5903
  epoch  38/50  loss=0.4707  bal_acc=0.5851
  epoch  39/50  loss=0.4587  bal_acc=0.5712
  epoch  40/50  loss=0.4527  bal_acc=0.5833
  epoch  41/50  loss=0.4428  bal_acc=0.5729
  epoch  42/50  loss=0.4364  bal_acc=0.5729
  epoch  43/50  loss=0.4211  bal_acc=0.5712
  epoch  44/50  loss=0.4122  bal_acc=0.5694
  epoch  45/50  loss=0.4054  bal_acc=0.5642
  epoch  46/50  loss=0.3994  bal_acc=0.5642
  epoch  47/50  loss=0.3919  bal_acc=0.5729
  epoch  48/50  loss=0.3815  bal_acc=0.5590
  epoch  49/50  loss=0.3715  bal_acc=0.5694
  epoch  50/50  loss=0.3646  bal_acc=0.5573
  [LOSO 9/9] subject 8: acc=0.5573  running_mean=0.5448
Results saved to results/BNCI2014_001/results_trial_20.json
Trial logged to results/BNCI2014_001/trials.csv
[status] trial 20 done (state=COMPLETE, value=0.5447530864197531) -- 17 completed total
Device: cuda
[BNCI2014_001] loading from cache: /home/aleksander.berezowsk/.cache/spiking_eegnet/BNCI2014_001_af1ccf3e92f684d8a93c057082b654d7.npz
[BNCI2014_001] cache hit: (5184, 1, 22, 1001), classes=['feet', 'left_hand', 'right_hand', 'tongue'], subjects=9
Dataset meta: {'n_classes': 4, 'n_channels': 22, 'n_samples': 1001, 'class_names': ['feet', 'left_hand', 'right_hand', 'tongue'], 'subject_list': [1, 2, 3, 4, 5, 6, 7, 8, 9], 'n_subjects': 9, 'sfreq': 250.0}

=== LOSO (hold out subject 0) ===
  Train: 4608 trials  |  Test: 576 trials
  Model params: 24,008
  epoch   1/50  loss=1.2835  bal_acc=0.3628
  epoch   2/50  loss=1.1139  bal_acc=0.4497
  epoch   3/50  loss=0.9982  bal_acc=0.4705
  epoch   4/50  loss=0.9286  bal_acc=0.5069
  epoch   5/50  loss=0.8851  bal_acc=0.5278
  epoch   6/50  loss=0.8531  bal_acc=0.5035
  epoch   7/50  loss=0.7900  bal_acc=0.4844
  epoch   8/50  loss=0.7570  bal_acc=0.5312
  epoch   9/50  loss=0.6918  bal_acc=0.5399
  epoch  10/50  loss=0.6973  bal_acc=0.5104
  epoch  11/50  loss=0.6795  bal_acc=0.5330
  epoch  12/50  loss=0.6173  bal_acc=0.5330
  epoch  13/50  loss=0.6200  bal_acc=0.5312
  epoch  14/50  loss=0.5976  bal_acc=0.5625
  epoch  15/50  loss=0.5591  bal_acc=0.5556
  epoch  16/50  loss=0.5436  bal_acc=0.5590
  epoch  17/50  loss=0.5320  bal_acc=0.5590
  epoch  18/50  loss=0.5187  bal_acc=0.5365
  epoch  19/50  loss=0.5004  bal_acc=0.5469
  epoch  20/50  loss=0.4790  bal_acc=0.5365
  epoch  21/50  loss=0.4705  bal_acc=0.5694
  epoch  22/50  loss=0.4553  bal_acc=0.5694
  epoch  23/50  loss=0.4706  bal_acc=0.5556
  epoch  24/50  loss=0.4271  bal_acc=0.5799
  epoch  25/50  loss=0.4217  bal_acc=0.5417
  epoch  26/50  loss=0.4148  bal_acc=0.5608
  epoch  27/50  loss=0.4113  bal_acc=0.5469
  epoch  28/50  loss=0.3952  bal_acc=0.6128
  epoch  29/50  loss=0.3879  bal_acc=0.5764
  epoch  30/50  loss=0.3716  bal_acc=0.5781
  epoch  31/50  loss=0.3559  bal_acc=0.5851
  epoch  32/50  loss=0.3400  bal_acc=0.6059
  epoch  33/50  loss=0.3341  bal_acc=0.6076
  epoch  34/50  loss=0.3366  bal_acc=0.5833
  epoch  35/50  loss=0.3323  bal_acc=0.5590
  epoch  36/50  loss=0.3081  bal_acc=0.5781
  epoch  37/50  loss=0.3210  bal_acc=0.6042
  epoch  38/50  loss=0.3126  bal_acc=0.5503
  epoch  39/50  loss=0.3015  bal_acc=0.5573
  epoch  40/50  loss=0.3031  bal_acc=0.5781
  epoch  41/50  loss=0.3061  bal_acc=0.5729
  epoch  42/50  loss=0.3001  bal_acc=0.5833
  epoch  43/50  loss=0.2899  bal_acc=0.5938
  epoch  44/50  loss=0.2577  bal_acc=0.5764
  epoch  45/50  loss=0.2797  bal_acc=0.5417
  epoch  46/50  loss=0.2776  bal_acc=0.5694
  epoch  47/50  loss=0.2631  bal_acc=0.5816
  epoch  48/50  loss=0.2664  bal_acc=0.5521
  epoch  49/50  loss=0.2712  bal_acc=0.5920
  epoch  50/50  loss=0.2490  bal_acc=0.6128
  [LOSO 1/9] subject 0: acc=0.6128  running_mean=0.6128

=== LOSO (hold out subject 1) ===
  Train: 4608 trials  |  Test: 576 trials
  Model params: 24,008
  epoch   1/50  loss=1.3084  bal_acc=0.3125
  epoch   2/50  loss=1.0970  bal_acc=0.3958
  epoch   3/50  loss=0.9870  bal_acc=0.4201
  epoch   4/50  loss=0.8823  bal_acc=0.4271
  epoch   5/50  loss=0.8203  bal_acc=0.4462
  epoch   6/50  loss=0.7728  bal_acc=0.4635
  epoch   7/50  loss=0.7229  bal_acc=0.4184
  epoch   8/50  loss=0.7063  bal_acc=0.4497
  epoch   9/50  loss=0.6661  bal_acc=0.4201
  epoch  10/50  loss=0.6050  bal_acc=0.4566
  epoch  11/50  loss=0.5953  bal_acc=0.4549
  epoch  12/50  loss=0.5752  bal_acc=0.4427
  epoch  13/50  loss=0.5719  bal_acc=0.4184
  epoch  14/50  loss=0.5410  bal_acc=0.4566
  epoch  15/50  loss=0.5135  bal_acc=0.4774
  epoch  16/50  loss=0.5231  bal_acc=0.4566
  epoch  17/50  loss=0.4764  bal_acc=0.3941
  epoch  18/50  loss=0.4697  bal_acc=0.4358
  epoch  19/50  loss=0.4636  bal_acc=0.4132
  epoch  20/50  loss=0.4224  bal_acc=0.4392
  epoch  21/50  loss=0.4183  bal_acc=0.4340
  epoch  22/50  loss=0.4067  bal_acc=0.4618
  epoch  23/50  loss=0.3878  bal_acc=0.4566
  epoch  24/50  loss=0.3806  bal_acc=0.4288
  epoch  25/50  loss=0.3955  bal_acc=0.4288
  epoch  26/50  loss=0.3734  bal_acc=0.4358
  epoch  27/50  loss=0.3480  bal_acc=0.4427
  epoch  28/50  loss=0.3363  bal_acc=0.4583
  epoch  29/50  loss=0.3500  bal_acc=0.4201
  epoch  30/50  loss=0.3032  bal_acc=0.4288
  epoch  31/50  loss=0.3148  bal_acc=0.4566
  epoch  32/50  loss=0.2853  bal_acc=0.4253
  epoch  33/50  loss=0.3121  bal_acc=0.4288
  epoch  34/50  loss=0.3112  bal_acc=0.4497
  epoch  35/50  loss=0.3128  bal_acc=0.4583
  epoch  36/50  loss=0.2942  bal_acc=0.4670
  epoch  37/50  loss=0.2817  bal_acc=0.4531
  epoch  38/50  loss=0.2828  bal_acc=0.4271
  epoch  39/50  loss=0.2931  bal_acc=0.4479
  epoch  40/50  loss=0.2572  bal_acc=0.4340
  epoch  41/50  loss=0.2627  bal_acc=0.4444
  epoch  42/50  loss=0.2532  bal_acc=0.4427
  epoch  43/50  loss=0.2386  bal_acc=0.4375
  epoch  44/50  loss=0.2686  bal_acc=0.4635
  epoch  45/50  loss=0.2522  bal_acc=0.4149
  epoch  46/50  loss=0.2399  bal_acc=0.4497
  epoch  47/50  loss=0.2499  bal_acc=0.4479
  epoch  48/50  loss=0.2089  bal_acc=0.4444
  epoch  49/50  loss=0.2367  bal_acc=0.4444
  epoch  50/50  loss=0.2195  bal_acc=0.4184
  [LOSO 2/9] subject 1: acc=0.4184  running_mean=0.5156

=== LOSO (hold out subject 2) ===
  Train: 4608 trials  |  Test: 576 trials
  Model params: 24,008
  epoch   1/50  loss=1.3010  bal_acc=0.4740
  epoch   2/50  loss=1.1764  bal_acc=0.5243
  epoch   3/50  loss=1.0491  bal_acc=0.5590
  epoch   4/50  loss=0.9899  bal_acc=0.5868
  epoch   5/50  loss=0.9262  bal_acc=0.6163
  epoch   6/50  loss=0.8644  bal_acc=0.6597
  epoch   7/50  loss=0.8071  bal_acc=0.5955
  epoch   8/50  loss=0.7782  bal_acc=0.5920
  epoch   9/50  loss=0.7339  bal_acc=0.6111
  epoch  10/50  loss=0.7178  bal_acc=0.6076
  epoch  11/50  loss=0.6773  bal_acc=0.6389
  epoch  12/50  loss=0.6680  bal_acc=0.6128
  epoch  13/50  loss=0.6470  bal_acc=0.6510
  epoch  14/50  loss=0.6157  bal_acc=0.6111
  epoch  15/50  loss=0.5932  bal_acc=0.5868
  epoch  16/50  loss=0.5752  bal_acc=0.6406
  epoch  17/50  loss=0.5396  bal_acc=0.6302
  epoch  18/50  loss=0.5495  bal_acc=0.6424
  epoch  19/50  loss=0.5067  bal_acc=0.6753
  epoch  20/50  loss=0.4992  bal_acc=0.6389
  epoch  21/50  loss=0.4799  bal_acc=0.6632
  epoch  22/50  loss=0.4840  bal_acc=0.6337
  epoch  23/50  loss=0.4423  bal_acc=0.6198
  epoch  24/50  loss=0.4326  bal_acc=0.6181
  epoch  25/50  loss=0.4167  bal_acc=0.5781
  epoch  26/50  loss=0.4219  bal_acc=0.6007
  epoch  27/50  loss=0.4180  bal_acc=0.6076
  epoch  28/50  loss=0.3958  bal_acc=0.6181
  epoch  29/50  loss=0.3973  bal_acc=0.6545
  epoch  30/50  loss=0.3940  bal_acc=0.6736
  epoch  31/50  loss=0.3731  bal_acc=0.6146
  epoch  32/50  loss=0.3494  bal_acc=0.6580
  epoch  33/50  loss=0.3599  bal_acc=0.6476
  epoch  34/50  loss=0.3645  bal_acc=0.6337
  epoch  35/50  loss=0.3362  bal_acc=0.6424
  epoch  36/50  loss=0.3379  bal_acc=0.6580
  epoch  37/50  loss=0.3193  bal_acc=0.6424
  epoch  38/50  loss=0.3163  bal_acc=0.6319
  epoch  39/50  loss=0.3053  bal_acc=0.6458
  epoch  40/50  loss=0.3405  bal_acc=0.5764
  epoch  41/50  loss=0.2878  bal_acc=0.6233
  epoch  42/50  loss=0.2887  bal_acc=0.6910
  epoch  43/50  loss=0.2785  bal_acc=0.6337
  epoch  44/50  loss=0.2882  bal_acc=0.6128
  epoch  45/50  loss=0.3151  bal_acc=0.6302
  epoch  46/50  loss=0.2650  bal_acc=0.6354
  epoch  47/50  loss=0.2727  bal_acc=0.6181
  epoch  48/50  loss=0.2745  bal_acc=0.6250
  epoch  49/50  loss=0.2611  bal_acc=0.6528
  epoch  50/50  loss=0.2760  bal_acc=0.6302
  [LOSO 3/9] subject 2: acc=0.6302  running_mean=0.5538

=== LOSO (hold out subject 3) ===
  Train: 4608 trials  |  Test: 576 trials
  Model params: 24,008
  epoch   1/50  loss=1.3111  bal_acc=0.3924
  epoch   2/50  loss=1.1213  bal_acc=0.4149
  epoch   3/50  loss=0.9987  bal_acc=0.3993
  epoch   4/50  loss=0.9201  bal_acc=0.3802
  epoch   5/50  loss=0.8458  bal_acc=0.4010
  epoch   6/50  loss=0.7752  bal_acc=0.4253
  epoch   7/50  loss=0.7604  bal_acc=0.3941
  epoch   8/50  loss=0.7166  bal_acc=0.4010
  epoch   9/50  loss=0.6819  bal_acc=0.4271
  epoch  10/50  loss=0.6591  bal_acc=0.3958
  epoch  11/50  loss=0.6297  bal_acc=0.3698
  epoch  12/50  loss=0.6148  bal_acc=0.4479
  epoch  13/50  loss=0.5654  bal_acc=0.4288
  epoch  14/50  loss=0.5295  bal_acc=0.4045
  epoch  15/50  loss=0.5200  bal_acc=0.4080
  epoch  16/50  loss=0.5084  bal_acc=0.4080
  epoch  17/50  loss=0.5011  bal_acc=0.4375
  epoch  18/50  loss=0.4632  bal_acc=0.4340
  epoch  19/50  loss=0.4669  bal_acc=0.4670
  epoch  20/50  loss=0.4513  bal_acc=0.4479
  epoch  21/50  loss=0.4415  bal_acc=0.4115
  epoch  22/50  loss=0.4001  bal_acc=0.4149
  epoch  23/50  loss=0.3635  bal_acc=0.4340
  epoch  24/50  loss=0.3798  bal_acc=0.4514
  epoch  25/50  loss=0.3648  bal_acc=0.4514
  epoch  26/50  loss=0.3689  bal_acc=0.4566
  epoch  27/50  loss=0.3598  bal_acc=0.4497
  epoch  28/50  loss=0.3440  bal_acc=0.4427
  epoch  29/50  loss=0.3245  bal_acc=0.4236
  epoch  30/50  loss=0.3220  bal_acc=0.4358
  epoch  31/50  loss=0.3121  bal_acc=0.4844
  epoch  32/50  loss=0.3189  bal_acc=0.4358
  epoch  33/50  loss=0.3135  bal_acc=0.3837
  epoch  34/50  loss=0.2958  bal_acc=0.4045
  epoch  35/50  loss=0.3054  bal_acc=0.4375
  epoch  36/50  loss=0.2889  bal_acc=0.4149
  epoch  37/50  loss=0.2737  bal_acc=0.4931
  epoch  38/50  loss=0.2642  bal_acc=0.4531
  epoch  39/50  loss=0.2916  bal_acc=0.4705
  epoch  40/50  loss=0.2733  bal_acc=0.3993
  epoch  41/50  loss=0.2709  bal_acc=0.4566
  epoch  42/50  loss=0.2575  bal_acc=0.4271
  epoch  43/50  loss=0.2460  bal_acc=0.4392
  epoch  44/50  loss=0.2577  bal_acc=0.4549
  epoch  45/50  loss=0.2340  bal_acc=0.4688
  epoch  46/50  loss=0.2348  bal_acc=0.4531
  epoch  47/50  loss=0.2279  bal_acc=0.4549
  epoch  48/50  loss=0.2256  bal_acc=0.4653
  epoch  49/50  loss=0.2100  bal_acc=0.4132
  epoch  50/50  loss=0.2113  bal_acc=0.4167
  [LOSO 4/9] subject 3: acc=0.4167  running_mean=0.5195

=== LOSO (hold out subject 4) ===
  Train: 4608 trials  |  Test: 576 trials
  Model params: 24,008
  epoch   1/50  loss=1.3141  bal_acc=0.3108
  epoch   2/50  loss=1.1699  bal_acc=0.4583
  epoch   3/50  loss=1.0531  bal_acc=0.4219
  epoch   4/50  loss=0.9236  bal_acc=0.4010
  epoch   5/50  loss=0.8775  bal_acc=0.4253
  epoch   6/50  loss=0.8232  bal_acc=0.3854
  epoch   7/50  loss=0.7743  bal_acc=0.5000
  epoch   8/50  loss=0.7408  bal_acc=0.4635
  epoch   9/50  loss=0.7023  bal_acc=0.4826
  epoch  10/50  loss=0.6677  bal_acc=0.4722
  epoch  11/50  loss=0.6405  bal_acc=0.5052
  epoch  12/50  loss=0.6159  bal_acc=0.4931
  epoch  13/50  loss=0.5747  bal_acc=0.4965
  epoch  14/50  loss=0.5552  bal_acc=0.4740
  epoch  15/50  loss=0.5472  bal_acc=0.4757
  epoch  16/50  loss=0.5252  bal_acc=0.4878
  epoch  17/50  loss=0.4813  bal_acc=0.4896
  epoch  18/50  loss=0.4556  bal_acc=0.5191
  epoch  19/50  loss=0.4456  bal_acc=0.5174
  epoch  20/50  loss=0.4400  bal_acc=0.4670
  epoch  21/50  loss=0.4238  bal_acc=0.4931
  epoch  22/50  loss=0.4238  bal_acc=0.4826
  epoch  23/50  loss=0.4205  bal_acc=0.4983
  epoch  24/50  loss=0.3917  bal_acc=0.4618
  epoch  25/50  loss=0.3946  bal_acc=0.5226
  epoch  26/50  loss=0.3810  bal_acc=0.4670
  epoch  27/50  loss=0.3717  bal_acc=0.4861
  epoch  28/50  loss=0.3537  bal_acc=0.4896
  epoch  29/50  loss=0.3643  bal_acc=0.4653
  epoch  30/50  loss=0.3519  bal_acc=0.4601
  epoch  31/50  loss=0.3553  bal_acc=0.5642
  epoch  32/50  loss=0.3400  bal_acc=0.4861
  epoch  33/50  loss=0.3557  bal_acc=0.4913
  epoch  34/50  loss=0.3464  bal_acc=0.5174
  epoch  35/50  loss=0.3186  bal_acc=0.4965
  epoch  36/50  loss=0.2999  bal_acc=0.4757
  epoch  37/50  loss=0.2897  bal_acc=0.4392
  epoch  38/50  loss=0.2966  bal_acc=0.4635
  epoch  39/50  loss=0.2733  bal_acc=0.4809
  epoch  40/50  loss=0.2598  bal_acc=0.4774
  epoch  41/50  loss=0.3027  bal_acc=0.5104
  epoch  42/50  loss=0.2892  bal_acc=0.4601
  epoch  43/50  loss=0.2772  bal_acc=0.4653
  epoch  44/50  loss=0.2652  bal_acc=0.4809
  epoch  45/50  loss=0.2634  bal_acc=0.4462
  epoch  46/50  loss=0.2600  bal_acc=0.4896
  epoch  47/50  loss=0.2766  bal_acc=0.5069
  epoch  48/50  loss=0.2503  bal_acc=0.4757
  epoch  49/50  loss=0.2340  bal_acc=0.5104
  epoch  50/50  loss=0.2330  bal_acc=0.4740
  [LOSO 5/9] subject 4: acc=0.4740  running_mean=0.5104

=== LOSO (hold out subject 5) ===
  Train: 4608 trials  |  Test: 576 trials
  Model params: 24,008
  epoch   1/50  loss=1.3098  bal_acc=0.3767
  epoch   2/50  loss=1.1327  bal_acc=0.3889
  epoch   3/50  loss=1.0102  bal_acc=0.4010
  epoch   4/50  loss=0.9256  bal_acc=0.4306
  epoch   5/50  loss=0.8685  bal_acc=0.4045
  epoch   6/50  loss=0.8262  bal_acc=0.3785
  epoch   7/50  loss=0.7655  bal_acc=0.4097
  epoch   8/50  loss=0.7389  bal_acc=0.4236
  epoch   9/50  loss=0.6935  bal_acc=0.4028
  epoch  10/50  loss=0.6648  bal_acc=0.4201
  epoch  11/50  loss=0.6337  bal_acc=0.3715
  epoch  12/50  loss=0.5941  bal_acc=0.3906
  epoch  13/50  loss=0.5896  bal_acc=0.4427
  epoch  14/50  loss=0.5669  bal_acc=0.4219
  epoch  15/50  loss=0.5494  bal_acc=0.4132
  epoch  16/50  loss=0.5277  bal_acc=0.4809
  epoch  17/50  loss=0.4955  bal_acc=0.4531
  epoch  18/50  loss=0.4938  bal_acc=0.4271
  epoch  19/50  loss=0.4732  bal_acc=0.3750
  epoch  20/50  loss=0.4507  bal_acc=0.4323
  epoch  21/50  loss=0.4469  bal_acc=0.4236
  epoch  22/50  loss=0.4209  bal_acc=0.4271
  epoch  23/50  loss=0.4396  bal_acc=0.3958
  epoch  24/50  loss=0.4353  bal_acc=0.4149
  epoch  25/50  loss=0.4279  bal_acc=0.4444
  epoch  26/50  loss=0.3972  bal_acc=0.3802
  epoch  27/50  loss=0.3908  bal_acc=0.3785
  epoch  28/50  loss=0.3634  bal_acc=0.3854
  epoch  29/50  loss=0.3566  bal_acc=0.3941
  epoch  30/50  loss=0.3658  bal_acc=0.4757
  epoch  31/50  loss=0.3361  bal_acc=0.4306
  epoch  32/50  loss=0.3382  bal_acc=0.3802
  epoch  33/50  loss=0.3414  bal_acc=0.4236
  epoch  34/50  loss=0.3125  bal_acc=0.4410
  epoch  35/50  loss=0.3116  bal_acc=0.4497
  epoch  36/50  loss=0.3214  bal_acc=0.4045
  epoch  37/50  loss=0.3059  bal_acc=0.4062
  epoch  38/50  loss=0.2721  bal_acc=0.4271
  epoch  39/50  loss=0.2877  bal_acc=0.4132
  epoch  40/50  loss=0.2900  bal_acc=0.4375
  epoch  41/50  loss=0.2925  bal_acc=0.4132
  epoch  42/50  loss=0.2613  bal_acc=0.4444
  epoch  43/50  loss=0.2681  bal_acc=0.4306
  epoch  44/50  loss=0.2572  bal_acc=0.3906
  epoch  45/50  loss=0.2605  bal_acc=0.4340
  epoch  46/50  loss=0.2843  bal_acc=0.4462
  epoch  47/50  loss=0.2599  bal_acc=0.4253
  epoch  48/50  loss=0.2699  bal_acc=0.4132
  epoch  49/50  loss=0.2804  bal_acc=0.4323
  epoch  50/50  loss=0.2417  bal_acc=0.4410
  [LOSO 6/9] subject 5: acc=0.4410  running_mean=0.4988

=== LOSO (hold out subject 6) ===
  Train: 4608 trials  |  Test: 576 trials
  Model params: 24,008
  epoch   1/50  loss=1.3059  bal_acc=0.5295
  epoch   2/50  loss=1.1369  bal_acc=0.5208
  epoch   3/50  loss=1.0165  bal_acc=0.5469
  epoch   4/50  loss=0.9417  bal_acc=0.5677
  epoch   5/50  loss=0.8731  bal_acc=0.6076
  epoch   6/50  loss=0.8465  bal_acc=0.5816
  epoch   7/50  loss=0.7810  bal_acc=0.6215
  epoch   8/50  loss=0.7645  bal_acc=0.6302
  epoch   9/50  loss=0.7373  bal_acc=0.6128
  epoch  10/50  loss=0.6967  bal_acc=0.6146
  epoch  11/50  loss=0.6833  bal_acc=0.5208
  epoch  12/50  loss=0.6689  bal_acc=0.6111
  epoch  13/50  loss=0.6351  bal_acc=0.6007
  epoch  14/50  loss=0.6076  bal_acc=0.6076
  epoch  15/50  loss=0.5891  bal_acc=0.5712
  epoch  16/50  loss=0.5680  bal_acc=0.5833
  epoch  17/50  loss=0.5477  bal_acc=0.5451
  epoch  18/50  loss=0.5350  bal_acc=0.5903
  epoch  19/50  loss=0.5294  bal_acc=0.6354
  epoch  20/50  loss=0.5019  bal_acc=0.6024
  epoch  21/50  loss=0.4759  bal_acc=0.5833
  epoch  22/50  loss=0.4658  bal_acc=0.5694
  epoch  23/50  loss=0.4479  bal_acc=0.5851
  epoch  24/50  loss=0.4339  bal_acc=0.6007
  epoch  25/50  loss=0.4296  bal_acc=0.5990
  epoch  26/50  loss=0.4007  bal_acc=0.5382
  epoch  27/50  loss=0.4192  bal_acc=0.6094
  epoch  28/50  loss=0.3864  bal_acc=0.5903
  epoch  29/50  loss=0.4035  bal_acc=0.5868
  epoch  30/50  loss=0.3914  bal_acc=0.5156
  epoch  31/50  loss=0.3637  bal_acc=0.5434
  epoch  32/50  loss=0.3589  bal_acc=0.5434
  epoch  33/50  loss=0.3542  bal_acc=0.5920
  epoch  34/50  loss=0.3493  bal_acc=0.5556
  epoch  35/50  loss=0.3391  bal_acc=0.5590
  epoch  36/50  loss=0.3379  bal_acc=0.5781
  epoch  37/50  loss=0.3493  bal_acc=0.5660
  epoch  38/50  loss=0.3385  bal_acc=0.5955
  epoch  39/50  loss=0.3220  bal_acc=0.5833
  epoch  40/50  loss=0.2902  bal_acc=0.5694
  epoch  41/50  loss=0.2992  bal_acc=0.5799
  epoch  42/50  loss=0.2935  bal_acc=0.5990
  epoch  43/50  loss=0.3058  bal_acc=0.5903
  epoch  44/50  loss=0.3125  bal_acc=0.5799
  epoch  45/50  loss=0.2741  bal_acc=0.5660
  epoch  46/50  loss=0.3142  bal_acc=0.5417
  epoch  47/50  loss=0.2868  bal_acc=0.5712
  epoch  48/50  loss=0.2748  bal_acc=0.6024
  epoch  49/50  loss=0.2718  bal_acc=0.5868
  epoch  50/50  loss=0.2687  bal_acc=0.5434
  [LOSO 7/9] subject 6: acc=0.5434  running_mean=0.5052

=== LOSO (hold out subject 7) ===
  Train: 4608 trials  |  Test: 576 trials
  Model params: 24,008
  epoch   1/50  loss=1.3207  bal_acc=0.4323
  epoch   2/50  loss=1.1779  bal_acc=0.5087
  epoch   3/50  loss=1.0788  bal_acc=0.5677
  epoch   4/50  loss=1.0206  bal_acc=0.5608
  epoch   5/50  loss=0.9311  bal_acc=0.5069
  epoch   6/50  loss=0.9081  bal_acc=0.5764
  epoch   7/50  loss=0.8550  bal_acc=0.6111
  epoch   8/50  loss=0.8238  bal_acc=0.5972
  epoch   9/50  loss=0.7932  bal_acc=0.6163
  epoch  10/50  loss=0.7511  bal_acc=0.6285
  epoch  11/50  loss=0.7465  bal_acc=0.5694
  epoch  12/50  loss=0.7126  bal_acc=0.5590
  epoch  13/50  loss=0.7026  bal_acc=0.6007
  epoch  14/50  loss=0.6543  bal_acc=0.6111
  epoch  15/50  loss=0.6440  bal_acc=0.5868
  epoch  16/50  loss=0.6213  bal_acc=0.6215
  epoch  17/50  loss=0.6252  bal_acc=0.5833
  epoch  18/50  loss=0.5881  bal_acc=0.6094
  epoch  19/50  loss=0.5690  bal_acc=0.5851
  epoch  20/50  loss=0.5680  bal_acc=0.5677
  epoch  21/50  loss=0.5527  bal_acc=0.6007
  epoch  22/50  loss=0.5300  bal_acc=0.5712
  epoch  23/50  loss=0.5251  bal_acc=0.5851
  epoch  24/50  loss=0.5029  bal_acc=0.5694
  epoch  25/50  loss=0.4841  bal_acc=0.5747
  epoch  26/50  loss=0.4625  bal_acc=0.5972
  epoch  27/50  loss=0.4620  bal_acc=0.5851
  epoch  28/50  loss=0.4355  bal_acc=0.5851
  epoch  29/50  loss=0.4402  bal_acc=0.5955
  epoch  30/50  loss=0.4183  bal_acc=0.5920
  epoch  31/50  loss=0.3950  bal_acc=0.5816
  epoch  32/50  loss=0.4011  bal_acc=0.5486
  epoch  33/50  loss=0.4045  bal_acc=0.5608
  epoch  34/50  loss=0.3845  bal_acc=0.5608
  epoch  35/50  loss=0.3730  bal_acc=0.5851
  epoch  36/50  loss=0.3818  bal_acc=0.5642
  epoch  37/50  loss=0.3913  bal_acc=0.5503
  epoch  38/50  loss=0.3635  bal_acc=0.5868
  epoch  39/50  loss=0.3601  bal_acc=0.5868
  epoch  40/50  loss=0.3482  bal_acc=0.5851
  epoch  41/50  loss=0.3428  bal_acc=0.5747
  epoch  42/50  loss=0.3515  bal_acc=0.5590
  epoch  43/50  loss=0.3416  bal_acc=0.5990
  epoch  44/50  loss=0.3386  bal_acc=0.5573
  epoch  45/50  loss=0.3314  bal_acc=0.5799
  epoch  46/50  loss=0.3111  bal_acc=0.5712
  epoch  47/50  loss=0.2899  bal_acc=0.5694
  epoch  48/50  loss=0.3054  bal_acc=0.5781
  epoch  49/50  loss=0.3117  bal_acc=0.5399
  epoch  50/50  loss=0.3096  bal_acc=0.5729
  [LOSO 8/9] subject 7: acc=0.5729  running_mean=0.5137

=== LOSO (hold out subject 8) ===
  Train: 4608 trials  |  Test: 576 trials
  Model params: 24,008
  epoch   1/50  loss=1.2946  bal_acc=0.4115
  epoch   2/50  loss=1.1354  bal_acc=0.5017
  epoch   3/50  loss=1.0593  bal_acc=0.4566
  epoch   4/50  loss=0.9574  bal_acc=0.4826
  epoch   5/50  loss=0.8715  bal_acc=0.5156
  epoch   6/50  loss=0.8337  bal_acc=0.5104
  epoch   7/50  loss=0.7933  bal_acc=0.5764
  epoch   8/50  loss=0.7674  bal_acc=0.5139
  epoch   9/50  loss=0.7328  bal_acc=0.5503
  epoch  10/50  loss=0.6992  bal_acc=0.5694
  epoch  11/50  loss=0.6715  bal_acc=0.5694
  epoch  12/50  loss=0.6506  bal_acc=0.5747
  epoch  13/50  loss=0.6126  bal_acc=0.5451
  epoch  14/50  loss=0.6023  bal_acc=0.5660
  epoch  15/50  loss=0.5764  bal_acc=0.6042
  epoch  16/50  loss=0.5578  bal_acc=0.5521
  epoch  17/50  loss=0.5307  bal_acc=0.5295
  epoch  18/50  loss=0.5243  bal_acc=0.5347
  epoch  19/50  loss=0.5041  bal_acc=0.5903
  epoch  20/50  loss=0.4854  bal_acc=0.5573
  epoch  21/50  loss=0.4760  bal_acc=0.5625
  epoch  22/50  loss=0.4514  bal_acc=0.5694
  epoch  23/50  loss=0.4426  bal_acc=0.5486
  epoch  24/50  loss=0.4202  bal_acc=0.5990
  epoch  25/50  loss=0.4148  bal_acc=0.5069
  epoch  26/50  loss=0.4232  bal_acc=0.5556
  epoch  27/50  loss=0.4017  bal_acc=0.5295
  epoch  28/50  loss=0.3932  bal_acc=0.4965
  epoch  29/50  loss=0.3740  bal_acc=0.5538
  epoch  30/50  loss=0.4012  bal_acc=0.5677
  epoch  31/50  loss=0.3671  bal_acc=0.5521
  epoch  32/50  loss=0.3615  bal_acc=0.5642
  epoch  33/50  loss=0.3428  bal_acc=0.5226
  epoch  34/50  loss=0.3439  bal_acc=0.5556
  epoch  35/50  loss=0.3246  bal_acc=0.5347
  epoch  36/50  loss=0.3177  bal_acc=0.5590
  epoch  37/50  loss=0.3249  bal_acc=0.5260
  epoch  38/50  loss=0.3302  bal_acc=0.5694
  epoch  39/50  loss=0.3227  bal_acc=0.5399
  epoch  40/50  loss=0.3054  bal_acc=0.5642
  epoch  41/50  loss=0.2813  bal_acc=0.5660
  epoch  42/50  loss=0.2949  bal_acc=0.5451
  epoch  43/50  loss=0.2865  bal_acc=0.5642
  epoch  44/50  loss=0.2678  bal_acc=0.5365
  epoch  45/50  loss=0.2794  bal_acc=0.5382
  epoch  46/50  loss=0.2875  bal_acc=0.5573
  epoch  47/50  loss=0.2854  bal_acc=0.5174
  epoch  48/50  loss=0.2591  bal_acc=0.5347
  epoch  49/50  loss=0.2703  bal_acc=0.4983
  epoch  50/50  loss=0.2787  bal_acc=0.5365
  [LOSO 9/9] subject 8: acc=0.5365  running_mean=0.5162
Results saved to results/BNCI2014_001/results_trial_22.json
Trial logged to results/BNCI2014_001/trials.csv
[status] trial 22 done (state=COMPLETE, value=0.5162037037037037) -- 21 completed total
Device: cuda
[BNCI2014_001] loading from cache: /home/aleksander.berezowsk/.cache/spiking_eegnet/BNCI2014_001_af1ccf3e92f684d8a93c057082b654d7.npz
[BNCI2014_001] cache hit: (5184, 1, 22, 1001), classes=['feet', 'left_hand', 'right_hand', 'tongue'], subjects=9
Dataset meta: {'n_classes': 4, 'n_channels': 22, 'n_samples': 1001, 'class_names': ['feet', 'left_hand', 'right_hand', 'tongue'], 'subject_list': [1, 2, 3, 4, 5, 6, 7, 8, 9], 'n_subjects': 9, 'sfreq': 250.0}

=== LOSO (hold out subject 0) ===
  Train: 4608 trials  |  Test: 576 trials
  Model params: 3,050
  epoch   1/50  loss=1.3842  bal_acc=0.2292
  epoch   2/50  loss=1.3802  bal_acc=0.2413
  epoch   3/50  loss=1.3773  bal_acc=0.2448
  epoch   4/50  loss=1.3740  bal_acc=0.2691
  epoch   5/50  loss=1.3734  bal_acc=0.2812
  epoch   6/50  loss=1.3669  bal_acc=0.2865
  epoch   7/50  loss=1.3661  bal_acc=0.2934
  epoch   8/50  loss=1.3624  bal_acc=0.3056
  epoch   9/50  loss=1.3565  bal_acc=0.3125
  epoch  10/50  loss=1.3550  bal_acc=0.3333
  epoch  11/50  loss=1.3493  bal_acc=0.3455
  epoch  12/50  loss=1.3446  bal_acc=0.3385
  epoch  13/50  loss=1.3398  bal_acc=0.3559
  epoch  14/50  loss=1.3362  bal_acc=0.3524
  epoch  15/50  loss=1.3320  bal_acc=0.3594
  epoch  16/50  loss=1.3285  bal_acc=0.3663
  epoch  17/50  loss=1.3213  bal_acc=0.3490
  epoch  18/50  loss=1.3181  bal_acc=0.3611
  epoch  19/50  loss=1.3139  bal_acc=0.3628
  epoch  20/50  loss=1.3089  bal_acc=0.3490
  epoch  21/50  loss=1.3070  bal_acc=0.3628
  epoch  22/50  loss=1.3012  bal_acc=0.3542
  epoch  23/50  loss=1.2967  bal_acc=0.3594
  epoch  24/50  loss=1.2950  bal_acc=0.3403
  epoch  25/50  loss=1.2905  bal_acc=0.3542
  epoch  26/50  loss=1.2850  bal_acc=0.3594
  epoch  27/50  loss=1.2803  bal_acc=0.3559
  epoch  28/50  loss=1.2746  bal_acc=0.3681
  epoch  29/50  loss=1.2725  bal_acc=0.3681
  epoch  30/50  loss=1.2672  bal_acc=0.3663
  epoch  31/50  loss=1.2653  bal_acc=0.3767
  epoch  32/50  loss=1.2629  bal_acc=0.3715
  epoch  33/50  loss=1.2582  bal_acc=0.3733
  epoch  34/50  loss=1.2542  bal_acc=0.3767
  epoch  35/50  loss=1.2522  bal_acc=0.3819
  epoch  36/50  loss=1.2469  bal_acc=0.3785
  epoch  37/50  loss=1.2476  bal_acc=0.3802
  epoch  38/50  loss=1.2433  bal_acc=0.3785
  epoch  39/50  loss=1.2383  bal_acc=0.3715
  epoch  40/50  loss=1.2362  bal_acc=0.3958
  epoch  41/50  loss=1.2359  bal_acc=0.3837
  epoch  42/50  loss=1.2337  bal_acc=0.4097
  epoch  43/50  loss=1.2295  bal_acc=0.3941
  epoch  44/50  loss=1.2244  bal_acc=0.4115
  epoch  45/50  loss=1.2270  bal_acc=0.4132
  epoch  46/50  loss=1.2211  bal_acc=0.4080
  epoch  47/50  loss=1.2188  bal_acc=0.4028
  epoch  48/50  loss=1.2140  bal_acc=0.4063
  epoch  49/50  loss=1.2113  bal_acc=0.4045
  epoch  50/50  loss=1.2102  bal_acc=0.4080
  [LOSO 1/9] subject 0: acc=0.4080  running_mean=0.4080

=== LOSO (hold out subject 1) ===
  Train: 4608 trials  |  Test: 576 trials
  Model params: 3,050
  epoch   1/50  loss=1.3859  bal_acc=0.2726
  epoch   2/50  loss=1.3806  bal_acc=0.2830
  epoch   3/50  loss=1.3768  bal_acc=0.2986
  epoch   4/50  loss=1.3730  bal_acc=0.3160
  epoch   5/50  loss=1.3672  bal_acc=0.3212
  epoch   6/50  loss=1.3636  bal_acc=0.3212
  epoch   7/50  loss=1.3583  bal_acc=0.3403
  epoch   8/50  loss=1.3523  bal_acc=0.3368
  epoch   9/50  loss=1.3480  bal_acc=0.3281
  epoch  10/50  loss=1.3438  bal_acc=0.3299
  epoch  11/50  loss=1.3386  bal_acc=0.3385
  epoch  12/50  loss=1.3330  bal_acc=0.3351
  epoch  13/50  loss=1.3306  bal_acc=0.3316
  epoch  14/50  loss=1.3246  bal_acc=0.3385
  epoch  15/50  loss=1.3216  bal_acc=0.3351
  epoch  16/50  loss=1.3189  bal_acc=0.3368
  epoch  17/50  loss=1.3143  bal_acc=0.3403
  epoch  18/50  loss=1.3095  bal_acc=0.3333
  epoch  19/50  loss=1.3064  bal_acc=0.3403
  epoch  20/50  loss=1.3016  bal_acc=0.3420
  epoch  21/50  loss=1.2979  bal_acc=0.3403
  epoch  22/50  loss=1.2922  bal_acc=0.3333
  epoch  23/50  loss=1.2912  bal_acc=0.3368
  epoch  24/50  loss=1.2855  bal_acc=0.3420
  epoch  25/50  loss=1.2813  bal_acc=0.3403
  epoch  26/50  loss=1.2783  bal_acc=0.3368
  epoch  27/50  loss=1.2774  bal_acc=0.3420
  epoch  28/50  loss=1.2697  bal_acc=0.3507
  epoch  29/50  loss=1.2697  bal_acc=0.3351
  epoch  30/50  loss=1.2667  bal_acc=0.3403
  epoch  31/50  loss=1.2614  bal_acc=0.3281
  epoch  32/50  loss=1.2581  bal_acc=0.3368
  epoch  33/50  loss=1.2561  bal_acc=0.3472
  epoch  34/50  loss=1.2516  bal_acc=0.3403
  epoch  35/50  loss=1.2479  bal_acc=0.3368
  epoch  36/50  loss=1.2463  bal_acc=0.3438
  epoch  37/50  loss=1.2450  bal_acc=0.3420
  epoch  38/50  loss=1.2424  bal_acc=0.3490
  epoch  39/50  loss=1.2369  bal_acc=0.3507
  epoch  40/50  loss=1.2378  bal_acc=0.3472
  epoch  41/50  loss=1.2298  bal_acc=0.3420
  epoch  42/50  loss=1.2284  bal_acc=0.3490
  epoch  43/50  loss=1.2295  bal_acc=0.3420
  epoch  44/50  loss=1.2243  bal_acc=0.3472
  epoch  45/50  loss=1.2200  bal_acc=0.3542
  epoch  46/50  loss=1.2158  bal_acc=0.3507
  epoch  47/50  loss=1.2152  bal_acc=0.3351
  epoch  48/50  loss=1.2146  bal_acc=0.3611
  epoch  49/50  loss=1.2086  bal_acc=0.3576
  epoch  50/50  loss=1.2085  bal_acc=0.3542
  [LOSO 2/9] subject 1: acc=0.3542  running_mean=0.3811

=== LOSO (hold out subject 2) ===
  Train: 4608 trials  |  Test: 576 trials
  Model params: 3,050
  epoch   1/50  loss=1.3888  bal_acc=0.2309
  epoch   2/50  loss=1.3860  bal_acc=0.2465
  epoch   3/50  loss=1.3827  bal_acc=0.2622
  epoch   4/50  loss=1.3813  bal_acc=0.2639
  epoch   5/50  loss=1.3777  bal_acc=0.2847
  epoch   6/50  loss=1.3762  bal_acc=0.2812
  epoch   7/50  loss=1.3746  bal_acc=0.2969
  epoch   8/50  loss=1.3720  bal_acc=0.3177
  epoch   9/50  loss=1.3695  bal_acc=0.3038
  epoch  10/50  loss=1.3663  bal_acc=0.3316
  epoch  11/50  loss=1.3655  bal_acc=0.3160
  epoch  12/50  loss=1.3638  bal_acc=0.3212
  epoch  13/50  loss=1.3612  bal_acc=0.3316
  epoch  14/50  loss=1.3592  bal_acc=0.3385
  epoch  15/50  loss=1.3568  bal_acc=0.3472
  epoch  16/50  loss=1.3521  bal_acc=0.3455
  epoch  17/50  loss=1.3514  bal_acc=0.3472
  epoch  18/50  loss=1.3454  bal_acc=0.3715
  epoch  19/50  loss=1.3436  bal_acc=0.3663
  epoch  20/50  loss=1.3379  bal_acc=0.3819
  epoch  21/50  loss=1.3354  bal_acc=0.3767
  epoch  22/50  loss=1.3305  bal_acc=0.3767
  epoch  23/50  loss=1.3272  bal_acc=0.3733
  epoch  24/50  loss=1.3225  bal_acc=0.3767
  epoch  25/50  loss=1.3180  bal_acc=0.3802
  epoch  26/50  loss=1.3133  bal_acc=0.3837
  epoch  27/50  loss=1.3089  bal_acc=0.3767
  epoch  28/50  loss=1.3064  bal_acc=0.4132
  epoch  29/50  loss=1.3010  bal_acc=0.4097
  epoch  30/50  loss=1.2986  bal_acc=0.4028
  epoch  31/50  loss=1.2960  bal_acc=0.4115
  epoch  32/50  loss=1.2914  bal_acc=0.4080
  epoch  33/50  loss=1.2890  bal_acc=0.4115
  epoch  34/50  loss=1.2842  bal_acc=0.4219
  epoch  35/50  loss=1.2810  bal_acc=0.4184
  epoch  36/50  loss=1.2772  bal_acc=0.4219
  epoch  37/50  loss=1.2728  bal_acc=0.4236
  epoch  38/50  loss=1.2720  bal_acc=0.4323
  epoch  39/50  loss=1.2649  bal_acc=0.4392
  epoch  40/50  loss=1.2625  bal_acc=0.4236
  epoch  41/50  loss=1.2590  bal_acc=0.4358
  epoch  42/50  loss=1.2542  bal_acc=0.4375
  epoch  43/50  loss=1.2505  bal_acc=0.4479
  epoch  44/50  loss=1.2502  bal_acc=0.4618
  epoch  45/50  loss=1.2429  bal_acc=0.4531
  epoch  46/50  loss=1.2382  bal_acc=0.4653
  epoch  47/50  loss=1.2331  bal_acc=0.4740
  epoch  48/50  loss=1.2319  bal_acc=0.4792
  epoch  49/50  loss=1.2275  bal_acc=0.4774
  epoch  50/50  loss=1.2240  bal_acc=0.4809
  [LOSO 3/9] subject 2: acc=0.4809  running_mean=0.4144

=== LOSO (hold out subject 3) ===
  Train: 4608 trials  |  Test: 576 trials
  Model params: 3,050
  epoch   1/50  loss=1.3915  bal_acc=0.2500
  epoch   2/50  loss=1.3863  bal_acc=0.2622
  epoch   3/50  loss=1.3823  bal_acc=0.2639
  epoch   4/50  loss=1.3780  bal_acc=0.2830
  epoch   5/50  loss=1.3763  bal_acc=0.2795
  epoch   6/50  loss=1.3732  bal_acc=0.2986
  epoch   7/50  loss=1.3705  bal_acc=0.3142
  epoch   8/50  loss=1.3658  bal_acc=0.3056
  epoch   9/50  loss=1.3628  bal_acc=0.3194
  epoch  10/50  loss=1.3579  bal_acc=0.3125
  epoch  11/50  loss=1.3561  bal_acc=0.3177
  epoch  12/50  loss=1.3517  bal_acc=0.3142
  epoch  13/50  loss=1.3466  bal_acc=0.3177
  epoch  14/50  loss=1.3423  bal_acc=0.3125
  epoch  15/50  loss=1.3403  bal_acc=0.3108
  epoch  16/50  loss=1.3350  bal_acc=0.3212
  epoch  17/50  loss=1.3315  bal_acc=0.3194
  epoch  18/50  loss=1.3291  bal_acc=0.3264
  epoch  19/50  loss=1.3258  bal_acc=0.3455
  epoch  20/50  loss=1.3246  bal_acc=0.3299
  epoch  21/50  loss=1.3215  bal_acc=0.3368
  epoch  22/50  loss=1.3188  bal_acc=0.3351
  epoch  23/50  loss=1.3147  bal_acc=0.3368
  epoch  24/50  loss=1.3117  bal_acc=0.3351
  epoch  25/50  loss=1.3077  bal_acc=0.3507
  epoch  26/50  loss=1.3057  bal_acc=0.3524
  epoch  27/50  loss=1.3023  bal_acc=0.3524
  epoch  28/50  loss=1.3013  bal_acc=0.3490
  epoch  29/50  loss=1.2965  bal_acc=0.3628
  epoch  30/50  loss=1.2957  bal_acc=0.3663
  epoch  31/50  loss=1.2905  bal_acc=0.3646
  epoch  32/50  loss=1.2878  bal_acc=0.3681
  epoch  33/50  loss=1.2837  bal_acc=0.3490
  epoch  34/50  loss=1.2791  bal_acc=0.3646
  epoch  35/50  loss=1.2752  bal_acc=0.3559
  epoch  36/50  loss=1.2750  bal_acc=0.3611
  epoch  37/50  loss=1.2694  bal_acc=0.3646
  epoch  38/50  loss=1.2635  bal_acc=0.3837
  epoch  39/50  loss=1.2597  bal_acc=0.3872
  epoch  40/50  loss=1.2554  bal_acc=0.3872
  epoch  41/50  loss=1.2531  bal_acc=0.3976
  epoch  42/50  loss=1.2462  bal_acc=0.3993
  epoch  43/50  loss=1.2455  bal_acc=0.4080
  epoch  44/50  loss=1.2409  bal_acc=0.4045
  epoch  45/50  loss=1.2345  bal_acc=0.4097
  epoch  46/50  loss=1.2337  bal_acc=0.4045
  epoch  47/50  loss=1.2278  bal_acc=0.4184
  epoch  48/50  loss=1.2258  bal_acc=0.4288
  epoch  49/50  loss=1.2216  bal_acc=0.4236
  epoch  50/50  loss=1.2188  bal_acc=0.4323
  [LOSO 4/9] subject 3: acc=0.4323  running_mean=0.4188

=== LOSO (hold out subject 4) ===
  Train: 4608 trials  |  Test: 576 trials
  Model params: 3,050
  epoch   1/50  loss=1.3863  bal_acc=0.2743
  epoch   2/50  loss=1.3826  bal_acc=0.2639
  epoch   3/50  loss=1.3807  bal_acc=0.2708
  epoch   4/50  loss=1.3765  bal_acc=0.2604
  epoch   5/50  loss=1.3740  bal_acc=0.2778
  epoch   6/50  loss=1.3701  bal_acc=0.2778
  epoch   7/50  loss=1.3673  bal_acc=0.2639
  epoch   8/50  loss=1.3648  bal_acc=0.2708
  epoch   9/50  loss=1.3601  bal_acc=0.2708
  epoch  10/50  loss=1.3572  bal_acc=0.2795
  epoch  11/50  loss=1.3535  bal_acc=0.2760
  epoch  12/50  loss=1.3492  bal_acc=0.2743
  epoch  13/50  loss=1.3461  bal_acc=0.2726
  epoch  14/50  loss=1.3423  bal_acc=0.2865
  epoch  15/50  loss=1.3394  bal_acc=0.2830
  epoch  16/50  loss=1.3340  bal_acc=0.2899
  epoch  17/50  loss=1.3304  bal_acc=0.2899
  epoch  18/50  loss=1.3259  bal_acc=0.3003
  epoch  19/50  loss=1.3211  bal_acc=0.2917
  epoch  20/50  loss=1.3162  bal_acc=0.3090
  epoch  21/50  loss=1.3096  bal_acc=0.3177
  epoch  22/50  loss=1.3059  bal_acc=0.3090
  epoch  23/50  loss=1.3017  bal_acc=0.3142
  epoch  24/50  loss=1.2966  bal_acc=0.3038
  epoch  25/50  loss=1.2909  bal_acc=0.3333
  epoch  26/50  loss=1.2868  bal_acc=0.3247
  epoch  27/50  loss=1.2826  bal_acc=0.3316
  epoch  28/50  loss=1.2780  bal_acc=0.3420
  epoch  29/50  loss=1.2749  bal_acc=0.3420
  epoch  30/50  loss=1.2684  bal_acc=0.3437
  epoch  31/50  loss=1.2653  bal_acc=0.3507
  epoch  32/50  loss=1.2628  bal_acc=0.3194
  epoch  33/50  loss=1.2586  bal_acc=0.3524
  epoch  34/50  loss=1.2531  bal_acc=0.3455
  epoch  35/50  loss=1.2493  bal_acc=0.3212
  epoch  36/50  loss=1.2463  bal_acc=0.3559
  epoch  37/50  loss=1.2419  bal_acc=0.3368
  epoch  38/50  loss=1.2360  bal_acc=0.3403
  epoch  39/50  loss=1.2323  bal_acc=0.3524
  epoch  40/50  loss=1.2322  bal_acc=0.3611
  epoch  41/50  loss=1.2268  bal_acc=0.3542
  epoch  42/50  loss=1.2219  bal_acc=0.3472
  epoch  43/50  loss=1.2196  bal_acc=0.3524
  epoch  44/50  loss=1.2133  bal_acc=0.3698
  epoch  45/50  loss=1.2118  bal_acc=0.3663
  epoch  46/50  loss=1.2060  bal_acc=0.3733
  epoch  47/50  loss=1.2047  bal_acc=0.3698
  epoch  48/50  loss=1.1983  bal_acc=0.3750
  epoch  49/50  loss=1.1990  bal_acc=0.3715
  epoch  50/50  loss=1.1909  bal_acc=0.3733
  [LOSO 5/9] subject 4: acc=0.3733  running_mean=0.4097

=== LOSO (hold out subject 5) ===
  Train: 4608 trials  |  Test: 576 trials
  Model params: 3,050
  epoch   1/50  loss=1.3936  bal_acc=0.2483
  epoch   2/50  loss=1.3831  bal_acc=0.2674
  epoch   3/50  loss=1.3804  bal_acc=0.2830
  epoch   4/50  loss=1.3768  bal_acc=0.2830
  epoch   5/50  loss=1.3739  bal_acc=0.3021
  epoch   6/50  loss=1.3707  bal_acc=0.2986
  epoch   7/50  loss=1.3675  bal_acc=0.3090
  epoch   8/50  loss=1.3620  bal_acc=0.3229
  epoch   9/50  loss=1.3581  bal_acc=0.3160
  epoch  10/50  loss=1.3553  bal_acc=0.3333
  epoch  11/50  loss=1.3495  bal_acc=0.3385
  epoch  12/50  loss=1.3433  bal_acc=0.3351
  epoch  13/50  loss=1.3385  bal_acc=0.3420
  epoch  14/50  loss=1.3327  bal_acc=0.3403
  epoch  15/50  loss=1.3285  bal_acc=0.3455
  epoch  16/50  loss=1.3226  bal_acc=0.3507
  epoch  17/50  loss=1.3177  bal_acc=0.3611
  epoch  18/50  loss=1.3121  bal_acc=0.3524
  epoch  19/50  loss=1.3094  bal_acc=0.3507
  epoch  20/50  loss=1.3012  bal_acc=0.3455
  epoch  21/50  loss=1.3013  bal_acc=0.3490
  epoch  22/50  loss=1.2944  bal_acc=0.3420
  epoch  23/50  loss=1.2879  bal_acc=0.3438
  epoch  24/50  loss=1.2873  bal_acc=0.3455
  epoch  25/50  loss=1.2809  bal_acc=0.3420
  epoch  26/50  loss=1.2756  bal_acc=0.3455
  epoch  27/50  loss=1.2717  bal_acc=0.3507
  epoch  28/50  loss=1.2711  bal_acc=0.3472
  epoch  29/50  loss=1.2663  bal_acc=0.3611
  epoch  30/50  loss=1.2595  bal_acc=0.3576
  epoch  31/50  loss=1.2564  bal_acc=0.3542
  epoch  32/50  loss=1.2548  bal_acc=0.3681
  epoch  33/50  loss=1.2504  bal_acc=0.3733
  epoch  34/50  loss=1.2457  bal_acc=0.3785
  epoch  35/50  loss=1.2424  bal_acc=0.3785
  epoch  36/50  loss=1.2378  bal_acc=0.3802
  epoch  37/50  loss=1.2289  bal_acc=0.3750
  epoch  38/50  loss=1.2259  bal_acc=0.3767
  epoch  39/50  loss=1.2242  bal_acc=0.3854
  epoch  40/50  loss=1.2138  bal_acc=0.3906
  epoch  41/50  loss=1.2119  bal_acc=0.3924
  epoch  42/50  loss=1.2041  bal_acc=0.3976
  epoch  43/50  loss=1.1989  bal_acc=0.4149
  epoch  44/50  loss=1.1940  bal_acc=0.4010
  epoch  45/50  loss=1.1883  bal_acc=0.4201
  epoch  46/50  loss=1.1875  bal_acc=0.4010
  epoch  47/50  loss=1.1833  bal_acc=0.4097
  epoch  48/50  loss=1.1789  bal_acc=0.4028
  epoch  49/50  loss=1.1725  bal_acc=0.4045
  epoch  50/50  loss=1.1678  bal_acc=0.3941
  [LOSO 6/9] subject 5: acc=0.3941  running_mean=0.4071

=== LOSO (hold out subject 6) ===
  Train: 4608 trials  |  Test: 576 trials
  Model params: 3,050
  epoch   1/50  loss=1.3861  bal_acc=0.2413
  epoch   2/50  loss=1.3843  bal_acc=0.2483
  epoch   3/50  loss=1.3817  bal_acc=0.2622
  epoch   4/50  loss=1.3811  bal_acc=0.2847
  epoch   5/50  loss=1.3797  bal_acc=0.2899
  epoch   6/50  loss=1.3756  bal_acc=0.2760
  epoch   7/50  loss=1.3736  bal_acc=0.2986
  epoch   8/50  loss=1.3715  bal_acc=0.3003
  epoch   9/50  loss=1.3701  bal_acc=0.3090
  epoch  10/50  loss=1.3661  bal_acc=0.3160
  epoch  11/50  loss=1.3625  bal_acc=0.3247
  epoch  12/50  loss=1.3609  bal_acc=0.3281
  epoch  13/50  loss=1.3579  bal_acc=0.3229
  epoch  14/50  loss=1.3572  bal_acc=0.3559
  epoch  15/50  loss=1.3551  bal_acc=0.3490
  epoch  16/50  loss=1.3504  bal_acc=0.3264
  epoch  17/50  loss=1.3476  bal_acc=0.3576
  epoch  18/50  loss=1.3452  bal_acc=0.3507
  epoch  19/50  loss=1.3430  bal_acc=0.3802
  epoch  20/50  loss=1.3385  bal_acc=0.3663
  epoch  21/50  loss=1.3372  bal_acc=0.3594
  epoch  22/50  loss=1.3343  bal_acc=0.3715
  epoch  23/50  loss=1.3280  bal_acc=0.3576
  epoch  24/50  loss=1.3273  bal_acc=0.3663
  epoch  25/50  loss=1.3236  bal_acc=0.3785
  epoch  26/50  loss=1.3200  bal_acc=0.3802
  epoch  27/50  loss=1.3140  bal_acc=0.3767
  epoch  28/50  loss=1.3128  bal_acc=0.3872
  epoch  29/50  loss=1.3105  bal_acc=0.3976
  epoch  30/50  loss=1.3081  bal_acc=0.3854
  epoch  31/50  loss=1.3037  bal_acc=0.4010
  epoch  32/50  loss=1.3005  bal_acc=0.3802
  epoch  33/50  loss=1.2975  bal_acc=0.3941
  epoch  34/50  loss=1.2967  bal_acc=0.3993
  epoch  35/50  loss=1.2921  bal_acc=0.3993
  epoch  36/50  loss=1.2890  bal_acc=0.4062
  epoch  37/50  loss=1.2855  bal_acc=0.4045
  epoch  38/50  loss=1.2846  bal_acc=0.4097
  epoch  39/50  loss=1.2819  bal_acc=0.4115
  epoch  40/50  loss=1.2773  bal_acc=0.4062
  epoch  41/50  loss=1.2746  bal_acc=0.4236
  epoch  42/50  loss=1.2717  bal_acc=0.4149
  epoch  43/50  loss=1.2659  bal_acc=0.4253
  epoch  44/50  loss=1.2635  bal_acc=0.4219
  epoch  45/50  loss=1.2632  bal_acc=0.4323
  epoch  46/50  loss=1.2555  bal_acc=0.4358
  epoch  47/50  loss=1.2558  bal_acc=0.4358
  epoch  48/50  loss=1.2518  bal_acc=0.4323
  epoch  49/50  loss=1.2475  bal_acc=0.4427
  epoch  50/50  loss=1.2454  bal_acc=0.4375
  [LOSO 7/9] subject 6: acc=0.4375  running_mean=0.4115

=== LOSO (hold out subject 7) ===
  Train: 4608 trials  |  Test: 576 trials
  Model params: 3,050
  epoch   1/50  loss=1.3943  bal_acc=0.2743
  epoch   2/50  loss=1.3879  bal_acc=0.2760
  epoch   3/50  loss=1.3864  bal_acc=0.2917
  epoch   4/50  loss=1.3829  bal_acc=0.2917
  epoch   5/50  loss=1.3786  bal_acc=0.2899
  epoch   6/50  loss=1.3742  bal_acc=0.2917
  epoch   7/50  loss=1.3729  bal_acc=0.3212
  epoch   8/50  loss=1.3702  bal_acc=0.3299
  epoch   9/50  loss=1.3651  bal_acc=0.3351
  epoch  10/50  loss=1.3622  bal_acc=0.3385
  epoch  11/50  loss=1.3562  bal_acc=0.3403
  epoch  12/50  loss=1.3532  bal_acc=0.3420
  epoch  13/50  loss=1.3487  bal_acc=0.3490
  epoch  14/50  loss=1.3434  bal_acc=0.3472
  epoch  15/50  loss=1.3393  bal_acc=0.3438
  epoch  16/50  loss=1.3352  bal_acc=0.3681
  epoch  17/50  loss=1.3313  bal_acc=0.3611
  epoch  18/50  loss=1.3269  bal_acc=0.3750
  epoch  19/50  loss=1.3222  bal_acc=0.3715
  epoch  20/50  loss=1.3148  bal_acc=0.3750
  epoch  21/50  loss=1.3126  bal_acc=0.3802
  epoch  22/50  loss=1.3084  bal_acc=0.3750
  epoch  23/50  loss=1.3032  bal_acc=0.3819
  epoch  24/50  loss=1.2968  bal_acc=0.3802
  epoch  25/50  loss=1.2905  bal_acc=0.3993
  epoch  26/50  loss=1.2871  bal_acc=0.3958
  epoch  27/50  loss=1.2835  bal_acc=0.3924
  epoch  28/50  loss=1.2748  bal_acc=0.3976
  epoch  29/50  loss=1.2724  bal_acc=0.3958
  epoch  30/50  loss=1.2679  bal_acc=0.4045
  epoch  31/50  loss=1.2585  bal_acc=0.4149
  epoch  32/50  loss=1.2561  bal_acc=0.4115
  epoch  33/50  loss=1.2523  bal_acc=0.4253
  epoch  34/50  loss=1.2493  bal_acc=0.4201
  epoch  35/50  loss=1.2405  bal_acc=0.4358
  epoch  36/50  loss=1.2368  bal_acc=0.4236
  epoch  37/50  loss=1.2340  bal_acc=0.4271
  epoch  38/50  loss=1.2288  bal_acc=0.4236
  epoch  39/50  loss=1.2277  bal_acc=0.4358
  epoch  40/50  loss=1.2236  bal_acc=0.4340
  epoch  41/50  loss=1.2236  bal_acc=0.4497
  epoch  42/50  loss=1.2174  bal_acc=0.4497
  epoch  43/50  loss=1.2114  bal_acc=0.4549
  epoch  44/50  loss=1.2119  bal_acc=0.4688
  epoch  45/50  loss=1.2051  bal_acc=0.4531
  epoch  46/50  loss=1.2026  bal_acc=0.4427
  epoch  47/50  loss=1.2021  bal_acc=0.4653
  epoch  48/50  loss=1.1970  bal_acc=0.4497
  epoch  49/50  loss=1.1940  bal_acc=0.4479
  epoch  50/50  loss=1.1852  bal_acc=0.4531
  [LOSO 8/9] subject 7: acc=0.4531  running_mean=0.4167

=== LOSO (hold out subject 8) ===
  Train: 4608 trials  |  Test: 576 trials
  Model params: 3,050
  epoch   1/50  loss=1.3925  bal_acc=0.2674
  epoch   2/50  loss=1.3873  bal_acc=0.2726
  epoch   3/50  loss=1.3832  bal_acc=0.2674
  epoch   4/50  loss=1.3766  bal_acc=0.2691
  epoch   5/50  loss=1.3736  bal_acc=0.2812
  epoch   6/50  loss=1.3670  bal_acc=0.2882
  epoch   7/50  loss=1.3601  bal_acc=0.2951
  epoch   8/50  loss=1.3523  bal_acc=0.3108
  epoch   9/50  loss=1.3439  bal_acc=0.3021
  epoch  10/50  loss=1.3388  bal_acc=0.3108
  epoch  11/50  loss=1.3325  bal_acc=0.3090
  epoch  12/50  loss=1.3262  bal_acc=0.3073
  epoch  13/50  loss=1.3198  bal_acc=0.3142
  epoch  14/50  loss=1.3166  bal_acc=0.3264
  epoch  15/50  loss=1.3125  bal_acc=0.3316
  epoch  16/50  loss=1.3086  bal_acc=0.3351
  epoch  17/50  loss=1.3013  bal_acc=0.3351
  epoch  18/50  loss=1.3009  bal_acc=0.3472
  epoch  19/50  loss=1.2936  bal_acc=0.3455
  epoch  20/50  loss=1.2921  bal_acc=0.3524
  epoch  21/50  loss=1.2888  bal_acc=0.3507
  epoch  22/50  loss=1.2827  bal_acc=0.3524
  epoch  23/50  loss=1.2812  bal_acc=0.3507
  epoch  24/50  loss=1.2758  bal_acc=0.3524
  epoch  25/50  loss=1.2721  bal_acc=0.3611
  epoch  26/50  loss=1.2680  bal_acc=0.3628
  epoch  27/50  loss=1.2667  bal_acc=0.3750
  epoch  28/50  loss=1.2633  bal_acc=0.3715
  epoch  29/50  loss=1.2589  bal_acc=0.3837
  epoch  30/50  loss=1.2531  bal_acc=0.3733
  epoch  31/50  loss=1.2504  bal_acc=0.3872
  epoch  32/50  loss=1.2467  bal_acc=0.3889
  epoch  33/50  loss=1.2400  bal_acc=0.3872
  epoch  34/50  loss=1.2403  bal_acc=0.3854
  epoch  35/50  loss=1.2337  bal_acc=0.3837
  epoch  36/50  loss=1.2290  bal_acc=0.3819
  epoch  37/50  loss=1.2255  bal_acc=0.3854
  epoch  38/50  loss=1.2254  bal_acc=0.3941
  epoch  39/50  loss=1.2194  bal_acc=0.3958
  epoch  40/50  loss=1.2152  bal_acc=0.4028
  epoch  41/50  loss=1.2126  bal_acc=0.4045
  epoch  42/50  loss=1.2064  bal_acc=0.3976
  epoch  43/50  loss=1.2015  bal_acc=0.4045
  epoch  44/50  loss=1.2000  bal_acc=0.3906
  epoch  45/50  loss=1.1999  bal_acc=0.4062
  epoch  46/50  loss=1.1910  bal_acc=0.4028
  epoch  47/50  loss=1.1916  bal_acc=0.4062
  epoch  48/50  loss=1.1880  bal_acc=0.3889
  epoch  49/50  loss=1.1847  bal_acc=0.3906
  epoch  50/50  loss=1.1818  bal_acc=0.3924
  [LOSO 9/9] subject 8: acc=0.3924  running_mean=0.4140
Results saved to results/BNCI2014_001/results_trial_26.json
Trial logged to results/BNCI2014_001/trials.csv
[status] trial 26 done (state=COMPLETE, value=0.4139660493827161) -- 23 completed total
Device: cuda
[BNCI2014_001] loading from cache: /home/aleksander.berezowsk/.cache/spiking_eegnet/BNCI2014_001_af1ccf3e92f684d8a93c057082b654d7.npz
[BNCI2014_001] cache hit: (5184, 1, 22, 1001), classes=['feet', 'left_hand', 'right_hand', 'tongue'], subjects=9
Dataset meta: {'n_classes': 4, 'n_channels': 22, 'n_samples': 1001, 'class_names': ['feet', 'left_hand', 'right_hand', 'tongue'], 'subject_list': [1, 2, 3, 4, 5, 6, 7, 8, 9], 'n_subjects': 9, 'sfreq': 250.0}

=== LOSO (hold out subject 0) ===
  Train: 4608 trials  |  Test: 576 trials
  Model params: 14,174
  epoch   1/50  loss=1.2864  bal_acc=0.4340
  epoch   2/50  loss=1.1116  bal_acc=0.4757
  epoch   3/50  loss=0.9489  bal_acc=0.4653
  epoch   4/50  loss=0.8458  bal_acc=0.4688
  epoch   5/50  loss=0.7844  bal_acc=0.5764
  epoch   6/50  loss=0.7076  bal_acc=0.5417
  epoch   7/50  loss=0.6503  bal_acc=0.5642
  epoch   8/50  loss=0.6060  bal_acc=0.5556
  epoch   9/50  loss=0.5703  bal_acc=0.5799
  epoch  10/50  loss=0.5325  bal_acc=0.5729
  epoch  11/50  loss=0.4915  bal_acc=0.5139
  epoch  12/50  loss=0.4608  bal_acc=0.5434
  epoch  13/50  loss=0.4325  bal_acc=0.5069
  epoch  14/50  loss=0.4119  bal_acc=0.5434
  epoch  15/50  loss=0.3829  bal_acc=0.4844
  epoch  16/50  loss=0.3439  bal_acc=0.5538
  epoch  17/50  loss=0.3297  bal_acc=0.4861
  epoch  18/50  loss=0.2890  bal_acc=0.4514
  epoch  19/50  loss=0.3107  bal_acc=0.5799
  epoch  20/50  loss=0.2710  bal_acc=0.5451
  epoch  21/50  loss=0.2740  bal_acc=0.5278
  epoch  22/50  loss=0.2525  bal_acc=0.5573
  epoch  23/50  loss=0.2292  bal_acc=0.5278
  epoch  24/50  loss=0.2188  bal_acc=0.5087
  epoch  25/50  loss=0.1948  bal_acc=0.5503
  epoch  26/50  loss=0.2020  bal_acc=0.4878
  epoch  27/50  loss=0.1876  bal_acc=0.5399
  epoch  28/50  loss=0.1630  bal_acc=0.5260
  epoch  29/50  loss=0.1675  bal_acc=0.5087
  epoch  30/50  loss=0.1788  bal_acc=0.5174
  epoch  31/50  loss=0.1920  bal_acc=0.4965
  epoch  32/50  loss=0.1618  bal_acc=0.5104
  epoch  33/50  loss=0.1651  bal_acc=0.4809
  epoch  34/50  loss=0.1678  bal_acc=0.4931
  epoch  35/50  loss=0.1693  bal_acc=0.5000
  epoch  36/50  loss=0.1310  bal_acc=0.5399
  epoch  37/50  loss=0.1207  bal_acc=0.5330
  epoch  38/50  loss=0.1184  bal_acc=0.5434
  epoch  39/50  loss=0.1108  bal_acc=0.4983
  epoch  40/50  loss=0.1119  bal_acc=0.5139
  epoch  41/50  loss=0.1244  bal_acc=0.5312
  epoch  42/50  loss=0.1180  bal_acc=0.5330
  epoch  43/50  loss=0.1114  bal_acc=0.4965
  epoch  44/50  loss=0.1528  bal_acc=0.5469
  epoch  45/50  loss=0.1124  bal_acc=0.5590
  epoch  46/50  loss=0.1063  bal_acc=0.5503
  epoch  47/50  loss=0.1076  bal_acc=0.4844
  epoch  48/50  loss=0.0961  bal_acc=0.5243
  epoch  49/50  loss=0.1147  bal_acc=0.5365
  epoch  50/50  loss=0.1444  bal_acc=0.5660
  [LOSO 1/9] subject 0: acc=0.5660  running_mean=0.5660

=== LOSO (hold out subject 1) ===
  Train: 4608 trials  |  Test: 576 trials
  Model params: 14,174
  epoch   1/50  loss=1.2775  bal_acc=0.4132
  epoch   2/50  loss=1.0619  bal_acc=0.3976
  epoch   3/50  loss=0.8842  bal_acc=0.4462
  epoch   4/50  loss=0.7796  bal_acc=0.4601
  epoch   5/50  loss=0.7109  bal_acc=0.4549
  epoch   6/50  loss=0.6382  bal_acc=0.4444
  epoch   7/50  loss=0.5872  bal_acc=0.4549
  epoch   8/50  loss=0.5561  bal_acc=0.4375
  epoch   9/50  loss=0.5199  bal_acc=0.4392
  epoch  10/50  loss=0.5094  bal_acc=0.4566
  epoch  11/50  loss=0.4387  bal_acc=0.4184
  epoch  12/50  loss=0.4258  bal_acc=0.4132
  epoch  13/50  loss=0.3796  bal_acc=0.4358
  epoch  14/50  loss=0.3706  bal_acc=0.4236
  epoch  15/50  loss=0.3545  bal_acc=0.4896
  epoch  16/50  loss=0.3460  bal_acc=0.4288
  epoch  17/50  loss=0.3135  bal_acc=0.4201
  epoch  18/50  loss=0.2869  bal_acc=0.4670
  epoch  19/50  loss=0.2724  bal_acc=0.4635
  epoch  20/50  loss=0.2555  bal_acc=0.4774
  epoch  21/50  loss=0.2547  bal_acc=0.4635
  epoch  22/50  loss=0.2417  bal_acc=0.4236
  epoch  23/50  loss=0.2269  bal_acc=0.4358
  epoch  24/50  loss=0.2171  bal_acc=0.4306
  epoch  25/50  loss=0.1821  bal_acc=0.4306
  epoch  26/50  loss=0.1786  bal_acc=0.4392
  epoch  27/50  loss=0.1812  bal_acc=0.4479
  epoch  28/50  loss=0.1976  bal_acc=0.4479
  epoch  29/50  loss=0.1806  bal_acc=0.4462
  epoch  30/50  loss=0.1721  bal_acc=0.4306
  epoch  31/50  loss=0.1364  bal_acc=0.4132
  epoch  32/50  loss=0.1526  bal_acc=0.4410
  epoch  33/50  loss=0.1222  bal_acc=0.4375
  epoch  34/50  loss=0.1348  bal_acc=0.4132
  epoch  35/50  loss=0.1383  bal_acc=0.4427
  epoch  36/50  loss=0.1417  bal_acc=0.4497
  epoch  37/50  loss=0.1437  bal_acc=0.4167
  epoch  38/50  loss=0.1390  bal_acc=0.4323
  epoch  39/50  loss=0.1209  bal_acc=0.4306
  epoch  40/50  loss=0.1321  bal_acc=0.4288
  epoch  41/50  loss=0.0973  bal_acc=0.4427
  epoch  42/50  loss=0.1045  bal_acc=0.4271
  epoch  43/50  loss=0.1110  bal_acc=0.3941
  epoch  44/50  loss=0.1036  bal_acc=0.4358
  epoch  45/50  loss=0.1069  bal_acc=0.4340
  epoch  46/50  loss=0.1153  bal_acc=0.4149
  epoch  47/50  loss=0.1047  bal_acc=0.4392
  epoch  48/50  loss=0.1048  bal_acc=0.4115
  epoch  49/50  loss=0.1105  bal_acc=0.4132
  epoch  50/50  loss=0.0942  bal_acc=0.4444
  [LOSO 2/9] subject 1: acc=0.4444  running_mean=0.5052

=== LOSO (hold out subject 2) ===
  Train: 4608 trials  |  Test: 576 trials
  Model params: 14,174
  epoch   1/50  loss=1.2833  bal_acc=0.4948
  epoch   2/50  loss=1.0921  bal_acc=0.5469
  epoch   3/50  loss=0.9838  bal_acc=0.5521
  epoch   4/50  loss=0.9173  bal_acc=0.5156
  epoch   5/50  loss=0.8477  bal_acc=0.6649
  epoch   6/50  loss=0.7884  bal_acc=0.6701
  epoch   7/50  loss=0.7266  bal_acc=0.5608
  epoch   8/50  loss=0.6657  bal_acc=0.6424
  epoch   9/50  loss=0.6320  bal_acc=0.6233
  epoch  10/50  loss=0.6062  bal_acc=0.6128
  epoch  11/50  loss=0.5679  bal_acc=0.6806
  epoch  12/50  loss=0.5398  bal_acc=0.6632
  epoch  13/50  loss=0.4975  bal_acc=0.6094
  epoch  14/50  loss=0.4751  bal_acc=0.6354
  epoch  15/50  loss=0.4693  bal_acc=0.6528
  epoch  16/50  loss=0.4419  bal_acc=0.6528
  epoch  17/50  loss=0.4262  bal_acc=0.6649
  epoch  18/50  loss=0.3940  bal_acc=0.6736
  epoch  19/50  loss=0.3829  bal_acc=0.6458
  epoch  20/50  loss=0.3495  bal_acc=0.6493
  epoch  21/50  loss=0.3459  bal_acc=0.6302
  epoch  22/50  loss=0.3303  bal_acc=0.6233
  epoch  23/50  loss=0.3078  bal_acc=0.6424
  epoch  24/50  loss=0.2843  bal_acc=0.6267
  epoch  25/50  loss=0.2707  bal_acc=0.6510
  epoch  26/50  loss=0.2688  bal_acc=0.6545
  epoch  27/50  loss=0.2376  bal_acc=0.6372
  epoch  28/50  loss=0.2635  bal_acc=0.6406
  epoch  29/50  loss=0.2154  bal_acc=0.6267
  epoch  30/50  loss=0.2296  bal_acc=0.6806
  epoch  31/50  loss=0.2165  bal_acc=0.6354
  epoch  32/50  loss=0.2014  bal_acc=0.6562
  epoch  33/50  loss=0.1723  bal_acc=0.6615
  epoch  34/50  loss=0.1747  bal_acc=0.6441
  epoch  35/50  loss=0.1818  bal_acc=0.6632
  epoch  36/50  loss=0.1741  bal_acc=0.6233
  epoch  37/50  loss=0.1786  bal_acc=0.5799
  epoch  38/50  loss=0.1603  bal_acc=0.6562
  epoch  39/50  loss=0.1448  bal_acc=0.6354
  epoch  40/50  loss=0.1314  bal_acc=0.6719
  epoch  41/50  loss=0.1440  bal_acc=0.6267
  epoch  42/50  loss=0.1522  bal_acc=0.6267
  epoch  43/50  loss=0.1582  bal_acc=0.5990
  epoch  44/50  loss=0.1447  bal_acc=0.5955
  epoch  45/50  loss=0.1504  bal_acc=0.6562
  epoch  46/50  loss=0.1195  bal_acc=0.6441
  epoch  47/50  loss=0.1045  bal_acc=0.6510
  epoch  48/50  loss=0.1173  bal_acc=0.6111
  epoch  49/50  loss=0.1363  bal_acc=0.6285
  epoch  50/50  loss=0.1379  bal_acc=0.6372
  [LOSO 3/9] subject 2: acc=0.6372  running_mean=0.5492

=== LOSO (hold out subject 3) ===
  Train: 4608 trials  |  Test: 576 trials
  Model params: 14,174
  epoch   1/50  loss=1.2499  bal_acc=0.4219
  epoch   2/50  loss=1.0537  bal_acc=0.4549
  epoch   3/50  loss=0.9144  bal_acc=0.4809
  epoch   4/50  loss=0.8263  bal_acc=0.4792
  epoch   5/50  loss=0.7143  bal_acc=0.4931
  epoch   6/50  loss=0.6656  bal_acc=0.5139
  epoch   7/50  loss=0.6293  bal_acc=0.5226
  epoch   8/50  loss=0.5846  bal_acc=0.3993
  epoch   9/50  loss=0.5614  bal_acc=0.4497
  epoch  10/50  loss=0.5174  bal_acc=0.4861
  epoch  11/50  loss=0.4853  bal_acc=0.4306
  epoch  12/50  loss=0.4538  bal_acc=0.4757
  epoch  13/50  loss=0.4274  bal_acc=0.4566
  epoch  14/50  loss=0.4032  bal_acc=0.4201
  epoch  15/50  loss=0.3558  bal_acc=0.4097
  epoch  16/50  loss=0.3393  bal_acc=0.4375
  epoch  17/50  loss=0.3330  bal_acc=0.4688
  epoch  18/50  loss=0.2912  bal_acc=0.4549
  epoch  19/50  loss=0.2938  bal_acc=0.4375
  epoch  20/50  loss=0.2668  bal_acc=0.4757
  epoch  21/50  loss=0.2492  bal_acc=0.4514
  epoch  22/50  loss=0.2268  bal_acc=0.4618
  epoch  23/50  loss=0.2334  bal_acc=0.4444
  epoch  24/50  loss=0.2276  bal_acc=0.4236
  epoch  25/50  loss=0.2381  bal_acc=0.4375
  epoch  26/50  loss=0.1877  bal_acc=0.4601
  epoch  27/50  loss=0.1949  bal_acc=0.4583
  epoch  28/50  loss=0.1919  bal_acc=0.4740
  epoch  29/50  loss=0.1711  bal_acc=0.4566
  epoch  30/50  loss=0.1625  bal_acc=0.4757
  epoch  31/50  loss=0.1650  bal_acc=0.4253
  epoch  32/50  loss=0.1497  bal_acc=0.4410
  epoch  33/50  loss=0.1474  bal_acc=0.4340
  epoch  34/50  loss=0.1562  bal_acc=0.4531
  epoch  35/50  loss=0.1396  bal_acc=0.4635
  epoch  36/50  loss=0.1286  bal_acc=0.4306
  epoch  37/50  loss=0.1471  bal_acc=0.4479
  epoch  38/50  loss=0.1503  bal_acc=0.4306
  epoch  39/50  loss=0.1156  bal_acc=0.4201
  epoch  40/50  loss=0.0929  bal_acc=0.4705
  epoch  41/50  loss=0.1247  bal_acc=0.4774
  epoch  42/50  loss=0.1101  bal_acc=0.4323
  epoch  43/50  loss=0.0945  bal_acc=0.4462
  epoch  44/50  loss=0.0872  bal_acc=0.4375
  epoch  45/50  loss=0.1048  bal_acc=0.4340
  epoch  46/50  loss=0.1069  bal_acc=0.4566
  epoch  47/50  loss=0.1088  bal_acc=0.4340
  epoch  48/50  loss=0.1140  bal_acc=0.4774
  epoch  49/50  loss=0.1195  bal_acc=0.4306
  epoch  50/50  loss=0.1134  bal_acc=0.4410
  [LOSO 4/9] subject 3: acc=0.4410  running_mean=0.5221

=== LOSO (hold out subject 4) ===
  Train: 4608 trials  |  Test: 576 trials
  Model params: 14,174
  epoch   1/50  loss=1.2841  bal_acc=0.4375
  epoch   2/50  loss=1.0602  bal_acc=0.3906
  epoch   3/50  loss=0.9098  bal_acc=0.4062
  epoch   4/50  loss=0.8239  bal_acc=0.3854
  epoch   5/50  loss=0.7510  bal_acc=0.4323
  epoch   6/50  loss=0.6989  bal_acc=0.5052
  epoch   7/50  loss=0.6580  bal_acc=0.4444
  epoch   8/50  loss=0.6280  bal_acc=0.4948
  epoch   9/50  loss=0.5603  bal_acc=0.4497
  epoch  10/50  loss=0.5299  bal_acc=0.4479
  epoch  11/50  loss=0.5052  bal_acc=0.5191
  epoch  12/50  loss=0.4762  bal_acc=0.4601
  epoch  13/50  loss=0.4450  bal_acc=0.4583
  epoch  14/50  loss=0.4317  bal_acc=0.4514
  epoch  15/50  loss=0.3810  bal_acc=0.5069
  epoch  16/50  loss=0.3559  bal_acc=0.4497
  epoch  17/50  loss=0.3214  bal_acc=0.4774
  epoch  18/50  loss=0.3335  bal_acc=0.4705
  epoch  19/50  loss=0.3041  bal_acc=0.4896
  epoch  20/50  loss=0.2834  bal_acc=0.4705
  epoch  21/50  loss=0.2731  bal_acc=0.5625
  epoch  22/50  loss=0.2548  bal_acc=0.4653
  epoch  23/50  loss=0.2430  bal_acc=0.5226
  epoch  24/50  loss=0.2293  bal_acc=0.4618
  epoch  25/50  loss=0.2331  bal_acc=0.5226
  epoch  26/50  loss=0.2005  bal_acc=0.4861
  epoch  27/50  loss=0.2054  bal_acc=0.5226
  epoch  28/50  loss=0.1921  bal_acc=0.4184
  epoch  29/50  loss=0.1955  bal_acc=0.5122
  epoch  30/50  loss=0.1828  bal_acc=0.5399
  epoch  31/50  loss=0.1619  bal_acc=0.4931
  epoch  32/50  loss=0.1678  bal_acc=0.4913
  epoch  33/50  loss=0.1678  bal_acc=0.5087
  epoch  34/50  loss=0.1500  bal_acc=0.4913
  epoch  35/50  loss=0.1410  bal_acc=0.4549
  epoch  36/50  loss=0.1419  bal_acc=0.4392
  epoch  37/50  loss=0.1550  bal_acc=0.4826
  epoch  38/50  loss=0.1315  bal_acc=0.4913
  epoch  39/50  loss=0.1266  bal_acc=0.4670
  epoch  40/50  loss=0.1068  bal_acc=0.4670
  epoch  41/50  loss=0.0988  bal_acc=0.5260
  epoch  42/50  loss=0.1143  bal_acc=0.4844
  epoch  43/50  loss=0.1078  bal_acc=0.5069
  epoch  44/50  loss=0.1305  bal_acc=0.4826
  epoch  45/50  loss=0.1575  bal_acc=0.5365
  epoch  46/50  loss=0.1556  bal_acc=0.4444
  epoch  47/50  loss=0.1203  bal_acc=0.5174
  epoch  48/50  loss=0.1022  bal_acc=0.4670
  epoch  49/50  loss=0.1089  bal_acc=0.4705
  epoch  50/50  loss=0.1187  bal_acc=0.5139
  [LOSO 5/9] subject 4: acc=0.5139  running_mean=0.5205

=== LOSO (hold out subject 5) ===
  Train: 4608 trials  |  Test: 576 trials
  Model params: 14,174
  epoch   1/50  loss=1.2733  bal_acc=0.3229
  epoch   2/50  loss=1.0564  bal_acc=0.4531
  epoch   3/50  loss=0.8890  bal_acc=0.4358
  epoch   4/50  loss=0.7856  bal_acc=0.4132
  epoch   5/50  loss=0.7267  bal_acc=0.4444
  epoch   6/50  loss=0.6526  bal_acc=0.4288
  epoch   7/50  loss=0.6089  bal_acc=0.4479
  epoch   8/50  loss=0.5635  bal_acc=0.4618
  epoch   9/50  loss=0.5524  bal_acc=0.4358
  epoch  10/50  loss=0.4956  bal_acc=0.4236
  epoch  11/50  loss=0.4757  bal_acc=0.4028
  epoch  12/50  loss=0.4563  bal_acc=0.4115
  epoch  13/50  loss=0.3971  bal_acc=0.4306
  epoch  14/50  loss=0.3997  bal_acc=0.4635
  epoch  15/50  loss=0.3978  bal_acc=0.4427
  epoch  16/50  loss=0.3814  bal_acc=0.3872
  epoch  17/50  loss=0.3319  bal_acc=0.4635
  epoch  18/50  loss=0.3037  bal_acc=0.4028
  epoch  19/50  loss=0.2888  bal_acc=0.4097
  epoch  20/50  loss=0.2821  bal_acc=0.4444
  epoch  21/50  loss=0.2767  bal_acc=0.3993
  epoch  22/50  loss=0.2464  bal_acc=0.4410
  epoch  23/50  loss=0.2257  bal_acc=0.3594
  epoch  24/50  loss=0.2368  bal_acc=0.4306
  epoch  25/50  loss=0.2101  bal_acc=0.4271
  epoch  26/50  loss=0.1983  bal_acc=0.4167
  epoch  27/50  loss=0.1814  bal_acc=0.4705
  epoch  28/50  loss=0.1818  bal_acc=0.4392
  epoch  29/50  loss=0.2016  bal_acc=0.3802
  epoch  30/50  loss=0.1827  bal_acc=0.4809
  epoch  31/50  loss=0.1822  bal_acc=0.4080
  epoch  32/50  loss=0.1438  bal_acc=0.4375
  epoch  33/50  loss=0.1540  bal_acc=0.4878
  epoch  34/50  loss=0.1534  bal_acc=0.3976
  epoch  35/50  loss=0.1500  bal_acc=0.4427
  epoch  36/50  loss=0.1496  bal_acc=0.4236
  epoch  37/50  loss=0.1695  bal_acc=0.4392
  epoch  38/50  loss=0.1635  bal_acc=0.4028
  epoch  39/50  loss=0.1433  bal_acc=0.4358
  epoch  40/50  loss=0.1265  bal_acc=0.4062
  epoch  41/50  loss=0.1287  bal_acc=0.4219
  epoch  42/50  loss=0.1314  bal_acc=0.4288
  epoch  43/50  loss=0.1244  bal_acc=0.4271
  epoch  44/50  loss=0.1240  bal_acc=0.4670
  epoch  45/50  loss=0.0969  bal_acc=0.4288
  epoch  46/50  loss=0.1018  bal_acc=0.4653
  epoch  47/50  loss=0.0925  bal_acc=0.4566
  epoch  48/50  loss=0.0841  bal_acc=0.4219
  epoch  49/50  loss=0.1223  bal_acc=0.4149
  epoch  50/50  loss=0.1268  bal_acc=0.4601
  [LOSO 6/9] subject 5: acc=0.4601  running_mean=0.5104

=== LOSO (hold out subject 6) ===
  Train: 4608 trials  |  Test: 576 trials
  Model params: 14,174
  epoch   1/50  loss=1.3168  bal_acc=0.4601
  epoch   2/50  loss=1.1163  bal_acc=0.5069
  epoch   3/50  loss=0.9460  bal_acc=0.4844
  epoch   4/50  loss=0.8454  bal_acc=0.5399
  epoch   5/50  loss=0.7751  bal_acc=0.5035
  epoch   6/50  loss=0.7406  bal_acc=0.5694
  epoch   7/50  loss=0.6609  bal_acc=0.5642
  epoch   8/50  loss=0.6415  bal_acc=0.5885
  epoch   9/50  loss=0.5949  bal_acc=0.6059
  epoch  10/50  loss=0.5443  bal_acc=0.6059
  epoch  11/50  loss=0.5218  bal_acc=0.5642
  epoch  12/50  loss=0.4809  bal_acc=0.5920
  epoch  13/50  loss=0.4648  bal_acc=0.5434
  epoch  14/50  loss=0.4263  bal_acc=0.6059
  epoch  15/50  loss=0.3968  bal_acc=0.5469
  epoch  16/50  loss=0.3918  bal_acc=0.5312
  epoch  17/50  loss=0.3809  bal_acc=0.5486
  epoch  18/50  loss=0.3237  bal_acc=0.6059
  epoch  19/50  loss=0.3129  bal_acc=0.6198
  epoch  20/50  loss=0.3058  bal_acc=0.5781
  epoch  21/50  loss=0.2951  bal_acc=0.5677
  epoch  22/50  loss=0.2862  bal_acc=0.5590
  epoch  23/50  loss=0.2601  bal_acc=0.5521
  epoch  24/50  loss=0.2486  bal_acc=0.5955
  epoch  25/50  loss=0.2341  bal_acc=0.5660
  epoch  26/50  loss=0.1965  bal_acc=0.6007
  epoch  27/50  loss=0.2029  bal_acc=0.5851
  epoch  28/50  loss=0.1968  bal_acc=0.5868
  epoch  29/50  loss=0.1903  bal_acc=0.5330
  epoch  30/50  loss=0.1939  bal_acc=0.5799
  epoch  31/50  loss=0.1906  bal_acc=0.5660
  epoch  32/50  loss=0.1906  bal_acc=0.5608
  epoch  33/50  loss=0.1648  bal_acc=0.5660
  epoch  34/50  loss=0.1489  bal_acc=0.5625
  epoch  35/50  loss=0.1488  bal_acc=0.5972
  epoch  36/50  loss=0.1613  bal_acc=0.5938
  epoch  37/50  loss=0.1488  bal_acc=0.5747
  epoch  38/50  loss=0.1498  bal_acc=0.5781
  epoch  39/50  loss=0.1511  bal_acc=0.5694
  epoch  40/50  loss=0.1309  bal_acc=0.5625
  epoch  41/50  loss=0.1231  bal_acc=0.5469
  epoch  42/50  loss=0.1237  bal_acc=0.5677
  epoch  43/50  loss=0.1377  bal_acc=0.5625
  epoch  44/50  loss=0.1262  bal_acc=0.5747
  epoch  45/50  loss=0.1072  bal_acc=0.5625
  epoch  46/50  loss=0.1023  bal_acc=0.5625
  epoch  47/50  loss=0.1144  bal_acc=0.5677
  epoch  48/50  loss=0.0974  bal_acc=0.5503
  epoch  49/50  loss=0.1139  bal_acc=0.5469
  epoch  50/50  loss=0.1224  bal_acc=0.5191
  [LOSO 7/9] subject 6: acc=0.5191  running_mean=0.5117

=== LOSO (hold out subject 7) ===
  Train: 4608 trials  |  Test: 576 trials
  Model params: 14,174
  epoch   1/50  loss=1.2851  bal_acc=0.4392
  epoch   2/50  loss=1.1176  bal_acc=0.4618
  epoch   3/50  loss=1.0084  bal_acc=0.5000
  epoch   4/50  loss=0.9092  bal_acc=0.5278
  epoch   5/50  loss=0.8444  bal_acc=0.6007
  epoch   6/50  loss=0.7874  bal_acc=0.5660
  epoch   7/50  loss=0.7118  bal_acc=0.5434
  epoch   8/50  loss=0.6712  bal_acc=0.5312
  epoch   9/50  loss=0.6286  bal_acc=0.5799
  epoch  10/50  loss=0.6105  bal_acc=0.5799
  epoch  11/50  loss=0.5733  bal_acc=0.5972
  epoch  12/50  loss=0.5367  bal_acc=0.5399
  epoch  13/50  loss=0.4906  bal_acc=0.5781
  epoch  14/50  loss=0.4789  bal_acc=0.5677
  epoch  15/50  loss=0.4710  bal_acc=0.5642
  epoch  16/50  loss=0.4283  bal_acc=0.5538
  epoch  17/50  loss=0.4064  bal_acc=0.5417
  epoch  18/50  loss=0.3839  bal_acc=0.5347
  epoch  19/50  loss=0.3611  bal_acc=0.5833
  epoch  20/50  loss=0.3291  bal_acc=0.5642
  epoch  21/50  loss=0.3219  bal_acc=0.5347
  epoch  22/50  loss=0.3093  bal_acc=0.5556
  epoch  23/50  loss=0.2989  bal_acc=0.5330
  epoch  24/50  loss=0.2760  bal_acc=0.5434
  epoch  25/50  loss=0.2709  bal_acc=0.5799
  epoch  26/50  loss=0.2618  bal_acc=0.5955
  epoch  27/50  loss=0.2491  bal_acc=0.5417
  epoch  28/50  loss=0.2221  bal_acc=0.5503
  epoch  29/50  loss=0.2210  bal_acc=0.5521
  epoch  30/50  loss=0.1989  bal_acc=0.5747
  epoch  31/50  loss=0.1896  bal_acc=0.5538
  epoch  32/50  loss=0.1773  bal_acc=0.5729
  epoch  33/50  loss=0.1846  bal_acc=0.5538
  epoch  34/50  loss=0.1651  bal_acc=0.5712
  epoch  35/50  loss=0.1706  bal_acc=0.5382
  epoch  36/50  loss=0.1602  bal_acc=0.5642
  epoch  37/50  loss=0.1538  bal_acc=0.5174
  epoch  38/50  loss=0.1526  bal_acc=0.5608
  epoch  39/50  loss=0.1581  bal_acc=0.5885
  epoch  40/50  loss=0.1359  bal_acc=0.5451
  epoch  41/50  loss=0.1623  bal_acc=0.5521
  epoch  42/50  loss=0.1441  bal_acc=0.5174
  epoch  43/50  loss=0.1359  bal_acc=0.5816
  epoch  44/50  loss=0.1404  bal_acc=0.5764
  epoch  45/50  loss=0.1470  bal_acc=0.5573
  epoch  46/50  loss=0.1580  bal_acc=0.5382
  epoch  47/50  loss=0.1312  bal_acc=0.5573
  epoch  48/50  loss=0.1116  bal_acc=0.5347
  epoch  49/50  loss=0.1088  bal_acc=0.5486
  epoch  50/50  loss=0.1188  bal_acc=0.5521
  [LOSO 8/9] subject 7: acc=0.5521  running_mean=0.5167

=== LOSO (hold out subject 8) ===
  Train: 4608 trials  |  Test: 576 trials
  Model params: 14,174
  epoch   1/50  loss=1.2634  bal_acc=0.4097
  epoch   2/50  loss=1.0828  bal_acc=0.4479
  epoch   3/50  loss=0.9754  bal_acc=0.4635
  epoch   4/50  loss=0.8767  bal_acc=0.5469
  epoch   5/50  loss=0.8083  bal_acc=0.5122
  epoch   6/50  loss=0.7559  bal_acc=0.5174
  epoch   7/50  loss=0.7189  bal_acc=0.4740
  epoch   8/50  loss=0.6439  bal_acc=0.5747
  epoch   9/50  loss=0.6051  bal_acc=0.5764
  epoch  10/50  loss=0.5614  bal_acc=0.5885
  epoch  11/50  loss=0.5312  bal_acc=0.5156
  epoch  12/50  loss=0.5040  bal_acc=0.5816
  epoch  13/50  loss=0.4675  bal_acc=0.5712
  epoch  14/50  loss=0.4435  bal_acc=0.5938
  epoch  15/50  loss=0.4028  bal_acc=0.5642
  epoch  16/50  loss=0.3900  bal_acc=0.5590
  epoch  17/50  loss=0.3752  bal_acc=0.5625
  epoch  18/50  loss=0.3382  bal_acc=0.5521
  epoch  19/50  loss=0.3110  bal_acc=0.5382
  epoch  20/50  loss=0.2978  bal_acc=0.5608
  epoch  21/50  loss=0.2868  bal_acc=0.5903
  epoch  22/50  loss=0.2832  bal_acc=0.5382
  epoch  23/50  loss=0.2420  bal_acc=0.5694
  epoch  24/50  loss=0.2303  bal_acc=0.5781
  epoch  25/50  loss=0.2407  bal_acc=0.5156
  epoch  26/50  loss=0.2204  bal_acc=0.5642
  epoch  27/50  loss=0.2094  bal_acc=0.5156
  epoch  28/50  loss=0.1956  bal_acc=0.5677
  epoch  29/50  loss=0.1835  bal_acc=0.5486
  epoch  30/50  loss=0.1755  bal_acc=0.5503
  epoch  31/50  loss=0.1539  bal_acc=0.5573
  epoch  32/50  loss=0.1611  bal_acc=0.5365
  epoch  33/50  loss=0.1537  bal_acc=0.5312
  epoch  34/50  loss=0.1486  bal_acc=0.5799
  epoch  35/50  loss=0.1185  bal_acc=0.5399
  epoch  36/50  loss=0.1431  bal_acc=0.5503
  epoch  37/50  loss=0.1334  bal_acc=0.5521
  epoch  38/50  loss=0.1242  bal_acc=0.5503
  epoch  39/50  loss=0.1308  bal_acc=0.5295
  epoch  40/50  loss=0.1324  bal_acc=0.5312
  epoch  41/50  loss=0.1381  bal_acc=0.5399
  epoch  42/50  loss=0.1315  bal_acc=0.5399
  epoch  43/50  loss=0.1225  bal_acc=0.5365
  epoch  44/50  loss=0.1098  bal_acc=0.5469
  epoch  45/50  loss=0.1029  bal_acc=0.5694
  epoch  46/50  loss=0.0912  bal_acc=0.5382
  epoch  47/50  loss=0.0945  bal_acc=0.5434
  epoch  48/50  loss=0.1182  bal_acc=0.5486
  epoch  49/50  loss=0.1019  bal_acc=0.5486
  epoch  50/50  loss=0.0875  bal_acc=0.5399
  [LOSO 9/9] subject 8: acc=0.5399  running_mean=0.5193
Results saved to results/BNCI2014_001/results_trial_28.json
Trial logged to results/BNCI2014_001/trials.csv
[status] trial 28 done (state=COMPLETE, value=0.51929012345679) -- 25 completed total
Device: cuda
[BNCI2014_001] loading from cache: /home/aleksander.berezowsk/.cache/spiking_eegnet/BNCI2014_001_af1ccf3e92f684d8a93c057082b654d7.npz
[BNCI2014_001] cache hit: (5184, 1, 22, 1001), classes=['feet', 'left_hand', 'right_hand', 'tongue'], subjects=9
Dataset meta: {'n_classes': 4, 'n_channels': 22, 'n_samples': 1001, 'class_names': ['feet', 'left_hand', 'right_hand', 'tongue'], 'subject_list': [1, 2, 3, 4, 5, 6, 7, 8, 9], 'n_subjects': 9, 'sfreq': 250.0}

=== LOSO (hold out subject 0) ===
  Train: 4608 trials  |  Test: 576 trials
  Model params: 31,150
  epoch   1/50  loss=1.2920  bal_acc=0.3785
  epoch   2/50  loss=1.0949  bal_acc=0.4983
  epoch   3/50  loss=0.9783  bal_acc=0.5087
  epoch   4/50  loss=0.8891  bal_acc=0.5660
  epoch   5/50  loss=0.8274  bal_acc=0.5434
  epoch   6/50  loss=0.7689  bal_acc=0.5799
  epoch   7/50  loss=0.7190  bal_acc=0.5868
  epoch   8/50  loss=0.6582  bal_acc=0.5434
  epoch   9/50  loss=0.6449  bal_acc=0.5590
  epoch  10/50  loss=0.5889  bal_acc=0.5069
  epoch  11/50  loss=0.5536  bal_acc=0.5747
  epoch  12/50  loss=0.5211  bal_acc=0.5955
  epoch  13/50  loss=0.4784  bal_acc=0.5972
  epoch  14/50  loss=0.4498  bal_acc=0.5312
  epoch  15/50  loss=0.4415  bal_acc=0.5365
  epoch  16/50  loss=0.4126  bal_acc=0.6042
  epoch  17/50  loss=0.3973  bal_acc=0.5642
  epoch  18/50  loss=0.3681  bal_acc=0.5660
  epoch  19/50  loss=0.3480  bal_acc=0.4965
  epoch  20/50  loss=0.3135  bal_acc=0.6024
  epoch  21/50  loss=0.2853  bal_acc=0.5816
  epoch  22/50  loss=0.2784  bal_acc=0.5469
  epoch  23/50  loss=0.2717  bal_acc=0.5330
  epoch  24/50  loss=0.2627  bal_acc=0.5885
  epoch  25/50  loss=0.2199  bal_acc=0.5747
  epoch  26/50  loss=0.1861  bal_acc=0.5382
  epoch  27/50  loss=0.1883  bal_acc=0.5399
  epoch  28/50  loss=0.1868  bal_acc=0.5608
  epoch  29/50  loss=0.1684  bal_acc=0.5365
  epoch  30/50  loss=0.1614  bal_acc=0.5781
  epoch  31/50  loss=0.1645  bal_acc=0.5486
  epoch  32/50  loss=0.1650  bal_acc=0.5590
  epoch  33/50  loss=0.1644  bal_acc=0.5660
  epoch  34/50  loss=0.1555  bal_acc=0.5451
  epoch  35/50  loss=0.1407  bal_acc=0.5885
  epoch  36/50  loss=0.1308  bal_acc=0.5417
  epoch  37/50  loss=0.1159  bal_acc=0.5538
  epoch  38/50  loss=0.0996  bal_acc=0.5590
  epoch  39/50  loss=0.0993  bal_acc=0.5365
  epoch  40/50  loss=0.1111  bal_acc=0.5278
  epoch  41/50  loss=0.1209  bal_acc=0.5260
  epoch  42/50  loss=0.1335  bal_acc=0.5712
  epoch  43/50  loss=0.1421  bal_acc=0.5243
  epoch  44/50  loss=0.1505  bal_acc=0.5243
  epoch  45/50  loss=0.1297  bal_acc=0.5729
  epoch  46/50  loss=0.1033  bal_acc=0.5764
  epoch  47/50  loss=0.0806  bal_acc=0.5573
  epoch  48/50  loss=0.0625  bal_acc=0.5556
  epoch  49/50  loss=0.0654  bal_acc=0.5694
  epoch  50/50  loss=0.0899  bal_acc=0.5573
  [LOSO 1/9] subject 0: acc=0.5573  running_mean=0.5573

=== LOSO (hold out subject 1) ===
  Train: 4608 trials  |  Test: 576 trials
  Model params: 31,150
  epoch   1/50  loss=1.2856  bal_acc=0.4236
  epoch   2/50  loss=1.0888  bal_acc=0.3854
  epoch   3/50  loss=0.9511  bal_acc=0.4028
  epoch   4/50  loss=0.8708  bal_acc=0.4080
  epoch   5/50  loss=0.7981  bal_acc=0.3993
  epoch   6/50  loss=0.7407  bal_acc=0.4340
  epoch   7/50  loss=0.6973  bal_acc=0.4306
  epoch   8/50  loss=0.6516  bal_acc=0.4306
  epoch   9/50  loss=0.6021  bal_acc=0.4062
  epoch  10/50  loss=0.5550  bal_acc=0.4288
  epoch  11/50  loss=0.5187  bal_acc=0.4583
  epoch  12/50  loss=0.5009  bal_acc=0.4427
  epoch  13/50  loss=0.4636  bal_acc=0.4219
  epoch  14/50  loss=0.4410  bal_acc=0.4670
  epoch  15/50  loss=0.3940  bal_acc=0.4635
  epoch  16/50  loss=0.3778  bal_acc=0.4531
  epoch  17/50  loss=0.3425  bal_acc=0.4236
  epoch  18/50  loss=0.3293  bal_acc=0.4653
  epoch  19/50  loss=0.3086  bal_acc=0.4097
  epoch  20/50  loss=0.2859  bal_acc=0.4427
  epoch  21/50  loss=0.2632  bal_acc=0.4132
  epoch  22/50  loss=0.2666  bal_acc=0.4410
  epoch  23/50  loss=0.2746  bal_acc=0.4323
  epoch  24/50  loss=0.2290  bal_acc=0.4306
  epoch  25/50  loss=0.2008  bal_acc=0.4583
  epoch  26/50  loss=0.1904  bal_acc=0.4566
  epoch  27/50  loss=0.1775  bal_acc=0.4844
  epoch  28/50  loss=0.1670  bal_acc=0.4358
  epoch  29/50  loss=0.1649  bal_acc=0.4444
  epoch  30/50  loss=0.1548  bal_acc=0.4531
  epoch  31/50  loss=0.1556  bal_acc=0.4201
  epoch  32/50  loss=0.1613  bal_acc=0.4583
  epoch  33/50  loss=0.1690  bal_acc=0.4531
  epoch  34/50  loss=0.1413  bal_acc=0.4236
  epoch  35/50  loss=0.1193  bal_acc=0.4323
  epoch  36/50  loss=0.1165  bal_acc=0.4288
  epoch  37/50  loss=0.1299  bal_acc=0.4080
  epoch  38/50  loss=0.1208  bal_acc=0.4427
  epoch  39/50  loss=0.1127  bal_acc=0.4323
  epoch  40/50  loss=0.1103  bal_acc=0.4618
  epoch  41/50  loss=0.1238  bal_acc=0.4427
  epoch  42/50  loss=0.1136  bal_acc=0.4149
  epoch  43/50  loss=0.1059  bal_acc=0.4444
  epoch  44/50  loss=0.0992  bal_acc=0.4549
  epoch  45/50  loss=0.1253  bal_acc=0.4253
  epoch  46/50  loss=0.1348  bal_acc=0.4236
  epoch  47/50  loss=0.1273  bal_acc=0.4375
  epoch  48/50  loss=0.1110  bal_acc=0.4497
  epoch  49/50  loss=0.0911  bal_acc=0.4306
  epoch  50/50  loss=0.0800  bal_acc=0.4271
  [LOSO 2/9] subject 1: acc=0.4271  running_mean=0.4922

=== LOSO (hold out subject 2) ===
  Train: 4608 trials  |  Test: 576 trials
  Model params: 31,150
  epoch   1/50  loss=1.2956  bal_acc=0.4410
  epoch   2/50  loss=1.1484  bal_acc=0.4757
  epoch   3/50  loss=1.0499  bal_acc=0.5781
  epoch   4/50  loss=0.9603  bal_acc=0.5573
  epoch   5/50  loss=0.8666  bal_acc=0.6059
  epoch   6/50  loss=0.8157  bal_acc=0.5747
  epoch   7/50  loss=0.7422  bal_acc=0.6562
  epoch   8/50  loss=0.7112  bal_acc=0.6233
  epoch   9/50  loss=0.6406  bal_acc=0.5833
  epoch  10/50  loss=0.6123  bal_acc=0.7118
  epoch  11/50  loss=0.5938  bal_acc=0.7049
  epoch  12/50  loss=0.5457  bal_acc=0.7101
  epoch  13/50  loss=0.5244  bal_acc=0.6684
  epoch  14/50  loss=0.4795  bal_acc=0.6372
  epoch  15/50  loss=0.4531  bal_acc=0.6528
  epoch  16/50  loss=0.4126  bal_acc=0.6476
  epoch  17/50  loss=0.3864  bal_acc=0.6944
  epoch  18/50  loss=0.3561  bal_acc=0.6771
  epoch  19/50  loss=0.3441  bal_acc=0.6736
  epoch  20/50  loss=0.3214  bal_acc=0.6927
  epoch  21/50  loss=0.2887  bal_acc=0.6858
  epoch  22/50  loss=0.2498  bal_acc=0.6962
  epoch  23/50  loss=0.2431  bal_acc=0.6372
  epoch  24/50  loss=0.2612  bal_acc=0.6927
  epoch  25/50  loss=0.2496  bal_acc=0.6111
  epoch  26/50  loss=0.2257  bal_acc=0.6684
  epoch  27/50  loss=0.1851  bal_acc=0.6372
  epoch  28/50  loss=0.1801  bal_acc=0.6615
  epoch  29/50  loss=0.1850  bal_acc=0.6076
  epoch  30/50  loss=0.1586  bal_acc=0.6771
  epoch  31/50  loss=0.1524  bal_acc=0.6632
  epoch  32/50  loss=0.1318  bal_acc=0.6354
  epoch  33/50  loss=0.1343  bal_acc=0.7031
  epoch  34/50  loss=0.1225  bal_acc=0.6493
  epoch  35/50  loss=0.1410  bal_acc=0.6858
  epoch  36/50  loss=0.1267  bal_acc=0.6823
  epoch  37/50  loss=0.1533  bal_acc=0.6667
  epoch  38/50  loss=0.1508  bal_acc=0.6701
  epoch  39/50  loss=0.1267  bal_acc=0.7014
  epoch  40/50  loss=0.0957  bal_acc=0.6910
  epoch  41/50  loss=0.0805  bal_acc=0.6528
  epoch  42/50  loss=0.0790  bal_acc=0.6632
  epoch  43/50  loss=0.0725  bal_acc=0.6684
  epoch  44/50  loss=0.0792  bal_acc=0.7066
  epoch  45/50  loss=0.0952  bal_acc=0.6406
  epoch  46/50  loss=0.1321  bal_acc=0.6858
  epoch  47/50  loss=0.1418  bal_acc=0.6892
  epoch  48/50  loss=0.1330  bal_acc=0.6389
  epoch  49/50  loss=0.1353  bal_acc=0.6806
  epoch  50/50  loss=0.1268  bal_acc=0.6892
  [LOSO 3/9] subject 2: acc=0.6892  running_mean=0.5579

=== LOSO (hold out subject 3) ===
  Train: 4608 trials  |  Test: 576 trials
  Model params: 31,150
  epoch   1/50  loss=1.2915  bal_acc=0.4080
  epoch   2/50  loss=1.1161  bal_acc=0.4531
  epoch   3/50  loss=0.9904  bal_acc=0.3663
  epoch   4/50  loss=0.8697  bal_acc=0.4896
  epoch   5/50  loss=0.8055  bal_acc=0.4219
  epoch   6/50  loss=0.7162  bal_acc=0.4705
  epoch   7/50  loss=0.6596  bal_acc=0.4531
  epoch   8/50  loss=0.6072  bal_acc=0.4653
  epoch   9/50  loss=0.5774  bal_acc=0.4288
  epoch  10/50  loss=0.5493  bal_acc=0.4028
  epoch  11/50  loss=0.5157  bal_acc=0.4948
  epoch  12/50  loss=0.4822  bal_acc=0.4358
  epoch  13/50  loss=0.4492  bal_acc=0.4965
  epoch  14/50  loss=0.4313  bal_acc=0.4306
  epoch  15/50  loss=0.3871  bal_acc=0.3854
  epoch  16/50  loss=0.3764  bal_acc=0.4462
  epoch  17/50  loss=0.3538  bal_acc=0.4427
  epoch  18/50  loss=0.3218  bal_acc=0.4688
  epoch  19/50  loss=0.2971  bal_acc=0.4618
  epoch  20/50  loss=0.2792  bal_acc=0.4444
  epoch  21/50  loss=0.2882  bal_acc=0.4462
  epoch  22/50  loss=0.2616  bal_acc=0.4375
  epoch  23/50  loss=0.2491  bal_acc=0.3455
  epoch  24/50  loss=0.2304  bal_acc=0.4583
  epoch  25/50  loss=0.2043  bal_acc=0.4653
  epoch  26/50  loss=0.1827  bal_acc=0.3837
  epoch  27/50  loss=0.2066  bal_acc=0.3872
  epoch  28/50  loss=0.1823  bal_acc=0.4132
  epoch  29/50  loss=0.1836  bal_acc=0.4149
  epoch  30/50  loss=0.1698  bal_acc=0.4253
  epoch  31/50  loss=0.1588  bal_acc=0.4167
  epoch  32/50  loss=0.1395  bal_acc=0.3906
  epoch  33/50  loss=0.1325  bal_acc=0.4288
  epoch  34/50  loss=0.1450  bal_acc=0.4201
  epoch  35/50  loss=0.1326  bal_acc=0.3993
  epoch  36/50  loss=0.1204  bal_acc=0.4479
  epoch  37/50  loss=0.1293  bal_acc=0.4358
  epoch  38/50  loss=0.1083  bal_acc=0.4201
  epoch  39/50  loss=0.1098  bal_acc=0.4062
  epoch  40/50  loss=0.1093  bal_acc=0.4028
  epoch  41/50  loss=0.0916  bal_acc=0.4306
  epoch  42/50  loss=0.1005  bal_acc=0.4809
  epoch  43/50  loss=0.1165  bal_acc=0.4740
  epoch  44/50  loss=0.0996  bal_acc=0.4115
  epoch  45/50  loss=0.1339  bal_acc=0.4288
  epoch  46/50  loss=0.1304  bal_acc=0.4219
  epoch  47/50  loss=0.1553  bal_acc=0.4132
  epoch  48/50  loss=0.1363  bal_acc=0.4549
  epoch  49/50  loss=0.1134  bal_acc=0.4358
  epoch  50/50  loss=0.0981  bal_acc=0.4531
  [LOSO 4/9] subject 3: acc=0.4531  running_mean=0.5317

=== LOSO (hold out subject 4) ===
  Train: 4608 trials  |  Test: 576 trials
  Model params: 31,150
  epoch   1/50  loss=1.2802  bal_acc=0.3681
  epoch   2/50  loss=1.0862  bal_acc=0.4340
  epoch   3/50  loss=0.9602  bal_acc=0.4080
  epoch   4/50  loss=0.8628  bal_acc=0.4115
  epoch   5/50  loss=0.7993  bal_acc=0.4913
  epoch   6/50  loss=0.7742  bal_acc=0.4740
  epoch   7/50  loss=0.6907  bal_acc=0.4167
  epoch   8/50  loss=0.6426  bal_acc=0.4462
  epoch   9/50  loss=0.6147  bal_acc=0.4288
  epoch  10/50  loss=0.5881  bal_acc=0.4323
  epoch  11/50  loss=0.5491  bal_acc=0.4531
  epoch  12/50  loss=0.5163  bal_acc=0.4826
  epoch  13/50  loss=0.4846  bal_acc=0.4809
  epoch  14/50  loss=0.4576  bal_acc=0.4479
  epoch  15/50  loss=0.4250  bal_acc=0.4896
  epoch  16/50  loss=0.4100  bal_acc=0.4375
  epoch  17/50  loss=0.3789  bal_acc=0.4497
  epoch  18/50  loss=0.3654  bal_acc=0.5000
  epoch  19/50  loss=0.3178  bal_acc=0.4462
  epoch  20/50  loss=0.3137  bal_acc=0.4896
  epoch  21/50  loss=0.2819  bal_acc=0.4601
  epoch  22/50  loss=0.2649  bal_acc=0.4635
  epoch  23/50  loss=0.2633  bal_acc=0.4740
  epoch  24/50  loss=0.2410  bal_acc=0.4774
  epoch  25/50  loss=0.2111  bal_acc=0.4566
  epoch  26/50  loss=0.2231  bal_acc=0.4757
  epoch  27/50  loss=0.2020  bal_acc=0.4410
  epoch  28/50  loss=0.1739  bal_acc=0.4774
  epoch  29/50  loss=0.1580  bal_acc=0.4583
  epoch  30/50  loss=0.1580  bal_acc=0.5156
  epoch  31/50  loss=0.1465  bal_acc=0.5104
  epoch  32/50  loss=0.1672  bal_acc=0.5347
  epoch  33/50  loss=0.1425  bal_acc=0.4566
  epoch  34/50  loss=0.1620  bal_acc=0.4514
  epoch  35/50  loss=0.1532  bal_acc=0.4583
  epoch  36/50  loss=0.1468  bal_acc=0.4913
  epoch  37/50  loss=0.1396  bal_acc=0.5017
  epoch  38/50  loss=0.1283  bal_acc=0.5399
  epoch  39/50  loss=0.1049  bal_acc=0.4462
  epoch  40/50  loss=0.0945  bal_acc=0.5469
  epoch  41/50  loss=0.1097  bal_acc=0.5087
  epoch  42/50  loss=0.1296  bal_acc=0.5208
  epoch  43/50  loss=0.1261  bal_acc=0.5087
  epoch  44/50  loss=0.1175  bal_acc=0.4913
  epoch  45/50  loss=0.1085  bal_acc=0.5035
  epoch  46/50  loss=0.1054  bal_acc=0.5260
  epoch  47/50  loss=0.0952  bal_acc=0.4566
  epoch  48/50  loss=0.0993  bal_acc=0.4809
  epoch  49/50  loss=0.0949  bal_acc=0.4931
  epoch  50/50  loss=0.0883  bal_acc=0.5226
  [LOSO 5/9] subject 4: acc=0.5226  running_mean=0.5299

=== LOSO (hold out subject 5) ===
  Train: 4608 trials  |  Test: 576 trials
  Model params: 31,150
  epoch   1/50  loss=1.2637  bal_acc=0.3941
  epoch   2/50  loss=1.0757  bal_acc=0.4601
  epoch   3/50  loss=0.9679  bal_acc=0.4722
  epoch   4/50  loss=0.8450  bal_acc=0.4219
  epoch   5/50  loss=0.7699  bal_acc=0.4583
  epoch   6/50  loss=0.7075  bal_acc=0.4201
  epoch   7/50  loss=0.6535  bal_acc=0.4080
  epoch   8/50  loss=0.6175  bal_acc=0.4462
  epoch   9/50  loss=0.5597  bal_acc=0.4549
  epoch  10/50  loss=0.5378  bal_acc=0.4497
  epoch  11/50  loss=0.5080  bal_acc=0.4462
  epoch  12/50  loss=0.4632  bal_acc=0.4479
  epoch  13/50  loss=0.4365  bal_acc=0.4323
  epoch  14/50  loss=0.4190  bal_acc=0.4097
  epoch  15/50  loss=0.3740  bal_acc=0.4253
  epoch  16/50  loss=0.3758  bal_acc=0.4618
  epoch  17/50  loss=0.3390  bal_acc=0.4288
  epoch  18/50  loss=0.3132  bal_acc=0.4497
  epoch  19/50  loss=0.3241  bal_acc=0.4427
  epoch  20/50  loss=0.2697  bal_acc=0.4201
  epoch  21/50  loss=0.2514  bal_acc=0.4635
  epoch  22/50  loss=0.2536  bal_acc=0.4236
  epoch  23/50  loss=0.2388  bal_acc=0.4427
  epoch  24/50  loss=0.2415  bal_acc=0.4358
  epoch  25/50  loss=0.2070  bal_acc=0.4427
  epoch  26/50  loss=0.1912  bal_acc=0.4306
  epoch  27/50  loss=0.1910  bal_acc=0.4167
  epoch  28/50  loss=0.1959  bal_acc=0.4288
  epoch  29/50  loss=0.1809  bal_acc=0.4375
  epoch  30/50  loss=0.1597  bal_acc=0.4462
  epoch  31/50  loss=0.1544  bal_acc=0.4045
  epoch  32/50  loss=0.1372  bal_acc=0.4566
  epoch  33/50  loss=0.1375  bal_acc=0.4236
  epoch  34/50  loss=0.1410  bal_acc=0.4514
  epoch  35/50  loss=0.1141  bal_acc=0.4549
  epoch  36/50  loss=0.1228  bal_acc=0.4010
  epoch  37/50  loss=0.1337  bal_acc=0.4531
  epoch  38/50  loss=0.1217  bal_acc=0.4444
  epoch  39/50  loss=0.1065  bal_acc=0.4549
  epoch  40/50  loss=0.0919  bal_acc=0.4688
  epoch  41/50  loss=0.0876  bal_acc=0.4792
  epoch  42/50  loss=0.0986  bal_acc=0.4757
  epoch  43/50  loss=0.1279  bal_acc=0.4497
  epoch  44/50  loss=0.1318  bal_acc=0.4444
  epoch  45/50  loss=0.1236  bal_acc=0.4271
  epoch  46/50  loss=0.1049  bal_acc=0.4601
  epoch  47/50  loss=0.1128  bal_acc=0.4531
  epoch  48/50  loss=0.1144  bal_acc=0.4410
  epoch  49/50  loss=0.0884  bal_acc=0.4670
  epoch  50/50  loss=0.0895  bal_acc=0.4618
  [LOSO 6/9] subject 5: acc=0.4618  running_mean=0.5185

=== LOSO (hold out subject 6) ===
  Train: 4608 trials  |  Test: 576 trials
  Model params: 31,150
  epoch   1/50  loss=1.2912  bal_acc=0.4965
  epoch   2/50  loss=1.1188  bal_acc=0.5278
  epoch   3/50  loss=0.9965  bal_acc=0.5243
  epoch   4/50  loss=0.9112  bal_acc=0.4444
  epoch   5/50  loss=0.8159  bal_acc=0.5972
  epoch   6/50  loss=0.7710  bal_acc=0.6024
  epoch   7/50  loss=0.7078  bal_acc=0.5469
  epoch   8/50  loss=0.6761  bal_acc=0.5920
  epoch   9/50  loss=0.6232  bal_acc=0.5799
  epoch  10/50  loss=0.5764  bal_acc=0.5712
  epoch  11/50  loss=0.5536  bal_acc=0.5243
  epoch  12/50  loss=0.4961  bal_acc=0.5573
  epoch  13/50  loss=0.4624  bal_acc=0.5677
  epoch  14/50  loss=0.4468  bal_acc=0.5365
  epoch  15/50  loss=0.4238  bal_acc=0.5399
  epoch  16/50  loss=0.3916  bal_acc=0.5885
  epoch  17/50  loss=0.3656  bal_acc=0.5694
  epoch  18/50  loss=0.3507  bal_acc=0.5868
  epoch  19/50  loss=0.3267  bal_acc=0.5538
  epoch  20/50  loss=0.2942  bal_acc=0.5868
  epoch  21/50  loss=0.2821  bal_acc=0.5503
  epoch  22/50  loss=0.2751  bal_acc=0.5729
  epoch  23/50  loss=0.2537  bal_acc=0.5590
  epoch  24/50  loss=0.2455  bal_acc=0.5799
  epoch  25/50  loss=0.2414  bal_acc=0.5590
  epoch  26/50  loss=0.2242  bal_acc=0.5747
  epoch  27/50  loss=0.1975  bal_acc=0.5556
  epoch  28/50  loss=0.2035  bal_acc=0.5712
  epoch  29/50  loss=0.1934  bal_acc=0.6128
  epoch  30/50  loss=0.1846  bal_acc=0.5833
  epoch  31/50  loss=0.1789  bal_acc=0.5660
  epoch  32/50  loss=0.1545  bal_acc=0.5764
  epoch  33/50  loss=0.1680  bal_acc=0.5625
  epoch  34/50  loss=0.1460  bal_acc=0.5816
  epoch  35/50  loss=0.1302  bal_acc=0.5799
  epoch  36/50  loss=0.1379  bal_acc=0.5382
  epoch  37/50  loss=0.1319  bal_acc=0.5764
  epoch  38/50  loss=0.1236  bal_acc=0.5990
  epoch  39/50  loss=0.1197  bal_acc=0.5938
  epoch  40/50  loss=0.1292  bal_acc=0.5955
  epoch  41/50  loss=0.1338  bal_acc=0.5712
  epoch  42/50  loss=0.1162  bal_acc=0.6076
  epoch  43/50  loss=0.1058  bal_acc=0.5694
  epoch  44/50  loss=0.0992  bal_acc=0.5295
  epoch  45/50  loss=0.1077  bal_acc=0.5868
  epoch  46/50  loss=0.1088  bal_acc=0.5521
  epoch  47/50  loss=0.1211  bal_acc=0.5868
  epoch  48/50  loss=0.0901  bal_acc=0.5694
  epoch  49/50  loss=0.1009  bal_acc=0.5660
  epoch  50/50  loss=0.1188  bal_acc=0.5538
  [LOSO 7/9] subject 6: acc=0.5538  running_mean=0.5236

=== LOSO (hold out subject 7) ===
  Train: 4608 trials  |  Test: 576 trials
  Model params: 31,150
  epoch   1/50  loss=1.3061  bal_acc=0.4288
  epoch   2/50  loss=1.1330  bal_acc=0.4601
  epoch   3/50  loss=1.0364  bal_acc=0.5590
  epoch   4/50  loss=0.9168  bal_acc=0.5729
  epoch   5/50  loss=0.8565  bal_acc=0.5174
  epoch   6/50  loss=0.7739  bal_acc=0.6302
  epoch   7/50  loss=0.7289  bal_acc=0.6198
  epoch   8/50  loss=0.6941  bal_acc=0.6181
  epoch   9/50  loss=0.6530  bal_acc=0.6649
  epoch  10/50  loss=0.6018  bal_acc=0.6302
  epoch  11/50  loss=0.5571  bal_acc=0.6059
  epoch  12/50  loss=0.5237  bal_acc=0.6042
  epoch  13/50  loss=0.5020  bal_acc=0.6094
  epoch  14/50  loss=0.4793  bal_acc=0.6493
  epoch  15/50  loss=0.4491  bal_acc=0.5642
  epoch  16/50  loss=0.4129  bal_acc=0.5781
  epoch  17/50  loss=0.3860  bal_acc=0.6024
  epoch  18/50  loss=0.3592  bal_acc=0.6406
  epoch  19/50  loss=0.3339  bal_acc=0.6510
  epoch  20/50  loss=0.3254  bal_acc=0.6285
  epoch  21/50  loss=0.3235  bal_acc=0.5885
  epoch  22/50  loss=0.2842  bal_acc=0.6076
  epoch  23/50  loss=0.2758  bal_acc=0.6198
  epoch  24/50  loss=0.2393  bal_acc=0.6250
  epoch  25/50  loss=0.2379  bal_acc=0.6059
  epoch  26/50  loss=0.2215  bal_acc=0.5868
  epoch  27/50  loss=0.2168  bal_acc=0.6024
  epoch  28/50  loss=0.1992  bal_acc=0.6372
  epoch  29/50  loss=0.1964  bal_acc=0.6215
  epoch  30/50  loss=0.2073  bal_acc=0.6094
  epoch  31/50  loss=0.1794  bal_acc=0.6094
  epoch  32/50  loss=0.1616  bal_acc=0.6302
  epoch  33/50  loss=0.1417  bal_acc=0.6146
  epoch  34/50  loss=0.1213  bal_acc=0.6163
  epoch  35/50  loss=0.1319  bal_acc=0.5972
  epoch  36/50  loss=0.1233  bal_acc=0.6215
  epoch  37/50  loss=0.1334  bal_acc=0.6076
  epoch  38/50  loss=0.1461  bal_acc=0.6285
  epoch  39/50  loss=0.1346  bal_acc=0.5694
  epoch  40/50  loss=0.1571  bal_acc=0.6441
  epoch  41/50  loss=0.1461  bal_acc=0.5903
  epoch  42/50  loss=0.1608  bal_acc=0.6076
  epoch  43/50  loss=0.1645  bal_acc=0.6146
  epoch  44/50  loss=0.1287  bal_acc=0.5816
  epoch  45/50  loss=0.1022  bal_acc=0.5677
  epoch  46/50  loss=0.0873  bal_acc=0.5955
  epoch  47/50  loss=0.1005  bal_acc=0.5677
  epoch  48/50  loss=0.0826  bal_acc=0.5885
  epoch  49/50  loss=0.0588  bal_acc=0.6198
  epoch  50/50  loss=0.0610  bal_acc=0.6007
  [LOSO 8/9] subject 7: acc=0.6007  running_mean=0.5332

=== LOSO (hold out subject 8) ===
  Train: 4608 trials  |  Test: 576 trials
  Model params: 31,150
  epoch   1/50  loss=1.2664  bal_acc=0.3698
  epoch   2/50  loss=1.1134  bal_acc=0.4670
  epoch   3/50  loss=0.9997  bal_acc=0.4184
  epoch   4/50  loss=0.9005  bal_acc=0.4462
  epoch   5/50  loss=0.8436  bal_acc=0.4913
  epoch   6/50  loss=0.7680  bal_acc=0.4340
  epoch   7/50  loss=0.7402  bal_acc=0.5122
  epoch   8/50  loss=0.6892  bal_acc=0.5399
  epoch   9/50  loss=0.6712  bal_acc=0.5174
  epoch  10/50  loss=0.6166  bal_acc=0.4740
  epoch  11/50  loss=0.5786  bal_acc=0.4635
  epoch  12/50  loss=0.5378  bal_acc=0.5347
  epoch  13/50  loss=0.4989  bal_acc=0.5174
  epoch  14/50  loss=0.4781  bal_acc=0.5330
  epoch  15/50  loss=0.4418  bal_acc=0.4635
  epoch  16/50  loss=0.4009  bal_acc=0.5417
  epoch  17/50  loss=0.3746  bal_acc=0.5052
  epoch  18/50  loss=0.3604  bal_acc=0.5417
  epoch  19/50  loss=0.3517  bal_acc=0.5191
  epoch  20/50  loss=0.3160  bal_acc=0.5069
  epoch  21/50  loss=0.2883  bal_acc=0.5521
  epoch  22/50  loss=0.2597  bal_acc=0.5660
  epoch  23/50  loss=0.2532  bal_acc=0.5781
  epoch  24/50  loss=0.2286  bal_acc=0.5503
  epoch  25/50  loss=0.2069  bal_acc=0.5642
  epoch  26/50  loss=0.2013  bal_acc=0.5399
  epoch  27/50  loss=0.1904  bal_acc=0.5469
  epoch  28/50  loss=0.1880  bal_acc=0.5573
  epoch  29/50  loss=0.1827  bal_acc=0.5278
  epoch  30/50  loss=0.1832  bal_acc=0.5538
  epoch  31/50  loss=0.1506  bal_acc=0.5556
  epoch  32/50  loss=0.1352  bal_acc=0.5208
  epoch  33/50  loss=0.1376  bal_acc=0.5156
  epoch  34/50  loss=0.1162  bal_acc=0.5538
  epoch  35/50  loss=0.1355  bal_acc=0.5469
  epoch  36/50  loss=0.1162  bal_acc=0.5712
  epoch  37/50  loss=0.1228  bal_acc=0.5590
  epoch  38/50  loss=0.1496  bal_acc=0.5347
  epoch  39/50  loss=0.1358  bal_acc=0.5122
  epoch  40/50  loss=0.1404  bal_acc=0.5590
  epoch  41/50  loss=0.1303  bal_acc=0.5139
  epoch  42/50  loss=0.1124  bal_acc=0.5538
  epoch  43/50  loss=0.1180  bal_acc=0.5243
  epoch  44/50  loss=0.1192  bal_acc=0.5451
  epoch  45/50  loss=0.1111  bal_acc=0.5469
  epoch  46/50  loss=0.0975  bal_acc=0.5538
  epoch  47/50  loss=0.1023  bal_acc=0.5295
  epoch  48/50  loss=0.1075  bal_acc=0.5035
  epoch  49/50  loss=0.0942  bal_acc=0.5104
  epoch  50/50  loss=0.0794  bal_acc=0.5122
  [LOSO 9/9] subject 8: acc=0.5122  running_mean=0.5309
Results saved to results/BNCI2014_001/results_trial_31.json
Trial logged to results/BNCI2014_001/trials.csv
[status] trial 31 done (state=COMPLETE, value=0.5308641975308642) -- 36 completed total
Device: cuda
[BNCI2014_001] loading from cache: /home/aleksander.berezowsk/.cache/spiking_eegnet/BNCI2014_001_af1ccf3e92f684d8a93c057082b654d7.npz
[BNCI2014_001] cache hit: (5184, 1, 22, 1001), classes=['feet', 'left_hand', 'right_hand', 'tongue'], subjects=9
Dataset meta: {'n_classes': 4, 'n_channels': 22, 'n_samples': 1001, 'class_names': ['feet', 'left_hand', 'right_hand', 'tongue'], 'subject_list': [1, 2, 3, 4, 5, 6, 7, 8, 9], 'n_subjects': 9, 'sfreq': 250.0}

=== LOSO (hold out subject 0) ===
  Train: 4608 trials  |  Test: 576 trials
  Model params: 42,642
  epoch   1/50  loss=1.2754  bal_acc=0.5347
  epoch   2/50  loss=0.9553  bal_acc=0.5226
  epoch   3/50  loss=0.7904  bal_acc=0.5521
  epoch   4/50  loss=0.6542  bal_acc=0.4948
  epoch   5/50  loss=0.5521  bal_acc=0.5660
  epoch   6/50  loss=0.4580  bal_acc=0.5469
  epoch   7/50  loss=0.3945  bal_acc=0.5781
  epoch   8/50  loss=0.3289  bal_acc=0.5660
  epoch   9/50  loss=0.2764  bal_acc=0.5677
  epoch  10/50  loss=0.2145  bal_acc=0.5694
  epoch  11/50  loss=0.1866  bal_acc=0.5694
  epoch  12/50  loss=0.1445  bal_acc=0.5729
  epoch  13/50  loss=0.1295  bal_acc=0.5851
  epoch  14/50  loss=0.1239  bal_acc=0.5972
  epoch  15/50  loss=0.1541  bal_acc=0.5851
  epoch  16/50  loss=0.1236  bal_acc=0.5521
  epoch  17/50  loss=0.1005  bal_acc=0.5434
  epoch  18/50  loss=0.0942  bal_acc=0.5729
  epoch  19/50  loss=0.0893  bal_acc=0.5938
  epoch  20/50  loss=0.0762  bal_acc=0.5885
  epoch  21/50  loss=0.0671  bal_acc=0.5816
  epoch  22/50  loss=0.0713  bal_acc=0.5677
  epoch  23/50  loss=0.0682  bal_acc=0.5938
  epoch  24/50  loss=0.0922  bal_acc=0.6128
  epoch  25/50  loss=0.0553  bal_acc=0.5590
  epoch  26/50  loss=0.0953  bal_acc=0.5851
  epoch  27/50  loss=0.0972  bal_acc=0.5972
  epoch  28/50  loss=0.0879  bal_acc=0.6042
  epoch  29/50  loss=0.0676  bal_acc=0.5851
  epoch  30/50  loss=0.0634  bal_acc=0.5955
  epoch  31/50  loss=0.0509  bal_acc=0.5903
  epoch  32/50  loss=0.0588  bal_acc=0.5556
  epoch  33/50  loss=0.0490  bal_acc=0.5885
  epoch  34/50  loss=0.0357  bal_acc=0.5955
  epoch  35/50  loss=0.0539  bal_acc=0.5660
  epoch  36/50  loss=0.0600  bal_acc=0.5816
  epoch  37/50  loss=0.0599  bal_acc=0.5573
  epoch  38/50  loss=0.0601  bal_acc=0.5799
  epoch  39/50  loss=0.0654  bal_acc=0.5677
  epoch  40/50  loss=0.0418  bal_acc=0.5712
  epoch  41/50  loss=0.0356  bal_acc=0.5781
  epoch  42/50  loss=0.0428  bal_acc=0.5764
  epoch  43/50  loss=0.0359  bal_acc=0.5451
  epoch  44/50  loss=0.0403  bal_acc=0.5903
  epoch  45/50  loss=0.0623  bal_acc=0.5833
  epoch  46/50  loss=0.0859  bal_acc=0.5799
  epoch  47/50  loss=0.0835  bal_acc=0.5573
  epoch  48/50  loss=0.0546  bal_acc=0.5816
  epoch  49/50  loss=0.0388  bal_acc=0.6319
  epoch  50/50  loss=0.0379  bal_acc=0.5955
  [LOSO 1/9] subject 0: acc=0.5955  running_mean=0.5955

=== LOSO (hold out subject 1) ===
  Train: 4608 trials  |  Test: 576 trials
  Model params: 42,642
  epoch   1/50  loss=1.2306  bal_acc=0.3889
  epoch   2/50  loss=0.9191  bal_acc=0.4896
  epoch   3/50  loss=0.7455  bal_acc=0.4722
  epoch   4/50  loss=0.6038  bal_acc=0.4653
  epoch   5/50  loss=0.5301  bal_acc=0.4774
  epoch   6/50  loss=0.4426  bal_acc=0.4514
  epoch   7/50  loss=0.3707  bal_acc=0.4549
  epoch   8/50  loss=0.2964  bal_acc=0.4566
  epoch   9/50  loss=0.2377  bal_acc=0.4878
  epoch  10/50  loss=0.1984  bal_acc=0.4688
  epoch  11/50  loss=0.1798  bal_acc=0.4809
  epoch  12/50  loss=0.1500  bal_acc=0.4427
  epoch  13/50  loss=0.1499  bal_acc=0.4774
  epoch  14/50  loss=0.1066  bal_acc=0.4618
  epoch  15/50  loss=0.1247  bal_acc=0.4913
  epoch  16/50  loss=0.1000  bal_acc=0.4531
  epoch  17/50  loss=0.0973  bal_acc=0.4670
  epoch  18/50  loss=0.0941  bal_acc=0.4462
  epoch  19/50  loss=0.0740  bal_acc=0.4965
  epoch  20/50  loss=0.0718  bal_acc=0.4410
  epoch  21/50  loss=0.0776  bal_acc=0.4323
  epoch  22/50  loss=0.0594  bal_acc=0.4913
  epoch  23/50  loss=0.0733  bal_acc=0.5069
  epoch  24/50  loss=0.0814  bal_acc=0.4878
  epoch  25/50  loss=0.0682  bal_acc=0.4948
  epoch  26/50  loss=0.0980  bal_acc=0.4566
  epoch  27/50  loss=0.0657  bal_acc=0.4497
  epoch  28/50  loss=0.0579  bal_acc=0.4601
  epoch  29/50  loss=0.0601  bal_acc=0.4809
  epoch  30/50  loss=0.0569  bal_acc=0.4983
  epoch  31/50  loss=0.0470  bal_acc=0.4601
  epoch  32/50  loss=0.0557  bal_acc=0.4514
  epoch  33/50  loss=0.0511  bal_acc=0.4323
  epoch  34/50  loss=0.0568  bal_acc=0.4236
  epoch  35/50  loss=0.0940  bal_acc=0.4062
  epoch  36/50  loss=0.0761  bal_acc=0.4392
  epoch  37/50  loss=0.0488  bal_acc=0.4375
  epoch  38/50  loss=0.0410  bal_acc=0.4410
  epoch  39/50  loss=0.0524  bal_acc=0.4826
  epoch  40/50  loss=0.0416  bal_acc=0.4219
  epoch  41/50  loss=0.0339  bal_acc=0.4618
  epoch  42/50  loss=0.0280  bal_acc=0.4688
  epoch  43/50  loss=0.0368  bal_acc=0.4583
  epoch  44/50  loss=0.0535  bal_acc=0.4427
  epoch  45/50  loss=0.0647  bal_acc=0.4392
  epoch  46/50  loss=0.0538  bal_acc=0.4479
  epoch  47/50  loss=0.0541  bal_acc=0.4635
  epoch  48/50  loss=0.0405  bal_acc=0.4253
  epoch  49/50  loss=0.0373  bal_acc=0.4062
  epoch  50/50  loss=0.0466  bal_acc=0.4601
  [LOSO 2/9] subject 1: acc=0.4601  running_mean=0.5278

=== LOSO (hold out subject 2) ===
  Train: 4608 trials  |  Test: 576 trials
  Model params: 42,642
  epoch   1/50  loss=1.2847  bal_acc=0.5677
  epoch   2/50  loss=1.0039  bal_acc=0.6354
  epoch   3/50  loss=0.8301  bal_acc=0.6580
  epoch   4/50  loss=0.6974  bal_acc=0.5972
  epoch   5/50  loss=0.5840  bal_acc=0.6476
  epoch   6/50  loss=0.5432  bal_acc=0.7031
  epoch   7/50  loss=0.4190  bal_acc=0.6458
  epoch   8/50  loss=0.3604  bal_acc=0.7014
  epoch   9/50  loss=0.3555  bal_acc=0.6146
  epoch  10/50  loss=0.2537  bal_acc=0.6545
  epoch  11/50  loss=0.2086  bal_acc=0.6597
  epoch  12/50  loss=0.1501  bal_acc=0.7083
  epoch  13/50  loss=0.1340  bal_acc=0.6615
  epoch  14/50  loss=0.1431  bal_acc=0.6944
  epoch  15/50  loss=0.1463  bal_acc=0.6684
  epoch  16/50  loss=0.1035  bal_acc=0.6788
  epoch  17/50  loss=0.1110  bal_acc=0.6458
  epoch  18/50  loss=0.1030  bal_acc=0.6788
  epoch  19/50  loss=0.1007  bal_acc=0.6840
  epoch  20/50  loss=0.0779  bal_acc=0.6806
  epoch  21/50  loss=0.0853  bal_acc=0.6701
  epoch  22/50  loss=0.0709  bal_acc=0.6736
  epoch  23/50  loss=0.0757  bal_acc=0.6545
  epoch  24/50  loss=0.0748  bal_acc=0.7118
  epoch  25/50  loss=0.0628  bal_acc=0.6753
  epoch  26/50  loss=0.0876  bal_acc=0.6424
  epoch  27/50  loss=0.0988  bal_acc=0.6545
  epoch  28/50  loss=0.0818  bal_acc=0.6233
  epoch  29/50  loss=0.0738  bal_acc=0.6632
  epoch  30/50  loss=0.0642  bal_acc=0.6667
  epoch  31/50  loss=0.0834  bal_acc=0.6788
  epoch  32/50  loss=0.0800  bal_acc=0.6545
  epoch  33/50  loss=0.0775  bal_acc=0.6944
  epoch  34/50  loss=0.0614  bal_acc=0.6528
  epoch  35/50  loss=0.0445  bal_acc=0.6771
  epoch  36/50  loss=0.0394  bal_acc=0.6424
  epoch  37/50  loss=0.0380  bal_acc=0.6424
  epoch  38/50  loss=0.0446  bal_acc=0.7066
  epoch  39/50  loss=0.0391  bal_acc=0.6615
  epoch  40/50  loss=0.0754  bal_acc=0.6510
  epoch  41/50  loss=0.1103  bal_acc=0.6753
  epoch  42/50  loss=0.0983  bal_acc=0.6719
  epoch  43/50  loss=0.0774  bal_acc=0.6441
  epoch  44/50  loss=0.0475  bal_acc=0.6493
  epoch  45/50  loss=0.0367  bal_acc=0.6667
  epoch  46/50  loss=0.0534  bal_acc=0.6858
  epoch  47/50  loss=0.0488  bal_acc=0.6806
  epoch  48/50  loss=0.0351  bal_acc=0.5851
  epoch  49/50  loss=0.0297  bal_acc=0.6615
  epoch  50/50  loss=0.0315  bal_acc=0.7049
  [LOSO 3/9] subject 2: acc=0.7049  running_mean=0.5868

=== LOSO (hold out subject 3) ===
  Train: 4608 trials  |  Test: 576 trials
  Model params: 42,642
  epoch   1/50  loss=1.2571  bal_acc=0.4601
  epoch   2/50  loss=0.9125  bal_acc=0.4670
  epoch   3/50  loss=0.7602  bal_acc=0.3976
  epoch   4/50  loss=0.6228  bal_acc=0.4809
  epoch   5/50  loss=0.5165  bal_acc=0.4149
  epoch   6/50  loss=0.4440  bal_acc=0.4514
  epoch   7/50  loss=0.3881  bal_acc=0.4479
  epoch   8/50  loss=0.3023  bal_acc=0.4601
  epoch   9/50  loss=0.2572  bal_acc=0.4948
  epoch  10/50  loss=0.2004  bal_acc=0.4931
  epoch  11/50  loss=0.1597  bal_acc=0.4705
  epoch  12/50  loss=0.1664  bal_acc=0.4010
  epoch  13/50  loss=0.1541  bal_acc=0.4549
  epoch  14/50  loss=0.1268  bal_acc=0.5087
  epoch  15/50  loss=0.1069  bal_acc=0.4861
  epoch  16/50  loss=0.0971  bal_acc=0.4566
  epoch  17/50  loss=0.1122  bal_acc=0.4375
  epoch  18/50  loss=0.0970  bal_acc=0.4514
  epoch  19/50  loss=0.0976  bal_acc=0.4878
  epoch  20/50  loss=0.0999  bal_acc=0.4288
  epoch  21/50  loss=0.0880  bal_acc=0.4323
  epoch  22/50  loss=0.0792  bal_acc=0.4826
  epoch  23/50  loss=0.0528  bal_acc=0.4670
  epoch  24/50  loss=0.0592  bal_acc=0.4358
  epoch  25/50  loss=0.0481  bal_acc=0.4375
  epoch  26/50  loss=0.0481  bal_acc=0.4427
  epoch  27/50  loss=0.0616  bal_acc=0.4809
  epoch  28/50  loss=0.0821  bal_acc=0.4549
  epoch  29/50  loss=0.0942  bal_acc=0.4549
  epoch  30/50  loss=0.1003  bal_acc=0.4514
  epoch  31/50  loss=0.1061  bal_acc=0.4705
  epoch  32/50  loss=0.0831  bal_acc=0.4514
  epoch  33/50  loss=0.0523  bal_acc=0.4653
  epoch  34/50  loss=0.0397  bal_acc=0.4688
  epoch  35/50  loss=0.0363  bal_acc=0.4931
  epoch  36/50  loss=0.0273  bal_acc=0.4826
  epoch  37/50  loss=0.0264  bal_acc=0.5052
  epoch  38/50  loss=0.0229  bal_acc=0.4687
  epoch  39/50  loss=0.0253  bal_acc=0.4392
  epoch  40/50  loss=0.0467  bal_acc=0.4497
  epoch  41/50  loss=0.0708  bal_acc=0.4288
  epoch  42/50  loss=0.0668  bal_acc=0.4583
  epoch  43/50  loss=0.0982  bal_acc=0.4132
  epoch  44/50  loss=0.0774  bal_acc=0.4531
  epoch  45/50  loss=0.0442  bal_acc=0.4132
  epoch  46/50  loss=0.0279  bal_acc=0.4670
  epoch  47/50  loss=0.0387  bal_acc=0.4358
  epoch  48/50  loss=0.0292  bal_acc=0.4462
  epoch  49/50  loss=0.0279  bal_acc=0.4635
  epoch  50/50  loss=0.0317  bal_acc=0.4913
  [LOSO 4/9] subject 3: acc=0.4913  running_mean=0.5629

=== LOSO (hold out subject 4) ===
  Train: 4608 trials  |  Test: 576 trials
  Model params: 42,642
  epoch   1/50  loss=1.2645  bal_acc=0.4931
  epoch   2/50  loss=0.9481  bal_acc=0.5382
  epoch   3/50  loss=0.7502  bal_acc=0.5000
  epoch   4/50  loss=0.6494  bal_acc=0.4358
  epoch   5/50  loss=0.5579  bal_acc=0.5243
  epoch   6/50  loss=0.4587  bal_acc=0.5521
  epoch   7/50  loss=0.3776  bal_acc=0.3906
  epoch   8/50  loss=0.3286  bal_acc=0.4861
  epoch   9/50  loss=0.2845  bal_acc=0.4583
  epoch  10/50  loss=0.2275  bal_acc=0.5573
  epoch  11/50  loss=0.2329  bal_acc=0.4809
  epoch  12/50  loss=0.1876  bal_acc=0.4913
  epoch  13/50  loss=0.1321  bal_acc=0.5573
  epoch  14/50  loss=0.1180  bal_acc=0.5156
  epoch  15/50  loss=0.1202  bal_acc=0.5226
  epoch  16/50  loss=0.1144  bal_acc=0.5365
  epoch  17/50  loss=0.1148  bal_acc=0.4566
  epoch  18/50  loss=0.1153  bal_acc=0.5434
  epoch  19/50  loss=0.0804  bal_acc=0.4948
  epoch  20/50  loss=0.0716  bal_acc=0.4896
  epoch  21/50  loss=0.0603  bal_acc=0.4688
  epoch  22/50  loss=0.0504  bal_acc=0.5139
  epoch  23/50  loss=0.0542  bal_acc=0.5642
  epoch  24/50  loss=0.0936  bal_acc=0.5208
  epoch  25/50  loss=0.0939  bal_acc=0.5608
  epoch  26/50  loss=0.0995  bal_acc=0.5191
  epoch  27/50  loss=0.0926  bal_acc=0.4358
  epoch  28/50  loss=0.0618  bal_acc=0.4826
  epoch  29/50  loss=0.0403  bal_acc=0.5642
  epoch  30/50  loss=0.0452  bal_acc=0.5382
  epoch  31/50  loss=0.0527  bal_acc=0.5208
  epoch  32/50  loss=0.0999  bal_acc=0.5122
  epoch  33/50  loss=0.0619  bal_acc=0.5799
  epoch  34/50  loss=0.0593  bal_acc=0.4861
  epoch  35/50  loss=0.0842  bal_acc=0.4861
  epoch  36/50  loss=0.0718  bal_acc=0.5469
  epoch  37/50  loss=0.0669  bal_acc=0.4861
  epoch  38/50  loss=0.0626  bal_acc=0.4826
  epoch  39/50  loss=0.0354  bal_acc=0.4844
  epoch  40/50  loss=0.0435  bal_acc=0.4896
  epoch  41/50  loss=0.0314  bal_acc=0.5451
  epoch  42/50  loss=0.0327  bal_acc=0.5243
  epoch  43/50  loss=0.0353  bal_acc=0.5382
  epoch  44/50  loss=0.0356  bal_acc=0.5087
  epoch  45/50  loss=0.0478  bal_acc=0.4913
  epoch  46/50  loss=0.0523  bal_acc=0.5625
  epoch  47/50  loss=0.0473  bal_acc=0.5608
  epoch  48/50  loss=0.0568  bal_acc=0.4757
  epoch  49/50  loss=0.0566  bal_acc=0.4983
  epoch  50/50  loss=0.0762  bal_acc=0.4931
  [LOSO 5/9] subject 4: acc=0.4931  running_mean=0.5490

=== LOSO (hold out subject 5) ===
  Train: 4608 trials  |  Test: 576 trials
  Model params: 42,642
  epoch   1/50  loss=1.2253  bal_acc=0.4219
  epoch   2/50  loss=0.8973  bal_acc=0.4809
  epoch   3/50  loss=0.7511  bal_acc=0.4740
  epoch   4/50  loss=0.6136  bal_acc=0.4306
  epoch   5/50  loss=0.5139  bal_acc=0.4618
  epoch   6/50  loss=0.4433  bal_acc=0.4323
  epoch   7/50  loss=0.3646  bal_acc=0.4097
  epoch   8/50  loss=0.2924  bal_acc=0.3993
  epoch   9/50  loss=0.2576  bal_acc=0.4653
  epoch  10/50  loss=0.1940  bal_acc=0.4358
  epoch  11/50  loss=0.1682  bal_acc=0.4549
  epoch  12/50  loss=0.1403  bal_acc=0.4444
  epoch  13/50  loss=0.1476  bal_acc=0.3958
  epoch  14/50  loss=0.1148  bal_acc=0.4618
  epoch  15/50  loss=0.0979  bal_acc=0.4219
  epoch  16/50  loss=0.1067  bal_acc=0.4219
  epoch  17/50  loss=0.1068  bal_acc=0.4149
  epoch  18/50  loss=0.0766  bal_acc=0.4444
  epoch  19/50  loss=0.1102  bal_acc=0.4497
  epoch  20/50  loss=0.1188  bal_acc=0.4149
  epoch  21/50  loss=0.0769  bal_acc=0.4427
  epoch  22/50  loss=0.0547  bal_acc=0.4427
  epoch  23/50  loss=0.0548  bal_acc=0.4653
  epoch  24/50  loss=0.0557  bal_acc=0.4514
  epoch  25/50  loss=0.0439  bal_acc=0.4514
  epoch  26/50  loss=0.0467  bal_acc=0.4826
  epoch  27/50  loss=0.0604  bal_acc=0.4809
  epoch  28/50  loss=0.0654  bal_acc=0.5017
  epoch  29/50  loss=0.1300  bal_acc=0.4965
  epoch  30/50  loss=0.1514  bal_acc=0.4635
  epoch  31/50  loss=0.0881  bal_acc=0.5000
  epoch  32/50  loss=0.0552  bal_acc=0.4913
  epoch  33/50  loss=0.0435  bal_acc=0.4566
  epoch  34/50  loss=0.0325  bal_acc=0.4479
  epoch  35/50  loss=0.0240  bal_acc=0.4549
  epoch  36/50  loss=0.0185  bal_acc=0.4653
  epoch  37/50  loss=0.0342  bal_acc=0.4253
  epoch  38/50  loss=0.0268  bal_acc=0.4410
  epoch  39/50  loss=0.0483  bal_acc=0.4340
