Job ID   : 44392963
Node     : fg2
Started  : Sun Jul  5 15:39:33 MDT 2026
Directory: /home/aleksander.berezowsk/spiking-eegnet
Requirement already satisfied: setuptools==69.5.1 in /home/aleksander.berezowsk/venv/lib/python3.12/site-packages (69.5.1)
Requirement already satisfied: torch==2.4.0 in /home/aleksander.berezowsk/venv/lib/python3.12/site-packages (2.4.0)
Requirement already satisfied: torchvision==0.19.0 in /home/aleksander.berezowsk/venv/lib/python3.12/site-packages (0.19.0)
Requirement already satisfied: torchaudio==2.4.0 in /home/aleksander.berezowsk/venv/lib/python3.12/site-packages (2.4.0)
Requirement already satisfied: torchmetrics in /home/aleksander.berezowsk/venv/lib/python3.12/site-packages (1.9.0)
Requirement already satisfied: filelock in /home/aleksander.berezowsk/venv/lib/python3.12/site-packages (from torch==2.4.0) (3.29.0)
Requirement already satisfied: typing-extensions>=4.8.0 in /home/aleksander.berezowsk/venv/lib/python3.12/site-packages (from torch==2.4.0) (4.15.0)
Requirement already satisfied: sympy in /home/aleksander.berezowsk/venv/lib/python3.12/site-packages (from torch==2.4.0) (1.14.0)
Requirement already satisfied: networkx in /home/aleksander.berezowsk/venv/lib/python3.12/site-packages (from torch==2.4.0) (3.6.1)
Requirement already satisfied: jinja2 in /home/aleksander.berezowsk/venv/lib/python3.12/site-packages (from torch==2.4.0) (3.1.6)
Requirement already satisfied: fsspec in /home/aleksander.berezowsk/venv/lib/python3.12/site-packages (from torch==2.4.0) (2026.4.0)
Requirement already satisfied: setuptools in /home/aleksander.berezowsk/venv/lib/python3.12/site-packages (from torch==2.4.0) (69.5.1)
Requirement already satisfied: nvidia-cuda-nvrtc-cu12==12.1.105 in /home/aleksander.berezowsk/venv/lib/python3.12/site-packages (from torch==2.4.0) (12.1.105)
Requirement already satisfied: nvidia-cuda-runtime-cu12==12.1.105 in /home/aleksander.berezowsk/venv/lib/python3.12/site-packages (from torch==2.4.0) (12.1.105)
Requirement already satisfied: nvidia-cuda-cupti-cu12==12.1.105 in /home/aleksander.berezowsk/venv/lib/python3.12/site-packages (from torch==2.4.0) (12.1.105)
Requirement already satisfied: nvidia-cudnn-cu12==9.1.0.70 in /home/aleksander.berezowsk/venv/lib/python3.12/site-packages (from torch==2.4.0) (9.1.0.70)
Requirement already satisfied: nvidia-cublas-cu12==12.1.3.1 in /home/aleksander.berezowsk/venv/lib/python3.12/site-packages (from torch==2.4.0) (12.1.3.1)
Requirement already satisfied: nvidia-cufft-cu12==11.0.2.54 in /home/aleksander.berezowsk/venv/lib/python3.12/site-packages (from torch==2.4.0) (11.0.2.54)
Requirement already satisfied: nvidia-curand-cu12==10.3.2.106 in /home/aleksander.berezowsk/venv/lib/python3.12/site-packages (from torch==2.4.0) (10.3.2.106)
Requirement already satisfied: nvidia-cusolver-cu12==11.4.5.107 in /home/aleksander.berezowsk/venv/lib/python3.12/site-packages (from torch==2.4.0) (11.4.5.107)
Requirement already satisfied: nvidia-cusparse-cu12==12.1.0.106 in /home/aleksander.berezowsk/venv/lib/python3.12/site-packages (from torch==2.4.0) (12.1.0.106)
Requirement already satisfied: nvidia-nccl-cu12==2.20.5 in /home/aleksander.berezowsk/venv/lib/python3.12/site-packages (from torch==2.4.0) (2.20.5)
Requirement already satisfied: nvidia-nvtx-cu12==12.1.105 in /home/aleksander.berezowsk/venv/lib/python3.12/site-packages (from torch==2.4.0) (12.1.105)
Requirement already satisfied: triton==3.0.0 in /home/aleksander.berezowsk/venv/lib/python3.12/site-packages (from torch==2.4.0) (3.0.0)
Requirement already satisfied: numpy in /home/aleksander.berezowsk/venv/lib/python3.12/site-packages (from torchvision==0.19.0) (2.4.6)
Requirement already satisfied: pillow!=8.3.*,>=5.3.0 in /home/aleksander.berezowsk/venv/lib/python3.12/site-packages (from torchvision==0.19.0) (12.2.0)
Requirement already satisfied: nvidia-nvjitlink-cu12 in /home/aleksander.berezowsk/venv/lib/python3.12/site-packages (from nvidia-cusolver-cu12==11.4.5.107->torch==2.4.0) (12.9.86)
Requirement already satisfied: packaging>17.1 in /home/aleksander.berezowsk/venv/lib/python3.12/site-packages (from torchmetrics) (26.2)
Requirement already satisfied: lightning-utilities>=0.15.3 in /home/aleksander.berezowsk/venv/lib/python3.12/site-packages (from torchmetrics) (0.15.3)
Requirement already satisfied: MarkupSafe>=2.0 in /home/aleksander.berezowsk/venv/lib/python3.12/site-packages (from jinja2->torch==2.4.0) (3.0.3)
Requirement already satisfied: mpmath<1.4,>=1.1.0 in /home/aleksander.berezowsk/venv/lib/python3.12/site-packages (from sympy->torch==2.4.0) (1.3.0)
Requirement already satisfied: optuna in /home/aleksander.berezowsk/venv/lib/python3.12/site-packages (4.9.0)
Requirement already satisfied: snntorch in /home/aleksander.berezowsk/venv/lib/python3.12/site-packages (0.9.4)
Requirement already satisfied: alembic>=1.5.0 in /home/aleksander.berezowsk/venv/lib/python3.12/site-packages (from optuna) (1.18.4)
Requirement already satisfied: colorlog in /home/aleksander.berezowsk/venv/lib/python3.12/site-packages (from optuna) (6.10.1)
Requirement already satisfied: numpy in /home/aleksander.berezowsk/venv/lib/python3.12/site-packages (from optuna) (2.4.6)
Requirement already satisfied: packaging>=20.0 in /home/aleksander.berezowsk/venv/lib/python3.12/site-packages (from optuna) (26.2)
Requirement already satisfied: sqlalchemy>=1.4.2 in /home/aleksander.berezowsk/venv/lib/python3.12/site-packages (from optuna) (2.0.50)
Requirement already satisfied: tqdm in /home/aleksander.berezowsk/venv/lib/python3.12/site-packages (from optuna) (4.67.3)
Requirement already satisfied: PyYAML in /home/aleksander.berezowsk/venv/lib/python3.12/site-packages (from optuna) (6.0.3)
Requirement already satisfied: Mako in /home/aleksander.berezowsk/venv/lib/python3.12/site-packages (from alembic>=1.5.0->optuna) (1.3.12)
Requirement already satisfied: typing-extensions>=4.12 in /home/aleksander.berezowsk/venv/lib/python3.12/site-packages (from alembic>=1.5.0->optuna) (4.15.0)
Requirement already satisfied: greenlet>=1 in /home/aleksander.berezowsk/venv/lib/python3.12/site-packages (from sqlalchemy>=1.4.2->optuna) (3.5.1)
Requirement already satisfied: MarkupSafe>=0.9.2 in /home/aleksander.berezowsk/venv/lib/python3.12/site-packages (from Mako->alembic>=1.5.0->optuna) (3.0.3)
Device: cuda
[BNCI2014_001] loading from cache: /home/aleksander.berezowsk/.cache/spiking_eegnet/BNCI2014_001_af1ccf3e92f684d8a93c057082b654d7.npz
[BNCI2014_001] cache hit: (5184, 1, 22, 1001), classes=['feet', 'left_hand', 'right_hand', 'tongue'], subjects=9
Dataset meta: {'n_classes': 4, 'n_channels': 22, 'n_samples': 1001, 'class_names': ['feet', 'left_hand', 'right_hand', 'tongue'], 'subject_list': [1, 2, 3, 4, 5, 6, 7, 8, 9], 'n_subjects': 9, 'sfreq': 250.0}

=== LOSO (hold out subject 0) ===
  Train: 4608 trials  |  Test: 576 trials
  Model params: 47,500
  epoch   1/50  loss=1.3800  bal_acc=0.3420
  epoch   2/50  loss=1.3461  bal_acc=0.3837
  epoch   3/50  loss=1.3156  bal_acc=0.3767
  epoch   4/50  loss=1.2876  bal_acc=0.3872
  epoch   5/50  loss=1.2642  bal_acc=0.3941
  epoch   6/50  loss=1.2414  bal_acc=0.3958
  epoch   7/50  loss=1.2183  bal_acc=0.4010
  epoch   8/50  loss=1.1943  bal_acc=0.4184
  epoch   9/50  loss=1.1664  bal_acc=0.4115
  epoch  10/50  loss=1.1396  bal_acc=0.4340
  epoch  11/50  loss=1.1070  bal_acc=0.4549
  epoch  12/50  loss=1.0757  bal_acc=0.4635
  epoch  13/50  loss=1.0483  bal_acc=0.4757
  epoch  14/50  loss=1.0202  bal_acc=0.4740
  epoch  15/50  loss=0.9923  bal_acc=0.4809
  epoch  16/50  loss=0.9690  bal_acc=0.4965
  epoch  17/50  loss=0.9498  bal_acc=0.4965
  epoch  18/50  loss=0.9277  bal_acc=0.5000
  epoch  19/50  loss=0.9066  bal_acc=0.4878
  epoch  20/50  loss=0.8893  bal_acc=0.5069
  epoch  21/50  loss=0.8742  bal_acc=0.5087
  epoch  22/50  loss=0.8555  bal_acc=0.4931
  epoch  23/50  loss=0.8431  bal_acc=0.5000
  epoch  24/50  loss=0.8212  bal_acc=0.4826
  epoch  25/50  loss=0.8094  bal_acc=0.5191
  epoch  26/50  loss=0.7934  bal_acc=0.5139
  epoch  27/50  loss=0.7767  bal_acc=0.5035
  epoch  28/50  loss=0.7632  bal_acc=0.5243
  epoch  29/50  loss=0.7529  bal_acc=0.5243
  epoch  30/50  loss=0.7387  bal_acc=0.5174
  epoch  31/50  loss=0.7245  bal_acc=0.5295
  epoch  32/50  loss=0.7106  bal_acc=0.5312
  epoch  33/50  loss=0.6992  bal_acc=0.5122
  epoch  34/50  loss=0.6888  bal_acc=0.5156
  epoch  35/50  loss=0.6777  bal_acc=0.5503
  epoch  36/50  loss=0.6650  bal_acc=0.5365
  epoch  37/50  loss=0.6569  bal_acc=0.5347
  epoch  38/50  loss=0.6443  bal_acc=0.5226
  epoch  39/50  loss=0.6291  bal_acc=0.5434
  epoch  40/50  loss=0.6251  bal_acc=0.5451
  epoch  41/50  loss=0.6095  bal_acc=0.5417
  epoch  42/50  loss=0.6042  bal_acc=0.5434
  epoch  43/50  loss=0.5935  bal_acc=0.5347
  epoch  44/50  loss=0.5817  bal_acc=0.5573
  epoch  45/50  loss=0.5773  bal_acc=0.5399
  epoch  46/50  loss=0.5671  bal_acc=0.5538
  epoch  47/50  loss=0.5627  bal_acc=0.5608
  epoch  48/50  loss=0.5522  bal_acc=0.5486
  epoch  49/50  loss=0.5427  bal_acc=0.5556
  epoch  50/50  loss=0.5340  bal_acc=0.5556
  [LOSO 1/9] subject 0: acc=0.5556  running_mean=0.5556

=== LOSO (hold out subject 1) ===
  Train: 4608 trials  |  Test: 576 trials
  Model params: 47,500
  epoch   1/50  loss=1.3796  bal_acc=0.3125
  epoch   2/50  loss=1.3384  bal_acc=0.3333
  epoch   3/50  loss=1.3027  bal_acc=0.3663
  epoch   4/50  loss=1.2753  bal_acc=0.3681
  epoch   5/50  loss=1.2522  bal_acc=0.3594
  epoch   6/50  loss=1.2279  bal_acc=0.3698
  epoch   7/50  loss=1.2044  bal_acc=0.3785
  epoch   8/50  loss=1.1794  bal_acc=0.3802
  epoch   9/50  loss=1.1500  bal_acc=0.3906
  epoch  10/50  loss=1.1217  bal_acc=0.3941
  epoch  11/50  loss=1.0933  bal_acc=0.3733
  epoch  12/50  loss=1.0657  bal_acc=0.3854
  epoch  13/50  loss=1.0372  bal_acc=0.3976
  epoch  14/50  loss=1.0107  bal_acc=0.3976
  epoch  15/50  loss=0.9852  bal_acc=0.3819
  epoch  16/50  loss=0.9630  bal_acc=0.4028
  epoch  17/50  loss=0.9387  bal_acc=0.3976
  epoch  18/50  loss=0.9156  bal_acc=0.3941
  epoch  19/50  loss=0.8953  bal_acc=0.3958
  epoch  20/50  loss=0.8738  bal_acc=0.4184
  epoch  21/50  loss=0.8554  bal_acc=0.4097
  epoch  22/50  loss=0.8339  bal_acc=0.4062
  epoch  23/50  loss=0.8183  bal_acc=0.4062
  epoch  24/50  loss=0.8036  bal_acc=0.4115
  epoch  25/50  loss=0.7810  bal_acc=0.4062
  epoch  26/50  loss=0.7664  bal_acc=0.3941
  epoch  27/50  loss=0.7515  bal_acc=0.3993
  epoch  28/50  loss=0.7342  bal_acc=0.4115
  epoch  29/50  loss=0.7204  bal_acc=0.4167
  epoch  30/50  loss=0.7011  bal_acc=0.4340
  epoch  31/50  loss=0.6863  bal_acc=0.4080
  epoch  32/50  loss=0.6734  bal_acc=0.4340
  epoch  33/50  loss=0.6642  bal_acc=0.3941
  epoch  34/50  loss=0.6487  bal_acc=0.4132
  epoch  35/50  loss=0.6373  bal_acc=0.4149
  epoch  36/50  loss=0.6223  bal_acc=0.4340
  epoch  37/50  loss=0.6129  bal_acc=0.4306
  epoch  38/50  loss=0.6000  bal_acc=0.4097
  epoch  39/50  loss=0.5843  bal_acc=0.4219
  epoch  40/50  loss=0.5766  bal_acc=0.4358
  epoch  41/50  loss=0.5647  bal_acc=0.4184
  epoch  42/50  loss=0.5548  bal_acc=0.4184
  epoch  43/50  loss=0.5465  bal_acc=0.4236
  epoch  44/50  loss=0.5361  bal_acc=0.4288
  epoch  45/50  loss=0.5265  bal_acc=0.4392
  epoch  46/50  loss=0.5137  bal_acc=0.4306
  epoch  47/50  loss=0.5083  bal_acc=0.4132
  epoch  48/50  loss=0.4949  bal_acc=0.4462
  epoch  49/50  loss=0.4907  bal_acc=0.4271
  epoch  50/50  loss=0.4770  bal_acc=0.4167
  [LOSO 2/9] subject 1: acc=0.4167  running_mean=0.4861

=== LOSO (hold out subject 2) ===
  Train: 4608 trials  |  Test: 576 trials
  Model params: 47,500
  epoch   1/50  loss=1.3845  bal_acc=0.3628
  epoch   2/50  loss=1.3503  bal_acc=0.4097
  epoch   3/50  loss=1.3174  bal_acc=0.4080
  epoch   4/50  loss=1.2873  bal_acc=0.4462
  epoch   5/50  loss=1.2587  bal_acc=0.4392
  epoch   6/50  loss=1.2318  bal_acc=0.4375
  epoch   7/50  loss=1.2055  bal_acc=0.4514
  epoch   8/50  loss=1.1789  bal_acc=0.4601
  epoch   9/50  loss=1.1523  bal_acc=0.4635
  epoch  10/50  loss=1.1254  bal_acc=0.5035
  epoch  11/50  loss=1.0957  bal_acc=0.5295
  epoch  12/50  loss=1.0692  bal_acc=0.5556
  epoch  13/50  loss=1.0410  bal_acc=0.5503
  epoch  14/50  loss=1.0148  bal_acc=0.5764
  epoch  15/50  loss=0.9932  bal_acc=0.5382
  epoch  16/50  loss=0.9719  bal_acc=0.5885
  epoch  17/50  loss=0.9459  bal_acc=0.5885
  epoch  18/50  loss=0.9294  bal_acc=0.6024
  epoch  19/50  loss=0.9084  bal_acc=0.5712
  epoch  20/50  loss=0.8935  bal_acc=0.6059
  epoch  21/50  loss=0.8743  bal_acc=0.6111
  epoch  22/50  loss=0.8594  bal_acc=0.5972
  epoch  23/50  loss=0.8468  bal_acc=0.6267
  epoch  24/50  loss=0.8320  bal_acc=0.6181
  epoch  25/50  loss=0.8133  bal_acc=0.6059
  epoch  26/50  loss=0.8001  bal_acc=0.6406
  epoch  27/50  loss=0.7875  bal_acc=0.6215
  epoch  28/50  loss=0.7709  bal_acc=0.6372
  epoch  29/50  loss=0.7627  bal_acc=0.6233
  epoch  30/50  loss=0.7480  bal_acc=0.6354
  epoch  31/50  loss=0.7336  bal_acc=0.6389
  epoch  32/50  loss=0.7245  bal_acc=0.6458
  epoch  33/50  loss=0.7158  bal_acc=0.6372
  epoch  34/50  loss=0.7002  bal_acc=0.6458
  epoch  35/50  loss=0.6870  bal_acc=0.6615
  epoch  36/50  loss=0.6782  bal_acc=0.6597
  epoch  37/50  loss=0.6644  bal_acc=0.6580
  epoch  38/50  loss=0.6550  bal_acc=0.6684
  epoch  39/50  loss=0.6440  bal_acc=0.6736
  epoch  40/50  loss=0.6365  bal_acc=0.6736
  epoch  41/50  loss=0.6297  bal_acc=0.6632
  epoch  42/50  loss=0.6157  bal_acc=0.6719
  epoch  43/50  loss=0.6086  bal_acc=0.6736
  epoch  44/50  loss=0.5929  bal_acc=0.6806
  epoch  45/50  loss=0.5884  bal_acc=0.6736
  epoch  46/50  loss=0.5820  bal_acc=0.6788
  epoch  47/50  loss=0.5692  bal_acc=0.6771
  epoch  48/50  loss=0.5618  bal_acc=0.6562
  epoch  49/50  loss=0.5531  bal_acc=0.6788
  epoch  50/50  loss=0.5454  bal_acc=0.6806
  [LOSO 3/9] subject 2: acc=0.6806  running_mean=0.5509

=== LOSO (hold out subject 3) ===
  Train: 4608 trials  |  Test: 576 trials
  Model params: 47,500
  epoch   1/50  loss=1.3719  bal_acc=0.3125
  epoch   2/50  loss=1.3334  bal_acc=0.3403
  epoch   3/50  loss=1.3034  bal_acc=0.3698
  epoch   4/50  loss=1.2748  bal_acc=0.3767
  epoch   5/50  loss=1.2537  bal_acc=0.3802
  epoch   6/50  loss=1.2320  bal_acc=0.4132
  epoch   7/50  loss=1.2110  bal_acc=0.4045
  epoch   8/50  loss=1.1864  bal_acc=0.4167
  epoch   9/50  loss=1.1608  bal_acc=0.4306
  epoch  10/50  loss=1.1331  bal_acc=0.4271
  epoch  11/50  loss=1.1045  bal_acc=0.4340
  epoch  12/50  loss=1.0754  bal_acc=0.4479
  epoch  13/50  loss=1.0450  bal_acc=0.4601
  epoch  14/50  loss=1.0145  bal_acc=0.4479
  epoch  15/50  loss=0.9878  bal_acc=0.4688
  epoch  16/50  loss=0.9581  bal_acc=0.4670
  epoch  17/50  loss=0.9406  bal_acc=0.4774
  epoch  18/50  loss=0.9177  bal_acc=0.4792
  epoch  19/50  loss=0.8969  bal_acc=0.4740
  epoch  20/50  loss=0.8732  bal_acc=0.4965
  epoch  21/50  loss=0.8555  bal_acc=0.4809
  epoch  22/50  loss=0.8347  bal_acc=0.4896
  epoch  23/50  loss=0.8187  bal_acc=0.4878
  epoch  24/50  loss=0.8047  bal_acc=0.4792
  epoch  25/50  loss=0.7873  bal_acc=0.4983
  epoch  26/50  loss=0.7697  bal_acc=0.4948
  epoch  27/50  loss=0.7563  bal_acc=0.4757
  epoch  28/50  loss=0.7424  bal_acc=0.5017
  epoch  29/50  loss=0.7296  bal_acc=0.4722
  epoch  30/50  loss=0.7170  bal_acc=0.5000
  epoch  31/50  loss=0.6993  bal_acc=0.4844
  epoch  32/50  loss=0.6898  bal_acc=0.4896
  epoch  33/50  loss=0.6753  bal_acc=0.4844
  epoch  34/50  loss=0.6644  bal_acc=0.4774
  epoch  35/50  loss=0.6515  bal_acc=0.4896
  epoch  36/50  loss=0.6368  bal_acc=0.4497
  epoch  37/50  loss=0.6255  bal_acc=0.4566
  epoch  38/50  loss=0.6179  bal_acc=0.4844
  epoch  39/50  loss=0.6040  bal_acc=0.4809
  epoch  40/50  loss=0.5959  bal_acc=0.4740
  epoch  41/50  loss=0.5857  bal_acc=0.4722
  epoch  42/50  loss=0.5766  bal_acc=0.4688
  epoch  43/50  loss=0.5673  bal_acc=0.4740
  epoch  44/50  loss=0.5580  bal_acc=0.4566
  epoch  45/50  loss=0.5460  bal_acc=0.4687
  epoch  46/50  loss=0.5323  bal_acc=0.4688
  epoch  47/50  loss=0.5279  bal_acc=0.5000
  epoch  48/50  loss=0.5220  bal_acc=0.4844
  epoch  49/50  loss=0.5153  bal_acc=0.4809
  epoch  50/50  loss=0.5005  bal_acc=0.4705
  [LOSO 4/9] subject 3: acc=0.4705  running_mean=0.5308

=== LOSO (hold out subject 4) ===
  Train: 4608 trials  |  Test: 576 trials
  Model params: 47,500
  epoch   1/50  loss=1.3756  bal_acc=0.3073
  epoch   2/50  loss=1.3439  bal_acc=0.3299
  epoch   3/50  loss=1.3123  bal_acc=0.3281
  epoch   4/50  loss=1.2852  bal_acc=0.3333
  epoch   5/50  loss=1.2613  bal_acc=0.3472
  epoch   6/50  loss=1.2386  bal_acc=0.3663
  epoch   7/50  loss=1.2133  bal_acc=0.3611
  epoch   8/50  loss=1.1899  bal_acc=0.3906
  epoch   9/50  loss=1.1638  bal_acc=0.4115
  epoch  10/50  loss=1.1344  bal_acc=0.4201
  epoch  11/50  loss=1.1072  bal_acc=0.4306
  epoch  12/50  loss=1.0776  bal_acc=0.4392
  epoch  13/50  loss=1.0439  bal_acc=0.4531
  epoch  14/50  loss=1.0169  bal_acc=0.4757
  epoch  15/50  loss=0.9908  bal_acc=0.4809
  epoch  16/50  loss=0.9619  bal_acc=0.5104
  epoch  17/50  loss=0.9373  bal_acc=0.5000
  epoch  18/50  loss=0.9156  bal_acc=0.5208
  epoch  19/50  loss=0.8978  bal_acc=0.4948
  epoch  20/50  loss=0.8824  bal_acc=0.5174
  epoch  21/50  loss=0.8621  bal_acc=0.5104
  epoch  22/50  loss=0.8436  bal_acc=0.5139
  epoch  23/50  loss=0.8319  bal_acc=0.5399
  epoch  24/50  loss=0.8138  bal_acc=0.5122
  epoch  25/50  loss=0.8024  bal_acc=0.5226
  epoch  26/50  loss=0.7853  bal_acc=0.4896
  epoch  27/50  loss=0.7710  bal_acc=0.5017
  epoch  28/50  loss=0.7595  bal_acc=0.5139
  epoch  29/50  loss=0.7437  bal_acc=0.4861
  epoch  30/50  loss=0.7299  bal_acc=0.5486
  epoch  31/50  loss=0.7175  bal_acc=0.5052
  epoch  32/50  loss=0.7040  bal_acc=0.4757
  epoch  33/50  loss=0.6899  bal_acc=0.5538
  epoch  34/50  loss=0.6734  bal_acc=0.5260
  epoch  35/50  loss=0.6615  bal_acc=0.4931
  epoch  36/50  loss=0.6485  bal_acc=0.5260
  epoch  37/50  loss=0.6379  bal_acc=0.4896
  epoch  38/50  loss=0.6236  bal_acc=0.5191
  epoch  39/50  loss=0.6119  bal_acc=0.4844
  epoch  40/50  loss=0.6044  bal_acc=0.5035
  epoch  41/50  loss=0.5926  bal_acc=0.5139
  epoch  42/50  loss=0.5783  bal_acc=0.4983
  epoch  43/50  loss=0.5709  bal_acc=0.5469
  epoch  44/50  loss=0.5600  bal_acc=0.4826
  epoch  45/50  loss=0.5520  bal_acc=0.4757
  epoch  46/50  loss=0.5384  bal_acc=0.4844
  epoch  47/50  loss=0.5314  bal_acc=0.5139
  epoch  48/50  loss=0.5168  bal_acc=0.4844
  epoch  49/50  loss=0.5112  bal_acc=0.5139
  epoch  50/50  loss=0.5036  bal_acc=0.5503
  [LOSO 5/9] subject 4: acc=0.5503  running_mean=0.5347

=== LOSO (hold out subject 5) ===
  Train: 4608 trials  |  Test: 576 trials
  Model params: 47,500
  epoch   1/50  loss=1.3857  bal_acc=0.2986
  epoch   2/50  loss=1.3500  bal_acc=0.3594
  epoch   3/50  loss=1.3151  bal_acc=0.3663
  epoch   4/50  loss=1.2833  bal_acc=0.3750
  epoch   5/50  loss=1.2601  bal_acc=0.3872
  epoch   6/50  loss=1.2354  bal_acc=0.3698
  epoch   7/50  loss=1.2132  bal_acc=0.3750
  epoch   8/50  loss=1.1855  bal_acc=0.3958
  epoch   9/50  loss=1.1569  bal_acc=0.4149
  epoch  10/50  loss=1.1259  bal_acc=0.4566
  epoch  11/50  loss=1.0920  bal_acc=0.4080
  epoch  12/50  loss=1.0613  bal_acc=0.4566
  epoch  13/50  loss=1.0270  bal_acc=0.4410
  epoch  14/50  loss=0.9968  bal_acc=0.4323
  epoch  15/50  loss=0.9721  bal_acc=0.4497
  epoch  16/50  loss=0.9472  bal_acc=0.4653
  epoch  17/50  loss=0.9255  bal_acc=0.4601
  epoch  18/50  loss=0.9032  bal_acc=0.4670
  epoch  19/50  loss=0.8815  bal_acc=0.4566
  epoch  20/50  loss=0.8629  bal_acc=0.4427
  epoch  21/50  loss=0.8375  bal_acc=0.4688
  epoch  22/50  loss=0.8214  bal_acc=0.4635
  epoch  23/50  loss=0.8038  bal_acc=0.4392
  epoch  24/50  loss=0.7896  bal_acc=0.4427
  epoch  25/50  loss=0.7709  bal_acc=0.4479
  epoch  26/50  loss=0.7528  bal_acc=0.4392
  epoch  27/50  loss=0.7409  bal_acc=0.4549
  epoch  28/50  loss=0.7240  bal_acc=0.4184
  epoch  29/50  loss=0.7075  bal_acc=0.4427
  epoch  30/50  loss=0.6987  bal_acc=0.4306
  epoch  31/50  loss=0.6810  bal_acc=0.4323
  epoch  32/50  loss=0.6718  bal_acc=0.4549
  epoch  33/50  loss=0.6573  bal_acc=0.4792
  epoch  34/50  loss=0.6411  bal_acc=0.4462
  epoch  35/50  loss=0.6286  bal_acc=0.4462
  epoch  36/50  loss=0.6208  bal_acc=0.4323
  epoch  37/50  loss=0.6072  bal_acc=0.4236
  epoch  38/50  loss=0.5973  bal_acc=0.4306
  epoch  39/50  loss=0.5922  bal_acc=0.3872
  epoch  40/50  loss=0.5802  bal_acc=0.4201
  epoch  41/50  loss=0.5656  bal_acc=0.4010
  epoch  42/50  loss=0.5620  bal_acc=0.4167
  epoch  43/50  loss=0.5523  bal_acc=0.4132
  epoch  44/50  loss=0.5417  bal_acc=0.3924
  epoch  45/50  loss=0.5317  bal_acc=0.4514
  epoch  46/50  loss=0.5181  bal_acc=0.4306
  epoch  47/50  loss=0.5147  bal_acc=0.4080
  epoch  48/50  loss=0.5064  bal_acc=0.4427
  epoch  49/50  loss=0.4962  bal_acc=0.4201
  epoch  50/50  loss=0.4907  bal_acc=0.4097
  [LOSO 6/9] subject 5: acc=0.4097  running_mean=0.5139

=== LOSO (hold out subject 6) ===
  Train: 4608 trials  |  Test: 576 trials
  Model params: 47,500
  epoch   1/50  loss=1.3777  bal_acc=0.3316
  epoch   2/50  loss=1.3449  bal_acc=0.3872
  epoch   3/50  loss=1.3165  bal_acc=0.4045
  epoch   4/50  loss=1.2919  bal_acc=0.3993
  epoch   5/50  loss=1.2690  bal_acc=0.4444
  epoch   6/50  loss=1.2503  bal_acc=0.4462
  epoch   7/50  loss=1.2307  bal_acc=0.4792
  epoch   8/50  loss=1.2087  bal_acc=0.4878
  epoch   9/50  loss=1.1834  bal_acc=0.5087
  epoch  10/50  loss=1.1608  bal_acc=0.5104
  epoch  11/50  loss=1.1386  bal_acc=0.5035
  epoch  12/50  loss=1.1113  bal_acc=0.5191
  epoch  13/50  loss=1.0824  bal_acc=0.5399
  epoch  14/50  loss=1.0543  bal_acc=0.5642
  epoch  15/50  loss=1.0330  bal_acc=0.5521
  epoch  16/50  loss=1.0048  bal_acc=0.5712
  epoch  17/50  loss=0.9847  bal_acc=0.5885
  epoch  18/50  loss=0.9628  bal_acc=0.6059
  epoch  19/50  loss=0.9444  bal_acc=0.6076
  epoch  20/50  loss=0.9205  bal_acc=0.6059
  epoch  21/50  loss=0.9026  bal_acc=0.6146
  epoch  22/50  loss=0.8827  bal_acc=0.6059
  epoch  23/50  loss=0.8666  bal_acc=0.6250
  epoch  24/50  loss=0.8475  bal_acc=0.6076
  epoch  25/50  loss=0.8320  bal_acc=0.6215
  epoch  26/50  loss=0.8140  bal_acc=0.6024
  epoch  27/50  loss=0.7965  bal_acc=0.6163
  epoch  28/50  loss=0.7782  bal_acc=0.6163
  epoch  29/50  loss=0.7598  bal_acc=0.6198
  epoch  30/50  loss=0.7458  bal_acc=0.6198
  epoch  31/50  loss=0.7334  bal_acc=0.6059
  epoch  32/50  loss=0.7164  bal_acc=0.6042
  epoch  33/50  loss=0.7014  bal_acc=0.6042
  epoch  34/50  loss=0.6926  bal_acc=0.5990
  epoch  35/50  loss=0.6793  bal_acc=0.6024
  epoch  36/50  loss=0.6676  bal_acc=0.5903
  epoch  37/50  loss=0.6496  bal_acc=0.6163
  epoch  38/50  loss=0.6430  bal_acc=0.6146
  epoch  39/50  loss=0.6367  bal_acc=0.6128
  epoch  40/50  loss=0.6252  bal_acc=0.6059
  epoch  41/50  loss=0.6134  bal_acc=0.6024
  epoch  42/50  loss=0.6064  bal_acc=0.5938
  epoch  43/50  loss=0.5968  bal_acc=0.6163
  epoch  44/50  loss=0.5896  bal_acc=0.6024
  epoch  45/50  loss=0.5727  bal_acc=0.5972
  epoch  46/50  loss=0.5634  bal_acc=0.6007
  epoch  47/50  loss=0.5590  bal_acc=0.6146
  epoch  48/50  loss=0.5545  bal_acc=0.5885
  epoch  49/50  loss=0.5443  bal_acc=0.5938
  epoch  50/50  loss=0.5368  bal_acc=0.5990
  [LOSO 7/9] subject 6: acc=0.5990  running_mean=0.5260

=== LOSO (hold out subject 7) ===
  Train: 4608 trials  |  Test: 576 trials
  Model params: 47,500
  epoch   1/50  loss=1.3733  bal_acc=0.3420
  epoch   2/50  loss=1.3398  bal_acc=0.3455
  epoch   3/50  loss=1.3051  bal_acc=0.3889
  epoch   4/50  loss=1.2768  bal_acc=0.3976
  epoch   5/50  loss=1.2481  bal_acc=0.4028
  epoch   6/50  loss=1.2241  bal_acc=0.4219
  epoch   7/50  loss=1.1938  bal_acc=0.4444
  epoch   8/50  loss=1.1640  bal_acc=0.4583
  epoch   9/50  loss=1.1354  bal_acc=0.4792
  epoch  10/50  loss=1.1042  bal_acc=0.4774
  epoch  11/50  loss=1.0743  bal_acc=0.5087
  epoch  12/50  loss=1.0476  bal_acc=0.5156
  epoch  13/50  loss=1.0224  bal_acc=0.5087
  epoch  14/50  loss=0.9948  bal_acc=0.5434
  epoch  15/50  loss=0.9767  bal_acc=0.5312
  epoch  16/50  loss=0.9565  bal_acc=0.5451
  epoch  17/50  loss=0.9366  bal_acc=0.5174
  epoch  18/50  loss=0.9152  bal_acc=0.5330
  epoch  19/50  loss=0.8975  bal_acc=0.5590
  epoch  20/50  loss=0.8814  bal_acc=0.5451
  epoch  21/50  loss=0.8652  bal_acc=0.5833
  epoch  22/50  loss=0.8462  bal_acc=0.5833
  epoch  23/50  loss=0.8286  bal_acc=0.5816
  epoch  24/50  loss=0.8121  bal_acc=0.5764
  epoch  25/50  loss=0.7998  bal_acc=0.5556
  epoch  26/50  loss=0.7847  bal_acc=0.5694
  epoch  27/50  loss=0.7709  bal_acc=0.5885
  epoch  28/50  loss=0.7578  bal_acc=0.5938
  epoch  29/50  loss=0.7415  bal_acc=0.5955
  epoch  30/50  loss=0.7277  bal_acc=0.5955
  epoch  31/50  loss=0.7117  bal_acc=0.5747
  epoch  32/50  loss=0.7022  bal_acc=0.6094
  epoch  33/50  loss=0.6904  bal_acc=0.5868
  epoch  34/50  loss=0.6785  bal_acc=0.5694
  epoch  35/50  loss=0.6656  bal_acc=0.6111
  epoch  36/50  loss=0.6533  bal_acc=0.5990
  epoch  37/50  loss=0.6446  bal_acc=0.5972
  epoch  38/50  loss=0.6361  bal_acc=0.6128
  epoch  39/50  loss=0.6230  bal_acc=0.6059
  epoch  40/50  loss=0.6145  bal_acc=0.5972
  epoch  41/50  loss=0.6013  bal_acc=0.6146
  epoch  42/50  loss=0.5949  bal_acc=0.5903
  epoch  43/50  loss=0.5835  bal_acc=0.5938
  epoch  44/50  loss=0.5771  bal_acc=0.5990
  epoch  45/50  loss=0.5624  bal_acc=0.5920
  epoch  46/50  loss=0.5571  bal_acc=0.5764
  epoch  47/50  loss=0.5493  bal_acc=0.5885
  epoch  48/50  loss=0.5335  bal_acc=0.5885
  epoch  49/50  loss=0.5278  bal_acc=0.5642
  epoch  50/50  loss=0.5213  bal_acc=0.5990
  [LOSO 8/9] subject 7: acc=0.5990  running_mean=0.5352

=== LOSO (hold out subject 8) ===
  Train: 4608 trials  |  Test: 576 trials
  Model params: 47,500
  epoch   1/50  loss=1.3851  bal_acc=0.2778
  epoch   2/50  loss=1.3528  bal_acc=0.3316
  epoch   3/50  loss=1.3229  bal_acc=0.3281
  epoch   4/50  loss=1.2922  bal_acc=0.3229
  epoch   5/50  loss=1.2611  bal_acc=0.3351
  epoch   6/50  loss=1.2353  bal_acc=0.3490
  epoch   7/50  loss=1.2061  bal_acc=0.3628
  epoch   8/50  loss=1.1730  bal_acc=0.3403
  epoch   9/50  loss=1.1429  bal_acc=0.3472
  epoch  10/50  loss=1.1006  bal_acc=0.3785
  epoch  11/50  loss=1.0655  bal_acc=0.4184
  epoch  12/50  loss=1.0264  bal_acc=0.4427
  epoch  13/50  loss=0.9996  bal_acc=0.4184
  epoch  14/50  loss=0.9723  bal_acc=0.4531
  epoch  15/50  loss=0.9491  bal_acc=0.4583
  epoch  16/50  loss=0.9275  bal_acc=0.4705
  epoch  17/50  loss=0.9057  bal_acc=0.4792
  epoch  18/50  loss=0.8891  bal_acc=0.4983
  epoch  19/50  loss=0.8701  bal_acc=0.4913
  epoch  20/50  loss=0.8517  bal_acc=0.5000
  epoch  21/50  loss=0.8352  bal_acc=0.5243
  epoch  22/50  loss=0.8206  bal_acc=0.5295
  epoch  23/50  loss=0.8015  bal_acc=0.5191
  epoch  24/50  loss=0.7836  bal_acc=0.5243
  epoch  25/50  loss=0.7692  bal_acc=0.5365
  epoch  26/50  loss=0.7540  bal_acc=0.5312
  epoch  27/50  loss=0.7394  bal_acc=0.5330
  epoch  28/50  loss=0.7262  bal_acc=0.5556
  epoch  29/50  loss=0.7123  bal_acc=0.5365
  epoch  30/50  loss=0.6960  bal_acc=0.5330
  epoch  31/50  loss=0.6801  bal_acc=0.5382
  epoch  32/50  loss=0.6721  bal_acc=0.5503
  epoch  33/50  loss=0.6610  bal_acc=0.5712
  epoch  34/50  loss=0.6447  bal_acc=0.5556
  epoch  35/50  loss=0.6353  bal_acc=0.5625
  epoch  36/50  loss=0.6262  bal_acc=0.5399
  epoch  37/50  loss=0.6127  bal_acc=0.5660
  epoch  38/50  loss=0.6041  bal_acc=0.5486
  epoch  39/50  loss=0.5962  bal_acc=0.5677
  epoch  40/50  loss=0.5828  bal_acc=0.5694
  epoch  41/50  loss=0.5724  bal_acc=0.5747
  epoch  42/50  loss=0.5603  bal_acc=0.5625
  epoch  43/50  loss=0.5549  bal_acc=0.5694
  epoch  44/50  loss=0.5465  bal_acc=0.5712
  epoch  45/50  loss=0.5376  bal_acc=0.5799
  epoch  46/50  loss=0.5256  bal_acc=0.5816
  epoch  47/50  loss=0.5187  bal_acc=0.5851
  epoch  48/50  loss=0.5110  bal_acc=0.5833
  epoch  49/50  loss=0.5010  bal_acc=0.5833
  epoch  50/50  loss=0.4952  bal_acc=0.5764
  [LOSO 9/9] subject 8: acc=0.5764  running_mean=0.5397
Results saved to results/BNCI2014_001/results_trial_63.json
Trial logged to results/BNCI2014_001/trials.csv
[status] trial 63 done (state=COMPLETE, value=0.5397376543209877) -- 60 completed total
Device: cuda
[BNCI2014_001] loading from cache: /home/aleksander.berezowsk/.cache/spiking_eegnet/BNCI2014_001_af1ccf3e92f684d8a93c057082b654d7.npz
[BNCI2014_001] cache hit: (5184, 1, 22, 1001), classes=['feet', 'left_hand', 'right_hand', 'tongue'], subjects=9
Dataset meta: {'n_classes': 4, 'n_channels': 22, 'n_samples': 1001, 'class_names': ['feet', 'left_hand', 'right_hand', 'tongue'], 'subject_list': [1, 2, 3, 4, 5, 6, 7, 8, 9], 'n_subjects': 9, 'sfreq': 250.0}

=== LOSO (hold out subject 0) ===
  Train: 4608 trials  |  Test: 576 trials
  Model params: 9,051
  epoch   1/50  loss=1.3276  bal_acc=0.3837
  epoch   2/50  loss=1.1778  bal_acc=0.4653
  epoch   3/50  loss=1.0799  bal_acc=0.4826
  epoch   4/50  loss=0.9822  bal_acc=0.5191
  epoch   5/50  loss=0.9111  bal_acc=0.5347
  epoch   6/50  loss=0.8445  bal_acc=0.5590
  epoch   7/50  loss=0.7882  bal_acc=0.5816
  epoch   8/50  loss=0.7497  bal_acc=0.5851
  epoch   9/50  loss=0.7160  bal_acc=0.5660
  epoch  10/50  loss=0.6850  bal_acc=0.5781
  epoch  11/50  loss=0.6595  bal_acc=0.6024
  epoch  12/50  loss=0.6389  bal_acc=0.5903
  epoch  13/50  loss=0.5967  bal_acc=0.5608
  epoch  14/50  loss=0.5845  bal_acc=0.6042
  epoch  15/50  loss=0.5623  bal_acc=0.5538
  epoch  16/50  loss=0.5469  bal_acc=0.5747
  epoch  17/50  loss=0.5248  bal_acc=0.5799
  epoch  18/50  loss=0.5142  bal_acc=0.5903
  epoch  19/50  loss=0.5060  bal_acc=0.5764
  epoch  20/50  loss=0.5011  bal_acc=0.5799
  epoch  21/50  loss=0.4784  bal_acc=0.5920
  epoch  22/50  loss=0.4685  bal_acc=0.5608
  epoch  23/50  loss=0.4628  bal_acc=0.5781
  epoch  24/50  loss=0.4482  bal_acc=0.5747
  epoch  25/50  loss=0.4314  bal_acc=0.5764
  epoch  26/50  loss=0.4270  bal_acc=0.5816
  epoch  27/50  loss=0.4146  bal_acc=0.5851
  epoch  28/50  loss=0.3965  bal_acc=0.5556
  epoch  29/50  loss=0.4077  bal_acc=0.5781
  epoch  30/50  loss=0.3977  bal_acc=0.5764
  epoch  31/50  loss=0.3885  bal_acc=0.5729
  epoch  32/50  loss=0.3756  bal_acc=0.5799
  epoch  33/50  loss=0.3706  bal_acc=0.5712
  epoch  34/50  loss=0.3702  bal_acc=0.5747
  epoch  35/50  loss=0.3512  bal_acc=0.5747
  epoch  36/50  loss=0.3451  bal_acc=0.5590
  epoch  37/50  loss=0.3449  bal_acc=0.5833
  epoch  38/50  loss=0.3301  bal_acc=0.5677
  epoch  39/50  loss=0.3269  bal_acc=0.5938
  epoch  40/50  loss=0.3192  bal_acc=0.5868
  epoch  41/50  loss=0.3306  bal_acc=0.5868
  epoch  42/50  loss=0.3159  bal_acc=0.5677
  epoch  43/50  loss=0.3043  bal_acc=0.5712
  epoch  44/50  loss=0.3049  bal_acc=0.5503
  epoch  45/50  loss=0.3000  bal_acc=0.5833
  epoch  46/50  loss=0.2983  bal_acc=0.5660
  epoch  47/50  loss=0.2956  bal_acc=0.5729
  epoch  48/50  loss=0.2817  bal_acc=0.5920
  epoch  49/50  loss=0.2906  bal_acc=0.5365
  epoch  50/50  loss=0.2833  bal_acc=0.5538
  [LOSO 1/9] subject 0: acc=0.5538  running_mean=0.5538

=== LOSO (hold out subject 1) ===
  Train: 4608 trials  |  Test: 576 trials
  Model params: 9,051
  epoch   1/50  loss=1.3181  bal_acc=0.3733
  epoch   2/50  loss=1.1516  bal_acc=0.3854
  epoch   3/50  loss=1.0173  bal_acc=0.4201
  epoch   4/50  loss=0.9415  bal_acc=0.4253
  epoch   5/50  loss=0.8515  bal_acc=0.4306
  epoch   6/50  loss=0.7872  bal_acc=0.4479
  epoch   7/50  loss=0.7438  bal_acc=0.4340
  epoch   8/50  loss=0.6971  bal_acc=0.4288
  epoch   9/50  loss=0.6653  bal_acc=0.4549
  epoch  10/50  loss=0.6386  bal_acc=0.4219
  epoch  11/50  loss=0.6145  bal_acc=0.4323
  epoch  12/50  loss=0.5886  bal_acc=0.4566
  epoch  13/50  loss=0.5680  bal_acc=0.4306
  epoch  14/50  loss=0.5448  bal_acc=0.4497
  epoch  15/50  loss=0.5248  bal_acc=0.4479
  epoch  16/50  loss=0.5070  bal_acc=0.4306
  epoch  17/50  loss=0.4971  bal_acc=0.4323
  epoch  18/50  loss=0.4816  bal_acc=0.4340
  epoch  19/50  loss=0.4643  bal_acc=0.4444
  epoch  20/50  loss=0.4571  bal_acc=0.4479
  epoch  21/50  loss=0.4465  bal_acc=0.4618
  epoch  22/50  loss=0.4280  bal_acc=0.4601
  epoch  23/50  loss=0.4190  bal_acc=0.4722
  epoch  24/50  loss=0.4099  bal_acc=0.4392
  epoch  25/50  loss=0.4019  bal_acc=0.4427
  epoch  26/50  loss=0.3956  bal_acc=0.4323
  epoch  27/50  loss=0.3789  bal_acc=0.4479
  epoch  28/50  loss=0.3771  bal_acc=0.4410
  epoch  29/50  loss=0.3684  bal_acc=0.4375
  epoch  30/50  loss=0.3642  bal_acc=0.4340
  epoch  31/50  loss=0.3475  bal_acc=0.4635
  epoch  32/50  loss=0.3344  bal_acc=0.4635
  epoch  33/50  loss=0.3426  bal_acc=0.4392
  epoch  34/50  loss=0.3389  bal_acc=0.4444
  epoch  35/50  loss=0.3249  bal_acc=0.4583
  epoch  36/50  loss=0.3215  bal_acc=0.4462
  epoch  37/50  loss=0.3095  bal_acc=0.4653
  epoch  38/50  loss=0.3092  bal_acc=0.4462
  epoch  39/50  loss=0.2983  bal_acc=0.4566
  epoch  40/50  loss=0.2992  bal_acc=0.4253
  epoch  41/50  loss=0.2960  bal_acc=0.4149
  epoch  42/50  loss=0.2854  bal_acc=0.4549
  epoch  43/50  loss=0.2902  bal_acc=0.4358
  epoch  44/50  loss=0.2806  bal_acc=0.4462
  epoch  45/50  loss=0.2702  bal_acc=0.4618
  epoch  46/50  loss=0.2744  bal_acc=0.4583
  epoch  47/50  loss=0.2604  bal_acc=0.4601
  epoch  48/50  loss=0.2644  bal_acc=0.4479
  epoch  49/50  loss=0.2554  bal_acc=0.4444
  epoch  50/50  loss=0.2585  bal_acc=0.4549
  [LOSO 2/9] subject 1: acc=0.4549  running_mean=0.5043

=== LOSO (hold out subject 2) ===
  Train: 4608 trials  |  Test: 576 trials
  Model params: 9,051
  epoch   1/50  loss=1.3457  bal_acc=0.4375
  epoch   2/50  loss=1.2052  bal_acc=0.4722
  epoch   3/50  loss=1.0923  bal_acc=0.5330
  epoch   4/50  loss=1.0090  bal_acc=0.5243
  epoch   5/50  loss=0.9474  bal_acc=0.6042
  epoch   6/50  loss=0.9049  bal_acc=0.6181
  epoch   7/50  loss=0.8592  bal_acc=0.6302
  epoch   8/50  loss=0.8123  bal_acc=0.6181
  epoch   9/50  loss=0.7820  bal_acc=0.6424
  epoch  10/50  loss=0.7595  bal_acc=0.6094
  epoch  11/50  loss=0.7312  bal_acc=0.6146
  epoch  12/50  loss=0.7086  bal_acc=0.6285
  epoch  13/50  loss=0.6840  bal_acc=0.6302
  epoch  14/50  loss=0.6595  bal_acc=0.6632
  epoch  15/50  loss=0.6476  bal_acc=0.6753
  epoch  16/50  loss=0.6203  bal_acc=0.6788
  epoch  17/50  loss=0.5963  bal_acc=0.6701
  epoch  18/50  loss=0.5870  bal_acc=0.6840
  epoch  19/50  loss=0.5683  bal_acc=0.6441
  epoch  20/50  loss=0.5619  bal_acc=0.6927
  epoch  21/50  loss=0.5383  bal_acc=0.6753
  epoch  22/50  loss=0.5303  bal_acc=0.6701
  epoch  23/50  loss=0.5156  bal_acc=0.6424
  epoch  24/50  loss=0.5083  bal_acc=0.6667
  epoch  25/50  loss=0.4989  bal_acc=0.6597
  epoch  26/50  loss=0.4823  bal_acc=0.6562
  epoch  27/50  loss=0.4729  bal_acc=0.6979
  epoch  28/50  loss=0.4676  bal_acc=0.7014
  epoch  29/50  loss=0.4524  bal_acc=0.6771
  epoch  30/50  loss=0.4489  bal_acc=0.6944
  epoch  31/50  loss=0.4421  bal_acc=0.7205
  epoch  32/50  loss=0.4294  bal_acc=0.6510
  epoch  33/50  loss=0.4320  bal_acc=0.6615
  epoch  34/50  loss=0.4217  bal_acc=0.7066
  epoch  35/50  loss=0.4163  bal_acc=0.6684
  epoch  36/50  loss=0.3918  bal_acc=0.7083
  epoch  37/50  loss=0.3864  bal_acc=0.6806
  epoch  38/50  loss=0.3915  bal_acc=0.7118
  epoch  39/50  loss=0.3743  bal_acc=0.7031
  epoch  40/50  loss=0.3711  bal_acc=0.6667
  epoch  41/50  loss=0.3571  bal_acc=0.6632
  epoch  42/50  loss=0.3544  bal_acc=0.6979
  epoch  43/50  loss=0.3557  bal_acc=0.6962
  epoch  44/50  loss=0.3437  bal_acc=0.6910
  epoch  45/50  loss=0.3382  bal_acc=0.6597
  epoch  46/50  loss=0.3410  bal_acc=0.6649
  epoch  47/50  loss=0.3387  bal_acc=0.6667
  epoch  48/50  loss=0.3362  bal_acc=0.6997
  epoch  49/50  loss=0.3297  bal_acc=0.6476
  epoch  50/50  loss=0.3187  bal_acc=0.6528
  [LOSO 3/9] subject 2: acc=0.6528  running_mean=0.5538

=== LOSO (hold out subject 3) ===
  Train: 4608 trials  |  Test: 576 trials
  Model params: 9,051
  epoch   1/50  loss=1.3306  bal_acc=0.3802
  epoch   2/50  loss=1.1551  bal_acc=0.4705
  epoch   3/50  loss=1.0243  bal_acc=0.4670
  epoch   4/50  loss=0.9342  bal_acc=0.4774
  epoch   5/50  loss=0.8602  bal_acc=0.4288
  epoch   6/50  loss=0.7941  bal_acc=0.4253
  epoch   7/50  loss=0.7513  bal_acc=0.4427
  epoch   8/50  loss=0.7144  bal_acc=0.4462
  epoch   9/50  loss=0.6730  bal_acc=0.4601
  epoch  10/50  loss=0.6351  bal_acc=0.4913
  epoch  11/50  loss=0.6083  bal_acc=0.4792
  epoch  12/50  loss=0.5894  bal_acc=0.4566
  epoch  13/50  loss=0.5662  bal_acc=0.4549
  epoch  14/50  loss=0.5464  bal_acc=0.4757
  epoch  15/50  loss=0.5250  bal_acc=0.4583
  epoch  16/50  loss=0.5110  bal_acc=0.4444
  epoch  17/50  loss=0.5075  bal_acc=0.4410
  epoch  18/50  loss=0.4928  bal_acc=0.4201
  epoch  19/50  loss=0.4807  bal_acc=0.4670
  epoch  20/50  loss=0.4650  bal_acc=0.4323
  epoch  21/50  loss=0.4471  bal_acc=0.4514
  epoch  22/50  loss=0.4426  bal_acc=0.4635
  epoch  23/50  loss=0.4260  bal_acc=0.4531
  epoch  24/50  loss=0.4160  bal_acc=0.4358
  epoch  25/50  loss=0.4016  bal_acc=0.4809
  epoch  26/50  loss=0.3981  bal_acc=0.4965
  epoch  27/50  loss=0.3889  bal_acc=0.4653
  epoch  28/50  loss=0.3776  bal_acc=0.4705
  epoch  29/50  loss=0.3676  bal_acc=0.4444
  epoch  30/50  loss=0.3703  bal_acc=0.4531
  epoch  31/50  loss=0.3587  bal_acc=0.4583
  epoch  32/50  loss=0.3523  bal_acc=0.4965
  epoch  33/50  loss=0.3337  bal_acc=0.4878
  epoch  34/50  loss=0.3305  bal_acc=0.4983
  epoch  35/50  loss=0.3272  bal_acc=0.5122
  epoch  36/50  loss=0.3222  bal_acc=0.4722
  epoch  37/50  loss=0.3214  bal_acc=0.5087
  epoch  38/50  loss=0.3177  bal_acc=0.5243
  epoch  39/50  loss=0.3176  bal_acc=0.4740
  epoch  40/50  loss=0.3054  bal_acc=0.5035
  epoch  41/50  loss=0.2883  bal_acc=0.4844
  epoch  42/50  loss=0.2927  bal_acc=0.4375
  epoch  43/50  loss=0.2840  bal_acc=0.4844
  epoch  44/50  loss=0.2770  bal_acc=0.4792
  epoch  45/50  loss=0.2779  bal_acc=0.4722
  epoch  46/50  loss=0.2764  bal_acc=0.4896
  epoch  47/50  loss=0.2661  bal_acc=0.4688
  epoch  48/50  loss=0.2790  bal_acc=0.4774
  epoch  49/50  loss=0.2703  bal_acc=0.4601
  epoch  50/50  loss=0.2539  bal_acc=0.4705
  [LOSO 4/9] subject 3: acc=0.4705  running_mean=0.5330

=== LOSO (hold out subject 4) ===
  Train: 4608 trials  |  Test: 576 trials
  Model params: 9,051
  epoch   1/50  loss=1.3291  bal_acc=0.3802
  epoch   2/50  loss=1.1927  bal_acc=0.4028
  epoch   3/50  loss=1.0819  bal_acc=0.4688
  epoch   4/50  loss=0.9941  bal_acc=0.4288
  epoch   5/50  loss=0.9137  bal_acc=0.4913
  epoch   6/50  loss=0.8538  bal_acc=0.4635
  epoch   7/50  loss=0.7959  bal_acc=0.4844
  epoch   8/50  loss=0.7465  bal_acc=0.4983
  epoch   9/50  loss=0.7123  bal_acc=0.5312
  epoch  10/50  loss=0.6915  bal_acc=0.5243
  epoch  11/50  loss=0.6580  bal_acc=0.5278
  epoch  12/50  loss=0.6462  bal_acc=0.5486
  epoch  13/50  loss=0.6053  bal_acc=0.5226
  epoch  14/50  loss=0.5929  bal_acc=0.5139
  epoch  15/50  loss=0.5782  bal_acc=0.5226
  epoch  16/50  loss=0.5582  bal_acc=0.5469
  epoch  17/50  loss=0.5445  bal_acc=0.5087
  epoch  18/50  loss=0.5340  bal_acc=0.5434
  epoch  19/50  loss=0.5182  bal_acc=0.5000
  epoch  20/50  loss=0.4980  bal_acc=0.4948
  epoch  21/50  loss=0.4853  bal_acc=0.5035
  epoch  22/50  loss=0.4734  bal_acc=0.5260
  epoch  23/50  loss=0.4759  bal_acc=0.5347
  epoch  24/50  loss=0.4563  bal_acc=0.5156
  epoch  25/50  loss=0.4441  bal_acc=0.5208
  epoch  26/50  loss=0.4286  bal_acc=0.5174
  epoch  27/50  loss=0.4240  bal_acc=0.4844
  epoch  28/50  loss=0.4140  bal_acc=0.5312
  epoch  29/50  loss=0.4010  bal_acc=0.4913
  epoch  30/50  loss=0.3912  bal_acc=0.4861
  epoch  31/50  loss=0.3949  bal_acc=0.5139
  epoch  32/50  loss=0.3821  bal_acc=0.4844
  epoch  33/50  loss=0.3741  bal_acc=0.5156
  epoch  34/50  loss=0.3705  bal_acc=0.4948
  epoch  35/50  loss=0.3584  bal_acc=0.4948
  epoch  36/50  loss=0.3542  bal_acc=0.5104
  epoch  37/50  loss=0.3514  bal_acc=0.4635
  epoch  38/50  loss=0.3301  bal_acc=0.4774
  epoch  39/50  loss=0.3313  bal_acc=0.4757
  epoch  40/50  loss=0.3276  bal_acc=0.4809
  epoch  41/50  loss=0.3206  bal_acc=0.4740
  epoch  42/50  loss=0.3151  bal_acc=0.4913
  epoch  43/50  loss=0.3154  bal_acc=0.4705
  epoch  44/50  loss=0.3002  bal_acc=0.4948
  epoch  45/50  loss=0.3015  bal_acc=0.4740
  epoch  46/50  loss=0.2895  bal_acc=0.4861
  epoch  47/50  loss=0.2838  bal_acc=0.5035
  epoch  48/50  loss=0.2744  bal_acc=0.5087
  epoch  49/50  loss=0.2902  bal_acc=0.5017
  epoch  50/50  loss=0.2837  bal_acc=0.4601
  [LOSO 5/9] subject 4: acc=0.4601  running_mean=0.5184

=== LOSO (hold out subject 5) ===
  Train: 4608 trials  |  Test: 576 trials
  Model params: 9,051
  epoch   1/50  loss=1.3268  bal_acc=0.3872
  epoch   2/50  loss=1.1743  bal_acc=0.4410
  epoch   3/50  loss=1.0420  bal_acc=0.4306
  epoch   4/50  loss=0.9345  bal_acc=0.4514
  epoch   5/50  loss=0.8376  bal_acc=0.4392
  epoch   6/50  loss=0.7585  bal_acc=0.4583
  epoch   7/50  loss=0.7019  bal_acc=0.4705
  epoch   8/50  loss=0.6646  bal_acc=0.3924
  epoch   9/50  loss=0.6428  bal_acc=0.4427
  epoch  10/50  loss=0.6103  bal_acc=0.4271
  epoch  11/50  loss=0.5851  bal_acc=0.4514
  epoch  12/50  loss=0.5636  bal_acc=0.4410
  epoch  13/50  loss=0.5332  bal_acc=0.4514
  epoch  14/50  loss=0.5225  bal_acc=0.4358
  epoch  15/50  loss=0.5107  bal_acc=0.4288
  epoch  16/50  loss=0.4920  bal_acc=0.4410
  epoch  17/50  loss=0.4713  bal_acc=0.4427
  epoch  18/50  loss=0.4691  bal_acc=0.4583
  epoch  19/50  loss=0.4502  bal_acc=0.4635
  epoch  20/50  loss=0.4306  bal_acc=0.4722
  epoch  21/50  loss=0.4281  bal_acc=0.4010
  epoch  22/50  loss=0.4081  bal_acc=0.4323
  epoch  23/50  loss=0.4001  bal_acc=0.4115
  epoch  24/50  loss=0.3957  bal_acc=0.4427
  epoch  25/50  loss=0.3787  bal_acc=0.4323
  epoch  26/50  loss=0.3714  bal_acc=0.4132
  epoch  27/50  loss=0.3713  bal_acc=0.4219
  epoch  28/50  loss=0.3563  bal_acc=0.4236
  epoch  29/50  loss=0.3480  bal_acc=0.3976
  epoch  30/50  loss=0.3571  bal_acc=0.3924
  epoch  31/50  loss=0.3321  bal_acc=0.4444
  epoch  32/50  loss=0.3316  bal_acc=0.4219
  epoch  33/50  loss=0.3239  bal_acc=0.4028
  epoch  34/50  loss=0.3179  bal_acc=0.4792
  epoch  35/50  loss=0.3072  bal_acc=0.4410
  epoch  36/50  loss=0.3021  bal_acc=0.4444
  epoch  37/50  loss=0.2930  bal_acc=0.4531
  epoch  38/50  loss=0.2869  bal_acc=0.4080
  epoch  39/50  loss=0.2882  bal_acc=0.4375
  epoch  40/50  loss=0.2924  bal_acc=0.4028
  epoch  41/50  loss=0.2733  bal_acc=0.4062
  epoch  42/50  loss=0.2864  bal_acc=0.4045
  epoch  43/50  loss=0.2668  bal_acc=0.4062
  epoch  44/50  loss=0.2570  bal_acc=0.4219
  epoch  45/50  loss=0.2552  bal_acc=0.3837
  epoch  46/50  loss=0.2535  bal_acc=0.3889
  epoch  47/50  loss=0.2489  bal_acc=0.3941
  epoch  48/50  loss=0.2528  bal_acc=0.4410
  epoch  49/50  loss=0.2473  bal_acc=0.4236
  epoch  50/50  loss=0.2292  bal_acc=0.3889
  [LOSO 6/9] subject 5: acc=0.3889  running_mean=0.4968

=== LOSO (hold out subject 6) ===
  Train: 4608 trials  |  Test: 576 trials
  Model params: 9,051
  epoch   1/50  loss=1.3269  bal_acc=0.4479
  epoch   2/50  loss=1.1861  bal_acc=0.5139
  epoch   3/50  loss=1.0692  bal_acc=0.5694
  epoch   4/50  loss=0.9604  bal_acc=0.5816
  epoch   5/50  loss=0.8863  bal_acc=0.6128
  epoch   6/50  loss=0.8222  bal_acc=0.5764
  epoch   7/50  loss=0.7807  bal_acc=0.6042
  epoch   8/50  loss=0.7517  bal_acc=0.6285
  epoch   9/50  loss=0.7096  bal_acc=0.6319
  epoch  10/50  loss=0.6869  bal_acc=0.5885
  epoch  11/50  loss=0.6542  bal_acc=0.5955
  epoch  12/50  loss=0.6279  bal_acc=0.6285
  epoch  13/50  loss=0.6096  bal_acc=0.6076
  epoch  14/50  loss=0.5822  bal_acc=0.6094
  epoch  15/50  loss=0.5764  bal_acc=0.6181
  epoch  16/50  loss=0.5531  bal_acc=0.6285
  epoch  17/50  loss=0.5441  bal_acc=0.6198
  epoch  18/50  loss=0.5295  bal_acc=0.6441
  epoch  19/50  loss=0.5066  bal_acc=0.6285
  epoch  20/50  loss=0.4985  bal_acc=0.6181
  epoch  21/50  loss=0.4834  bal_acc=0.6476
  epoch  22/50  loss=0.4799  bal_acc=0.6198
  epoch  23/50  loss=0.4573  bal_acc=0.6128
  epoch  24/50  loss=0.4441  bal_acc=0.6406
  epoch  25/50  loss=0.4400  bal_acc=0.5712
  epoch  26/50  loss=0.4354  bal_acc=0.6319
  epoch  27/50  loss=0.4256  bal_acc=0.6441
  epoch  28/50  loss=0.4129  bal_acc=0.6649
  epoch  29/50  loss=0.4073  bal_acc=0.6215
  epoch  30/50  loss=0.4012  bal_acc=0.6302
  epoch  31/50  loss=0.3799  bal_acc=0.6250
  epoch  32/50  loss=0.3850  bal_acc=0.6059
  epoch  33/50  loss=0.3784  bal_acc=0.6372
  epoch  34/50  loss=0.3643  bal_acc=0.6406
  epoch  35/50  loss=0.3629  bal_acc=0.6267
  epoch  36/50  loss=0.3505  bal_acc=0.5903
  epoch  37/50  loss=0.3436  bal_acc=0.6233
  epoch  38/50  loss=0.3490  bal_acc=0.6406
  epoch  39/50  loss=0.3305  bal_acc=0.6285
  epoch  40/50  loss=0.3288  bal_acc=0.5885
  epoch  41/50  loss=0.3224  bal_acc=0.6076
  epoch  42/50  loss=0.3285  bal_acc=0.6493
  epoch  43/50  loss=0.3203  bal_acc=0.6007
  epoch  44/50  loss=0.3025  bal_acc=0.5833
  epoch  45/50  loss=0.3110  bal_acc=0.6163
  epoch  46/50  loss=0.3032  bal_acc=0.6128
  epoch  47/50  loss=0.2911  bal_acc=0.6198
  epoch  48/50  loss=0.2927  bal_acc=0.6406
  epoch  49/50  loss=0.2864  bal_acc=0.5920
  epoch  50/50  loss=0.2832  bal_acc=0.5920
  [LOSO 7/9] subject 6: acc=0.5920  running_mean=0.5104

=== LOSO (hold out subject 7) ===
  Train: 4608 trials  |  Test: 576 trials
  Model params: 9,051
  epoch   1/50  loss=1.3439  bal_acc=0.4132
  epoch   2/50  loss=1.2016  bal_acc=0.4809
  epoch   3/50  loss=1.0764  bal_acc=0.5312
  epoch   4/50  loss=0.9928  bal_acc=0.5625
  epoch   5/50  loss=0.9216  bal_acc=0.6233
  epoch   6/50  loss=0.8607  bal_acc=0.6076
  epoch   7/50  loss=0.8123  bal_acc=0.6076
  epoch   8/50  loss=0.7733  bal_acc=0.6389
  epoch   9/50  loss=0.7411  bal_acc=0.6128
  epoch  10/50  loss=0.7140  bal_acc=0.6198
  epoch  11/50  loss=0.6895  bal_acc=0.6285
  epoch  12/50  loss=0.6629  bal_acc=0.6233
  epoch  13/50  loss=0.6473  bal_acc=0.6285
  epoch  14/50  loss=0.6193  bal_acc=0.6128
  epoch  15/50  loss=0.6010  bal_acc=0.6146
  epoch  16/50  loss=0.5941  bal_acc=0.6215
  epoch  17/50  loss=0.5750  bal_acc=0.6215
  epoch  18/50  loss=0.5630  bal_acc=0.6354
  epoch  19/50  loss=0.5440  bal_acc=0.6059
  epoch  20/50  loss=0.5362  bal_acc=0.6476
  epoch  21/50  loss=0.5214  bal_acc=0.6302
  epoch  22/50  loss=0.5025  bal_acc=0.6406
  epoch  23/50  loss=0.4938  bal_acc=0.6354
  epoch  24/50  loss=0.4874  bal_acc=0.6319
  epoch  25/50  loss=0.4891  bal_acc=0.6111
  epoch  26/50  loss=0.4685  bal_acc=0.6337
  epoch  27/50  loss=0.4624  bal_acc=0.6510
  epoch  28/50  loss=0.4451  bal_acc=0.6302
  epoch  29/50  loss=0.4378  bal_acc=0.6545
  epoch  30/50  loss=0.4258  bal_acc=0.6441
  epoch  31/50  loss=0.4214  bal_acc=0.6719
  epoch  32/50  loss=0.4320  bal_acc=0.6424
  epoch  33/50  loss=0.4185  bal_acc=0.6111
  epoch  34/50  loss=0.4134  bal_acc=0.6441
  epoch  35/50  loss=0.4016  bal_acc=0.6319
  epoch  36/50  loss=0.3915  bal_acc=0.6337
  epoch  37/50  loss=0.3996  bal_acc=0.6267
  epoch  38/50  loss=0.3772  bal_acc=0.6649
  epoch  39/50  loss=0.3614  bal_acc=0.6337
  epoch  40/50  loss=0.3637  bal_acc=0.6181
  epoch  41/50  loss=0.3651  bal_acc=0.6163
  epoch  42/50  loss=0.3436  bal_acc=0.6372
  epoch  43/50  loss=0.3522  bal_acc=0.6076
  epoch  44/50  loss=0.3435  bal_acc=0.6250
  epoch  45/50  loss=0.3369  bal_acc=0.6528
  epoch  46/50  loss=0.3376  bal_acc=0.6406
  epoch  47/50  loss=0.3189  bal_acc=0.6406
  epoch  48/50  loss=0.3270  bal_acc=0.6354
  epoch  49/50  loss=0.3134  bal_acc=0.6319
  epoch  50/50  loss=0.3168  bal_acc=0.6250
  [LOSO 8/9] subject 7: acc=0.6250  running_mean=0.5247

=== LOSO (hold out subject 8) ===
  Train: 4608 trials  |  Test: 576 trials
  Model params: 9,051
  epoch   1/50  loss=1.3291  bal_acc=0.3524
  epoch   2/50  loss=1.1581  bal_acc=0.4323
  epoch   3/50  loss=1.0245  bal_acc=0.4618
  epoch   4/50  loss=0.9253  bal_acc=0.5243
  epoch   5/50  loss=0.8476  bal_acc=0.4948
  epoch   6/50  loss=0.7928  bal_acc=0.5139
  epoch   7/50  loss=0.7426  bal_acc=0.5417
  epoch   8/50  loss=0.7089  bal_acc=0.5486
  epoch   9/50  loss=0.6756  bal_acc=0.5590
  epoch  10/50  loss=0.6450  bal_acc=0.5521
  epoch  11/50  loss=0.6198  bal_acc=0.5660
  epoch  12/50  loss=0.5988  bal_acc=0.5851
  epoch  13/50  loss=0.5788  bal_acc=0.5469
  epoch  14/50  loss=0.5574  bal_acc=0.5538
  epoch  15/50  loss=0.5386  bal_acc=0.5417
  epoch  16/50  loss=0.5357  bal_acc=0.5799
  epoch  17/50  loss=0.5126  bal_acc=0.5399
  epoch  18/50  loss=0.4982  bal_acc=0.5469
  epoch  19/50  loss=0.4768  bal_acc=0.5799
  epoch  20/50  loss=0.4785  bal_acc=0.5469
  epoch  21/50  loss=0.4621  bal_acc=0.5694
  epoch  22/50  loss=0.4461  bal_acc=0.5399
  epoch  23/50  loss=0.4327  bal_acc=0.5399
  epoch  24/50  loss=0.4380  bal_acc=0.5260
  epoch  25/50  loss=0.4157  bal_acc=0.5764
  epoch  26/50  loss=0.4086  bal_acc=0.5694
  epoch  27/50  loss=0.4039  bal_acc=0.5660
  epoch  28/50  loss=0.3862  bal_acc=0.5799
  epoch  29/50  loss=0.3930  bal_acc=0.5833
  epoch  30/50  loss=0.3694  bal_acc=0.6024
  epoch  31/50  loss=0.3657  bal_acc=0.5747
  epoch  32/50  loss=0.3620  bal_acc=0.5590
  epoch  33/50  loss=0.3475  bal_acc=0.5642
  epoch  34/50  loss=0.3439  bal_acc=0.5903
  epoch  35/50  loss=0.3331  bal_acc=0.5816
  epoch  36/50  loss=0.3318  bal_acc=0.5868
  epoch  37/50  loss=0.3361  bal_acc=0.5677
  epoch  38/50  loss=0.3135  bal_acc=0.5694
  epoch  39/50  loss=0.3147  bal_acc=0.5816
  epoch  40/50  loss=0.3106  bal_acc=0.5885
  epoch  41/50  loss=0.3005  bal_acc=0.5955
  epoch  42/50  loss=0.3019  bal_acc=0.5677
  epoch  43/50  loss=0.2968  bal_acc=0.6181
  epoch  44/50  loss=0.2952  bal_acc=0.5747
  epoch  45/50  loss=0.2799  bal_acc=0.5347
  epoch  46/50  loss=0.2712  bal_acc=0.6163
  epoch  47/50  loss=0.2731  bal_acc=0.5851
  epoch  48/50  loss=0.2825  bal_acc=0.5694
  epoch  49/50  loss=0.2774  bal_acc=0.5747
  epoch  50/50  loss=0.2626  bal_acc=0.5938
  [LOSO 9/9] subject 8: acc=0.5938  running_mean=0.5324
Results saved to results/BNCI2014_001/results_trial_71.json
Trial logged to results/BNCI2014_001/trials.csv
[status] trial 71 done (state=COMPLETE, value=0.5324074074074074) -- 64 completed total
Device: cuda
[BNCI2014_001] loading from cache: /home/aleksander.berezowsk/.cache/spiking_eegnet/BNCI2014_001_af1ccf3e92f684d8a93c057082b654d7.npz
[BNCI2014_001] cache hit: (5184, 1, 22, 1001), classes=['feet', 'left_hand', 'right_hand', 'tongue'], subjects=9
Dataset meta: {'n_classes': 4, 'n_channels': 22, 'n_samples': 1001, 'class_names': ['feet', 'left_hand', 'right_hand', 'tongue'], 'subject_list': [1, 2, 3, 4, 5, 6, 7, 8, 9], 'n_subjects': 9, 'sfreq': 250.0}

=== LOSO (hold out subject 0) ===
  Train: 4608 trials  |  Test: 576 trials
  Model params: 30,938
  epoch   1/50  loss=1.3587  bal_acc=0.3403
  epoch   2/50  loss=1.2870  bal_acc=0.4062
  epoch   3/50  loss=1.2291  bal_acc=0.3941
  epoch   4/50  loss=1.1798  bal_acc=0.3993
  epoch   5/50  loss=1.1412  bal_acc=0.4201
  epoch   6/50  loss=1.0995  bal_acc=0.4340
  epoch   7/50  loss=1.0688  bal_acc=0.4323
  epoch   8/50  loss=1.0380  bal_acc=0.4410
  epoch   9/50  loss=1.0072  bal_acc=0.4601
  epoch  10/50  loss=0.9852  bal_acc=0.4722
  epoch  11/50  loss=0.9646  bal_acc=0.4531
  epoch  12/50  loss=0.9359  bal_acc=0.4618
  epoch  13/50  loss=0.9190  bal_acc=0.4670
  epoch  14/50  loss=0.9065  bal_acc=0.4826
  epoch  15/50  loss=0.8873  bal_acc=0.4861
  epoch  16/50  loss=0.8664  bal_acc=0.4635
  epoch  17/50  loss=0.8580  bal_acc=0.4705
  epoch  18/50  loss=0.8383  bal_acc=0.4722
  epoch  19/50  loss=0.8218  bal_acc=0.4427
  epoch  20/50  loss=0.8081  bal_acc=0.4792
  epoch  21/50  loss=0.8019  bal_acc=0.4809
  epoch  22/50  loss=0.7730  bal_acc=0.4722
  epoch  23/50  loss=0.7658  bal_acc=0.4809
  epoch  24/50  loss=0.7549  bal_acc=0.4774
  epoch  25/50  loss=0.7388  bal_acc=0.4705
  epoch  26/50  loss=0.7325  bal_acc=0.4913
  epoch  27/50  loss=0.7121  bal_acc=0.4826
  epoch  28/50  loss=0.7116  bal_acc=0.4774
  epoch  29/50  loss=0.6903  bal_acc=0.4757
  epoch  30/50  loss=0.6754  bal_acc=0.4878
  epoch  31/50  loss=0.6728  bal_acc=0.5052
  epoch  32/50  loss=0.6674  bal_acc=0.4878
  epoch  33/50  loss=0.6613  bal_acc=0.4965
  epoch  34/50  loss=0.6359  bal_acc=0.4896
  epoch  35/50  loss=0.6344  bal_acc=0.4965
  epoch  36/50  loss=0.6252  bal_acc=0.4965
  epoch  37/50  loss=0.6175  bal_acc=0.5000
  epoch  38/50  loss=0.6086  bal_acc=0.5156
  epoch  39/50  loss=0.6053  bal_acc=0.5243
  epoch  40/50  loss=0.5921  bal_acc=0.5052
  epoch  41/50  loss=0.5947  bal_acc=0.4896
  epoch  42/50  loss=0.5826  bal_acc=0.5069
  epoch  43/50  loss=0.5789  bal_acc=0.5295
  epoch  44/50  loss=0.5746  bal_acc=0.5208
  epoch  45/50  loss=0.5688  bal_acc=0.5347
  epoch  46/50  loss=0.5536  bal_acc=0.5104
  epoch  47/50  loss=0.5474  bal_acc=0.5052
  epoch  48/50  loss=0.5367  bal_acc=0.5312
  epoch  49/50  loss=0.5298  bal_acc=0.5417
  epoch  50/50  loss=0.5233  bal_acc=0.5312
  [LOSO 1/9] subject 0: acc=0.5312  running_mean=0.5312

=== LOSO (hold out subject 1) ===
  Train: 4608 trials  |  Test: 576 trials
  Model params: 30,938
  epoch   1/50  loss=1.3635  bal_acc=0.3420
  epoch   2/50  loss=1.2944  bal_acc=0.3542
  epoch   3/50  loss=1.2370  bal_acc=0.3698
  epoch   4/50  loss=1.1857  bal_acc=0.3576
  epoch   5/50  loss=1.1257  bal_acc=0.3594
  epoch   6/50  loss=1.0797  bal_acc=0.3594
  epoch   7/50  loss=1.0309  bal_acc=0.3750
  epoch   8/50  loss=0.9945  bal_acc=0.3958
  epoch   9/50  loss=0.9634  bal_acc=0.3976
  epoch  10/50  loss=0.9214  bal_acc=0.3785
  epoch  11/50  loss=0.8971  bal_acc=0.4253
  epoch  12/50  loss=0.8743  bal_acc=0.4062
  epoch  13/50  loss=0.8500  bal_acc=0.4323
  epoch  14/50  loss=0.8226  bal_acc=0.4306
  epoch  15/50  loss=0.8080  bal_acc=0.4427
  epoch  16/50  loss=0.7975  bal_acc=0.4184
  epoch  17/50  loss=0.7813  bal_acc=0.4201
  epoch  18/50  loss=0.7604  bal_acc=0.3802
  epoch  19/50  loss=0.7496  bal_acc=0.4080
  epoch  20/50  loss=0.7393  bal_acc=0.3941
  epoch  21/50  loss=0.7308  bal_acc=0.4253
  epoch  22/50  loss=0.7126  bal_acc=0.4358
  epoch  23/50  loss=0.7065  bal_acc=0.4236
  epoch  24/50  loss=0.6861  bal_acc=0.4358
  epoch  25/50  loss=0.6661  bal_acc=0.4253
  epoch  26/50  loss=0.6608  bal_acc=0.4392
  epoch  27/50  loss=0.6416  bal_acc=0.4514
  epoch  28/50  loss=0.6385  bal_acc=0.4410
  epoch  29/50  loss=0.6303  bal_acc=0.4375
  epoch  30/50  loss=0.6184  bal_acc=0.4479
  epoch  31/50  loss=0.6088  bal_acc=0.4410
  epoch  32/50  loss=0.6082  bal_acc=0.4392
  epoch  33/50  loss=0.5830  bal_acc=0.4462
  epoch  34/50  loss=0.5944  bal_acc=0.4531
  epoch  35/50  loss=0.5934  bal_acc=0.4497
  epoch  36/50  loss=0.5766  bal_acc=0.4479
  epoch  37/50  loss=0.5606  bal_acc=0.4340
  epoch  38/50  loss=0.5657  bal_acc=0.4479
  epoch  39/50  loss=0.5497  bal_acc=0.4427
  epoch  40/50  loss=0.5429  bal_acc=0.4253
  epoch  41/50  loss=0.5359  bal_acc=0.4601
  epoch  42/50  loss=0.5276  bal_acc=0.4583
  epoch  43/50  loss=0.5223  bal_acc=0.4410
  epoch  44/50  loss=0.5195  bal_acc=0.4462
  epoch  45/50  loss=0.5106  bal_acc=0.4705
  epoch  46/50  loss=0.4941  bal_acc=0.4670
  epoch  47/50  loss=0.4923  bal_acc=0.4444
  epoch  48/50  loss=0.4948  bal_acc=0.4635
  epoch  49/50  loss=0.4820  bal_acc=0.4479
  epoch  50/50  loss=0.4856  bal_acc=0.4705
  [LOSO 2/9] subject 1: acc=0.4705  running_mean=0.5009

=== LOSO (hold out subject 2) ===
  Train: 4608 trials  |  Test: 576 trials
  Model params: 30,938
  epoch   1/50  loss=1.3749  bal_acc=0.3438
  epoch   2/50  loss=1.3131  bal_acc=0.3802
  epoch   3/50  loss=1.2659  bal_acc=0.4097
  epoch   4/50  loss=1.2249  bal_acc=0.4271
  epoch   5/50  loss=1.1876  bal_acc=0.4601
  epoch   6/50  loss=1.1551  bal_acc=0.4479
  epoch   7/50  loss=1.1184  bal_acc=0.4983
  epoch   8/50  loss=1.0908  bal_acc=0.4913
  epoch   9/50  loss=1.0658  bal_acc=0.5226
  epoch  10/50  loss=1.0493  bal_acc=0.4913
  epoch  11/50  loss=1.0176  bal_acc=0.4965
  epoch  12/50  loss=0.9932  bal_acc=0.5035
  epoch  13/50  loss=0.9733  bal_acc=0.5087
  epoch  14/50  loss=0.9502  bal_acc=0.5000
  epoch  15/50  loss=0.9312  bal_acc=0.4861
  epoch  16/50  loss=0.9092  bal_acc=0.5191
  epoch  17/50  loss=0.8918  bal_acc=0.5295
  epoch  18/50  loss=0.8743  bal_acc=0.5069
  epoch  19/50  loss=0.8530  bal_acc=0.5469
  epoch  20/50  loss=0.8372  bal_acc=0.5399
  epoch  21/50  loss=0.8267  bal_acc=0.5382
  epoch  22/50  loss=0.8060  bal_acc=0.5573
  epoch  23/50  loss=0.7967  bal_acc=0.5087
  epoch  24/50  loss=0.7665  bal_acc=0.5399
  epoch  25/50  loss=0.7635  bal_acc=0.5399
  epoch  26/50  loss=0.7616  bal_acc=0.5625
  epoch  27/50  loss=0.7433  bal_acc=0.5486
  epoch  28/50  loss=0.7268  bal_acc=0.5486
  epoch  29/50  loss=0.7209  bal_acc=0.5608
  epoch  30/50  loss=0.7146  bal_acc=0.5642
  epoch  31/50  loss=0.7060  bal_acc=0.5781
  epoch  32/50  loss=0.6954  bal_acc=0.5642
  epoch  33/50  loss=0.6810  bal_acc=0.5729
  epoch  34/50  loss=0.6630  bal_acc=0.5990
  epoch  35/50  loss=0.6606  bal_acc=0.5538
  epoch  36/50  loss=0.6527  bal_acc=0.5972
  epoch  37/50  loss=0.6497  bal_acc=0.5573
  epoch  38/50  loss=0.6502  bal_acc=0.5521
  epoch  39/50  loss=0.6349  bal_acc=0.5799
  epoch  40/50  loss=0.6240  bal_acc=0.5642
  epoch  41/50  loss=0.6152  bal_acc=0.5625
  epoch  42/50  loss=0.6095  bal_acc=0.5747
  epoch  43/50  loss=0.6043  bal_acc=0.5885
  epoch  44/50  loss=0.5927  bal_acc=0.5851
  epoch  45/50  loss=0.5904  bal_acc=0.5625
  epoch  46/50  loss=0.5773  bal_acc=0.5712
  epoch  47/50  loss=0.5722  bal_acc=0.5833
  epoch  48/50  loss=0.5668  bal_acc=0.6042
  epoch  49/50  loss=0.5723  bal_acc=0.5781
  epoch  50/50  loss=0.5543  bal_acc=0.6198
  [LOSO 3/9] subject 2: acc=0.6198  running_mean=0.5405

=== LOSO (hold out subject 3) ===
  Train: 4608 trials  |  Test: 576 trials
  Model params: 30,938
  epoch   1/50  loss=1.3553  bal_acc=0.3785
  epoch   2/50  loss=1.2824  bal_acc=0.3681
  epoch   3/50  loss=1.2379  bal_acc=0.3854
  epoch   4/50  loss=1.1768  bal_acc=0.4028
  epoch   5/50  loss=1.1342  bal_acc=0.3663
  epoch   6/50  loss=1.0933  bal_acc=0.4132
  epoch   7/50  loss=1.0640  bal_acc=0.4115
  epoch   8/50  loss=1.0310  bal_acc=0.4149
  epoch   9/50  loss=0.9957  bal_acc=0.4323
  epoch  10/50  loss=0.9815  bal_acc=0.4427
  epoch  11/50  loss=0.9523  bal_acc=0.4358
  epoch  12/50  loss=0.9295  bal_acc=0.4358
  epoch  13/50  loss=0.9004  bal_acc=0.4184
  epoch  14/50  loss=0.8788  bal_acc=0.4688
  epoch  15/50  loss=0.8600  bal_acc=0.4479
  epoch  16/50  loss=0.8401  bal_acc=0.4670
  epoch  17/50  loss=0.8194  bal_acc=0.4670
  epoch  18/50  loss=0.8077  bal_acc=0.4427
  epoch  19/50  loss=0.7857  bal_acc=0.4392
  epoch  20/50  loss=0.7668  bal_acc=0.4792
  epoch  21/50  loss=0.7484  bal_acc=0.4323
  epoch  22/50  loss=0.7352  bal_acc=0.4497
  epoch  23/50  loss=0.7209  bal_acc=0.4601
  epoch  24/50  loss=0.7081  bal_acc=0.4774
  epoch  25/50  loss=0.6987  bal_acc=0.4792
  epoch  26/50  loss=0.6868  bal_acc=0.4688
  epoch  27/50  loss=0.6759  bal_acc=0.4688
  epoch  28/50  loss=0.6676  bal_acc=0.4670
  epoch  29/50  loss=0.6569  bal_acc=0.4705
  epoch  30/50  loss=0.6524  bal_acc=0.4878
  epoch  31/50  loss=0.6320  bal_acc=0.4757
  epoch  32/50  loss=0.6219  bal_acc=0.4635
  epoch  33/50  loss=0.6105  bal_acc=0.4705
  epoch  34/50  loss=0.6034  bal_acc=0.4878
  epoch  35/50  loss=0.5923  bal_acc=0.4896
  epoch  36/50  loss=0.5819  bal_acc=0.4722
  epoch  37/50  loss=0.5905  bal_acc=0.4705
  epoch  38/50  loss=0.5711  bal_acc=0.4792
  epoch  39/50  loss=0.5648  bal_acc=0.4844
  epoch  40/50  loss=0.5582  bal_acc=0.4809
  epoch  41/50  loss=0.5585  bal_acc=0.4983
  epoch  42/50  loss=0.5517  bal_acc=0.4931
  epoch  43/50  loss=0.5421  bal_acc=0.4844
  epoch  44/50  loss=0.5286  bal_acc=0.4844
  epoch  45/50  loss=0.5163  bal_acc=0.4896
  epoch  46/50  loss=0.5046  bal_acc=0.4740
  epoch  47/50  loss=0.5113  bal_acc=0.4774
  epoch  48/50  loss=0.4962  bal_acc=0.4844
  epoch  49/50  loss=0.4954  bal_acc=0.4774
  epoch  50/50  loss=0.4805  bal_acc=0.5017
  [LOSO 4/9] subject 3: acc=0.5017  running_mean=0.5308

=== LOSO (hold out subject 4) ===
  Train: 4608 trials  |  Test: 576 trials
  Model params: 30,938
  epoch   1/50  loss=1.3649  bal_acc=0.2969
  epoch   2/50  loss=1.2874  bal_acc=0.3090
  epoch   3/50  loss=1.2322  bal_acc=0.3090
  epoch   4/50  loss=1.1823  bal_acc=0.3056
  epoch   5/50  loss=1.1434  bal_acc=0.2743
  epoch   6/50  loss=1.1036  bal_acc=0.3038
  epoch   7/50  loss=1.0659  bal_acc=0.3455
  epoch   8/50  loss=1.0333  bal_acc=0.3785
  epoch   9/50  loss=0.9968  bal_acc=0.3837
  epoch  10/50  loss=0.9758  bal_acc=0.3715
  epoch  11/50  loss=0.9624  bal_acc=0.3785
  epoch  12/50  loss=0.9223  bal_acc=0.3819
  epoch  13/50  loss=0.9031  bal_acc=0.3924
  epoch  14/50  loss=0.8797  bal_acc=0.4236
  epoch  15/50  loss=0.8546  bal_acc=0.4375
  epoch  16/50  loss=0.8512  bal_acc=0.4340
  epoch  17/50  loss=0.8350  bal_acc=0.4549
  epoch  18/50  loss=0.8069  bal_acc=0.4462
  epoch  19/50  loss=0.7975  bal_acc=0.4497
  epoch  20/50  loss=0.7858  bal_acc=0.4896
  epoch  21/50  loss=0.7686  bal_acc=0.4635
  epoch  22/50  loss=0.7511  bal_acc=0.4635
  epoch  23/50  loss=0.7399  bal_acc=0.4566
  epoch  24/50  loss=0.7318  bal_acc=0.4705
  epoch  25/50  loss=0.7221  bal_acc=0.4618
  epoch  26/50  loss=0.7099  bal_acc=0.4549
  epoch  27/50  loss=0.6870  bal_acc=0.4653
  epoch  28/50  loss=0.6840  bal_acc=0.5069
  epoch  29/50  loss=0.6684  bal_acc=0.4549
  epoch  30/50  loss=0.6533  bal_acc=0.4774
  epoch  31/50  loss=0.6568  bal_acc=0.4410
  epoch  32/50  loss=0.6319  bal_acc=0.4740
  epoch  33/50  loss=0.6302  bal_acc=0.4462
  epoch  34/50  loss=0.6257  bal_acc=0.4844
  epoch  35/50  loss=0.6167  bal_acc=0.4861
  epoch  36/50  loss=0.5989  bal_acc=0.4722
  epoch  37/50  loss=0.5997  bal_acc=0.5069
  epoch  38/50  loss=0.6007  bal_acc=0.5191
  epoch  39/50  loss=0.5884  bal_acc=0.4826
  epoch  40/50  loss=0.5747  bal_acc=0.5017
  epoch  41/50  loss=0.5583  bal_acc=0.4931
  epoch  42/50  loss=0.5480  bal_acc=0.4948
  epoch  43/50  loss=0.5461  bal_acc=0.5069
  epoch  44/50  loss=0.5498  bal_acc=0.5365
  epoch  45/50  loss=0.5366  bal_acc=0.4757
  epoch  46/50  loss=0.5255  bal_acc=0.4774
  epoch  47/50  loss=0.5230  bal_acc=0.5087
  epoch  48/50  loss=0.5139  bal_acc=0.5174
  epoch  49/50  loss=0.5104  bal_acc=0.5104
  epoch  50/50  loss=0.5078  bal_acc=0.5052
  [LOSO 5/9] subject 4: acc=0.5052  running_mean=0.5257

=== LOSO (hold out subject 5) ===
  Train: 4608 trials  |  Test: 576 trials
  Model params: 30,938
  epoch   1/50  loss=1.3501  bal_acc=0.3976
  epoch   2/50  loss=1.2441  bal_acc=0.3889
  epoch   3/50  loss=1.1532  bal_acc=0.4340
  epoch   4/50  loss=1.0894  bal_acc=0.4462
  epoch   5/50  loss=1.0438  bal_acc=0.4444
  epoch   6/50  loss=1.0051  bal_acc=0.4410
  epoch   7/50  loss=0.9596  bal_acc=0.4514
  epoch   8/50  loss=0.9417  bal_acc=0.4618
  epoch   9/50  loss=0.9181  bal_acc=0.4618
  epoch  10/50  loss=0.8928  bal_acc=0.4705
  epoch  11/50  loss=0.8726  bal_acc=0.4479
  epoch  12/50  loss=0.8434  bal_acc=0.4722
  epoch  13/50  loss=0.8277  bal_acc=0.4688
  epoch  14/50  loss=0.8163  bal_acc=0.4549
  epoch  15/50  loss=0.7910  bal_acc=0.4583
  epoch  16/50  loss=0.7787  bal_acc=0.4462
  epoch  17/50  loss=0.7576  bal_acc=0.4549
  epoch  18/50  loss=0.7410  bal_acc=0.4601
  epoch  19/50  loss=0.7235  bal_acc=0.4583
  epoch  20/50  loss=0.7152  bal_acc=0.4618
  epoch  21/50  loss=0.6993  bal_acc=0.4635
  epoch  22/50  loss=0.6902  bal_acc=0.4479
  epoch  23/50  loss=0.6767  bal_acc=0.4427
  epoch  24/50  loss=0.6599  bal_acc=0.4688
  epoch  25/50  loss=0.6524  bal_acc=0.4653
  epoch  26/50  loss=0.6506  bal_acc=0.4740
  epoch  27/50  loss=0.6379  bal_acc=0.4809
  epoch  28/50  loss=0.6210  bal_acc=0.4601
  epoch  29/50  loss=0.6055  bal_acc=0.4583
  epoch  30/50  loss=0.5988  bal_acc=0.4722
  epoch  31/50  loss=0.6001  bal_acc=0.4601
  epoch  32/50  loss=0.5887  bal_acc=0.4688
  epoch  33/50  loss=0.5739  bal_acc=0.4722
  epoch  34/50  loss=0.5701  bal_acc=0.4583
  epoch  35/50  loss=0.5599  bal_acc=0.4653
  epoch  36/50  loss=0.5577  bal_acc=0.4653
  epoch  37/50  loss=0.5443  bal_acc=0.4670
  epoch  38/50  loss=0.5294  bal_acc=0.4462
  epoch  39/50  loss=0.5355  bal_acc=0.4410
  epoch  40/50  loss=0.5222  bal_acc=0.4601
  epoch  41/50  loss=0.5249  bal_acc=0.4531
  epoch  42/50  loss=0.5100  bal_acc=0.4549
  epoch  43/50  loss=0.5147  bal_acc=0.4549
  epoch  44/50  loss=0.4959  bal_acc=0.4549
  epoch  45/50  loss=0.4923  bal_acc=0.4688
  epoch  46/50  loss=0.4993  bal_acc=0.4618
  epoch  47/50  loss=0.4758  bal_acc=0.4514
  epoch  48/50  loss=0.4795  bal_acc=0.4583
  epoch  49/50  loss=0.4664  bal_acc=0.4444
  epoch  50/50  loss=0.4679  bal_acc=0.4479
  [LOSO 6/9] subject 5: acc=0.4479  running_mean=0.5127

=== LOSO (hold out subject 6) ===
  Train: 4608 trials  |  Test: 576 trials
  Model params: 30,938
  epoch   1/50  loss=1.3666  bal_acc=0.3872
  epoch   2/50  loss=1.2999  bal_acc=0.3611
  epoch   3/50  loss=1.2592  bal_acc=0.4323
  epoch   4/50  loss=1.2094  bal_acc=0.4549
  epoch   5/50  loss=1.1628  bal_acc=0.5069
  epoch   6/50  loss=1.1145  bal_acc=0.5069
  epoch   7/50  loss=1.0785  bal_acc=0.5243
  epoch   8/50  loss=1.0451  bal_acc=0.5451
  epoch   9/50  loss=1.0119  bal_acc=0.5330
  epoch  10/50  loss=0.9969  bal_acc=0.5382
  epoch  11/50  loss=0.9690  bal_acc=0.5521
  epoch  12/50  loss=0.9517  bal_acc=0.5538
  epoch  13/50  loss=0.9281  bal_acc=0.5660
  epoch  14/50  loss=0.9113  bal_acc=0.5451
  epoch  15/50  loss=0.8833  bal_acc=0.5486
  epoch  16/50  loss=0.8727  bal_acc=0.5538
  epoch  17/50  loss=0.8694  bal_acc=0.5781
  epoch  18/50  loss=0.8412  bal_acc=0.5694
  epoch  19/50  loss=0.8382  bal_acc=0.5677
  epoch  20/50  loss=0.8116  bal_acc=0.5677
  epoch  21/50  loss=0.8047  bal_acc=0.5851
  epoch  22/50  loss=0.7908  bal_acc=0.5538
  epoch  23/50  loss=0.7758  bal_acc=0.5972
  epoch  24/50  loss=0.7597  bal_acc=0.5747
  epoch  25/50  loss=0.7486  bal_acc=0.5833
  epoch  26/50  loss=0.7333  bal_acc=0.5833
  epoch  27/50  loss=0.7209  bal_acc=0.5608
  epoch  28/50  loss=0.7084  bal_acc=0.5833
  epoch  29/50  loss=0.7143  bal_acc=0.5868
  epoch  30/50  loss=0.7007  bal_acc=0.5955
  epoch  31/50  loss=0.6871  bal_acc=0.5764
  epoch  32/50  loss=0.6720  bal_acc=0.5729
  epoch  33/50  loss=0.6633  bal_acc=0.5903
  epoch  34/50  loss=0.6631  bal_acc=0.5521
  epoch  35/50  loss=0.6541  bal_acc=0.5486
  epoch  36/50  loss=0.6333  bal_acc=0.5347
  epoch  37/50  loss=0.6222  bal_acc=0.5625
  epoch  38/50  loss=0.6117  bal_acc=0.5608
  epoch  39/50  loss=0.6117  bal_acc=0.5590
  epoch  40/50  loss=0.6093  bal_acc=0.5469
  epoch  41/50  loss=0.5948  bal_acc=0.5451
  epoch  42/50  loss=0.5932  bal_acc=0.5399
  epoch  43/50  loss=0.5860  bal_acc=0.5417
  epoch  44/50  loss=0.5815  bal_acc=0.5104
  epoch  45/50  loss=0.5783  bal_acc=0.5469
  epoch  46/50  loss=0.5580  bal_acc=0.5677
  epoch  47/50  loss=0.5603  bal_acc=0.5486
  epoch  48/50  loss=0.5497  bal_acc=0.5694
  epoch  49/50  loss=0.5350  bal_acc=0.5191
  epoch  50/50  loss=0.5353  bal_acc=0.5295
  [LOSO 7/9] subject 6: acc=0.5295  running_mean=0.5151

=== LOSO (hold out subject 7) ===
  Train: 4608 trials  |  Test: 576 trials
  Model params: 30,938
  epoch   1/50  loss=1.3658  bal_acc=0.3316
  epoch   2/50  loss=1.2878  bal_acc=0.3698
  epoch   3/50  loss=1.2320  bal_acc=0.3872
  epoch   4/50  loss=1.1846  bal_acc=0.3941
  epoch   5/50  loss=1.1419  bal_acc=0.4080
  epoch   6/50  loss=1.1064  bal_acc=0.4566
  epoch   7/50  loss=1.0715  bal_acc=0.4410
  epoch   8/50  loss=1.0358  bal_acc=0.4514
  epoch   9/50  loss=1.0166  bal_acc=0.4566
  epoch  10/50  loss=0.9934  bal_acc=0.4271
  epoch  11/50  loss=0.9805  bal_acc=0.4462
  epoch  12/50  loss=0.9603  bal_acc=0.4375
  epoch  13/50  loss=0.9325  bal_acc=0.4514
  epoch  14/50  loss=0.9252  bal_acc=0.4444
  epoch  15/50  loss=0.9121  bal_acc=0.4705
  epoch  16/50  loss=0.8919  bal_acc=0.4583
  epoch  17/50  loss=0.8856  bal_acc=0.4688
  epoch  18/50  loss=0.8591  bal_acc=0.4601
  epoch  19/50  loss=0.8505  bal_acc=0.4774
  epoch  20/50  loss=0.8437  bal_acc=0.4566
  epoch  21/50  loss=0.8179  bal_acc=0.4653
  epoch  22/50  loss=0.8089  bal_acc=0.4688
  epoch  23/50  loss=0.7935  bal_acc=0.4722
  epoch  24/50  loss=0.7825  bal_acc=0.4861
  epoch  25/50  loss=0.7695  bal_acc=0.4861
  epoch  26/50  loss=0.7602  bal_acc=0.5000
  epoch  27/50  loss=0.7567  bal_acc=0.5052
  epoch  28/50  loss=0.7459  bal_acc=0.4844
  epoch  29/50  loss=0.7271  bal_acc=0.5156
  epoch  30/50  loss=0.7060  bal_acc=0.5087
  epoch  31/50  loss=0.6939  bal_acc=0.5017
  epoch  32/50  loss=0.7000  bal_acc=0.5156
  epoch  33/50  loss=0.6931  bal_acc=0.5000
  epoch  34/50  loss=0.6839  bal_acc=0.5174
  epoch  35/50  loss=0.6683  bal_acc=0.5122
  epoch  36/50  loss=0.6622  bal_acc=0.5069
  epoch  37/50  loss=0.6541  bal_acc=0.5226
  epoch  38/50  loss=0.6373  bal_acc=0.5330
  epoch  39/50  loss=0.6199  bal_acc=0.5503
  epoch  40/50  loss=0.6314  bal_acc=0.5278
  epoch  41/50  loss=0.6256  bal_acc=0.5382
  epoch  42/50  loss=0.6161  bal_acc=0.5278
  epoch  43/50  loss=0.6096  bal_acc=0.5382
  epoch  44/50  loss=0.6042  bal_acc=0.5399
  epoch  45/50  loss=0.6000  bal_acc=0.5347
  epoch  46/50  loss=0.5898  bal_acc=0.5608
  epoch  47/50  loss=0.5700  bal_acc=0.5451
  epoch  48/50  loss=0.5744  bal_acc=0.5156
  epoch  49/50  loss=0.5653  bal_acc=0.5226
  epoch  50/50  loss=0.5647  bal_acc=0.5347
  [LOSO 8/9] subject 7: acc=0.5347  running_mean=0.5176

=== LOSO (hold out subject 8) ===
  Train: 4608 trials  |  Test: 576 trials
  Model params: 30,938
  epoch   1/50  loss=1.3761  bal_acc=0.2882
  epoch   2/50  loss=1.3071  bal_acc=0.4010
  epoch   3/50  loss=1.2610  bal_acc=0.3420
  epoch   4/50  loss=1.2178  bal_acc=0.4132
  epoch   5/50  loss=1.1682  bal_acc=0.4080
  epoch   6/50  loss=1.1212  bal_acc=0.4323
  epoch   7/50  loss=1.0768  bal_acc=0.4410
  epoch   8/50  loss=1.0426  bal_acc=0.4427
  epoch   9/50  loss=1.0128  bal_acc=0.4479
  epoch  10/50  loss=0.9917  bal_acc=0.4340
  epoch  11/50  loss=0.9586  bal_acc=0.4427
  epoch  12/50  loss=0.9437  bal_acc=0.4288
  epoch  13/50  loss=0.9223  bal_acc=0.4288
  epoch  14/50  loss=0.9018  bal_acc=0.4253
  epoch  15/50  loss=0.8939  bal_acc=0.4288
  epoch  16/50  loss=0.8729  bal_acc=0.4288
  epoch  17/50  loss=0.8510  bal_acc=0.4566
  epoch  18/50  loss=0.8487  bal_acc=0.4444
  epoch  19/50  loss=0.8226  bal_acc=0.4479
  epoch  20/50  loss=0.8119  bal_acc=0.4601
  epoch  21/50  loss=0.7913  bal_acc=0.4705
  epoch  22/50  loss=0.7834  bal_acc=0.4410
  epoch  23/50  loss=0.7725  bal_acc=0.4583
  epoch  24/50  loss=0.7576  bal_acc=0.4792
  epoch  25/50  loss=0.7465  bal_acc=0.4635
  epoch  26/50  loss=0.7347  bal_acc=0.4774
  epoch  27/50  loss=0.7219  bal_acc=0.4740
  epoch  28/50  loss=0.7033  bal_acc=0.4601
  epoch  29/50  loss=0.6967  bal_acc=0.4844
  epoch  30/50  loss=0.6737  bal_acc=0.4878
  epoch  31/50  loss=0.6708  bal_acc=0.4948
  epoch  32/50  loss=0.6631  bal_acc=0.4931
  epoch  33/50  loss=0.6528  bal_acc=0.4774
  epoch  34/50  loss=0.6471  bal_acc=0.5156
  epoch  35/50  loss=0.6444  bal_acc=0.4931
  epoch  36/50  loss=0.6290  bal_acc=0.5052
  epoch  37/50  loss=0.6208  bal_acc=0.4896
  epoch  38/50  loss=0.6155  bal_acc=0.4983
  epoch  39/50  loss=0.6085  bal_acc=0.5139
  epoch  40/50  loss=0.5973  bal_acc=0.5000
  epoch  41/50  loss=0.5934  bal_acc=0.5017
  epoch  42/50  loss=0.5968  bal_acc=0.5243
  epoch  43/50  loss=0.5759  bal_acc=0.5365
  epoch  44/50  loss=0.5695  bal_acc=0.4965
  epoch  45/50  loss=0.5539  bal_acc=0.4983
  epoch  46/50  loss=0.5505  bal_acc=0.5000
  epoch  47/50  loss=0.5480  bal_acc=0.5156
  epoch  48/50  loss=0.5475  bal_acc=0.5035
  epoch  49/50  loss=0.5411  bal_acc=0.5191
  epoch  50/50  loss=0.5268  bal_acc=0.5347
  [LOSO 9/9] subject 8: acc=0.5347  running_mean=0.5195
Results saved to results/BNCI2014_001/results_trial_76.json
Trial logged to results/BNCI2014_001/trials.csv
[status] trial 76 done (state=COMPLETE, value=0.519483024691358) -- 67 completed total
Device: cuda
[BNCI2014_001] loading from cache: /home/aleksander.berezowsk/.cache/spiking_eegnet/BNCI2014_001_af1ccf3e92f684d8a93c057082b654d7.npz
[BNCI2014_001] cache hit: (5184, 1, 22, 1001), classes=['feet', 'left_hand', 'right_hand', 'tongue'], subjects=9
Dataset meta: {'n_classes': 4, 'n_channels': 22, 'n_samples': 1001, 'class_names': ['feet', 'left_hand', 'right_hand', 'tongue'], 'subject_list': [1, 2, 3, 4, 5, 6, 7, 8, 9], 'n_subjects': 9, 'sfreq': 250.0}

=== LOSO (hold out subject 0) ===
  Train: 4608 trials  |  Test: 576 trials
  Model params: 22,258
  epoch   1/50  loss=1.3573  bal_acc=0.3785
  epoch   2/50  loss=1.2426  bal_acc=0.4549
  epoch   3/50  loss=1.1020  bal_acc=0.5226
  epoch   4/50  loss=1.0000  bal_acc=0.5347
  epoch   5/50  loss=0.9200  bal_acc=0.5660
  epoch   6/50  loss=0.8580  bal_acc=0.5729
  epoch   7/50  loss=0.7950  bal_acc=0.5660
  epoch   8/50  loss=0.7391  bal_acc=0.5938
  epoch   9/50  loss=0.6876  bal_acc=0.6250
  epoch  10/50  loss=0.6415  bal_acc=0.6215
  epoch  11/50  loss=0.6037  bal_acc=0.6059
  epoch  12/50  loss=0.5804  bal_acc=0.6111
  epoch  13/50  loss=0.5407  bal_acc=0.6111
  epoch  14/50  loss=0.5091  bal_acc=0.5972
  epoch  15/50  loss=0.4880  bal_acc=0.6250
  epoch  16/50  loss=0.4654  bal_acc=0.6128
  epoch  17/50  loss=0.4473  bal_acc=0.6198
  epoch  18/50  loss=0.4339  bal_acc=0.6163
  epoch  19/50  loss=0.4186  bal_acc=0.6215
  epoch  20/50  loss=0.3964  bal_acc=0.5920
  epoch  21/50  loss=0.3788  bal_acc=0.6337
  epoch  22/50  loss=0.3689  bal_acc=0.6111
  epoch  23/50  loss=0.3485  bal_acc=0.5972
  epoch  24/50  loss=0.3424  bal_acc=0.5938
  epoch  25/50  loss=0.3213  bal_acc=0.6007
  epoch  26/50  loss=0.3072  bal_acc=0.5990
  epoch  27/50  loss=0.2975  bal_acc=0.5972
  epoch  28/50  loss=0.2903  bal_acc=0.5868
  epoch  29/50  loss=0.2719  bal_acc=0.6042
  epoch  30/50  loss=0.2638  bal_acc=0.6111
  epoch  31/50  loss=0.2488  bal_acc=0.5816
  epoch  32/50  loss=0.2556  bal_acc=0.5868
  epoch  33/50  loss=0.2383  bal_acc=0.5747
  epoch  34/50  loss=0.2301  bal_acc=0.5885
  epoch  35/50  loss=0.2234  bal_acc=0.6181
  epoch  36/50  loss=0.2097  bal_acc=0.5972
  epoch  37/50  loss=0.2035  bal_acc=0.6059
  epoch  38/50  loss=0.1944  bal_acc=0.5938
  epoch  39/50  loss=0.1941  bal_acc=0.5938
  epoch  40/50  loss=0.1857  bal_acc=0.6007
  epoch  41/50  loss=0.1747  bal_acc=0.6076
  epoch  42/50  loss=0.1718  bal_acc=0.5990
  epoch  43/50  loss=0.1573  bal_acc=0.5938
  epoch  44/50  loss=0.1572  bal_acc=0.6007
  epoch  45/50  loss=0.1531  bal_acc=0.5938
  epoch  46/50  loss=0.1488  bal_acc=0.6215
  epoch  47/50  loss=0.1526  bal_acc=0.5885
  epoch  48/50  loss=0.1441  bal_acc=0.5955
  epoch  49/50  loss=0.1387  bal_acc=0.5747
  epoch  50/50  loss=0.1265  bal_acc=0.5990
  [LOSO 1/9] subject 0: acc=0.5990  running_mean=0.5990

=== LOSO (hold out subject 1) ===
  Train: 4608 trials  |  Test: 576 trials
  Model params: 22,258
  epoch   1/50  loss=1.3297  bal_acc=0.3316
  epoch   2/50  loss=1.1517  bal_acc=0.3889
  epoch   3/50  loss=1.0178  bal_acc=0.3646
  epoch   4/50  loss=0.9119  bal_acc=0.4323
  epoch   5/50  loss=0.8388  bal_acc=0.4201
  epoch   6/50  loss=0.7796  bal_acc=0.4479
  epoch   7/50  loss=0.7209  bal_acc=0.4288
  epoch   8/50  loss=0.6840  bal_acc=0.4566
  epoch   9/50  loss=0.6341  bal_acc=0.4323
  epoch  10/50  loss=0.6040  bal_acc=0.4549
  epoch  11/50  loss=0.5707  bal_acc=0.4410
  epoch  12/50  loss=0.5329  bal_acc=0.4497
  epoch  13/50  loss=0.5140  bal_acc=0.4566
  epoch  14/50  loss=0.4871  bal_acc=0.4427
  epoch  15/50  loss=0.4651  bal_acc=0.4913
  epoch  16/50  loss=0.4469  bal_acc=0.4497
  epoch  17/50  loss=0.4277  bal_acc=0.4826
  epoch  18/50  loss=0.4097  bal_acc=0.4618
  epoch  19/50  loss=0.3875  bal_acc=0.4583
  epoch  20/50  loss=0.3743  bal_acc=0.4826
  epoch  21/50  loss=0.3568  bal_acc=0.4514
  epoch  22/50  loss=0.3523  bal_acc=0.4497
  epoch  23/50  loss=0.3289  bal_acc=0.4271
  epoch  24/50  loss=0.3164  bal_acc=0.4774
  epoch  25/50  loss=0.2986  bal_acc=0.4427
  epoch  26/50  loss=0.2926  bal_acc=0.4514
  epoch  27/50  loss=0.2767  bal_acc=0.4635
  epoch  28/50  loss=0.2696  bal_acc=0.4444
  epoch  29/50  loss=0.2545  bal_acc=0.4323
  epoch  30/50  loss=0.2454  bal_acc=0.4497
  epoch  31/50  loss=0.2401  bal_acc=0.4705
  epoch  32/50  loss=0.2270  bal_acc=0.4253
  epoch  33/50  loss=0.2233  bal_acc=0.4566
  epoch  34/50  loss=0.2192  bal_acc=0.4479
  epoch  35/50  loss=0.2071  bal_acc=0.4688
  epoch  36/50  loss=0.1971  bal_acc=0.4583
  epoch  37/50  loss=0.1934  bal_acc=0.4271
  epoch  38/50  loss=0.1864  bal_acc=0.4601
  epoch  39/50  loss=0.1773  bal_acc=0.4462
  epoch  40/50  loss=0.1749  bal_acc=0.4444
  epoch  41/50  loss=0.1655  bal_acc=0.4826
  epoch  42/50  loss=0.1640  bal_acc=0.4271
  epoch  43/50  loss=0.1507  bal_acc=0.4635
  epoch  44/50  loss=0.1481  bal_acc=0.4635
  epoch  45/50  loss=0.1527  bal_acc=0.4323
  epoch  46/50  loss=0.1352  bal_acc=0.4288
  epoch  47/50  loss=0.1314  bal_acc=0.4635
  epoch  48/50  loss=0.1273  bal_acc=0.4896
  epoch  49/50  loss=0.1198  bal_acc=0.4358
  epoch  50/50  loss=0.1245  bal_acc=0.4514
  [LOSO 2/9] subject 1: acc=0.4514  running_mean=0.5252

=== LOSO (hold out subject 2) ===
  Train: 4608 trials  |  Test: 576 trials
  Model params: 22,258
  epoch   1/50  loss=1.3511  bal_acc=0.4132
  epoch   2/50  loss=1.2509  bal_acc=0.4757
  epoch   3/50  loss=1.1444  bal_acc=0.5521
  epoch   4/50  loss=1.0479  bal_acc=0.5590
  epoch   5/50  loss=0.9641  bal_acc=0.5660
  epoch   6/50  loss=0.8997  bal_acc=0.6250
  epoch   7/50  loss=0.8411  bal_acc=0.6128
  epoch   8/50  loss=0.7925  bal_acc=0.6806
  epoch   9/50  loss=0.7491  bal_acc=0.6615
  epoch  10/50  loss=0.6921  bal_acc=0.6823
  epoch  11/50  loss=0.6604  bal_acc=0.6111
  epoch  12/50  loss=0.6239  bal_acc=0.6840
  epoch  13/50  loss=0.5877  bal_acc=0.6823
  epoch  14/50  loss=0.5706  bal_acc=0.6806
  epoch  15/50  loss=0.5433  bal_acc=0.6927
  epoch  16/50  loss=0.5222  bal_acc=0.6250
  epoch  17/50  loss=0.4993  bal_acc=0.7118
  epoch  18/50  loss=0.4757  bal_acc=0.7240
  epoch  19/50  loss=0.4643  bal_acc=0.7066
  epoch  20/50  loss=0.4363  bal_acc=0.7188
  epoch  21/50  loss=0.4169  bal_acc=0.6788
  epoch  22/50  loss=0.4034  bal_acc=0.7066
  epoch  23/50  loss=0.3836  bal_acc=0.6840
  epoch  24/50  loss=0.3680  bal_acc=0.6997
  epoch  25/50  loss=0.3557  bal_acc=0.7188
  epoch  26/50  loss=0.3489  bal_acc=0.7240
  epoch  27/50  loss=0.3377  bal_acc=0.6892
  epoch  28/50  loss=0.3258  bal_acc=0.6319
  epoch  29/50  loss=0.3130  bal_acc=0.7118
  epoch  30/50  loss=0.3017  bal_acc=0.7031
  epoch  31/50  loss=0.2871  bal_acc=0.6979
  epoch  32/50  loss=0.2800  bal_acc=0.6997
  epoch  33/50  loss=0.2737  bal_acc=0.6667
  epoch  34/50  loss=0.2646  bal_acc=0.6823
  epoch  35/50  loss=0.2538  bal_acc=0.7361
  epoch  36/50  loss=0.2426  bal_acc=0.6944
  epoch  37/50  loss=0.2385  bal_acc=0.6354
  epoch  38/50  loss=0.2280  bal_acc=0.6823
  epoch  39/50  loss=0.2135  bal_acc=0.6528
  epoch  40/50  loss=0.2134  bal_acc=0.6406
  epoch  41/50  loss=0.2048  bal_acc=0.6944
  epoch  42/50  loss=0.1995  bal_acc=0.6840
  epoch  43/50  loss=0.1917  bal_acc=0.6875
  epoch  44/50  loss=0.1811  bal_acc=0.6372
  epoch  45/50  loss=0.1780  bal_acc=0.7014
  epoch  46/50  loss=0.1801  bal_acc=0.6979
  epoch  47/50  loss=0.1704  bal_acc=0.6892
  epoch  48/50  loss=0.1691  bal_acc=0.6719
  epoch  49/50  loss=0.1597  bal_acc=0.6597
  epoch  50/50  loss=0.1558  bal_acc=0.6580
  [LOSO 3/9] subject 2: acc=0.6580  running_mean=0.5694

=== LOSO (hold out subject 3) ===
  Train: 4608 trials  |  Test: 576 trials
  Model params: 22,258
  epoch   1/50  loss=1.3415  bal_acc=0.3715
  epoch   2/50  loss=1.2067  bal_acc=0.4375
  epoch   3/50  loss=1.0822  bal_acc=0.4531
  epoch   4/50  loss=0.9909  bal_acc=0.4583
  epoch   5/50  loss=0.9191  bal_acc=0.4583
  epoch   6/50  loss=0.8461  bal_acc=0.4826
  epoch   7/50  loss=0.7856  bal_acc=0.5122
  epoch   8/50  loss=0.7239  bal_acc=0.4809
  epoch   9/50  loss=0.6802  bal_acc=0.5139
  epoch  10/50  loss=0.6386  bal_acc=0.4583
  epoch  11/50  loss=0.6032  bal_acc=0.4878
  epoch  12/50  loss=0.5835  bal_acc=0.5069
  epoch  13/50  loss=0.5531  bal_acc=0.5035
  epoch  14/50  loss=0.5217  bal_acc=0.4688
  epoch  15/50  loss=0.4977  bal_acc=0.5087
  epoch  16/50  loss=0.4754  bal_acc=0.5382
  epoch  17/50  loss=0.4592  bal_acc=0.4705
  epoch  18/50  loss=0.4443  bal_acc=0.5191
  epoch  19/50  loss=0.4175  bal_acc=0.4722
  epoch  20/50  loss=0.4004  bal_acc=0.4931
  epoch  21/50  loss=0.3907  bal_acc=0.4931
  epoch  22/50  loss=0.3737  bal_acc=0.4774
  epoch  23/50  loss=0.3489  bal_acc=0.5087
  epoch  24/50  loss=0.3423  bal_acc=0.4931
  epoch  25/50  loss=0.3214  bal_acc=0.5035
  epoch  26/50  loss=0.3104  bal_acc=0.5000
  epoch  27/50  loss=0.2945  bal_acc=0.4931
  epoch  28/50  loss=0.2910  bal_acc=0.4792
  epoch  29/50  loss=0.2815  bal_acc=0.5000
  epoch  30/50  loss=0.2682  bal_acc=0.4774
  epoch  31/50  loss=0.2569  bal_acc=0.5139
  epoch  32/50  loss=0.2435  bal_acc=0.5087
  epoch  33/50  loss=0.2351  bal_acc=0.4931
  epoch  34/50  loss=0.2280  bal_acc=0.4896
  epoch  35/50  loss=0.2193  bal_acc=0.4965
  epoch  36/50  loss=0.2088  bal_acc=0.5122
  epoch  37/50  loss=0.2087  bal_acc=0.4618
  epoch  38/50  loss=0.2028  bal_acc=0.5208
  epoch  39/50  loss=0.1953  bal_acc=0.5000
  epoch  40/50  loss=0.1854  bal_acc=0.4844
  epoch  41/50  loss=0.1801  bal_acc=0.4740
  epoch  42/50  loss=0.1729  bal_acc=0.5000
  epoch  43/50  loss=0.1676  bal_acc=0.5017
  epoch  44/50  loss=0.1551  bal_acc=0.4549
  epoch  45/50  loss=0.1493  bal_acc=0.4913
  epoch  46/50  loss=0.1495  bal_acc=0.4757
  epoch  47/50  loss=0.1441  bal_acc=0.4792
  epoch  48/50  loss=0.1406  bal_acc=0.5104
  epoch  49/50  loss=0.1320  bal_acc=0.4774
  epoch  50/50  loss=0.1249  bal_acc=0.4965
  [LOSO 4/9] subject 3: acc=0.4965  running_mean=0.5512

=== LOSO (hold out subject 4) ===
  Train: 4608 trials  |  Test: 576 trials
  Model params: 22,258
  epoch   1/50  loss=1.3363  bal_acc=0.3524
  epoch   2/50  loss=1.1933  bal_acc=0.4097
  epoch   3/50  loss=1.0603  bal_acc=0.4653
  epoch   4/50  loss=0.9537  bal_acc=0.4601
  epoch   5/50  loss=0.8747  bal_acc=0.5104
  epoch   6/50  loss=0.8068  bal_acc=0.3819
  epoch   7/50  loss=0.7505  bal_acc=0.4462
  epoch   8/50  loss=0.7023  bal_acc=0.4618
  epoch   9/50  loss=0.6552  bal_acc=0.4132
  epoch  10/50  loss=0.6169  bal_acc=0.5035
  epoch  11/50  loss=0.5933  bal_acc=0.5174
  epoch  12/50  loss=0.5555  bal_acc=0.4861
  epoch  13/50  loss=0.5302  bal_acc=0.5642
  epoch  14/50  loss=0.5105  bal_acc=0.4618
  epoch  15/50  loss=0.4864  bal_acc=0.5191
  epoch  16/50  loss=0.4487  bal_acc=0.5069
  epoch  17/50  loss=0.4318  bal_acc=0.5139
  epoch  18/50  loss=0.4055  bal_acc=0.5382
  epoch  19/50  loss=0.3947  bal_acc=0.5503
  epoch  20/50  loss=0.3881  bal_acc=0.5243
  epoch  21/50  loss=0.3591  bal_acc=0.5052
  epoch  22/50  loss=0.3427  bal_acc=0.5538
  epoch  23/50  loss=0.3392  bal_acc=0.5677
  epoch  24/50  loss=0.3134  bal_acc=0.5434
  epoch  25/50  loss=0.3013  bal_acc=0.5295
  epoch  26/50  loss=0.2946  bal_acc=0.5451
  epoch  27/50  loss=0.2769  bal_acc=0.5365
  epoch  28/50  loss=0.2749  bal_acc=0.5312
  epoch  29/50  loss=0.2650  bal_acc=0.5191
  epoch  30/50  loss=0.2452  bal_acc=0.5243
  epoch  31/50  loss=0.2407  bal_acc=0.5451
  epoch  32/50  loss=0.2239  bal_acc=0.5104
  epoch  33/50  loss=0.2242  bal_acc=0.5278
  epoch  34/50  loss=0.2069  bal_acc=0.5139
  epoch  35/50  loss=0.2075  bal_acc=0.5347
  epoch  36/50  loss=0.1930  bal_acc=0.5278
  epoch  37/50  loss=0.1864  bal_acc=0.5399
  epoch  38/50  loss=0.1862  bal_acc=0.5208
  epoch  39/50  loss=0.1743  bal_acc=0.5087
  epoch  40/50  loss=0.1730  bal_acc=0.5365
  epoch  41/50  loss=0.1636  bal_acc=0.5174
  epoch  42/50  loss=0.1613  bal_acc=0.5104
  epoch  43/50  loss=0.1561  bal_acc=0.5174
  epoch  44/50  loss=0.1463  bal_acc=0.4844
  epoch  45/50  loss=0.1457  bal_acc=0.5399
  epoch  46/50  loss=0.1456  bal_acc=0.4913
  epoch  47/50  loss=0.1364  bal_acc=0.5139
  epoch  48/50  loss=0.1345  bal_acc=0.5174
  epoch  49/50  loss=0.1340  bal_acc=0.5226
  epoch  50/50  loss=0.1209  bal_acc=0.5104
  [LOSO 5/9] subject 4: acc=0.5104  running_mean=0.5431

=== LOSO (hold out subject 5) ===
  Train: 4608 trials  |  Test: 576 trials
  Model params: 22,258
  epoch   1/50  loss=1.3478  bal_acc=0.3628
  epoch   2/50  loss=1.2270  bal_acc=0.4045
  epoch   3/50  loss=1.0980  bal_acc=0.4392
  epoch   4/50  loss=0.9882  bal_acc=0.4653
  epoch   5/50  loss=0.9140  bal_acc=0.4722
  epoch   6/50  loss=0.8405  bal_acc=0.4601
  epoch   7/50  loss=0.7719  bal_acc=0.4497
  epoch   8/50  loss=0.7109  bal_acc=0.4601
  epoch   9/50  loss=0.6728  bal_acc=0.4618
  epoch  10/50  loss=0.6358  bal_acc=0.4618
  epoch  11/50  loss=0.6002  bal_acc=0.4392
  epoch  12/50  loss=0.5708  bal_acc=0.4635
  epoch  13/50  loss=0.5398  bal_acc=0.4410
  epoch  14/50  loss=0.5133  bal_acc=0.4931
  epoch  15/50  loss=0.4886  bal_acc=0.4497
  epoch  16/50  loss=0.4682  bal_acc=0.4549
  epoch  17/50  loss=0.4497  bal_acc=0.4479
  epoch  18/50  loss=0.4192  bal_acc=0.4497
  epoch  19/50  loss=0.4096  bal_acc=0.4635
  epoch  20/50  loss=0.3907  bal_acc=0.4757
  epoch  21/50  loss=0.3833  bal_acc=0.4531
  epoch  22/50  loss=0.3549  bal_acc=0.4601
  epoch  23/50  loss=0.3367  bal_acc=0.4201
  epoch  24/50  loss=0.3284  bal_acc=0.4653
  epoch  25/50  loss=0.3118  bal_acc=0.4167
  epoch  26/50  loss=0.3049  bal_acc=0.4931
  epoch  27/50  loss=0.2865  bal_acc=0.4497
  epoch  28/50  loss=0.2744  bal_acc=0.4844
  epoch  29/50  loss=0.2707  bal_acc=0.4375
  epoch  30/50  loss=0.2661  bal_acc=0.4340
  epoch  31/50  loss=0.2563  bal_acc=0.4566
  epoch  32/50  loss=0.2437  bal_acc=0.4219
  epoch  33/50  loss=0.2336  bal_acc=0.4531
  epoch  34/50  loss=0.2311  bal_acc=0.3837
  epoch  35/50  loss=0.2180  bal_acc=0.4601
  epoch  36/50  loss=0.2000  bal_acc=0.4375
  epoch  37/50  loss=0.1940  bal_acc=0.4392
  epoch  38/50  loss=0.1893  bal_acc=0.4670
  epoch  39/50  loss=0.1948  bal_acc=0.4115
  epoch  40/50  loss=0.1767  bal_acc=0.4497
  epoch  41/50  loss=0.1739  bal_acc=0.4410
  epoch  42/50  loss=0.1756  bal_acc=0.4740
  epoch  43/50  loss=0.1691  bal_acc=0.4288
  epoch  44/50  loss=0.1559  bal_acc=0.4740
  epoch  45/50  loss=0.1514  bal_acc=0.4340
  epoch  46/50  loss=0.1421  bal_acc=0.4392
  epoch  47/50  loss=0.1441  bal_acc=0.4219
  epoch  48/50  loss=0.1415  bal_acc=0.4514
  epoch  49/50  loss=0.1398  bal_acc=0.4635
  epoch  50/50  loss=0.1281  bal_acc=0.4219
  [LOSO 6/9] subject 5: acc=0.4219  running_mean=0.5229

=== LOSO (hold out subject 6) ===
  Train: 4608 trials  |  Test: 576 trials
  Model params: 22,258
  epoch   1/50  loss=1.3580  bal_acc=0.3681
  epoch   2/50  loss=1.2431  bal_acc=0.4670
  epoch   3/50  loss=1.0988  bal_acc=0.5608
  epoch   4/50  loss=0.9991  bal_acc=0.5243
  epoch   5/50  loss=0.9107  bal_acc=0.5712
  epoch   6/50  loss=0.8498  bal_acc=0.5694
  epoch   7/50  loss=0.7926  bal_acc=0.6024
  epoch   8/50  loss=0.7380  bal_acc=0.5903
  epoch   9/50  loss=0.6976  bal_acc=0.5608
  epoch  10/50  loss=0.6644  bal_acc=0.5677
  epoch  11/50  loss=0.6278  bal_acc=0.5694
  epoch  12/50  loss=0.6059  bal_acc=0.5920
  epoch  13/50  loss=0.5794  bal_acc=0.5816
  epoch  14/50  loss=0.5411  bal_acc=0.5885
  epoch  15/50  loss=0.5216  bal_acc=0.5920
  epoch  16/50  loss=0.4959  bal_acc=0.5816
  epoch  17/50  loss=0.4751  bal_acc=0.5938
  epoch  18/50  loss=0.4539  bal_acc=0.5677
  epoch  19/50  loss=0.4382  bal_acc=0.5747
  epoch  20/50  loss=0.4102  bal_acc=0.6042
  epoch  21/50  loss=0.4069  bal_acc=0.5955
  epoch  22/50  loss=0.3870  bal_acc=0.6024
  epoch  23/50  loss=0.3806  bal_acc=0.5920
  epoch  24/50  loss=0.3575  bal_acc=0.5920
  epoch  25/50  loss=0.3458  bal_acc=0.5833
  epoch  26/50  loss=0.3295  bal_acc=0.5799
  epoch  27/50  loss=0.3221  bal_acc=0.5694
  epoch  28/50  loss=0.3060  bal_acc=0.5816
  epoch  29/50  loss=0.2929  bal_acc=0.5816
  epoch  30/50  loss=0.2778  bal_acc=0.5851
  epoch  31/50  loss=0.2724  bal_acc=0.5938
  epoch  32/50  loss=0.2632  bal_acc=0.5642
  epoch  33/50  loss=0.2577  bal_acc=0.5660
  epoch  34/50  loss=0.2474  bal_acc=0.5868
  epoch  35/50  loss=0.2403  bal_acc=0.5747
  epoch  36/50  loss=0.2328  bal_acc=0.5781
  epoch  37/50  loss=0.2230  bal_acc=0.5799
  epoch  38/50  loss=0.2128  bal_acc=0.5590
  epoch  39/50  loss=0.2053  bal_acc=0.5677
  epoch  40/50  loss=0.1916  bal_acc=0.5660
  epoch  41/50  loss=0.1874  bal_acc=0.5556
  epoch  42/50  loss=0.1848  bal_acc=0.5799
  epoch  43/50  loss=0.1740  bal_acc=0.5729
  epoch  44/50  loss=0.1768  bal_acc=0.5521
  epoch  45/50  loss=0.1697  bal_acc=0.5833
  epoch  46/50  loss=0.1594  bal_acc=0.5660
  epoch  47/50  loss=0.1566  bal_acc=0.5781
  epoch  48/50  loss=0.1537  bal_acc=0.5694
  epoch  49/50  loss=0.1434  bal_acc=0.5625
  epoch  50/50  loss=0.1457  bal_acc=0.5764
  [LOSO 7/9] subject 6: acc=0.5764  running_mean=0.5305

=== LOSO (hold out subject 7) ===
  Train: 4608 trials  |  Test: 576 trials
  Model params: 22,258
  epoch   1/50  loss=1.3553  bal_acc=0.3438
  epoch   2/50  loss=1.2337  bal_acc=0.4358
  epoch   3/50  loss=1.1116  bal_acc=0.5243
  epoch   4/50  loss=1.0154  bal_acc=0.5347
  epoch   5/50  loss=0.9436  bal_acc=0.5642
  epoch   6/50  loss=0.8729  bal_acc=0.6059
  epoch   7/50  loss=0.8074  bal_acc=0.5833
  epoch   8/50  loss=0.7567  bal_acc=0.5747
  epoch   9/50  loss=0.7052  bal_acc=0.5990
  epoch  10/50  loss=0.6732  bal_acc=0.6302
  epoch  11/50  loss=0.6359  bal_acc=0.6528
  epoch  12/50  loss=0.6009  bal_acc=0.6632
  epoch  13/50  loss=0.5701  bal_acc=0.6667
  epoch  14/50  loss=0.5521  bal_acc=0.6424
  epoch  15/50  loss=0.5317  bal_acc=0.6580
  epoch  16/50  loss=0.5045  bal_acc=0.6667
  epoch  17/50  loss=0.4844  bal_acc=0.6736
  epoch  18/50  loss=0.4622  bal_acc=0.6667
  epoch  19/50  loss=0.4383  bal_acc=0.6753
  epoch  20/50  loss=0.4244  bal_acc=0.6615
  epoch  21/50  loss=0.4093  bal_acc=0.6736
  epoch  22/50  loss=0.3900  bal_acc=0.6753
  epoch  23/50  loss=0.3738  bal_acc=0.6458
  epoch  24/50  loss=0.3549  bal_acc=0.6667
  epoch  25/50  loss=0.3498  bal_acc=0.6892
  epoch  26/50  loss=0.3378  bal_acc=0.6840
  epoch  27/50  loss=0.3185  bal_acc=0.6649
  epoch  28/50  loss=0.3036  bal_acc=0.6771
  epoch  29/50  loss=0.2968  bal_acc=0.6632
  epoch  30/50  loss=0.2799  bal_acc=0.6545
  epoch  31/50  loss=0.2802  bal_acc=0.6615
  epoch  32/50  loss=0.2633  bal_acc=0.6771
  epoch  33/50  loss=0.2551  bal_acc=0.6701
  epoch  34/50  loss=0.2429  bal_acc=0.6528
  epoch  35/50  loss=0.2371  bal_acc=0.6840
  epoch  36/50  loss=0.2303  bal_acc=0.6667
  epoch  37/50  loss=0.2182  bal_acc=0.6476
  epoch  38/50  loss=0.2150  bal_acc=0.6615
  epoch  39/50  loss=0.2090  bal_acc=0.6493
  epoch  40/50  loss=0.1896  bal_acc=0.6719
  epoch  41/50  loss=0.1824  bal_acc=0.6840
  epoch  42/50  loss=0.1894  bal_acc=0.6389
  epoch  43/50  loss=0.1933  bal_acc=0.6458
  epoch  44/50  loss=0.1736  bal_acc=0.6944
  epoch  45/50  loss=0.1614  bal_acc=0.6649
  epoch  46/50  loss=0.1663  bal_acc=0.6788
  epoch  47/50  loss=0.1623  bal_acc=0.6806
  epoch  48/50  loss=0.1599  bal_acc=0.6840
  epoch  49/50  loss=0.1515  bal_acc=0.6892
  epoch  50/50  loss=0.1377  bal_acc=0.6979
  [LOSO 8/9] subject 7: acc=0.6979  running_mean=0.5514

=== LOSO (hold out subject 8) ===
  Train: 4608 trials  |  Test: 576 trials
  Model params: 22,258
  epoch   1/50  loss=1.3478  bal_acc=0.3264
  epoch   2/50  loss=1.2270  bal_acc=0.3733
  epoch   3/50  loss=1.0994  bal_acc=0.4722
  epoch   4/50  loss=0.9963  bal_acc=0.4306
  epoch   5/50  loss=0.9184  bal_acc=0.4913
  epoch   6/50  loss=0.8567  bal_acc=0.4601
  epoch   7/50  loss=0.8130  bal_acc=0.5139
  epoch   8/50  loss=0.7599  bal_acc=0.4931
  epoch   9/50  loss=0.7128  bal_acc=0.5191
  epoch  10/50  loss=0.6748  bal_acc=0.5434
  epoch  11/50  loss=0.6500  bal_acc=0.5104
  epoch  12/50  loss=0.6102  bal_acc=0.5417
  epoch  13/50  loss=0.5828  bal_acc=0.5017
  epoch  14/50  loss=0.5500  bal_acc=0.5330
  epoch  15/50  loss=0.5273  bal_acc=0.5191
  epoch  16/50  loss=0.4984  bal_acc=0.5191
  epoch  17/50  loss=0.4753  bal_acc=0.5469
  epoch  18/50  loss=0.4564  bal_acc=0.5451
  epoch  19/50  loss=0.4329  bal_acc=0.5486
  epoch  20/50  loss=0.4258  bal_acc=0.5365
  epoch  21/50  loss=0.4031  bal_acc=0.4896
  epoch  22/50  loss=0.3857  bal_acc=0.5295
  epoch  23/50  loss=0.3701  bal_acc=0.5174
  epoch  24/50  loss=0.3635  bal_acc=0.5156
  epoch  25/50  loss=0.3459  bal_acc=0.5312
  epoch  26/50  loss=0.3322  bal_acc=0.5174
  epoch  27/50  loss=0.3146  bal_acc=0.4740
  epoch  28/50  loss=0.3036  bal_acc=0.5069
  epoch  29/50  loss=0.2970  bal_acc=0.5139
  epoch  30/50  loss=0.2809  bal_acc=0.5260
  epoch  31/50  loss=0.2700  bal_acc=0.5347
  epoch  32/50  loss=0.2583  bal_acc=0.5069
  epoch  33/50  loss=0.2574  bal_acc=0.4965
  epoch  34/50  loss=0.2532  bal_acc=0.4965
  epoch  35/50  loss=0.2419  bal_acc=0.5208
  epoch  36/50  loss=0.2253  bal_acc=0.5035
  epoch  37/50  loss=0.2263  bal_acc=0.5260
  epoch  38/50  loss=0.2134  bal_acc=0.5365
  epoch  39/50  loss=0.2011  bal_acc=0.5139
  epoch  40/50  loss=0.1922  bal_acc=0.5035
  epoch  41/50  loss=0.1903  bal_acc=0.5538
  epoch  42/50  loss=0.1806  bal_acc=0.5035
  epoch  43/50  loss=0.1810  bal_acc=0.4878
  epoch  44/50  loss=0.1689  bal_acc=0.5069
  epoch  45/50  loss=0.1715  bal_acc=0.5191
  epoch  46/50  loss=0.1622  bal_acc=0.5226
  epoch  47/50  loss=0.1531  bal_acc=0.5052
  epoch  48/50  loss=0.1489  bal_acc=0.5260
  epoch  49/50  loss=0.1568  bal_acc=0.5035
  epoch  50/50  loss=0.1444  bal_acc=0.5260
  [LOSO 9/9] subject 8: acc=0.5260  running_mean=0.5486
Results saved to results/BNCI2014_001/results_trial_79.json
Trial logged to results/BNCI2014_001/trials.csv
[status] trial 79 done (state=COMPLETE, value=0.5486111111111112) -- 68 completed total
Device: cuda
[BNCI2014_001] loading from cache: /home/aleksander.berezowsk/.cache/spiking_eegnet/BNCI2014_001_af1ccf3e92f684d8a93c057082b654d7.npz
[BNCI2014_001] cache hit: (5184, 1, 22, 1001), classes=['feet', 'left_hand', 'right_hand', 'tongue'], subjects=9
Dataset meta: {'n_classes': 4, 'n_channels': 22, 'n_samples': 1001, 'class_names': ['feet', 'left_hand', 'right_hand', 'tongue'], 'subject_list': [1, 2, 3, 4, 5, 6, 7, 8, 9], 'n_subjects': 9, 'sfreq': 250.0}

=== LOSO (hold out subject 0) ===
  Train: 4608 trials  |  Test: 576 trials
  Model params: 6,142
  epoch   1/50  loss=1.3052  bal_acc=0.4358
  epoch   2/50  loss=1.1166  bal_acc=0.5156
  epoch   3/50  loss=1.0127  bal_acc=0.4635
  epoch   4/50  loss=0.9336  bal_acc=0.4948
  epoch   5/50  loss=0.8796  bal_acc=0.5087
  epoch   6/50  loss=0.8297  bal_acc=0.5469
  epoch   7/50  loss=0.7937  bal_acc=0.5243
  epoch   8/50  loss=0.7529  bal_acc=0.5712
  epoch   9/50  loss=0.7098  bal_acc=0.5399
  epoch  10/50  loss=0.6876  bal_acc=0.5660
  epoch  11/50  loss=0.6674  bal_acc=0.5799
  epoch  12/50  loss=0.6391  bal_acc=0.6111
  epoch  13/50  loss=0.6285  bal_acc=0.5764
  epoch  14/50  loss=0.6057  bal_acc=0.5920
  epoch  15/50  loss=0.6008  bal_acc=0.5955
  epoch  16/50  loss=0.5993  bal_acc=0.6233
  epoch  17/50  loss=0.5850  bal_acc=0.5868
  epoch  18/50  loss=0.5665  bal_acc=0.6042
  epoch  19/50  loss=0.5474  bal_acc=0.6076
  epoch  20/50  loss=0.5557  bal_acc=0.5660
  epoch  21/50  loss=0.5367  bal_acc=0.5747
  epoch  22/50  loss=0.5247  bal_acc=0.5920
  epoch  23/50  loss=0.5246  bal_acc=0.6181
  epoch  24/50  loss=0.5175  bal_acc=0.5920
  epoch  25/50  loss=0.5007  bal_acc=0.6024
  epoch  26/50  loss=0.4911  bal_acc=0.6198
  epoch  27/50  loss=0.4850  bal_acc=0.6111
  epoch  28/50  loss=0.4796  bal_acc=0.6163
  epoch  29/50  loss=0.4877  bal_acc=0.6128
  epoch  30/50  loss=0.4650  bal_acc=0.6319
  epoch  31/50  loss=0.4904  bal_acc=0.6163
  epoch  32/50  loss=0.4581  bal_acc=0.6146
  epoch  33/50  loss=0.4541  bal_acc=0.5938
  epoch  34/50  loss=0.4567  bal_acc=0.6128
  epoch  35/50  loss=0.4401  bal_acc=0.5903
  epoch  36/50  loss=0.4287  bal_acc=0.5920
  epoch  37/50  loss=0.4445  bal_acc=0.5938
  epoch  38/50  loss=0.4288  bal_acc=0.5833
  epoch  39/50  loss=0.4331  bal_acc=0.5972
  epoch  40/50  loss=0.4245  bal_acc=0.5972
  epoch  41/50  loss=0.4174  bal_acc=0.5660
  epoch  42/50  loss=0.4067  bal_acc=0.6007
  epoch  43/50  loss=0.4128  bal_acc=0.5920
  epoch  44/50  loss=0.4118  bal_acc=0.5851
  epoch  45/50  loss=0.3954  bal_acc=0.5747
  epoch  46/50  loss=0.4109  bal_acc=0.6042
  epoch  47/50  loss=0.3975  bal_acc=0.5955
  epoch  48/50  loss=0.3979  bal_acc=0.5764
  epoch  49/50  loss=0.3995  bal_acc=0.5938
  epoch  50/50  loss=0.3965  bal_acc=0.6181
  [LOSO 1/9] subject 0: acc=0.6181  running_mean=0.6181

=== LOSO (hold out subject 1) ===
  Train: 4608 trials  |  Test: 576 trials
  Model params: 6,142
  epoch   1/50  loss=1.2986  bal_acc=0.3733
  epoch   2/50  loss=1.1060  bal_acc=0.3819
  epoch   3/50  loss=0.9714  bal_acc=0.3993
  epoch   4/50  loss=0.8679  bal_acc=0.4566
  epoch   5/50  loss=0.8124  bal_acc=0.4427
  epoch   6/50  loss=0.7533  bal_acc=0.4427
  epoch   7/50  loss=0.7054  bal_acc=0.4462
  epoch   8/50  loss=0.6783  bal_acc=0.4861
  epoch   9/50  loss=0.6387  bal_acc=0.4965
  epoch  10/50  loss=0.6195  bal_acc=0.4757
  epoch  11/50  loss=0.5931  bal_acc=0.4653
  epoch  12/50  loss=0.5748  bal_acc=0.4931
  epoch  13/50  loss=0.5703  bal_acc=0.4479
  epoch  14/50  loss=0.5538  bal_acc=0.4688
  epoch  15/50  loss=0.5394  bal_acc=0.4965
  epoch  16/50  loss=0.5200  bal_acc=0.4722
  epoch  17/50  loss=0.5082  bal_acc=0.4896
  epoch  18/50  loss=0.4897  bal_acc=0.4705
  epoch  19/50  loss=0.4819  bal_acc=0.4809
  epoch  20/50  loss=0.4694  bal_acc=0.4948
  epoch  21/50  loss=0.4652  bal_acc=0.4653
  epoch  22/50  loss=0.4612  bal_acc=0.4688
  epoch  23/50  loss=0.4465  bal_acc=0.4601
  epoch  24/50  loss=0.4372  bal_acc=0.4792
  epoch  25/50  loss=0.4273  bal_acc=0.4531
  epoch  26/50  loss=0.4342  bal_acc=0.4688
  epoch  27/50  loss=0.4137  bal_acc=0.4983
  epoch  28/50  loss=0.4275  bal_acc=0.4479
  epoch  29/50  loss=0.4086  bal_acc=0.4722
  epoch  30/50  loss=0.4012  bal_acc=0.4688
  epoch  31/50  loss=0.3988  bal_acc=0.4618
  epoch  32/50  loss=0.3788  bal_acc=0.4583
  epoch  33/50  loss=0.3993  bal_acc=0.4722
  epoch  34/50  loss=0.3802  bal_acc=0.4479
  epoch  35/50  loss=0.3674  bal_acc=0.4670
  epoch  36/50  loss=0.3794  bal_acc=0.4688
  epoch  37/50  loss=0.3698  bal_acc=0.4757
  epoch  38/50  loss=0.3513  bal_acc=0.4444
  epoch  39/50  loss=0.3648  bal_acc=0.4201
  epoch  40/50  loss=0.3653  bal_acc=0.4427
  epoch  41/50  loss=0.3769  bal_acc=0.4688
  epoch  42/50  loss=0.3453  bal_acc=0.4444
  epoch  43/50  loss=0.3454  bal_acc=0.4219
  epoch  44/50  loss=0.3450  bal_acc=0.4514
  epoch  45/50  loss=0.3567  bal_acc=0.4444
  epoch  46/50  loss=0.3432  bal_acc=0.4306
  epoch  47/50  loss=0.3392  bal_acc=0.4323
  epoch  48/50  loss=0.3372  bal_acc=0.4427
  epoch  49/50  loss=0.3302  bal_acc=0.4531
  epoch  50/50  loss=0.3135  bal_acc=0.4288
  [LOSO 2/9] subject 1: acc=0.4288  running_mean=0.5234

=== LOSO (hold out subject 2) ===
  Train: 4608 trials  |  Test: 576 trials
  Model params: 6,142
  epoch   1/50  loss=1.3165  bal_acc=0.4740
  epoch   2/50  loss=1.1419  bal_acc=0.5642
  epoch   3/50  loss=1.0407  bal_acc=0.5486
  epoch   4/50  loss=0.9618  bal_acc=0.5538
  epoch   5/50  loss=0.9015  bal_acc=0.6528
  epoch   6/50  loss=0.8512  bal_acc=0.5764
  epoch   7/50  loss=0.8100  bal_acc=0.6337
  epoch   8/50  loss=0.7797  bal_acc=0.6024
  epoch   9/50  loss=0.7653  bal_acc=0.6875
  epoch  10/50  loss=0.7393  bal_acc=0.6337
  epoch  11/50  loss=0.7159  bal_acc=0.7188
  epoch  12/50  loss=0.6989  bal_acc=0.6406
  epoch  13/50  loss=0.6681  bal_acc=0.6337
  epoch  14/50  loss=0.6527  bal_acc=0.6684
  epoch  15/50  loss=0.6506  bal_acc=0.6250
  epoch  16/50  loss=0.6215  bal_acc=0.6545
  epoch  17/50  loss=0.6234  bal_acc=0.7448
  epoch  18/50  loss=0.6026  bal_acc=0.6667
  epoch  19/50  loss=0.6175  bal_acc=0.6806
  epoch  20/50  loss=0.5886  bal_acc=0.6580
  epoch  21/50  loss=0.5763  bal_acc=0.6823
  epoch  22/50  loss=0.5800  bal_acc=0.6788
  epoch  23/50  loss=0.5489  bal_acc=0.6892
  epoch  24/50  loss=0.5423  bal_acc=0.7257
  epoch  25/50  loss=0.5273  bal_acc=0.7517
  epoch  26/50  loss=0.5266  bal_acc=0.7274
  epoch  27/50  loss=0.5168  bal_acc=0.6910
  epoch  28/50  loss=0.5183  bal_acc=0.6701
  epoch  29/50  loss=0.5144  bal_acc=0.7448
  epoch  30/50  loss=0.4998  bal_acc=0.7101
  epoch  31/50  loss=0.4982  bal_acc=0.7083
  epoch  32/50  loss=0.4867  bal_acc=0.7483
  epoch  33/50  loss=0.4822  bal_acc=0.7135
  epoch  34/50  loss=0.4787  bal_acc=0.7153
  epoch  35/50  loss=0.4732  bal_acc=0.6875
  epoch  36/50  loss=0.4607  bal_acc=0.6927
  epoch  37/50  loss=0.4563  bal_acc=0.6788
  epoch  38/50  loss=0.4543  bal_acc=0.6962
  epoch  39/50  loss=0.4479  bal_acc=0.6788
  epoch  40/50  loss=0.4427  bal_acc=0.6979
  epoch  41/50  loss=0.4510  bal_acc=0.6997
  epoch  42/50  loss=0.4544  bal_acc=0.7240
  epoch  43/50  loss=0.4274  bal_acc=0.5955
  epoch  44/50  loss=0.4380  bal_acc=0.7135
  epoch  45/50  loss=0.4314  bal_acc=0.6406
  epoch  46/50  loss=0.4318  bal_acc=0.6354
  epoch  47/50  loss=0.4331  bal_acc=0.7257
  epoch  48/50  loss=0.4053  bal_acc=0.7049
  epoch  49/50  loss=0.4109  bal_acc=0.6944
  epoch  50/50  loss=0.4279  bal_acc=0.6944
  [LOSO 3/9] subject 2: acc=0.6944  running_mean=0.5804

=== LOSO (hold out subject 3) ===
  Train: 4608 trials  |  Test: 576 trials
  Model params: 6,142
  epoch   1/50  loss=1.2729  bal_acc=0.3958
  epoch   2/50  loss=1.0612  bal_acc=0.3802
  epoch   3/50  loss=0.9488  bal_acc=0.4566
  epoch   4/50  loss=0.8566  bal_acc=0.4583
  epoch   5/50  loss=0.7860  bal_acc=0.4358
  epoch   6/50  loss=0.7517  bal_acc=0.4653
  epoch   7/50  loss=0.7235  bal_acc=0.4219
  epoch   8/50  loss=0.6845  bal_acc=0.4826
  epoch   9/50  loss=0.6452  bal_acc=0.4410
  epoch  10/50  loss=0.6382  bal_acc=0.4965
  epoch  11/50  loss=0.6119  bal_acc=0.4201
  epoch  12/50  loss=0.5900  bal_acc=0.4740
  epoch  13/50  loss=0.5821  bal_acc=0.4844
  epoch  14/50  loss=0.5681  bal_acc=0.4566
  epoch  15/50  loss=0.5595  bal_acc=0.5174
  epoch  16/50  loss=0.5344  bal_acc=0.4618
  epoch  17/50  loss=0.5288  bal_acc=0.3941
  epoch  18/50  loss=0.5158  bal_acc=0.4635
  epoch  19/50  loss=0.5151  bal_acc=0.4601
  epoch  20/50  loss=0.5028  bal_acc=0.4861
  epoch  21/50  loss=0.4814  bal_acc=0.4479
  epoch  22/50  loss=0.4954  bal_acc=0.4531
  epoch  23/50  loss=0.4767  bal_acc=0.4861
  epoch  24/50  loss=0.4512  bal_acc=0.4826
  epoch  25/50  loss=0.4661  bal_acc=0.4705
  epoch  26/50  loss=0.4540  bal_acc=0.4653
  epoch  27/50  loss=0.4369  bal_acc=0.3837
  epoch  28/50  loss=0.4419  bal_acc=0.4462
  epoch  29/50  loss=0.4282  bal_acc=0.4549
  epoch  30/50  loss=0.4135  bal_acc=0.4774
  epoch  31/50  loss=0.4151  bal_acc=0.4878
  epoch  32/50  loss=0.4127  bal_acc=0.4531
  epoch  33/50  loss=0.4037  bal_acc=0.4271
  epoch  34/50  loss=0.4055  bal_acc=0.4427
  epoch  35/50  loss=0.3905  bal_acc=0.4722
  epoch  36/50  loss=0.3933  bal_acc=0.4375
  epoch  37/50  loss=0.3856  bal_acc=0.4531
  epoch  38/50  loss=0.3795  bal_acc=0.4861
  epoch  39/50  loss=0.3792  bal_acc=0.4896
  epoch  40/50  loss=0.3697  bal_acc=0.4514
  epoch  41/50  loss=0.3757  bal_acc=0.4931
  epoch  42/50  loss=0.3684  bal_acc=0.4670
  epoch  43/50  loss=0.3715  bal_acc=0.4705
  epoch  44/50  loss=0.3483  bal_acc=0.4705
  epoch  45/50  loss=0.3469  bal_acc=0.4531
  epoch  46/50  loss=0.3423  bal_acc=0.4392
  epoch  47/50  loss=0.3461  bal_acc=0.4635
  epoch  48/50  loss=0.3390  bal_acc=0.4132
  epoch  49/50  loss=0.3421  bal_acc=0.4201
  epoch  50/50  loss=0.3404  bal_acc=0.4601
  [LOSO 4/9] subject 3: acc=0.4601  running_mean=0.5503

=== LOSO (hold out subject 4) ===
  Train: 4608 trials  |  Test: 576 trials
  Model params: 6,142
  epoch   1/50  loss=1.3135  bal_acc=0.2726
  epoch   2/50  loss=1.1116  bal_acc=0.3924
  epoch   3/50  loss=0.9575  bal_acc=0.4201
  epoch   4/50  loss=0.8344  bal_acc=0.4080
  epoch   5/50  loss=0.7719  bal_acc=0.4983
  epoch   6/50  loss=0.7383  bal_acc=0.4028
  epoch   7/50  loss=0.6993  bal_acc=0.5017
  epoch   8/50  loss=0.6796  bal_acc=0.4653
  epoch   9/50  loss=0.6472  bal_acc=0.4566
  epoch  10/50  loss=0.6237  bal_acc=0.4913
  epoch  11/50  loss=0.6157  bal_acc=0.5399
  epoch  12/50  loss=0.5945  bal_acc=0.4497
  epoch  13/50  loss=0.5834  bal_acc=0.5017
  epoch  14/50  loss=0.5757  bal_acc=0.4878
  epoch  15/50  loss=0.5703  bal_acc=0.4531
  epoch  16/50  loss=0.5450  bal_acc=0.5278
  epoch  17/50  loss=0.5265  bal_acc=0.4462
  epoch  18/50  loss=0.5257  bal_acc=0.4167
  epoch  19/50  loss=0.5090  bal_acc=0.4271
  epoch  20/50  loss=0.4972  bal_acc=0.4878
  epoch  21/50  loss=0.4913  bal_acc=0.4688
  epoch  22/50  loss=0.4931  bal_acc=0.5174
  epoch  23/50  loss=0.4913  bal_acc=0.5069
  epoch  24/50  loss=0.4804  bal_acc=0.4688
  epoch  25/50  loss=0.4585  bal_acc=0.5347
  epoch  26/50  loss=0.4600  bal_acc=0.4913
  epoch  27/50  loss=0.4423  bal_acc=0.5347
  epoch  28/50  loss=0.4305  bal_acc=0.4705
  epoch  29/50  loss=0.4428  bal_acc=0.4809
  epoch  30/50  loss=0.4284  bal_acc=0.4983
  epoch  31/50  loss=0.4187  bal_acc=0.5156
  epoch  32/50  loss=0.4219  bal_acc=0.4375
  epoch  33/50  loss=0.4066  bal_acc=0.5382
  epoch  34/50  loss=0.4218  bal_acc=0.4948
  epoch  35/50  loss=0.4091  bal_acc=0.4549
  epoch  36/50  loss=0.4093  bal_acc=0.4601
  epoch  37/50  loss=0.3885  bal_acc=0.4062
  epoch  38/50  loss=0.3975  bal_acc=0.4479
  epoch  39/50  loss=0.3916  bal_acc=0.5538
  epoch  40/50  loss=0.3863  bal_acc=0.5278
  epoch  41/50  loss=0.3738  bal_acc=0.5295
  epoch  42/50  loss=0.3584  bal_acc=0.4792
  epoch  43/50  loss=0.3765  bal_acc=0.5295
  epoch  44/50  loss=0.3657  bal_acc=0.4931
  epoch  45/50  loss=0.3544  bal_acc=0.5191
  epoch  46/50  loss=0.3548  bal_acc=0.5260
  epoch  47/50  loss=0.3410  bal_acc=0.5087
  epoch  48/50  loss=0.3543  bal_acc=0.5087
  epoch  49/50  loss=0.3583  bal_acc=0.5312
  epoch  50/50  loss=0.3473  bal_acc=0.4948
  [LOSO 5/9] subject 4: acc=0.4948  running_mean=0.5392

=== LOSO (hold out subject 5) ===
  Train: 4608 trials  |  Test: 576 trials
  Model params: 6,142
  epoch   1/50  loss=1.2668  bal_acc=0.4080
  epoch   2/50  loss=1.0547  bal_acc=0.3767
  epoch   3/50  loss=0.9311  bal_acc=0.4531
  epoch   4/50  loss=0.8314  bal_acc=0.3976
  epoch   5/50  loss=0.7858  bal_acc=0.3872
  epoch   6/50  loss=0.7341  bal_acc=0.4062
  epoch   7/50  loss=0.7169  bal_acc=0.3403
  epoch   8/50  loss=0.6938  bal_acc=0.3698
  epoch   9/50  loss=0.6689  bal_acc=0.3941
  epoch  10/50  loss=0.6404  bal_acc=0.4375
  epoch  11/50  loss=0.6129  bal_acc=0.3715
  epoch  12/50  loss=0.5981  bal_acc=0.3837
  epoch  13/50  loss=0.5905  bal_acc=0.4462
  epoch  14/50  loss=0.5723  bal_acc=0.3941
  epoch  15/50  loss=0.5603  bal_acc=0.3663
  epoch  16/50  loss=0.5450  bal_acc=0.4010
  epoch  17/50  loss=0.5426  bal_acc=0.3663
  epoch  18/50  loss=0.5135  bal_acc=0.3819
  epoch  19/50  loss=0.5116  bal_acc=0.3854
  epoch  20/50  loss=0.4861  bal_acc=0.3889
  epoch  21/50  loss=0.4870  bal_acc=0.3715
  epoch  22/50  loss=0.4732  bal_acc=0.3854
  epoch  23/50  loss=0.4691  bal_acc=0.4149
  epoch  24/50  loss=0.4628  bal_acc=0.4080
  epoch  25/50  loss=0.4475  bal_acc=0.4045
  epoch  26/50  loss=0.4557  bal_acc=0.4201
  epoch  27/50  loss=0.4282  bal_acc=0.3576
  epoch  28/50  loss=0.4246  bal_acc=0.4253
  epoch  29/50  loss=0.4284  bal_acc=0.3802
  epoch  30/50  loss=0.4207  bal_acc=0.4288
  epoch  31/50  loss=0.4177  bal_acc=0.3958
  epoch  32/50  loss=0.4027  bal_acc=0.3802
  epoch  33/50  loss=0.4013  bal_acc=0.4045
  epoch  34/50  loss=0.3984  bal_acc=0.3854
  epoch  35/50  loss=0.3958  bal_acc=0.4080
  epoch  36/50  loss=0.3742  bal_acc=0.4358
  epoch  37/50  loss=0.3750  bal_acc=0.4236
  epoch  38/50  loss=0.3773  bal_acc=0.4444
  epoch  39/50  loss=0.3798  bal_acc=0.3941
  epoch  40/50  loss=0.3711  bal_acc=0.4427
  epoch  41/50  loss=0.3524  bal_acc=0.4306
  epoch  42/50  loss=0.3540  bal_acc=0.4688
  epoch  43/50  loss=0.3616  bal_acc=0.4427
  epoch  44/50  loss=0.3504  bal_acc=0.4497
  epoch  45/50  loss=0.3529  bal_acc=0.3872
  epoch  46/50  loss=0.3430  bal_acc=0.4236
  epoch  47/50  loss=0.3402  bal_acc=0.4219
  epoch  48/50  loss=0.3442  bal_acc=0.4306
  epoch  49/50  loss=0.3250  bal_acc=0.3993
  epoch  50/50  loss=0.3357  bal_acc=0.3854
  [LOSO 6/9] subject 5: acc=0.3854  running_mean=0.5136

=== LOSO (hold out subject 6) ===
  Train: 4608 trials  |  Test: 576 trials
  Model params: 6,142
  epoch   1/50  loss=1.3156  bal_acc=0.4948
  epoch   2/50  loss=1.1429  bal_acc=0.5660
  epoch   3/50  loss=1.0060  bal_acc=0.5747
  epoch   4/50  loss=0.9100  bal_acc=0.5972
  epoch   5/50  loss=0.8592  bal_acc=0.6094
  epoch   6/50  loss=0.8065  bal_acc=0.5469
  epoch   7/50  loss=0.7638  bal_acc=0.5660
  epoch   8/50  loss=0.7452  bal_acc=0.5521
  epoch   9/50  loss=0.7039  bal_acc=0.6128
  epoch  10/50  loss=0.6953  bal_acc=0.5747
  epoch  11/50  loss=0.6708  bal_acc=0.5903
  epoch  12/50  loss=0.6567  bal_acc=0.5747
  epoch  13/50  loss=0.6317  bal_acc=0.5903
  epoch  14/50  loss=0.6174  bal_acc=0.5955
  epoch  15/50  loss=0.5966  bal_acc=0.6181
  epoch  16/50  loss=0.5967  bal_acc=0.6215
  epoch  17/50  loss=0.5846  bal_acc=0.6181
  epoch  18/50  loss=0.5626  bal_acc=0.6128
  epoch  19/50  loss=0.5571  bal_acc=0.6024
  epoch  20/50  loss=0.5534  bal_acc=0.6250
  epoch  21/50  loss=0.5357  bal_acc=0.6250
  epoch  22/50  loss=0.5378  bal_acc=0.6337
  epoch  23/50  loss=0.5189  bal_acc=0.6528
  epoch  24/50  loss=0.5063  bal_acc=0.5938
  epoch  25/50  loss=0.5139  bal_acc=0.6389
  epoch  26/50  loss=0.5029  bal_acc=0.5955
  epoch  27/50  loss=0.4782  bal_acc=0.6128
  epoch  28/50  loss=0.4799  bal_acc=0.6372
  epoch  29/50  loss=0.4710  bal_acc=0.5920
  epoch  30/50  loss=0.4706  bal_acc=0.6493
  epoch  31/50  loss=0.4611  bal_acc=0.5920
  epoch  32/50  loss=0.4533  bal_acc=0.6302
  epoch  33/50  loss=0.4510  bal_acc=0.6042
  epoch  34/50  loss=0.4594  bal_acc=0.6215
  epoch  35/50  loss=0.4392  bal_acc=0.6163
  epoch  36/50  loss=0.4372  bal_acc=0.6302
  epoch  37/50  loss=0.4243  bal_acc=0.6128
  epoch  38/50  loss=0.4294  bal_acc=0.6198
  epoch  39/50  loss=0.4171  bal_acc=0.6111
  epoch  40/50  loss=0.4250  bal_acc=0.6302
  epoch  41/50  loss=0.4063  bal_acc=0.6250
  epoch  42/50  loss=0.4072  bal_acc=0.6233
  epoch  43/50  loss=0.4016  bal_acc=0.6337
  epoch  44/50  loss=0.3965  bal_acc=0.6406
  epoch  45/50  loss=0.3891  bal_acc=0.6198
  epoch  46/50  loss=0.3914  bal_acc=0.6267
  epoch  47/50  loss=0.3873  bal_acc=0.6285
  epoch  48/50  loss=0.3806  bal_acc=0.6198
  epoch  49/50  loss=0.3702  bal_acc=0.6424
  epoch  50/50  loss=0.3891  bal_acc=0.5868
  [LOSO 7/9] subject 6: acc=0.5868  running_mean=0.5241

=== LOSO (hold out subject 7) ===
  Train: 4608 trials  |  Test: 576 trials
  Model params: 6,142
  epoch   1/50  loss=1.3099  bal_acc=0.4670
  epoch   2/50  loss=1.1281  bal_acc=0.5625
  epoch   3/50  loss=0.9900  bal_acc=0.6076
  epoch   4/50  loss=0.9074  bal_acc=0.6458
  epoch   5/50  loss=0.8407  bal_acc=0.6198
  epoch   6/50  loss=0.8057  bal_acc=0.6302
  epoch   7/50  loss=0.7735  bal_acc=0.6337
  epoch   8/50  loss=0.7287  bal_acc=0.6441
  epoch   9/50  loss=0.6951  bal_acc=0.6597
  epoch  10/50  loss=0.6779  bal_acc=0.6684
  epoch  11/50  loss=0.6567  bal_acc=0.6528
  epoch  12/50  loss=0.6406  bal_acc=0.6597
  epoch  13/50  loss=0.6299  bal_acc=0.6372
  epoch  14/50  loss=0.6008  bal_acc=0.6372
  epoch  15/50  loss=0.5971  bal_acc=0.6736
  epoch  16/50  loss=0.5740  bal_acc=0.6823
  epoch  17/50  loss=0.5688  bal_acc=0.6250
  epoch  18/50  loss=0.5539  bal_acc=0.6753
  epoch  19/50  loss=0.5503  bal_acc=0.6562
  epoch  20/50  loss=0.5258  bal_acc=0.6597
  epoch  21/50  loss=0.5389  bal_acc=0.6354
  epoch  22/50  loss=0.5122  bal_acc=0.6458
  epoch  23/50  loss=0.5064  bal_acc=0.6858
  epoch  24/50  loss=0.5065  bal_acc=0.6667
  epoch  25/50  loss=0.4915  bal_acc=0.6510
  epoch  26/50  loss=0.4781  bal_acc=0.6458
  epoch  27/50  loss=0.4973  bal_acc=0.6441
  epoch  28/50  loss=0.4775  bal_acc=0.6997
  epoch  29/50  loss=0.4576  bal_acc=0.6615
  epoch  30/50  loss=0.4591  bal_acc=0.6753
  epoch  31/50  loss=0.4513  bal_acc=0.6649
  epoch  32/50  loss=0.4431  bal_acc=0.6354
  epoch  33/50  loss=0.4436  bal_acc=0.6788
  epoch  34/50  loss=0.4337  bal_acc=0.6528
  epoch  35/50  loss=0.4354  bal_acc=0.6267
  epoch  36/50  loss=0.4362  bal_acc=0.6615
  epoch  37/50  loss=0.4291  bal_acc=0.6580
  epoch  38/50  loss=0.4265  bal_acc=0.6493
  epoch  39/50  loss=0.3992  bal_acc=0.6441
  epoch  40/50  loss=0.3959  bal_acc=0.6944
  epoch  41/50  loss=0.4049  bal_acc=0.6684
  epoch  42/50  loss=0.4039  bal_acc=0.6944
  epoch  43/50  loss=0.4026  bal_acc=0.6684
  epoch  44/50  loss=0.3886  bal_acc=0.6806
  epoch  45/50  loss=0.3857  bal_acc=0.6528
  epoch  46/50  loss=0.4023  bal_acc=0.6823
  epoch  47/50  loss=0.3912  bal_acc=0.6580
  epoch  48/50  loss=0.3761  bal_acc=0.6875
  epoch  49/50  loss=0.3800  bal_acc=0.6493
  epoch  50/50  loss=0.3788  bal_acc=0.6806
  [LOSO 8/9] subject 7: acc=0.6806  running_mean=0.5436

=== LOSO (hold out subject 8) ===
  Train: 4608 trials  |  Test: 576 trials
  Model params: 6,142
  epoch   1/50  loss=1.2927  bal_acc=0.4132
  epoch   2/50  loss=1.1078  bal_acc=0.4670
  epoch   3/50  loss=0.9826  bal_acc=0.4670
  epoch   4/50  loss=0.9069  bal_acc=0.4965
  epoch   5/50  loss=0.8390  bal_acc=0.5174
  epoch   6/50  loss=0.8094  bal_acc=0.5573
  epoch   7/50  loss=0.7769  bal_acc=0.5573
  epoch   8/50  loss=0.7322  bal_acc=0.5556
  epoch   9/50  loss=0.7155  bal_acc=0.5903
  epoch  10/50  loss=0.6836  bal_acc=0.5990
  epoch  11/50  loss=0.6773  bal_acc=0.5990
  epoch  12/50  loss=0.6370  bal_acc=0.6024
  epoch  13/50  loss=0.6264  bal_acc=0.6076
  epoch  14/50  loss=0.6165  bal_acc=0.6146
  epoch  15/50  loss=0.6088  bal_acc=0.6372
  epoch  16/50  loss=0.5776  bal_acc=0.6042
  epoch  17/50  loss=0.5791  bal_acc=0.6545
  epoch  18/50  loss=0.5616  bal_acc=0.6007
  epoch  19/50  loss=0.5529  bal_acc=0.6059
  epoch  20/50  loss=0.5326  bal_acc=0.5920
  epoch  21/50  loss=0.5131  bal_acc=0.6076
  epoch  22/50  loss=0.5226  bal_acc=0.6024
  epoch  23/50  loss=0.5132  bal_acc=0.5642
  epoch  24/50  loss=0.5036  bal_acc=0.5677
  epoch  25/50  loss=0.4888  bal_acc=0.6111
  epoch  26/50  loss=0.4845  bal_acc=0.6285
  epoch  27/50  loss=0.4662  bal_acc=0.5851
  epoch  28/50  loss=0.4594  bal_acc=0.5521
  epoch  29/50  loss=0.4592  bal_acc=0.6076
  epoch  30/50  loss=0.4477  bal_acc=0.5955
  epoch  31/50  loss=0.4653  bal_acc=0.6406
  epoch  32/50  loss=0.4413  bal_acc=0.6042
  epoch  33/50  loss=0.4517  bal_acc=0.6319
  epoch  34/50  loss=0.4478  bal_acc=0.5781
  epoch  35/50  loss=0.4335  bal_acc=0.6163
  epoch  36/50  loss=0.4151  bal_acc=0.6337
  epoch  37/50  loss=0.4175  bal_acc=0.6215
  epoch  38/50  loss=0.4235  bal_acc=0.5608
  epoch  39/50  loss=0.4080  bal_acc=0.6198
  epoch  40/50  loss=0.3981  bal_acc=0.6146
  epoch  41/50  loss=0.4093  bal_acc=0.6181
  epoch  42/50  loss=0.3875  bal_acc=0.6215
  epoch  43/50  loss=0.3884  bal_acc=0.6233
  epoch  44/50  loss=0.3937  bal_acc=0.6042
  epoch  45/50  loss=0.3790  bal_acc=0.6441
  epoch  46/50  loss=0.3913  bal_acc=0.6250
  epoch  47/50  loss=0.3931  bal_acc=0.6319
  epoch  48/50  loss=0.3777  bal_acc=0.6285
  epoch  49/50  loss=0.3628  bal_acc=0.5938
  epoch  50/50  loss=0.3667  bal_acc=0.6424
  [LOSO 9/9] subject 8: acc=0.6424  running_mean=0.5546
Results saved to results/BNCI2014_001/results_trial_81.json
Trial logged to results/BNCI2014_001/trials.csv
[status] trial 81 done (state=COMPLETE, value=0.5545910493827161) -- 72 completed total
Device: cuda
[BNCI2014_001] loading from cache: /home/aleksander.berezowsk/.cache/spiking_eegnet/BNCI2014_001_af1ccf3e92f684d8a93c057082b654d7.npz
[BNCI2014_001] cache hit: (5184, 1, 22, 1001), classes=['feet', 'left_hand', 'right_hand', 'tongue'], subjects=9
Dataset meta: {'n_classes': 4, 'n_channels': 22, 'n_samples': 1001, 'class_names': ['feet', 'left_hand', 'right_hand', 'tongue'], 'subject_list': [1, 2, 3, 4, 5, 6, 7, 8, 9], 'n_subjects': 9, 'sfreq': 250.0}

=== LOSO (hold out subject 0) ===
  Train: 4608 trials  |  Test: 576 trials
  Model params: 6,766
  epoch   1/50  loss=1.3440  bal_acc=0.3924
  epoch   2/50  loss=1.2086  bal_acc=0.4670
  epoch   3/50  loss=1.0885  bal_acc=0.4705
  epoch   4/50  loss=0.9992  bal_acc=0.4774
  epoch   5/50  loss=0.9132  bal_acc=0.5330
  epoch   6/50  loss=0.8460  bal_acc=0.5139
  epoch   7/50  loss=0.7967  bal_acc=0.5538
  epoch   8/50  loss=0.7657  bal_acc=0.5312
  epoch   9/50  loss=0.7400  bal_acc=0.5903
  epoch  10/50  loss=0.7151  bal_acc=0.5486
  epoch  11/50  loss=0.6843  bal_acc=0.5590
  epoch  12/50  loss=0.6762  bal_acc=0.5382
  epoch  13/50  loss=0.6533  bal_acc=0.5608
  epoch  14/50  loss=0.6369  bal_acc=0.4983
  epoch  15/50  loss=0.6153  bal_acc=0.5000
  epoch  16/50  loss=0.6106  bal_acc=0.4896
  epoch  17/50  loss=0.5896  bal_acc=0.4462
  epoch  18/50  loss=0.5841  bal_acc=0.5052
  epoch  19/50  loss=0.5627  bal_acc=0.5365
  epoch  20/50  loss=0.5573  bal_acc=0.5677
  epoch  21/50  loss=0.5414  bal_acc=0.4913
  epoch  22/50  loss=0.5324  bal_acc=0.5052
  epoch  23/50  loss=0.5234  bal_acc=0.5069
  epoch  24/50  loss=0.5082  bal_acc=0.4826
  epoch  25/50  loss=0.5090  bal_acc=0.5191
  epoch  26/50  loss=0.4968  bal_acc=0.5087
  epoch  27/50  loss=0.4864  bal_acc=0.5469
  epoch  28/50  loss=0.4712  bal_acc=0.5573
  epoch  29/50  loss=0.4821  bal_acc=0.4844
  epoch  30/50  loss=0.4780  bal_acc=0.5226
  epoch  31/50  loss=0.4625  bal_acc=0.4878
  epoch  32/50  loss=0.4592  bal_acc=0.5330
  epoch  33/50  loss=0.4534  bal_acc=0.4601
  epoch  34/50  loss=0.4448  bal_acc=0.5521
  epoch  35/50  loss=0.4431  bal_acc=0.5000
  epoch  36/50  loss=0.4312  bal_acc=0.5330
  epoch  37/50  loss=0.4298  bal_acc=0.4983
  epoch  38/50  loss=0.4225  bal_acc=0.5608
  epoch  39/50  loss=0.4147  bal_acc=0.5295
  epoch  40/50  loss=0.4077  bal_acc=0.5434
  epoch  41/50  loss=0.4173  bal_acc=0.5434
  epoch  42/50  loss=0.4038  bal_acc=0.5035
  epoch  43/50  loss=0.3988  bal_acc=0.5295
  epoch  44/50  loss=0.3906  bal_acc=0.5365
  epoch  45/50  loss=0.3947  bal_acc=0.4757
  epoch  46/50  loss=0.3827  bal_acc=0.4878
  epoch  47/50  loss=0.3843  bal_acc=0.4566
  epoch  48/50  loss=0.3756  bal_acc=0.4948
  epoch  49/50  loss=0.3724  bal_acc=0.4549
  epoch  50/50  loss=0.3752  bal_acc=0.5260
  [LOSO 1/9] subject 0: acc=0.5260  running_mean=0.5260

=== LOSO (hold out subject 1) ===
  Train: 4608 trials  |  Test: 576 trials
  Model params: 6,766
  epoch   1/50  loss=1.3297  bal_acc=0.3802
  epoch   2/50  loss=1.1747  bal_acc=0.3212
  epoch   3/50  loss=1.0166  bal_acc=0.3924
  epoch   4/50  loss=0.9089  bal_acc=0.3889
  epoch   5/50  loss=0.8319  bal_acc=0.3715
  epoch   6/50  loss=0.7887  bal_acc=0.4062
  epoch   7/50  loss=0.7511  bal_acc=0.4306
  epoch   8/50  loss=0.7158  bal_acc=0.4410
  epoch   9/50  loss=0.7047  bal_acc=0.4219
  epoch  10/50  loss=0.6643  bal_acc=0.4184
  epoch  11/50  loss=0.6452  bal_acc=0.4549
  epoch  12/50  loss=0.6321  bal_acc=0.4306
  epoch  13/50  loss=0.6077  bal_acc=0.4288
  epoch  14/50  loss=0.5930  bal_acc=0.4375
  epoch  15/50  loss=0.5671  bal_acc=0.4375
  epoch  16/50  loss=0.5650  bal_acc=0.4635
  epoch  17/50  loss=0.5544  bal_acc=0.4653
  epoch  18/50  loss=0.5279  bal_acc=0.4566
  epoch  19/50  loss=0.5165  bal_acc=0.4462
  epoch  20/50  loss=0.5155  bal_acc=0.4826
  epoch  21/50  loss=0.4965  bal_acc=0.4722
  epoch  22/50  loss=0.4916  bal_acc=0.4757
  epoch  23/50  loss=0.4796  bal_acc=0.4931
  epoch  24/50  loss=0.4781  bal_acc=0.4549
  epoch  25/50  loss=0.4611  bal_acc=0.4618
  epoch  26/50  loss=0.4574  bal_acc=0.4444
  epoch  27/50  loss=0.4378  bal_acc=0.4583
  epoch  28/50  loss=0.4452  bal_acc=0.4427
  epoch  29/50  loss=0.4375  bal_acc=0.4601
  epoch  30/50  loss=0.4235  bal_acc=0.4670
  epoch  31/50  loss=0.4210  bal_acc=0.4774
  epoch  32/50  loss=0.4137  bal_acc=0.4670
  epoch  33/50  loss=0.4098  bal_acc=0.4757
  epoch  34/50  loss=0.4033  bal_acc=0.4688
  epoch  35/50  loss=0.4128  bal_acc=0.4757
  epoch  36/50  loss=0.3891  bal_acc=0.4705
  epoch  37/50  loss=0.3720  bal_acc=0.4618
  epoch  38/50  loss=0.3743  bal_acc=0.4497
  epoch  39/50  loss=0.3659  bal_acc=0.4844
  epoch  40/50  loss=0.3721  bal_acc=0.4653
  epoch  41/50  loss=0.3653  bal_acc=0.4740
  epoch  42/50  loss=0.3553  bal_acc=0.4792
  epoch  43/50  loss=0.3535  bal_acc=0.4410
  epoch  44/50  loss=0.3672  bal_acc=0.4410
  epoch  45/50  loss=0.3561  bal_acc=0.4427
  epoch  46/50  loss=0.3555  bal_acc=0.4549
  epoch  47/50  loss=0.3305  bal_acc=0.4722
  epoch  48/50  loss=0.3395  bal_acc=0.4531
  epoch  49/50  loss=0.3203  bal_acc=0.4497
  epoch  50/50  loss=0.3332  bal_acc=0.4653
  [LOSO 2/9] subject 1: acc=0.4653  running_mean=0.4957

=== LOSO (hold out subject 2) ===
  Train: 4608 trials  |  Test: 576 trials
  Model params: 6,766
  epoch   1/50  loss=1.3366  bal_acc=0.3993
  epoch   2/50  loss=1.2127  bal_acc=0.4705
  epoch   3/50  loss=1.1182  bal_acc=0.5417
  epoch   4/50  loss=1.0445  bal_acc=0.5104
  epoch   5/50  loss=0.9813  bal_acc=0.5851
  epoch   6/50  loss=0.9225  bal_acc=0.5885
  epoch   7/50  loss=0.8684  bal_acc=0.6042
  epoch   8/50  loss=0.8328  bal_acc=0.6545
  epoch   9/50  loss=0.7934  bal_acc=0.6597
  epoch  10/50  loss=0.7590  bal_acc=0.6493
  epoch  11/50  loss=0.7349  bal_acc=0.6667
  epoch  12/50  loss=0.7207  bal_acc=0.6337
  epoch  13/50  loss=0.6882  bal_acc=0.6979
  epoch  14/50  loss=0.6640  bal_acc=0.7344
  epoch  15/50  loss=0.6595  bal_acc=0.6424
  epoch  16/50  loss=0.6402  bal_acc=0.6771
  epoch  17/50  loss=0.6220  bal_acc=0.7135
  epoch  18/50  loss=0.6073  bal_acc=0.6840
  epoch  19/50  loss=0.5867  bal_acc=0.6858
  epoch  20/50  loss=0.5907  bal_acc=0.6979
  epoch  21/50  loss=0.5730  bal_acc=0.7083
  epoch  22/50  loss=0.5591  bal_acc=0.6997
  epoch  23/50  loss=0.5460  bal_acc=0.7014
  epoch  24/50  loss=0.5411  bal_acc=0.6892
  epoch  25/50  loss=0.5313  bal_acc=0.6910
  epoch  26/50  loss=0.5154  bal_acc=0.6701
  epoch  27/50  loss=0.5067  bal_acc=0.7604
  epoch  28/50  loss=0.5022  bal_acc=0.6944
  epoch  29/50  loss=0.5013  bal_acc=0.7118
  epoch  30/50  loss=0.4904  bal_acc=0.6892
  epoch  31/50  loss=0.4774  bal_acc=0.7135
  epoch  32/50  loss=0.4771  bal_acc=0.7396
  epoch  33/50  loss=0.4723  bal_acc=0.7500
  epoch  34/50  loss=0.4681  bal_acc=0.6476
  epoch  35/50  loss=0.4631  bal_acc=0.7222
  epoch  36/50  loss=0.4475  bal_acc=0.7326
  epoch  37/50  loss=0.4462  bal_acc=0.6962
  epoch  38/50  loss=0.4433  bal_acc=0.7153
  epoch  39/50  loss=0.4425  bal_acc=0.6806
  epoch  40/50  loss=0.4300  bal_acc=0.7031
  epoch  41/50  loss=0.4383  bal_acc=0.7431
  epoch  42/50  loss=0.4272  bal_acc=0.6979
  epoch  43/50  loss=0.4262  bal_acc=0.7500
  epoch  44/50  loss=0.4131  bal_acc=0.6997
  epoch  45/50  loss=0.3970  bal_acc=0.6458
  epoch  46/50  loss=0.3958  bal_acc=0.7240
  epoch  47/50  loss=0.4050  bal_acc=0.7274
  epoch  48/50  loss=0.3886  bal_acc=0.6615
  epoch  49/50  loss=0.3935  bal_acc=0.7101
  epoch  50/50  loss=0.3785  bal_acc=0.6806
  [LOSO 3/9] subject 2: acc=0.6806  running_mean=0.5573

=== LOSO (hold out subject 3) ===
  Train: 4608 trials  |  Test: 576 trials
  Model params: 6,766
  epoch   1/50  loss=1.3365  bal_acc=0.3958
  epoch   2/50  loss=1.2021  bal_acc=0.3837
  epoch   3/50  loss=1.0878  bal_acc=0.4097
  epoch   4/50  loss=1.0044  bal_acc=0.4115
  epoch   5/50  loss=0.9246  bal_acc=0.4583
  epoch   6/50  loss=0.8583  bal_acc=0.4497
  epoch   7/50  loss=0.8042  bal_acc=0.4271
  epoch   8/50  loss=0.7625  bal_acc=0.4601
  epoch   9/50  loss=0.7190  bal_acc=0.4288
  epoch  10/50  loss=0.6801  bal_acc=0.4392
  epoch  11/50  loss=0.6607  bal_acc=0.4427
  epoch  12/50  loss=0.6394  bal_acc=0.4479
  epoch  13/50  loss=0.6208  bal_acc=0.4861
  epoch  14/50  loss=0.6041  bal_acc=0.4392
  epoch  15/50  loss=0.5748  bal_acc=0.4809
  epoch  16/50  loss=0.5705  bal_acc=0.4705
  epoch  17/50  loss=0.5576  bal_acc=0.4045
  epoch  18/50  loss=0.5511  bal_acc=0.4132
  epoch  19/50  loss=0.5310  bal_acc=0.4566
  epoch  20/50  loss=0.5163  bal_acc=0.4670
  epoch  21/50  loss=0.5066  bal_acc=0.4792
  epoch  22/50  loss=0.5009  bal_acc=0.4861
  epoch  23/50  loss=0.4951  bal_acc=0.4340
  epoch  24/50  loss=0.4857  bal_acc=0.4340
  epoch  25/50  loss=0.4789  bal_acc=0.4705
  epoch  26/50  loss=0.4600  bal_acc=0.4323
  epoch  27/50  loss=0.4422  bal_acc=0.4670
  epoch  28/50  loss=0.4503  bal_acc=0.4688
  epoch  29/50  loss=0.4412  bal_acc=0.4931
  epoch  30/50  loss=0.4257  bal_acc=0.4809
  epoch  31/50  loss=0.4235  bal_acc=0.4740
  epoch  32/50  loss=0.4248  bal_acc=0.4479
  epoch  33/50  loss=0.4012  bal_acc=0.4427
  epoch  34/50  loss=0.4092  bal_acc=0.4444
  epoch  35/50  loss=0.4045  bal_acc=0.4878
  epoch  36/50  loss=0.3973  bal_acc=0.4462
  epoch  37/50  loss=0.3972  bal_acc=0.4983
  epoch  38/50  loss=0.3806  bal_acc=0.4323
  epoch  39/50  loss=0.3778  bal_acc=0.4688
  epoch  40/50  loss=0.3685  bal_acc=0.4740
  epoch  41/50  loss=0.3797  bal_acc=0.5017
  epoch  42/50  loss=0.3673  bal_acc=0.4896
  epoch  43/50  loss=0.3586  bal_acc=0.4774
  epoch  44/50  loss=0.3498  bal_acc=0.4566
  epoch  45/50  loss=0.3511  bal_acc=0.5000
  epoch  46/50  loss=0.3462  bal_acc=0.4826
  epoch  47/50  loss=0.3482  bal_acc=0.4566
  epoch  48/50  loss=0.3432  bal_acc=0.4792
  epoch  49/50  loss=0.3368  bal_acc=0.4705
  epoch  50/50  loss=0.3299  bal_acc=0.4826
  [LOSO 4/9] subject 3: acc=0.4826  running_mean=0.5386

=== LOSO (hold out subject 4) ===
  Train: 4608 trials  |  Test: 576 trials
  Model params: 6,766
  epoch   1/50  loss=1.3355  bal_acc=0.3368
  epoch   2/50  loss=1.1808  bal_acc=0.3090
  epoch   3/50  loss=1.0488  bal_acc=0.2917
  epoch   4/50  loss=0.9581  bal_acc=0.3299
  epoch   5/50  loss=0.9023  bal_acc=0.3715
  epoch   6/50  loss=0.8542  bal_acc=0.3542
  epoch   7/50  loss=0.8192  bal_acc=0.3802
  epoch   8/50  loss=0.7750  bal_acc=0.3941
  epoch   9/50  loss=0.7491  bal_acc=0.4132
  epoch  10/50  loss=0.7183  bal_acc=0.4010
  epoch  11/50  loss=0.7123  bal_acc=0.4219
  epoch  12/50  loss=0.6743  bal_acc=0.4792
  epoch  13/50  loss=0.6559  bal_acc=0.4167
  epoch  14/50  loss=0.6308  bal_acc=0.4844
  epoch  15/50  loss=0.6259  bal_acc=0.5052
  epoch  16/50  loss=0.6070  bal_acc=0.5399
  epoch  17/50  loss=0.5855  bal_acc=0.4948
  epoch  18/50  loss=0.5699  bal_acc=0.4983
  epoch  19/50  loss=0.5583  bal_acc=0.5017
  epoch  20/50  loss=0.5555  bal_acc=0.5139
  epoch  21/50  loss=0.5410  bal_acc=0.4826
  epoch  22/50  loss=0.5376  bal_acc=0.4913
  epoch  23/50  loss=0.5180  bal_acc=0.5365
  epoch  24/50  loss=0.5036  bal_acc=0.5069
  epoch  25/50  loss=0.4986  bal_acc=0.4618
  epoch  26/50  loss=0.4922  bal_acc=0.4983
  epoch  27/50  loss=0.4917  bal_acc=0.5139
  epoch  28/50  loss=0.4760  bal_acc=0.5243
  epoch  29/50  loss=0.4605  bal_acc=0.4948
  epoch  30/50  loss=0.4599  bal_acc=0.5365
  epoch  31/50  loss=0.4422  bal_acc=0.5208
  epoch  32/50  loss=0.4575  bal_acc=0.5122
  epoch  33/50  loss=0.4346  bal_acc=0.4670
  epoch  34/50  loss=0.4330  bal_acc=0.4878
  epoch  35/50  loss=0.4316  bal_acc=0.4896
  epoch  36/50  loss=0.4190  bal_acc=0.5122
  epoch  37/50  loss=0.4166  bal_acc=0.5243
  epoch  38/50  loss=0.4124  bal_acc=0.5122
  epoch  39/50  loss=0.4022  bal_acc=0.5347
  epoch  40/50  loss=0.3961  bal_acc=0.5035
  epoch  41/50  loss=0.3974  bal_acc=0.5330
  epoch  42/50  loss=0.3928  bal_acc=0.5451
  epoch  43/50  loss=0.3885  bal_acc=0.5104
  epoch  44/50  loss=0.3909  bal_acc=0.5469
  epoch  45/50  loss=0.3831  bal_acc=0.5208
  epoch  46/50  loss=0.3887  bal_acc=0.5295
  epoch  47/50  loss=0.3583  bal_acc=0.5347
  epoch  48/50  loss=0.3686  bal_acc=0.5174
  epoch  49/50  loss=0.3738  bal_acc=0.4948
  epoch  50/50  loss=0.3761  bal_acc=0.5174
  [LOSO 5/9] subject 4: acc=0.5174  running_mean=0.5344

=== LOSO (hold out subject 5) ===
  Train: 4608 trials  |  Test: 576 trials
  Model params: 6,766
  epoch   1/50  loss=1.3548  bal_acc=0.3785
  epoch   2/50  loss=1.2055  bal_acc=0.4115
  epoch   3/50  loss=1.0743  bal_acc=0.4549
  epoch   4/50  loss=0.9716  bal_acc=0.4479
  epoch   5/50  loss=0.9000  bal_acc=0.4618
  epoch   6/50  loss=0.8198  bal_acc=0.4618
  epoch   7/50  loss=0.7707  bal_acc=0.4045
  epoch   8/50  loss=0.7309  bal_acc=0.4115
  epoch   9/50  loss=0.7020  bal_acc=0.4410
  epoch  10/50  loss=0.6701  bal_acc=0.4184
  epoch  11/50  loss=0.6394  bal_acc=0.4201
  epoch  12/50  loss=0.6329  bal_acc=0.4080
  epoch  13/50  loss=0.6139  bal_acc=0.4219
  epoch  14/50  loss=0.5897  bal_acc=0.4462
  epoch  15/50  loss=0.5805  bal_acc=0.4375
  epoch  16/50  loss=0.5536  bal_acc=0.4392
  epoch  17/50  loss=0.5466  bal_acc=0.4392
  epoch  18/50  loss=0.5373  bal_acc=0.4115
  epoch  19/50  loss=0.5196  bal_acc=0.4479
  epoch  20/50  loss=0.5284  bal_acc=0.3993
  epoch  21/50  loss=0.5104  bal_acc=0.4010
  epoch  22/50  loss=0.4994  bal_acc=0.4062
  epoch  23/50  loss=0.4826  bal_acc=0.4132
  epoch  24/50  loss=0.4806  bal_acc=0.4184
  epoch  25/50  loss=0.4676  bal_acc=0.3993
  epoch  26/50  loss=0.4489  bal_acc=0.4201
  epoch  27/50  loss=0.4506  bal_acc=0.3924
  epoch  28/50  loss=0.4536  bal_acc=0.4531
  epoch  29/50  loss=0.4445  bal_acc=0.4219
  epoch  30/50  loss=0.4318  bal_acc=0.4271
  epoch  31/50  loss=0.4265  bal_acc=0.4184
  epoch  32/50  loss=0.4351  bal_acc=0.4219
  epoch  33/50  loss=0.4201  bal_acc=0.3941
  epoch  34/50  loss=0.4012  bal_acc=0.4271
  epoch  35/50  loss=0.3949  bal_acc=0.4167
  epoch  36/50  loss=0.4050  bal_acc=0.4444
  epoch  37/50  loss=0.3899  bal_acc=0.3767
  epoch  38/50  loss=0.3869  bal_acc=0.4028
  epoch  39/50  loss=0.3720  bal_acc=0.3993
  epoch  40/50  loss=0.3720  bal_acc=0.3993
  epoch  41/50  loss=0.3721  bal_acc=0.4479
  epoch  42/50  loss=0.3577  bal_acc=0.4028
  epoch  43/50  loss=0.3651  bal_acc=0.4045
  epoch  44/50  loss=0.3562  bal_acc=0.4045
  epoch  45/50  loss=0.3607  bal_acc=0.4219
  epoch  46/50  loss=0.3541  bal_acc=0.4392
  epoch  47/50  loss=0.3519  bal_acc=0.4132
  epoch  48/50  loss=0.3446  bal_acc=0.3958
  epoch  49/50  loss=0.3346  bal_acc=0.4132
  epoch  50/50  loss=0.3393  bal_acc=0.4236
  [LOSO 6/9] subject 5: acc=0.4236  running_mean=0.5159

=== LOSO (hold out subject 6) ===
  Train: 4608 trials  |  Test: 576 trials
  Model params: 6,766
  epoch   1/50  loss=1.3289  bal_acc=0.4722
  epoch   2/50  loss=1.1866  bal_acc=0.5208
  epoch   3/50  loss=1.0845  bal_acc=0.5781
  epoch   4/50  loss=0.9946  bal_acc=0.5729
  epoch   5/50  loss=0.9227  bal_acc=0.5833
  epoch   6/50  loss=0.8588  bal_acc=0.5903
  epoch   7/50  loss=0.8129  bal_acc=0.5868
  epoch   8/50  loss=0.7667  bal_acc=0.5556
  epoch   9/50  loss=0.7359  bal_acc=0.5799
  epoch  10/50  loss=0.7106  bal_acc=0.5972
  epoch  11/50  loss=0.6791  bal_acc=0.5712
  epoch  12/50  loss=0.6625  bal_acc=0.5747
  epoch  13/50  loss=0.6391  bal_acc=0.5556
  epoch  14/50  loss=0.6249  bal_acc=0.5938
  epoch  15/50  loss=0.6124  bal_acc=0.5868
  epoch  16/50  loss=0.5909  bal_acc=0.6458
  epoch  17/50  loss=0.5721  bal_acc=0.6198
  epoch  18/50  loss=0.5619  bal_acc=0.5851
  epoch  19/50  loss=0.5601  bal_acc=0.5868
  epoch  20/50  loss=0.5500  bal_acc=0.5990
  epoch  21/50  loss=0.5304  bal_acc=0.5938
  epoch  22/50  loss=0.5214  bal_acc=0.6111
  epoch  23/50  loss=0.5162  bal_acc=0.6163
  epoch  24/50  loss=0.4933  bal_acc=0.5938
  epoch  25/50  loss=0.4948  bal_acc=0.6250
  epoch  26/50  loss=0.4904  bal_acc=0.6007
  epoch  27/50  loss=0.4752  bal_acc=0.5903
  epoch  28/50  loss=0.4605  bal_acc=0.5955
  epoch  29/50  loss=0.4627  bal_acc=0.5920
  epoch  30/50  loss=0.4570  bal_acc=0.6076
  epoch  31/50  loss=0.4421  bal_acc=0.6181
  epoch  32/50  loss=0.4330  bal_acc=0.6076
  epoch  33/50  loss=0.4367  bal_acc=0.6007
  epoch  34/50  loss=0.4195  bal_acc=0.5729
  epoch  35/50  loss=0.4289  bal_acc=0.5972
  epoch  36/50  loss=0.4255  bal_acc=0.6111
  epoch  37/50  loss=0.4164  bal_acc=0.5833
  epoch  38/50  loss=0.4129  bal_acc=0.5781
  epoch  39/50  loss=0.4159  bal_acc=0.5816
  epoch  40/50  loss=0.3999  bal_acc=0.5868
  epoch  41/50  loss=0.4013  bal_acc=0.5972
  epoch  42/50  loss=0.3936  bal_acc=0.5712
  epoch  43/50  loss=0.3820  bal_acc=0.5920
  epoch  44/50  loss=0.3855  bal_acc=0.5451
  epoch  45/50  loss=0.3859  bal_acc=0.5469
  epoch  46/50  loss=0.3786  bal_acc=0.5799
  epoch  47/50  loss=0.3706  bal_acc=0.5868
  epoch  48/50  loss=0.3577  bal_acc=0.5642
  epoch  49/50  loss=0.3756  bal_acc=0.5608
  epoch  50/50  loss=0.3492  bal_acc=0.5712
  [LOSO 7/9] subject 6: acc=0.5712  running_mean=0.5238

=== LOSO (hold out subject 7) ===
  Train: 4608 trials  |  Test: 576 trials
  Model params: 6,766
  epoch   1/50  loss=1.3123  bal_acc=0.4514
  epoch   2/50  loss=1.1476  bal_acc=0.5052
  epoch   3/50  loss=1.0377  bal_acc=0.5347
  epoch   4/50  loss=0.9641  bal_acc=0.5729
  epoch   5/50  loss=0.9074  bal_acc=0.6076
  epoch   6/50  loss=0.8461  bal_acc=0.6250
  epoch   7/50  loss=0.8238  bal_acc=0.6424
  epoch   8/50  loss=0.7914  bal_acc=0.6302
  epoch   9/50  loss=0.7572  bal_acc=0.6198
  epoch  10/50  loss=0.7350  bal_acc=0.6007
  epoch  11/50  loss=0.7111  bal_acc=0.6285
  epoch  12/50  loss=0.7079  bal_acc=0.6250
  epoch  13/50  loss=0.6750  bal_acc=0.6181
  epoch  14/50  loss=0.6545  bal_acc=0.5938
  epoch  15/50  loss=0.6391  bal_acc=0.6128
  epoch  16/50  loss=0.6356  bal_acc=0.5642
  epoch  17/50  loss=0.6187  bal_acc=0.6215
  epoch  18/50  loss=0.5968  bal_acc=0.6476
  epoch  19/50  loss=0.5841  bal_acc=0.6649
  epoch  20/50  loss=0.5784  bal_acc=0.6267
  epoch  21/50  loss=0.5676  bal_acc=0.6128
  epoch  22/50  loss=0.5595  bal_acc=0.6389
  epoch  23/50  loss=0.5442  bal_acc=0.6510
  epoch  24/50  loss=0.5347  bal_acc=0.6493
  epoch  25/50  loss=0.5293  bal_acc=0.6580
  epoch  26/50  loss=0.5155  bal_acc=0.6354
  epoch  27/50  loss=0.5095  bal_acc=0.6441
  epoch  28/50  loss=0.5101  bal_acc=0.6476
  epoch  29/50  loss=0.5009  bal_acc=0.6337
  epoch  30/50  loss=0.4956  bal_acc=0.6250
  epoch  31/50  loss=0.4891  bal_acc=0.6441
  epoch  32/50  loss=0.4752  bal_acc=0.6319
  epoch  33/50  loss=0.4643  bal_acc=0.6372
  epoch  34/50  loss=0.4518  bal_acc=0.6372
  epoch  35/50  loss=0.4608  bal_acc=0.6250
  epoch  36/50  loss=0.4510  bal_acc=0.6285
  epoch  37/50  loss=0.4453  bal_acc=0.5972
  epoch  38/50  loss=0.4314  bal_acc=0.6111
  epoch  39/50  loss=0.4260  bal_acc=0.6233
  epoch  40/50  loss=0.4254  bal_acc=0.6493
  epoch  41/50  loss=0.4270  bal_acc=0.5955
  epoch  42/50  loss=0.4147  bal_acc=0.6215
  epoch  43/50  loss=0.4147  bal_acc=0.6319
  epoch  44/50  loss=0.4116  bal_acc=0.6389
  epoch  45/50  loss=0.4096  bal_acc=0.6163
  epoch  46/50  loss=0.3987  bal_acc=0.6233
  epoch  47/50  loss=0.3891  bal_acc=0.6458
  epoch  48/50  loss=0.3906  bal_acc=0.6476
  epoch  49/50  loss=0.3910  bal_acc=0.6424
  epoch  50/50  loss=0.3846  bal_acc=0.6372
  [LOSO 8/9] subject 7: acc=0.6372  running_mean=0.5380

=== LOSO (hold out subject 8) ===
  Train: 4608 trials  |  Test: 576 trials
  Model params: 6,766
  epoch   1/50  loss=1.3341  bal_acc=0.4358
  epoch   2/50  loss=1.1755  bal_acc=0.4757
  epoch   3/50  loss=1.0070  bal_acc=0.5330
  epoch   4/50  loss=0.9322  bal_acc=0.5434
  epoch   5/50  loss=0.8653  bal_acc=0.5677
  epoch   6/50  loss=0.8304  bal_acc=0.5608
  epoch   7/50  loss=0.7887  bal_acc=0.5729
  epoch   8/50  loss=0.7564  bal_acc=0.5660
  epoch   9/50  loss=0.7276  bal_acc=0.5573
  epoch  10/50  loss=0.7018  bal_acc=0.5573
  epoch  11/50  loss=0.6750  bal_acc=0.6059
  epoch  12/50  loss=0.6561  bal_acc=0.5764
  epoch  13/50  loss=0.6388  bal_acc=0.6094
  epoch  14/50  loss=0.6352  bal_acc=0.5851
  epoch  15/50  loss=0.6180  bal_acc=0.6076
  epoch  16/50  loss=0.5942  bal_acc=0.5903
  epoch  17/50  loss=0.5903  bal_acc=0.5538
  epoch  18/50  loss=0.5825  bal_acc=0.5868
  epoch  19/50  loss=0.5594  bal_acc=0.5799
  epoch  20/50  loss=0.5538  bal_acc=0.5868
  epoch  21/50  loss=0.5438  bal_acc=0.5816
  epoch  22/50  loss=0.5249  bal_acc=0.5608
  epoch  23/50  loss=0.5147  bal_acc=0.5851
  epoch  24/50  loss=0.5054  bal_acc=0.5503
  epoch  25/50  loss=0.4981  bal_acc=0.5694
  epoch  26/50  loss=0.4889  bal_acc=0.5781
  epoch  27/50  loss=0.4723  bal_acc=0.5660
  epoch  28/50  loss=0.4771  bal_acc=0.5538
  epoch  29/50  loss=0.4680  bal_acc=0.5833
  epoch  30/50  loss=0.4709  bal_acc=0.5799
  epoch  31/50  loss=0.4538  bal_acc=0.5590
  epoch  32/50  loss=0.4500  bal_acc=0.5625
  epoch  33/50  loss=0.4410  bal_acc=0.5799
  epoch  34/50  loss=0.4400  bal_acc=0.5521
  epoch  35/50  loss=0.4347  bal_acc=0.5712
  epoch  36/50  loss=0.4283  bal_acc=0.5868
  epoch  37/50  loss=0.4178  bal_acc=0.5503
  epoch  38/50  loss=0.4117  bal_acc=0.5538
  epoch  39/50  loss=0.4039  bal_acc=0.5868
  epoch  40/50  loss=0.4144  bal_acc=0.5868
  epoch  41/50  loss=0.4094  bal_acc=0.5747
  epoch  42/50  loss=0.3842  bal_acc=0.5747
  epoch  43/50  loss=0.3863  bal_acc=0.5521
  epoch  44/50  loss=0.3880  bal_acc=0.5747
  epoch  45/50  loss=0.3908  bal_acc=0.5590
  epoch  46/50  loss=0.3740  bal_acc=0.5521
  epoch  47/50  loss=0.3783  bal_acc=0.5747
  epoch  48/50  loss=0.3716  bal_acc=0.5660
  epoch  49/50  loss=0.3557  bal_acc=0.5590
  epoch  50/50  loss=0.3641  bal_acc=0.5573
  [LOSO 9/9] subject 8: acc=0.5573  running_mean=0.5401
Results saved to results/BNCI2014_001/results_trial_85.json
Trial logged to results/BNCI2014_001/trials.csv
[status] trial 85 done (state=COMPLETE, value=0.5401234567901234) -- 75 completed total
Device: cuda
[BNCI2014_001] loading from cache: /home/aleksander.berezowsk/.cache/spiking_eegnet/BNCI2014_001_af1ccf3e92f684d8a93c057082b654d7.npz
[BNCI2014_001] cache hit: (5184, 1, 22, 1001), classes=['feet', 'left_hand', 'right_hand', 'tongue'], subjects=9
Dataset meta: {'n_classes': 4, 'n_channels': 22, 'n_samples': 1001, 'class_names': ['feet', 'left_hand', 'right_hand', 'tongue'], 'subject_list': [1, 2, 3, 4, 5, 6, 7, 8, 9], 'n_subjects': 9, 'sfreq': 250.0}

=== LOSO (hold out subject 0) ===
  Train: 4608 trials  |  Test: 576 trials
  Model params: 20,073
  epoch   1/50  loss=1.2870  bal_acc=0.4792
  epoch   2/50  loss=0.9892  bal_acc=0.5417
  epoch   3/50  loss=0.8609  bal_acc=0.4774
  epoch   4/50  loss=0.7629  bal_acc=0.4219
  epoch   5/50  loss=0.6504  bal_acc=0.5208
  epoch   6/50  loss=0.5727  bal_acc=0.4583
  epoch   7/50  loss=0.5036  bal_acc=0.5660
  epoch   8/50  loss=0.4535  bal_acc=0.4965
  epoch   9/50  loss=0.4263  bal_acc=0.4913
  epoch  10/50  loss=0.3690  bal_acc=0.5503
  epoch  11/50  loss=0.3074  bal_acc=0.5729
  epoch  12/50  loss=0.2879  bal_acc=0.5243
  epoch  13/50  loss=0.2872  bal_acc=0.4878
  epoch  14/50  loss=0.2548  bal_acc=0.5174
  epoch  15/50  loss=0.2121  bal_acc=0.5017
  epoch  16/50  loss=0.1818  bal_acc=0.5087
  epoch  17/50  loss=0.2016  bal_acc=0.4931
  epoch  18/50  loss=0.1832  bal_acc=0.5295
  epoch  19/50  loss=0.1774  bal_acc=0.4878
  epoch  20/50  loss=0.1690  bal_acc=0.5625
  epoch  21/50  loss=0.1215  bal_acc=0.5590
  epoch  22/50  loss=0.1404  bal_acc=0.5573
  epoch  23/50  loss=0.1421  bal_acc=0.5191
  epoch  24/50  loss=0.1379  bal_acc=0.5590
  epoch  25/50  loss=0.1337  bal_acc=0.5451
  epoch  26/50  loss=0.1039  bal_acc=0.5347
  epoch  27/50  loss=0.1218  bal_acc=0.5365
  epoch  28/50  loss=0.1129  bal_acc=0.5243
  epoch  29/50  loss=0.1081  bal_acc=0.5156
  epoch  30/50  loss=0.0970  bal_acc=0.5087
  epoch  31/50  loss=0.1048  bal_acc=0.5538
  epoch  32/50  loss=0.1275  bal_acc=0.5312
  epoch  33/50  loss=0.1086  bal_acc=0.5122
  epoch  34/50  loss=0.0779  bal_acc=0.5295
  epoch  35/50  loss=0.0744  bal_acc=0.5417
  epoch  36/50  loss=0.0982  bal_acc=0.5486
  epoch  37/50  loss=0.1264  bal_acc=0.5243
  epoch  38/50  loss=0.1417  bal_acc=0.4896
  epoch  39/50  loss=0.0983  bal_acc=0.5434
  epoch  40/50  loss=0.0959  bal_acc=0.5451
  epoch  41/50  loss=0.0718  bal_acc=0.5330
  epoch  42/50  loss=0.0632  bal_acc=0.5104
  epoch  43/50  loss=0.0779  bal_acc=0.5243
  epoch  44/50  loss=0.0969  bal_acc=0.5556
  epoch  45/50  loss=0.0907  bal_acc=0.5712
  epoch  46/50  loss=0.0788  bal_acc=0.5330
  epoch  47/50  loss=0.0705  bal_acc=0.5573
  epoch  48/50  loss=0.0731  bal_acc=0.5764
  epoch  49/50  loss=0.0872  bal_acc=0.5521
  epoch  50/50  loss=0.0945  bal_acc=0.5712
  [LOSO 1/9] subject 0: acc=0.5712  running_mean=0.5712

=== LOSO (hold out subject 1) ===
  Train: 4608 trials  |  Test: 576 trials
  Model params: 20,073
  epoch   1/50  loss=1.2891  bal_acc=0.3715
  epoch   2/50  loss=0.9915  bal_acc=0.3976
  epoch   3/50  loss=0.8185  bal_acc=0.4583
  epoch   4/50  loss=0.6995  bal_acc=0.4392
  epoch   5/50  loss=0.6112  bal_acc=0.4149
  epoch   6/50  loss=0.5345  bal_acc=0.4635
  epoch   7/50  loss=0.4716  bal_acc=0.4271
  epoch   8/50  loss=0.4286  bal_acc=0.4392
  epoch   9/50  loss=0.3922  bal_acc=0.4115
  epoch  10/50  loss=0.3205  bal_acc=0.4132
  epoch  11/50  loss=0.2973  bal_acc=0.3993
  epoch  12/50  loss=0.2349  bal_acc=0.4375
  epoch  13/50  loss=0.2334  bal_acc=0.4236
  epoch  14/50  loss=0.2441  bal_acc=0.4062
  epoch  15/50  loss=0.1848  bal_acc=0.4167
  epoch  16/50  loss=0.2015  bal_acc=0.4531
  epoch  17/50  loss=0.1692  bal_acc=0.3976
  epoch  18/50  loss=0.1650  bal_acc=0.4184
  epoch  19/50  loss=0.1492  bal_acc=0.4132
  epoch  20/50  loss=0.1199  bal_acc=0.4358
  epoch  21/50  loss=0.1194  bal_acc=0.4479
  epoch  22/50  loss=0.1255  bal_acc=0.4045
  epoch  23/50  loss=0.1234  bal_acc=0.3819
  epoch  24/50  loss=0.1088  bal_acc=0.4149
  epoch  25/50  loss=0.1244  bal_acc=0.4427
  epoch  26/50  loss=0.1169  bal_acc=0.4340
  epoch  27/50  loss=0.1048  bal_acc=0.4427
  epoch  28/50  loss=0.1047  bal_acc=0.4219
  epoch  29/50  loss=0.0897  bal_acc=0.4253
  epoch  30/50  loss=0.0785  bal_acc=0.4132
  epoch  31/50  loss=0.0967  bal_acc=0.4097
  epoch  32/50  loss=0.1157  bal_acc=0.4080
  epoch  33/50  loss=0.0936  bal_acc=0.4149
  epoch  34/50  loss=0.0939  bal_acc=0.4253
  epoch  35/50  loss=0.0953  bal_acc=0.3993
  epoch  36/50  loss=0.0818  bal_acc=0.4236
  epoch  37/50  loss=0.0777  bal_acc=0.3993
  epoch  38/50  loss=0.1228  bal_acc=0.4028
  epoch  39/50  loss=0.1119  bal_acc=0.4132
  epoch  40/50  loss=0.0794  bal_acc=0.4201
  epoch  41/50  loss=0.0721  bal_acc=0.4358
  epoch  42/50  loss=0.0874  bal_acc=0.4427
  epoch  43/50  loss=0.0703  bal_acc=0.4132
  epoch  44/50  loss=0.0833  bal_acc=0.4010
  epoch  45/50  loss=0.0919  bal_acc=0.4444
  epoch  46/50  loss=0.0627  bal_acc=0.4184
  epoch  47/50  loss=0.0705  bal_acc=0.3750
  epoch  48/50  loss=0.0745  bal_acc=0.4340
  epoch  49/50  loss=0.0737  bal_acc=0.4497
  epoch  50/50  loss=0.0920  bal_acc=0.4340
  [LOSO 2/9] subject 1: acc=0.4340  running_mean=0.5026

=== LOSO (hold out subject 2) ===
  Train: 4608 trials  |  Test: 576 trials
  Model params: 20,073
  epoch   1/50  loss=1.3182  bal_acc=0.5469
  epoch   2/50  loss=1.0410  bal_acc=0.6128
  epoch   3/50  loss=0.8982  bal_acc=0.6667
  epoch   4/50  loss=0.7787  bal_acc=0.6094
  epoch   5/50  loss=0.6930  bal_acc=0.6597
  epoch   6/50  loss=0.6087  bal_acc=0.6510
  epoch   7/50  loss=0.5239  bal_acc=0.5660
  epoch   8/50  loss=0.5031  bal_acc=0.6979
  epoch   9/50  loss=0.4209  bal_acc=0.6510
  epoch  10/50  loss=0.3796  bal_acc=0.6649
  epoch  11/50  loss=0.3134  bal_acc=0.6510
  epoch  12/50  loss=0.3235  bal_acc=0.6111
  epoch  13/50  loss=0.2644  bal_acc=0.5903
  epoch  14/50  loss=0.2380  bal_acc=0.5781
  epoch  15/50  loss=0.2229  bal_acc=0.6094
  epoch  16/50  loss=0.2350  bal_acc=0.6007
  epoch  17/50  loss=0.2064  bal_acc=0.5990
  epoch  18/50  loss=0.1581  bal_acc=0.6476
  epoch  19/50  loss=0.1638  bal_acc=0.5573
  epoch  20/50  loss=0.1763  bal_acc=0.6250
  epoch  21/50  loss=0.1769  bal_acc=0.6094
  epoch  22/50  loss=0.1638  bal_acc=0.6545
  epoch  23/50  loss=0.1533  bal_acc=0.6285
  epoch  24/50  loss=0.1297  bal_acc=0.6458
  epoch  25/50  loss=0.1487  bal_acc=0.6181
  epoch  26/50  loss=0.1204  bal_acc=0.6181
  epoch  27/50  loss=0.1337  bal_acc=0.5938
  epoch  28/50  loss=0.1195  bal_acc=0.6667
  epoch  29/50  loss=0.1165  bal_acc=0.6128
  epoch  30/50  loss=0.1068  bal_acc=0.6372
  epoch  31/50  loss=0.1161  bal_acc=0.6424
  epoch  32/50  loss=0.0938  bal_acc=0.6076
  epoch  33/50  loss=0.1137  bal_acc=0.6580
  epoch  34/50  loss=0.1280  bal_acc=0.6458
  epoch  35/50  loss=0.0921  bal_acc=0.6128
  epoch  36/50  loss=0.1145  bal_acc=0.6510
  epoch  37/50  loss=0.1314  bal_acc=0.6198
  epoch  38/50  loss=0.1108  bal_acc=0.6233
  epoch  39/50  loss=0.1048  bal_acc=0.6319
  epoch  40/50  loss=0.0775  bal_acc=0.6319
  epoch  41/50  loss=0.0707  bal_acc=0.6146
  epoch  42/50  loss=0.0977  bal_acc=0.6319
  epoch  43/50  loss=0.0622  bal_acc=0.6441
  epoch  44/50  loss=0.1015  bal_acc=0.6198
  epoch  45/50  loss=0.1119  bal_acc=0.6059
  epoch  46/50  loss=0.0750  bal_acc=0.6372
  epoch  47/50  loss=0.1023  bal_acc=0.6076
  epoch  48/50  loss=0.0806  bal_acc=0.5990
  epoch  49/50  loss=0.0801  bal_acc=0.6493
  epoch  50/50  loss=0.0848  bal_acc=0.5347
  [LOSO 3/9] subject 2: acc=0.5347  running_mean=0.5133

=== LOSO (hold out subject 3) ===
  Train: 4608 trials  |  Test: 576 trials
  Model params: 20,073
  epoch   1/50  loss=1.2776  bal_acc=0.4410
  epoch   2/50  loss=0.9886  bal_acc=0.4479
  epoch   3/50  loss=0.8229  bal_acc=0.4323
  epoch   4/50  loss=0.7014  bal_acc=0.4392
  epoch   5/50  loss=0.6329  bal_acc=0.4896
  epoch   6/50  loss=0.5304  bal_acc=0.3958
