Job ID   : 45130003
Node     : fg5
Started  : Fri Jul 24 13:06:31 MDT 2026
Directory: /home/aleksander.berezowsk/spiking-eegnet
Requirement already satisfied: setuptools==69.5.1 in /home/aleksander.berezowsk/venv/lib/python3.12/site-packages (69.5.1)
Requirement already satisfied: torch==2.4.0 in /home/aleksander.berezowsk/venv/lib/python3.12/site-packages (2.4.0)
Requirement already satisfied: torchvision==0.19.0 in /home/aleksander.berezowsk/venv/lib/python3.12/site-packages (0.19.0)
Requirement already satisfied: torchaudio==2.4.0 in /home/aleksander.berezowsk/venv/lib/python3.12/site-packages (2.4.0)
Requirement already satisfied: torchmetrics in /home/aleksander.berezowsk/venv/lib/python3.12/site-packages (1.9.0)
Requirement already satisfied: filelock in /home/aleksander.berezowsk/venv/lib/python3.12/site-packages (from torch==2.4.0) (3.29.0)
Requirement already satisfied: typing-extensions>=4.8.0 in /home/aleksander.berezowsk/venv/lib/python3.12/site-packages (from torch==2.4.0) (4.15.0)
Requirement already satisfied: sympy in /home/aleksander.berezowsk/venv/lib/python3.12/site-packages (from torch==2.4.0) (1.14.0)
Requirement already satisfied: networkx in /home/aleksander.berezowsk/venv/lib/python3.12/site-packages (from torch==2.4.0) (3.6.1)
Requirement already satisfied: jinja2 in /home/aleksander.berezowsk/venv/lib/python3.12/site-packages (from torch==2.4.0) (3.1.6)
Requirement already satisfied: fsspec in /home/aleksander.berezowsk/venv/lib/python3.12/site-packages (from torch==2.4.0) (2026.4.0)
Requirement already satisfied: setuptools in /home/aleksander.berezowsk/venv/lib/python3.12/site-packages (from torch==2.4.0) (69.5.1)
Requirement already satisfied: nvidia-cuda-nvrtc-cu12==12.1.105 in /home/aleksander.berezowsk/venv/lib/python3.12/site-packages (from torch==2.4.0) (12.1.105)
Requirement already satisfied: nvidia-cuda-runtime-cu12==12.1.105 in /home/aleksander.berezowsk/venv/lib/python3.12/site-packages (from torch==2.4.0) (12.1.105)
Requirement already satisfied: nvidia-cuda-cupti-cu12==12.1.105 in /home/aleksander.berezowsk/venv/lib/python3.12/site-packages (from torch==2.4.0) (12.1.105)
Requirement already satisfied: nvidia-cudnn-cu12==9.1.0.70 in /home/aleksander.berezowsk/venv/lib/python3.12/site-packages (from torch==2.4.0) (9.1.0.70)
Requirement already satisfied: nvidia-cublas-cu12==12.1.3.1 in /home/aleksander.berezowsk/venv/lib/python3.12/site-packages (from torch==2.4.0) (12.1.3.1)
Requirement already satisfied: nvidia-cufft-cu12==11.0.2.54 in /home/aleksander.berezowsk/venv/lib/python3.12/site-packages (from torch==2.4.0) (11.0.2.54)
Requirement already satisfied: nvidia-curand-cu12==10.3.2.106 in /home/aleksander.berezowsk/venv/lib/python3.12/site-packages (from torch==2.4.0) (10.3.2.106)
Requirement already satisfied: nvidia-cusolver-cu12==11.4.5.107 in /home/aleksander.berezowsk/venv/lib/python3.12/site-packages (from torch==2.4.0) (11.4.5.107)
Requirement already satisfied: nvidia-cusparse-cu12==12.1.0.106 in /home/aleksander.berezowsk/venv/lib/python3.12/site-packages (from torch==2.4.0) (12.1.0.106)
Requirement already satisfied: nvidia-nccl-cu12==2.20.5 in /home/aleksander.berezowsk/venv/lib/python3.12/site-packages (from torch==2.4.0) (2.20.5)
Requirement already satisfied: nvidia-nvtx-cu12==12.1.105 in /home/aleksander.berezowsk/venv/lib/python3.12/site-packages (from torch==2.4.0) (12.1.105)
Requirement already satisfied: triton==3.0.0 in /home/aleksander.berezowsk/venv/lib/python3.12/site-packages (from torch==2.4.0) (3.0.0)
Requirement already satisfied: numpy in /home/aleksander.berezowsk/venv/lib/python3.12/site-packages (from torchvision==0.19.0) (2.4.6)
Requirement already satisfied: pillow!=8.3.*,>=5.3.0 in /home/aleksander.berezowsk/venv/lib/python3.12/site-packages (from torchvision==0.19.0) (12.2.0)
Requirement already satisfied: nvidia-nvjitlink-cu12 in /home/aleksander.berezowsk/venv/lib/python3.12/site-packages (from nvidia-cusolver-cu12==11.4.5.107->torch==2.4.0) (12.9.86)
Requirement already satisfied: packaging>17.1 in /home/aleksander.berezowsk/venv/lib/python3.12/site-packages (from torchmetrics) (26.2)
Requirement already satisfied: lightning-utilities>=0.15.3 in /home/aleksander.berezowsk/venv/lib/python3.12/site-packages (from torchmetrics) (0.15.3)
Requirement already satisfied: MarkupSafe>=2.0 in /home/aleksander.berezowsk/venv/lib/python3.12/site-packages (from jinja2->torch==2.4.0) (3.0.3)
Requirement already satisfied: mpmath<1.4,>=1.1.0 in /home/aleksander.berezowsk/venv/lib/python3.12/site-packages (from sympy->torch==2.4.0) (1.3.0)
Requirement already satisfied: optuna in /home/aleksander.berezowsk/venv/lib/python3.12/site-packages (4.9.0)
Requirement already satisfied: snntorch in /home/aleksander.berezowsk/venv/lib/python3.12/site-packages (0.9.4)
Requirement already satisfied: seaborn in /home/aleksander.berezowsk/venv/lib/python3.12/site-packages (0.13.2)
Requirement already satisfied: scikit-learn in /home/aleksander.berezowsk/venv/lib/python3.12/site-packages (1.8.0)
Requirement already satisfied: alembic>=1.5.0 in /home/aleksander.berezowsk/venv/lib/python3.12/site-packages (from optuna) (1.18.4)
Requirement already satisfied: colorlog in /home/aleksander.berezowsk/venv/lib/python3.12/site-packages (from optuna) (6.10.1)
Requirement already satisfied: numpy in /home/aleksander.berezowsk/venv/lib/python3.12/site-packages (from optuna) (2.4.6)
Requirement already satisfied: packaging>=20.0 in /home/aleksander.berezowsk/venv/lib/python3.12/site-packages (from optuna) (26.2)
Requirement already satisfied: sqlalchemy>=1.4.2 in /home/aleksander.berezowsk/venv/lib/python3.12/site-packages (from optuna) (2.0.50)
Requirement already satisfied: tqdm in /home/aleksander.berezowsk/venv/lib/python3.12/site-packages (from optuna) (4.67.3)
Requirement already satisfied: PyYAML in /home/aleksander.berezowsk/venv/lib/python3.12/site-packages (from optuna) (6.0.3)
Requirement already satisfied: pandas>=1.2 in /home/aleksander.berezowsk/venv/lib/python3.12/site-packages (from seaborn) (3.0.3)
Requirement already satisfied: matplotlib!=3.6.1,>=3.4 in /home/aleksander.berezowsk/venv/lib/python3.12/site-packages (from seaborn) (3.10.9)
Requirement already satisfied: scipy>=1.10.0 in /home/aleksander.berezowsk/venv/lib/python3.12/site-packages (from scikit-learn) (1.17.1)
Requirement already satisfied: joblib>=1.3.0 in /home/aleksander.berezowsk/venv/lib/python3.12/site-packages (from scikit-learn) (1.5.3)
Requirement already satisfied: threadpoolctl>=3.2.0 in /home/aleksander.berezowsk/venv/lib/python3.12/site-packages (from scikit-learn) (3.6.0)
Requirement already satisfied: Mako in /home/aleksander.berezowsk/venv/lib/python3.12/site-packages (from alembic>=1.5.0->optuna) (1.3.12)
Requirement already satisfied: typing-extensions>=4.12 in /home/aleksander.berezowsk/venv/lib/python3.12/site-packages (from alembic>=1.5.0->optuna) (4.15.0)
Requirement already satisfied: contourpy>=1.0.1 in /home/aleksander.berezowsk/venv/lib/python3.12/site-packages (from matplotlib!=3.6.1,>=3.4->seaborn) (1.3.3)
Requirement already satisfied: cycler>=0.10 in /home/aleksander.berezowsk/venv/lib/python3.12/site-packages (from matplotlib!=3.6.1,>=3.4->seaborn) (0.12.1)
Requirement already satisfied: fonttools>=4.22.0 in /home/aleksander.berezowsk/venv/lib/python3.12/site-packages (from matplotlib!=3.6.1,>=3.4->seaborn) (4.63.0)
Requirement already satisfied: kiwisolver>=1.3.1 in /home/aleksander.berezowsk/venv/lib/python3.12/site-packages (from matplotlib!=3.6.1,>=3.4->seaborn) (1.5.0)
Requirement already satisfied: pillow>=8 in /home/aleksander.berezowsk/venv/lib/python3.12/site-packages (from matplotlib!=3.6.1,>=3.4->seaborn) (12.2.0)
Requirement already satisfied: pyparsing>=3 in /home/aleksander.berezowsk/venv/lib/python3.12/site-packages (from matplotlib!=3.6.1,>=3.4->seaborn) (3.3.2)
Requirement already satisfied: python-dateutil>=2.7 in /home/aleksander.berezowsk/venv/lib/python3.12/site-packages (from matplotlib!=3.6.1,>=3.4->seaborn) (2.9.0.post0)
Requirement already satisfied: greenlet>=1 in /home/aleksander.berezowsk/venv/lib/python3.12/site-packages (from sqlalchemy>=1.4.2->optuna) (3.5.1)
Requirement already satisfied: six>=1.5 in /home/aleksander.berezowsk/venv/lib/python3.12/site-packages (from python-dateutil>=2.7->matplotlib!=3.6.1,>=3.4->seaborn) (1.17.0)
Requirement already satisfied: MarkupSafe>=0.9.2 in /home/aleksander.berezowsk/venv/lib/python3.12/site-packages (from Mako->alembic>=1.5.0->optuna) (3.0.3)
Auto-detected Optuna study: 'snn_eegnet_v4_400_40'
Loaded best params from study 'snn_eegnet_v4_400_40' in sqlite:///optuna_study.db (trial #111, value=0.5725)
Resolved config:
  DATASET_KEY               = BNCI2014_001
  EPOCHS                    = 50
  BATCH_SIZE                = 32
  LR_EXP                    = -3.0804150699368527
  DROPOUT                   = 0.41020431135088337
  BETA                      = 0.8553891025755443
  SPIKE_GRAD_SLOPE          = 35.31311984721932
  TEMPORAL_FILTERS          = 37
  DEPTH_MULTIPLIER          = 2
  POINTWISE_FILTERS         = 58
  TEMPORAL_KERNEL_DIV       = 6
  SEPARABLE_KERNEL_SIZE     = 12
  POOL1_SIZE                = 5
  POOL2_SIZE                = 5
  N_STEPS_TRAIN             = 8
  N_STEPS_EVAL              = 10
  READOUT_MODE              = spk_sum

Device: cuda
[BNCI2014_001] loading from cache: /home/aleksander.berezowsk/.cache/spiking_eegnet/BNCI2014_001_af1ccf3e92f684d8a93c057082b654d7.npz
[BNCI2014_001] cache hit: (5184, 1, 22, 1001), classes=['feet', 'left_hand', 'right_hand', 'tongue'], subjects=9
Dataset meta: {'n_classes': 4, 'n_channels': 22, 'n_samples': 1001, 'class_names': ['feet', 'left_hand', 'right_hand', 'tongue'], 'subject_list': [1, 2, 3, 4, 5, 6, 7, 8, 9], 'n_subjects': 9, 'sfreq': 250.0}

=== Phase 1: LOSO subject 1/9 (internal idx 0, subject id 1) ===
  Train: 4608 trials | Test: 576 trials
  Model params: 22,572
  epoch   1/50  loss=1.5315  bal_acc=0.3628
  epoch   2/50  loss=1.3374  bal_acc=0.3993
  epoch   3/50  loss=1.1285  bal_acc=0.4392
  epoch   4/50  loss=1.0506  bal_acc=0.4722
  epoch   5/50  loss=0.9815  bal_acc=0.4618
  epoch   6/50  loss=0.9449  bal_acc=0.4705
  epoch   7/50  loss=0.9025  bal_acc=0.4844
  epoch   8/50  loss=0.8668  bal_acc=0.4896
  epoch   9/50  loss=0.8122  bal_acc=0.4913
  epoch  10/50  loss=0.7782  bal_acc=0.4792
  epoch  11/50  loss=0.7547  bal_acc=0.4948
  epoch  12/50  loss=0.7405  bal_acc=0.5174
  epoch  13/50  loss=0.7097  bal_acc=0.4844
  epoch  14/50  loss=0.6805  bal_acc=0.5503
  epoch  15/50  loss=0.6442  bal_acc=0.5729
  epoch  16/50  loss=0.6145  bal_acc=0.5573
  epoch  17/50  loss=0.6137  bal_acc=0.5451
  epoch  18/50  loss=0.5752  bal_acc=0.5208
  epoch  19/50  loss=0.5722  bal_acc=0.5295
  epoch  20/50  loss=0.6445  bal_acc=0.5347
  epoch  21/50  loss=0.5492  bal_acc=0.5035
  epoch  22/50  loss=0.5087  bal_acc=0.5069
  epoch  23/50  loss=0.4956  bal_acc=0.5191
  epoch  24/50  loss=0.5343  bal_acc=0.5295
  epoch  25/50  loss=0.5136  bal_acc=0.5087
  epoch  26/50  loss=0.4559  bal_acc=0.5590
  epoch  27/50  loss=0.4850  bal_acc=0.5243
  epoch  28/50  loss=0.4408  bal_acc=0.5434
  epoch  29/50  loss=0.4275  bal_acc=0.5573
  epoch  30/50  loss=0.4217  bal_acc=0.5608
  epoch  31/50  loss=0.4125  bal_acc=0.5642
  epoch  32/50  loss=0.4080  bal_acc=0.5556
  epoch  33/50  loss=0.3945  bal_acc=0.5330
  epoch  34/50  loss=0.3649  bal_acc=0.5451
  epoch  35/50  loss=0.3865  bal_acc=0.5174
  epoch  36/50  loss=0.3773  bal_acc=0.5174
  epoch  37/50  loss=0.3560  bal_acc=0.5434
  epoch  38/50  loss=0.3556  bal_acc=0.5590
  epoch  39/50  loss=0.3289  bal_acc=0.5191
  epoch  40/50  loss=0.3280  bal_acc=0.5503
  epoch  41/50  loss=0.3376  bal_acc=0.5712
  epoch  42/50  loss=0.3586  bal_acc=0.5660
  epoch  43/50  loss=0.3296  bal_acc=0.5868
  epoch  44/50  loss=0.2951  bal_acc=0.5851
  epoch  45/50  loss=0.2940  bal_acc=0.5451
  epoch  46/50  loss=0.3043  bal_acc=0.5694
  epoch  47/50  loss=0.3234  bal_acc=0.5608
  epoch  48/50  loss=0.2884  bal_acc=0.5642
  epoch  49/50  loss=0.2589  bal_acc=0.5312
  epoch  50/50  loss=0.2617  bal_acc=0.5278
  -> bal_acc=0.5278  f1_macro=0.5303

=== Phase 1: LOSO subject 2/9 (internal idx 1, subject id 2) ===
  Train: 4608 trials | Test: 576 trials
  Model params: 22,572
  epoch   1/50  loss=1.5284  bal_acc=0.3559
  epoch   2/50  loss=1.2843  bal_acc=0.3767
  epoch   3/50  loss=1.1976  bal_acc=0.3906
  epoch   4/50  loss=1.0904  bal_acc=0.4115
  epoch   5/50  loss=1.0018  bal_acc=0.4184
  epoch   6/50  loss=0.9416  bal_acc=0.4288
  epoch   7/50  loss=0.8545  bal_acc=0.3941
  epoch   8/50  loss=0.8211  bal_acc=0.3976
  epoch   9/50  loss=0.8227  bal_acc=0.3993
  epoch  10/50  loss=0.7848  bal_acc=0.4045
  epoch  11/50  loss=0.7193  bal_acc=0.3646
  epoch  12/50  loss=0.7224  bal_acc=0.4132
  epoch  13/50  loss=0.7194  bal_acc=0.4010
  epoch  14/50  loss=0.6880  bal_acc=0.3750
  epoch  15/50  loss=0.6485  bal_acc=0.4253
  epoch  16/50  loss=0.6410  bal_acc=0.4497
  epoch  17/50  loss=0.6128  bal_acc=0.4253
  epoch  18/50  loss=0.6027  bal_acc=0.4045
  epoch  19/50  loss=0.5775  bal_acc=0.3976
  epoch  20/50  loss=0.5303  bal_acc=0.3976
  epoch  21/50  loss=0.5643  bal_acc=0.4271
  epoch  22/50  loss=0.5341  bal_acc=0.4167
  epoch  23/50  loss=0.5395  bal_acc=0.4080
  epoch  24/50  loss=0.5643  bal_acc=0.4479
  epoch  25/50  loss=0.5129  bal_acc=0.4219
  epoch  26/50  loss=0.4470  bal_acc=0.4358
  epoch  27/50  loss=0.4479  bal_acc=0.4497
  epoch  28/50  loss=0.4736  bal_acc=0.4410
  epoch  29/50  loss=0.4203  bal_acc=0.4358
  epoch  30/50  loss=0.4021  bal_acc=0.4375
  epoch  31/50  loss=0.3921  bal_acc=0.4757
  epoch  32/50  loss=0.3891  bal_acc=0.4132
  epoch  33/50  loss=0.3679  bal_acc=0.4028
  epoch  34/50  loss=0.3687  bal_acc=0.4062
  epoch  35/50  loss=0.3715  bal_acc=0.4045
  epoch  36/50  loss=0.3635  bal_acc=0.4392
  epoch  37/50  loss=0.3497  bal_acc=0.4253
  epoch  38/50  loss=0.3418  bal_acc=0.4201
  epoch  39/50  loss=0.3203  bal_acc=0.4288
  epoch  40/50  loss=0.3363  bal_acc=0.4427
  epoch  41/50  loss=0.3043  bal_acc=0.4236
  epoch  42/50  loss=0.3240  bal_acc=0.4149
  epoch  43/50  loss=0.3163  bal_acc=0.4358
  epoch  44/50  loss=0.2989  bal_acc=0.4219
  epoch  45/50  loss=0.2894  bal_acc=0.4097
  epoch  46/50  loss=0.2916  bal_acc=0.4010
  epoch  47/50  loss=0.3051  bal_acc=0.4149
  epoch  48/50  loss=0.2845  bal_acc=0.4583
  epoch  49/50  loss=0.2891  bal_acc=0.4583
  epoch  50/50  loss=0.2930  bal_acc=0.4219
  -> bal_acc=0.4219  f1_macro=0.4075

=== Phase 1: LOSO subject 3/9 (internal idx 2, subject id 3) ===
  Train: 4608 trials | Test: 576 trials
  Model params: 22,572
  epoch   1/50  loss=1.5554  bal_acc=0.4201
  epoch   2/50  loss=1.2873  bal_acc=0.4861
  epoch   3/50  loss=1.2202  bal_acc=0.4635
  epoch   4/50  loss=1.1288  bal_acc=0.5833
  epoch   5/50  loss=1.0137  bal_acc=0.5781
  epoch   6/50  loss=0.9713  bal_acc=0.6250
  epoch   7/50  loss=0.9070  bal_acc=0.6302
  epoch   8/50  loss=0.8986  bal_acc=0.6615
  epoch   9/50  loss=0.8871  bal_acc=0.6441
  epoch  10/50  loss=0.8371  bal_acc=0.5764
  epoch  11/50  loss=0.8040  bal_acc=0.6476
  epoch  12/50  loss=0.7721  bal_acc=0.6649
  epoch  13/50  loss=0.7533  bal_acc=0.5799
  epoch  14/50  loss=0.7078  bal_acc=0.6892
  epoch  15/50  loss=0.7099  bal_acc=0.6719
  epoch  16/50  loss=0.6709  bal_acc=0.6753
  epoch  17/50  loss=0.6492  bal_acc=0.6632
  epoch  18/50  loss=0.6436  bal_acc=0.6441
  epoch  19/50  loss=0.6099  bal_acc=0.6337
  epoch  20/50  loss=0.6332  bal_acc=0.6684
  epoch  21/50  loss=0.5732  bal_acc=0.6719
  epoch  22/50  loss=0.5529  bal_acc=0.6510
  epoch  23/50  loss=0.5513  bal_acc=0.6510
  epoch  24/50  loss=0.5230  bal_acc=0.6285
  epoch  25/50  loss=0.5270  bal_acc=0.6580
  epoch  26/50  loss=0.5085  bal_acc=0.6337
  epoch  27/50  loss=0.4792  bal_acc=0.7014
  epoch  28/50  loss=0.4779  bal_acc=0.6580
  epoch  29/50  loss=0.4689  bal_acc=0.6337
  epoch  30/50  loss=0.4582  bal_acc=0.6736
  epoch  31/50  loss=0.4787  bal_acc=0.5816
  epoch  32/50  loss=0.4325  bal_acc=0.6424
  epoch  33/50  loss=0.4538  bal_acc=0.6302
  epoch  34/50  loss=0.4128  bal_acc=0.6545
  epoch  35/50  loss=0.4136  bal_acc=0.5625
  epoch  36/50  loss=0.4079  bal_acc=0.6146
  epoch  37/50  loss=0.4104  bal_acc=0.6649
  epoch  38/50  loss=0.3969  bal_acc=0.6302
  epoch  39/50  loss=0.3764  bal_acc=0.6875
  epoch  40/50  loss=0.3564  bal_acc=0.6528
  epoch  41/50  loss=0.3459  bal_acc=0.7101
  epoch  42/50  loss=0.3748  bal_acc=0.6233
  epoch  43/50  loss=0.3614  bal_acc=0.6892
  epoch  44/50  loss=0.3201  bal_acc=0.6823
  epoch  45/50  loss=0.3214  bal_acc=0.6597
  epoch  46/50  loss=0.3284  bal_acc=0.6163
  epoch  47/50  loss=0.3045  bal_acc=0.6719
  epoch  48/50  loss=0.3089  bal_acc=0.5851
  epoch  49/50  loss=0.3213  bal_acc=0.6128
  epoch  50/50  loss=0.3262  bal_acc=0.6615
  -> bal_acc=0.6615  f1_macro=0.6408

=== Phase 1: LOSO subject 4/9 (internal idx 3, subject id 4) ===
  Train: 4608 trials | Test: 576 trials
  Model params: 22,572
  epoch   1/50  loss=1.5471  bal_acc=0.3438
  epoch   2/50  loss=1.2892  bal_acc=0.4028
  epoch   3/50  loss=1.1842  bal_acc=0.4062
  epoch   4/50  loss=1.0641  bal_acc=0.3576
  epoch   5/50  loss=1.0455  bal_acc=0.4271
  epoch   6/50  loss=0.9442  bal_acc=0.4410
  epoch   7/50  loss=0.8839  bal_acc=0.4479
  epoch   8/50  loss=0.8188  bal_acc=0.4549
  epoch   9/50  loss=0.8185  bal_acc=0.4601
  epoch  10/50  loss=0.7792  bal_acc=0.4479
  epoch  11/50  loss=0.7580  bal_acc=0.3854
  epoch  12/50  loss=0.7234  bal_acc=0.4618
  epoch  13/50  loss=0.6821  bal_acc=0.4062
  epoch  14/50  loss=0.7008  bal_acc=0.4705
  epoch  15/50  loss=0.6604  bal_acc=0.4497
  epoch  16/50  loss=0.6516  bal_acc=0.4757
  epoch  17/50  loss=0.6041  bal_acc=0.4549
  epoch  18/50  loss=0.5918  bal_acc=0.4531
  epoch  19/50  loss=0.5640  bal_acc=0.4896
  epoch  20/50  loss=0.5357  bal_acc=0.4705
  epoch  21/50  loss=0.5306  bal_acc=0.4740
  epoch  22/50  loss=0.5046  bal_acc=0.4670
  epoch  23/50  loss=0.4916  bal_acc=0.4340
  epoch  24/50  loss=0.4684  bal_acc=0.4618
  epoch  25/50  loss=0.4881  bal_acc=0.4392
  epoch  26/50  loss=0.4503  bal_acc=0.4635
  epoch  27/50  loss=0.4505  bal_acc=0.4965
  epoch  28/50  loss=0.4202  bal_acc=0.4601
  epoch  29/50  loss=0.3990  bal_acc=0.4410
  epoch  30/50  loss=0.3868  bal_acc=0.4549
  epoch  31/50  loss=0.4146  bal_acc=0.4444
  epoch  32/50  loss=0.3564  bal_acc=0.4323
  epoch  33/50  loss=0.3703  bal_acc=0.4062
  epoch  34/50  loss=0.3668  bal_acc=0.4653
  epoch  35/50  loss=0.3378  bal_acc=0.4618
  epoch  36/50  loss=0.3469  bal_acc=0.4583
  epoch  37/50  loss=0.3183  bal_acc=0.4462
  epoch  38/50  loss=0.3212  bal_acc=0.4444
  epoch  39/50  loss=0.3352  bal_acc=0.4392
  epoch  40/50  loss=0.3235  bal_acc=0.4479
  epoch  41/50  loss=0.3143  bal_acc=0.4566
  epoch  42/50  loss=0.2912  bal_acc=0.4549
  epoch  43/50  loss=0.2702  bal_acc=0.4549
  epoch  44/50  loss=0.2974  bal_acc=0.4427
  epoch  45/50  loss=0.2654  bal_acc=0.4392
  epoch  46/50  loss=0.2671  bal_acc=0.4670
  epoch  47/50  loss=0.2606  bal_acc=0.4653
  epoch  48/50  loss=0.2644  bal_acc=0.4340
  epoch  49/50  loss=0.2596  bal_acc=0.4253
  epoch  50/50  loss=0.2319  bal_acc=0.4549
  -> bal_acc=0.4549  f1_macro=0.4458

=== Phase 1: LOSO subject 5/9 (internal idx 4, subject id 5) ===
  Train: 4608 trials | Test: 576 trials
  Model params: 22,572
  epoch   1/50  loss=1.5251  bal_acc=0.3038
  epoch   2/50  loss=1.2887  bal_acc=0.4115
  epoch   3/50  loss=1.1526  bal_acc=0.4288
  epoch   4/50  loss=1.0567  bal_acc=0.4774
  epoch   5/50  loss=0.9733  bal_acc=0.5000
  epoch   6/50  loss=0.9295  bal_acc=0.4948
  epoch   7/50  loss=0.8838  bal_acc=0.5295
  epoch   8/50  loss=0.8176  bal_acc=0.5503
  epoch   9/50  loss=0.8060  bal_acc=0.5486
  epoch  10/50  loss=0.7512  bal_acc=0.5312
  epoch  11/50  loss=0.7953  bal_acc=0.5330
  epoch  12/50  loss=0.7147  bal_acc=0.4444
  epoch  13/50  loss=0.6887  bal_acc=0.5226
  epoch  14/50  loss=0.6902  bal_acc=0.5382
  epoch  15/50  loss=0.6453  bal_acc=0.4983
  epoch  16/50  loss=0.6732  bal_acc=0.5521
  epoch  17/50  loss=0.6380  bal_acc=0.5417
  epoch  18/50  loss=0.5961  bal_acc=0.5226
  epoch  19/50  loss=0.5911  bal_acc=0.5590
  epoch  20/50  loss=0.6016  bal_acc=0.5260
  epoch  21/50  loss=0.5625  bal_acc=0.5017
  epoch  22/50  loss=0.5356  bal_acc=0.5052
  epoch  23/50  loss=0.5230  bal_acc=0.5608
  epoch  24/50  loss=0.5385  bal_acc=0.5191
  epoch  25/50  loss=0.5030  bal_acc=0.5312
  epoch  26/50  loss=0.4914  bal_acc=0.5312
  epoch  27/50  loss=0.4693  bal_acc=0.5000
  epoch  28/50  loss=0.4177  bal_acc=0.4670
  epoch  29/50  loss=0.4354  bal_acc=0.5139
  epoch  30/50  loss=0.4211  bal_acc=0.5069
  epoch  31/50  loss=0.4135  bal_acc=0.4618
  epoch  32/50  loss=0.3938  bal_acc=0.4722
  epoch  33/50  loss=0.4178  bal_acc=0.4983
  epoch  34/50  loss=0.4089  bal_acc=0.5122
  epoch  35/50  loss=0.3912  bal_acc=0.5226
  epoch  36/50  loss=0.3631  bal_acc=0.5260
  epoch  37/50  loss=0.3771  bal_acc=0.5139
  epoch  38/50  loss=0.3708  bal_acc=0.5226
  epoch  39/50  loss=0.3459  bal_acc=0.5399
  epoch  40/50  loss=0.3430  bal_acc=0.5208
  epoch  41/50  loss=0.3249  bal_acc=0.5208
  epoch  42/50  loss=0.2994  bal_acc=0.5069
  epoch  43/50  loss=0.3036  bal_acc=0.5208
  epoch  44/50  loss=0.3043  bal_acc=0.5278
  epoch  45/50  loss=0.3093  bal_acc=0.5122
  epoch  46/50  loss=0.2858  bal_acc=0.5312
  epoch  47/50  loss=0.2591  bal_acc=0.5243
  epoch  48/50  loss=0.2719  bal_acc=0.5191
  epoch  49/50  loss=0.2958  bal_acc=0.5069
  epoch  50/50  loss=0.2537  bal_acc=0.5104
  -> bal_acc=0.5104  f1_macro=0.4933

=== Phase 1: LOSO subject 6/9 (internal idx 5, subject id 6) ===
  Train: 4608 trials | Test: 576 trials
  Model params: 22,572
  epoch   1/50  loss=1.4800  bal_acc=0.3420
  epoch   2/50  loss=1.2010  bal_acc=0.4635
  epoch   3/50  loss=1.0956  bal_acc=0.4722
  epoch   4/50  loss=0.9976  bal_acc=0.4375
  epoch   5/50  loss=0.9099  bal_acc=0.4722
  epoch   6/50  loss=0.8439  bal_acc=0.4601
  epoch   7/50  loss=0.7722  bal_acc=0.4115
  epoch   8/50  loss=0.7972  bal_acc=0.4722
  epoch   9/50  loss=0.7547  bal_acc=0.4705
  epoch  10/50  loss=0.7143  bal_acc=0.4618
  epoch  11/50  loss=0.6966  bal_acc=0.4514
  epoch  12/50  loss=0.7159  bal_acc=0.4236
  epoch  13/50  loss=0.6359  bal_acc=0.4566
  epoch  14/50  loss=0.6564  bal_acc=0.4861
  epoch  15/50  loss=0.6179  bal_acc=0.4167
  epoch  16/50  loss=0.5993  bal_acc=0.4757
  epoch  17/50  loss=0.5844  bal_acc=0.4566
  epoch  18/50  loss=0.5531  bal_acc=0.4358
  epoch  19/50  loss=0.5666  bal_acc=0.4497
  epoch  20/50  loss=0.5505  bal_acc=0.5000
  epoch  21/50  loss=0.5411  bal_acc=0.4184
  epoch  22/50  loss=0.5035  bal_acc=0.4913
  epoch  23/50  loss=0.4779  bal_acc=0.4931
  epoch  24/50  loss=0.4466  bal_acc=0.4948
  epoch  25/50  loss=0.4678  bal_acc=0.4288
  epoch  26/50  loss=0.4551  bal_acc=0.4878
  epoch  27/50  loss=0.4179  bal_acc=0.4740
  epoch  28/50  loss=0.3954  bal_acc=0.4601
  epoch  29/50  loss=0.3711  bal_acc=0.4444
  epoch  30/50  loss=0.4073  bal_acc=0.4688
  epoch  31/50  loss=0.3910  bal_acc=0.4705
  epoch  32/50  loss=0.3881  bal_acc=0.4375
  epoch  33/50  loss=0.3760  bal_acc=0.4670
  epoch  34/50  loss=0.3698  bal_acc=0.4635
  epoch  35/50  loss=0.3402  bal_acc=0.4705
  epoch  36/50  loss=0.3387  bal_acc=0.4497
  epoch  37/50  loss=0.3235  bal_acc=0.4705
  epoch  38/50  loss=0.3046  bal_acc=0.4462
  epoch  39/50  loss=0.3285  bal_acc=0.4861
  epoch  40/50  loss=0.3159  bal_acc=0.4479
  epoch  41/50  loss=0.3424  bal_acc=0.4531
  epoch  42/50  loss=0.3072  bal_acc=0.4392
  epoch  43/50  loss=0.3037  bal_acc=0.4462
  epoch  44/50  loss=0.2820  bal_acc=0.4392
  epoch  45/50  loss=0.2950  bal_acc=0.4392
  epoch  46/50  loss=0.2932  bal_acc=0.4635
  epoch  47/50  loss=0.2966  bal_acc=0.4288
  epoch  48/50  loss=0.2518  bal_acc=0.4549
  epoch  49/50  loss=0.2632  bal_acc=0.4583
  epoch  50/50  loss=0.2385  bal_acc=0.4705
  -> bal_acc=0.4705  f1_macro=0.4429

=== Phase 1: LOSO subject 7/9 (internal idx 6, subject id 7) ===
  Train: 4608 trials | Test: 576 trials
  Model params: 22,572
  epoch   1/50  loss=1.5406  bal_acc=0.4392
  epoch   2/50  loss=1.3265  bal_acc=0.4740
  epoch   3/50  loss=1.1927  bal_acc=0.5590
  epoch   4/50  loss=1.0715  bal_acc=0.5938
  epoch   5/50  loss=1.0511  bal_acc=0.6042
  epoch   6/50  loss=0.9550  bal_acc=0.5885
  epoch   7/50  loss=0.9127  bal_acc=0.5972
  epoch   8/50  loss=0.8904  bal_acc=0.5920
  epoch   9/50  loss=0.8181  bal_acc=0.5972
  epoch  10/50  loss=0.8086  bal_acc=0.5174
  epoch  11/50  loss=0.7814  bal_acc=0.6146
  epoch  12/50  loss=0.7771  bal_acc=0.5451
  epoch  13/50  loss=0.7296  bal_acc=0.6198
  epoch  14/50  loss=0.6985  bal_acc=0.5903
  epoch  15/50  loss=0.6731  bal_acc=0.6076
  epoch  16/50  loss=0.6655  bal_acc=0.6111
  epoch  17/50  loss=0.6547  bal_acc=0.6094
  epoch  18/50  loss=0.5999  bal_acc=0.6163
  epoch  19/50  loss=0.6080  bal_acc=0.6024
  epoch  20/50  loss=0.5985  bal_acc=0.6007
  epoch  21/50  loss=0.5945  bal_acc=0.6128
  epoch  22/50  loss=0.5584  bal_acc=0.5972
  epoch  23/50  loss=0.5570  bal_acc=0.6024
  epoch  24/50  loss=0.5668  bal_acc=0.5608
  epoch  25/50  loss=0.5108  bal_acc=0.5747
  epoch  26/50  loss=0.5022  bal_acc=0.5694
  epoch  27/50  loss=0.5123  bal_acc=0.5851
  epoch  28/50  loss=0.4716  bal_acc=0.6076
  epoch  29/50  loss=0.4490  bal_acc=0.6059
  epoch  30/50  loss=0.4313  bal_acc=0.5903
  epoch  31/50  loss=0.4366  bal_acc=0.5208
  epoch  32/50  loss=0.4356  bal_acc=0.6233
  epoch  33/50  loss=0.4158  bal_acc=0.6111
  epoch  34/50  loss=0.3808  bal_acc=0.5885
  epoch  35/50  loss=0.3717  bal_acc=0.5434
  epoch  36/50  loss=0.4187  bal_acc=0.6424
  epoch  37/50  loss=0.4269  bal_acc=0.5833
  epoch  38/50  loss=0.3815  bal_acc=0.6319
  epoch  39/50  loss=0.3333  bal_acc=0.6059
  epoch  40/50  loss=0.3370  bal_acc=0.6094
  epoch  41/50  loss=0.3545  bal_acc=0.5781
  epoch  42/50  loss=0.3579  bal_acc=0.5764
  epoch  43/50  loss=0.3345  bal_acc=0.5851
  epoch  44/50  loss=0.3453  bal_acc=0.5573
  epoch  45/50  loss=0.3157  bal_acc=0.5538
  epoch  46/50  loss=0.3158  bal_acc=0.5938
  epoch  47/50  loss=0.2948  bal_acc=0.5799
  epoch  48/50  loss=0.3049  bal_acc=0.6198
  epoch  49/50  loss=0.2775  bal_acc=0.6215
  epoch  50/50  loss=0.2756  bal_acc=0.5799
  -> bal_acc=0.5799  f1_macro=0.5752

=== Phase 1: LOSO subject 8/9 (internal idx 7, subject id 8) ===
  Train: 4608 trials | Test: 576 trials
  Model params: 22,572
  epoch   1/50  loss=1.5505  bal_acc=0.4028
  epoch   2/50  loss=1.2648  bal_acc=0.4479
  epoch   3/50  loss=1.1601  bal_acc=0.4306
  epoch   4/50  loss=1.1053  bal_acc=0.4931
  epoch   5/50  loss=1.0335  bal_acc=0.4809
  epoch   6/50  loss=0.9936  bal_acc=0.5017
  epoch   7/50  loss=0.9362  bal_acc=0.5226
  epoch   8/50  loss=0.8914  bal_acc=0.5434
  epoch   9/50  loss=0.8922  bal_acc=0.5087
  epoch  10/50  loss=0.8614  bal_acc=0.5382
  epoch  11/50  loss=0.7828  bal_acc=0.5243
  epoch  12/50  loss=0.7742  bal_acc=0.5903
  epoch  13/50  loss=0.7380  bal_acc=0.5590
  epoch  14/50  loss=0.6999  bal_acc=0.5503
  epoch  15/50  loss=0.6838  bal_acc=0.5503
  epoch  16/50  loss=0.6484  bal_acc=0.5191
  epoch  17/50  loss=0.6355  bal_acc=0.5885
  epoch  18/50  loss=0.6008  bal_acc=0.5781
  epoch  19/50  loss=0.5692  bal_acc=0.5851
  epoch  20/50  loss=0.5879  bal_acc=0.5955
  epoch  21/50  loss=0.5592  bal_acc=0.5816
  epoch  22/50  loss=0.5290  bal_acc=0.5851
  epoch  23/50  loss=0.5092  bal_acc=0.5885
  epoch  24/50  loss=0.4797  bal_acc=0.5781
  epoch  25/50  loss=0.4489  bal_acc=0.5938
  epoch  26/50  loss=0.5074  bal_acc=0.6667
  epoch  27/50  loss=0.4712  bal_acc=0.6128
  epoch  28/50  loss=0.4344  bal_acc=0.6128
  epoch  29/50  loss=0.4601  bal_acc=0.5885
  epoch  30/50  loss=0.4454  bal_acc=0.6042
  epoch  31/50  loss=0.4412  bal_acc=0.6198
  epoch  32/50  loss=0.4264  bal_acc=0.5990
  epoch  33/50  loss=0.3743  bal_acc=0.6354
  epoch  34/50  loss=0.3982  bal_acc=0.5885
  epoch  35/50  loss=0.3853  bal_acc=0.5938
  epoch  36/50  loss=0.3565  bal_acc=0.5990
  epoch  37/50  loss=0.3632  bal_acc=0.6128
  epoch  38/50  loss=0.3562  bal_acc=0.6215
  epoch  39/50  loss=0.3390  bal_acc=0.6267
  epoch  40/50  loss=0.3469  bal_acc=0.6285
  epoch  41/50  loss=0.3208  bal_acc=0.6285
  epoch  42/50  loss=0.3174  bal_acc=0.6406
  epoch  43/50  loss=0.3240  bal_acc=0.6111
  epoch  44/50  loss=0.3366  bal_acc=0.5938
  epoch  45/50  loss=0.3242  bal_acc=0.6250
  epoch  46/50  loss=0.3282  bal_acc=0.6267
  epoch  47/50  loss=0.2984  bal_acc=0.6285
  epoch  48/50  loss=0.2891  bal_acc=0.6181
  epoch  49/50  loss=0.2830  bal_acc=0.6146
  epoch  50/50  loss=0.2864  bal_acc=0.6042
  -> bal_acc=0.6042  f1_macro=0.5999

=== Phase 1: LOSO subject 9/9 (internal idx 8, subject id 9) ===
  Train: 4608 trials | Test: 576 trials
  Model params: 22,572
  epoch   1/50  loss=1.5745  bal_acc=0.3351
  epoch   2/50  loss=1.3026  bal_acc=0.3542
  epoch   3/50  loss=1.1570  bal_acc=0.4566
  epoch   4/50  loss=1.0670  bal_acc=0.4462
  epoch   5/50  loss=1.0211  bal_acc=0.4514
  epoch   6/50  loss=0.9824  bal_acc=0.4653
  epoch   7/50  loss=0.8792  bal_acc=0.4705
  epoch   8/50  loss=0.8682  bal_acc=0.4514
  epoch   9/50  loss=0.8550  bal_acc=0.4965
  epoch  10/50  loss=0.7932  bal_acc=0.4635
  epoch  11/50  loss=0.7690  bal_acc=0.4983
  epoch  12/50  loss=0.7345  bal_acc=0.5139
  epoch  13/50  loss=0.7036  bal_acc=0.4653
  epoch  14/50  loss=0.6871  bal_acc=0.5156
  epoch  15/50  loss=0.6733  bal_acc=0.5122
  epoch  16/50  loss=0.6473  bal_acc=0.5069
  epoch  17/50  loss=0.6151  bal_acc=0.5052
  epoch  18/50  loss=0.6112  bal_acc=0.5226
  epoch  19/50  loss=0.6218  bal_acc=0.5417
  epoch  20/50  loss=0.5999  bal_acc=0.4948
  epoch  21/50  loss=0.5793  bal_acc=0.5312
  epoch  22/50  loss=0.5633  bal_acc=0.5347
  epoch  23/50  loss=0.5056  bal_acc=0.5278
  epoch  24/50  loss=0.5268  bal_acc=0.5122
  epoch  25/50  loss=0.5042  bal_acc=0.5156
  epoch  26/50  loss=0.4950  bal_acc=0.5434
  epoch  27/50  loss=0.5191  bal_acc=0.5399
  epoch  28/50  loss=0.4754  bal_acc=0.5677
  epoch  29/50  loss=0.4535  bal_acc=0.5226
  epoch  30/50  loss=0.4785  bal_acc=0.5503
  epoch  31/50  loss=0.4756  bal_acc=0.5035
  epoch  32/50  loss=0.4660  bal_acc=0.5035
  epoch  33/50  loss=0.4186  bal_acc=0.5243
  epoch  34/50  loss=0.3964  bal_acc=0.5417
  epoch  35/50  loss=0.4113  bal_acc=0.5035
  epoch  36/50  loss=0.3656  bal_acc=0.5417
  epoch  37/50  loss=0.3753  bal_acc=0.5330
  epoch  38/50  loss=0.3773  bal_acc=0.5365
  epoch  39/50  loss=0.3872  bal_acc=0.5469
  epoch  40/50  loss=0.3548  bal_acc=0.5260
  epoch  41/50  loss=0.3303  bal_acc=0.5295
  epoch  42/50  loss=0.3279  bal_acc=0.5226
  epoch  43/50  loss=0.3404  bal_acc=0.5191
  epoch  44/50  loss=0.3224  bal_acc=0.5278
  epoch  45/50  loss=0.3238  bal_acc=0.5260
  epoch  46/50  loss=0.2945  bal_acc=0.5434
  epoch  47/50  loss=0.2807  bal_acc=0.5417
  epoch  48/50  loss=0.3161  bal_acc=0.5503
  epoch  49/50  loss=0.3042  bal_acc=0.5399
  epoch  50/50  loss=0.3187  bal_acc=0.5208
  -> bal_acc=0.5208  f1_macro=0.5158
Saved -> results_FinalTest/BNCI2014_001/ablation_study/01_per_subject_accuracy.png
Saved -> results_FinalTest/BNCI2014_001/ablation_study/02_confusion_matrices.png
Saved -> results_FinalTest/BNCI2014_001/ablation_study/03_per_class_accuracy_heatmap.png
Saved -> results_FinalTest/BNCI2014_001/ablation_study/04_training_curves.png
Saved -> results_FinalTest/BNCI2014_001/ablation_study/05_accuracy_distribution.png
Saved -> results_FinalTest/BNCI2014_001/ablation_study/per_subject_summary.csv

=== Phase 2a: ablation 'no_depthwise' (overrides={'depth_multiplier': 1}) ===
  Model params: 19,094
  epoch   1/50  loss=1.5215  bal_acc=0.3646
  epoch   2/50  loss=1.3435  bal_acc=0.3837
  epoch   3/50  loss=1.2044  bal_acc=0.4323
  epoch   4/50  loss=1.1710  bal_acc=0.4201
  epoch   5/50  loss=1.0863  bal_acc=0.4896
  epoch   6/50  loss=0.9986  bal_acc=0.4479
  epoch   7/50  loss=0.9798  bal_acc=0.4965
  epoch   8/50  loss=0.8882  bal_acc=0.4479
  epoch   9/50  loss=0.9076  bal_acc=0.4531
  epoch  10/50  loss=0.8569  bal_acc=0.4653
  epoch  11/50  loss=0.8322  bal_acc=0.5035
  epoch  12/50  loss=0.7829  bal_acc=0.4722
  epoch  13/50  loss=0.7555  bal_acc=0.4878
  epoch  14/50  loss=0.7733  bal_acc=0.4826
  epoch  15/50  loss=0.7311  bal_acc=0.4948
  epoch  16/50  loss=0.7131  bal_acc=0.4670
  epoch  17/50  loss=0.6943  bal_acc=0.4878
  epoch  18/50  loss=0.6720  bal_acc=0.5087
  epoch  19/50  loss=0.6948  bal_acc=0.4931
  epoch  20/50  loss=0.6875  bal_acc=0.5052
  epoch  21/50  loss=0.6820  bal_acc=0.4774
  epoch  22/50  loss=0.6210  bal_acc=0.5260
  epoch  23/50  loss=0.6232  bal_acc=0.5069
  epoch  24/50  loss=0.5937  bal_acc=0.5156
  epoch  25/50  loss=0.5759  bal_acc=0.4635
  epoch  26/50  loss=0.5499  bal_acc=0.5087
  epoch  27/50  loss=0.5770  bal_acc=0.5330
  epoch  28/50  loss=0.5347  bal_acc=0.5278
  epoch  29/50  loss=0.5373  bal_acc=0.4965
  epoch  30/50  loss=0.5027  bal_acc=0.5156
  epoch  31/50  loss=0.5149  bal_acc=0.5139
  epoch  32/50  loss=0.5236  bal_acc=0.5278
  epoch  33/50  loss=0.5081  bal_acc=0.5122
  epoch  34/50  loss=0.5188  bal_acc=0.4896
  epoch  35/50  loss=0.4728  bal_acc=0.5260
  epoch  36/50  loss=0.4639  bal_acc=0.5174
  epoch  37/50  loss=0.4716  bal_acc=0.4635
  epoch  38/50  loss=0.4472  bal_acc=0.5365
  epoch  39/50  loss=0.4324  bal_acc=0.4913
  epoch  40/50  loss=0.4224  bal_acc=0.5208
  epoch  41/50  loss=0.3866  bal_acc=0.5156
  epoch  42/50  loss=0.3805  bal_acc=0.4844
  epoch  43/50  loss=0.3980  bal_acc=0.5399
  epoch  44/50  loss=0.3841  bal_acc=0.5642
  epoch  45/50  loss=0.3698  bal_acc=0.5226
  epoch  46/50  loss=0.3720  bal_acc=0.5191
  epoch  47/50  loss=0.3800  bal_acc=0.5260
  epoch  48/50  loss=0.3918  bal_acc=0.5052
  epoch  49/50  loss=0.3508  bal_acc=0.4931
  epoch  50/50  loss=0.3347  bal_acc=0.5347
  Model params: 19,094
  epoch   1/50  loss=1.5445  bal_acc=0.3194
  epoch   2/50  loss=1.3196  bal_acc=0.3420
  epoch   3/50  loss=1.1559  bal_acc=0.3733
  epoch   4/50  loss=1.0536  bal_acc=0.3976
  epoch   5/50  loss=1.0143  bal_acc=0.3438
  epoch   6/50  loss=0.9593  bal_acc=0.4288
  epoch   7/50  loss=0.9072  bal_acc=0.4288
  epoch   8/50  loss=0.9112  bal_acc=0.3802
  epoch   9/50  loss=0.8399  bal_acc=0.4618
  epoch  10/50  loss=0.8221  bal_acc=0.4514
  epoch  11/50  loss=0.7709  bal_acc=0.4392
  epoch  12/50  loss=0.7414  bal_acc=0.4271
  epoch  13/50  loss=0.7049  bal_acc=0.4271
  epoch  14/50  loss=0.6740  bal_acc=0.4444
  epoch  15/50  loss=0.6660  bal_acc=0.4167
  epoch  16/50  loss=0.6493  bal_acc=0.4375
  epoch  17/50  loss=0.6161  bal_acc=0.4253
  epoch  18/50  loss=0.6230  bal_acc=0.4653
  epoch  19/50  loss=0.6016  bal_acc=0.4392
  epoch  20/50  loss=0.5986  bal_acc=0.4236
  epoch  21/50  loss=0.5643  bal_acc=0.4410
  epoch  22/50  loss=0.5466  bal_acc=0.4583
  epoch  23/50  loss=0.5493  bal_acc=0.4097
  epoch  24/50  loss=0.5339  bal_acc=0.4740
  epoch  25/50  loss=0.5139  bal_acc=0.4497
  epoch  26/50  loss=0.5158  bal_acc=0.4653
  epoch  27/50  loss=0.4867  bal_acc=0.4670
  epoch  28/50  loss=0.4675  bal_acc=0.4757
  epoch  29/50  loss=0.4759  bal_acc=0.4358
  epoch  30/50  loss=0.4957  bal_acc=0.4444
  epoch  31/50  loss=0.4783  bal_acc=0.4531
  epoch  32/50  loss=0.4524  bal_acc=0.4444
  epoch  33/50  loss=0.4510  bal_acc=0.4844
  epoch  34/50  loss=0.4179  bal_acc=0.4792
  epoch  35/50  loss=0.4072  bal_acc=0.4688
  epoch  36/50  loss=0.4220  bal_acc=0.4531
  epoch  37/50  loss=0.3891  bal_acc=0.4601
  epoch  38/50  loss=0.3896  bal_acc=0.4826
  epoch  39/50  loss=0.3681  bal_acc=0.4896
  epoch  40/50  loss=0.3798  bal_acc=0.4809
  epoch  41/50  loss=0.3977  bal_acc=0.4913
  epoch  42/50  loss=0.3690  bal_acc=0.4757
  epoch  43/50  loss=0.3522  bal_acc=0.4792
  epoch  44/50  loss=0.3691  bal_acc=0.4479
  epoch  45/50  loss=0.3808  bal_acc=0.4635
  epoch  46/50  loss=0.3284  bal_acc=0.4497
  epoch  47/50  loss=0.3063  bal_acc=0.4705
  epoch  48/50  loss=0.3079  bal_acc=0.4618
  epoch  49/50  loss=0.3208  bal_acc=0.4722
  epoch  50/50  loss=0.3488  bal_acc=0.4774
  Model params: 19,094
  epoch   1/50  loss=1.5117  bal_acc=0.3854
  epoch   2/50  loss=1.3449  bal_acc=0.4549
  epoch   3/50  loss=1.2120  bal_acc=0.4896
  epoch   4/50  loss=1.1549  bal_acc=0.5174
  epoch   5/50  loss=1.1179  bal_acc=0.4635
  epoch   6/50  loss=1.0909  bal_acc=0.5347
  epoch   7/50  loss=0.9941  bal_acc=0.5608
  epoch   8/50  loss=1.0049  bal_acc=0.5712
  epoch   9/50  loss=0.9481  bal_acc=0.5608
  epoch  10/50  loss=0.8971  bal_acc=0.5833
  epoch  11/50  loss=0.8936  bal_acc=0.5035
  epoch  12/50  loss=0.8628  bal_acc=0.5694
  epoch  13/50  loss=0.8429  bal_acc=0.6267
  epoch  14/50  loss=0.8218  bal_acc=0.5660
  epoch  15/50  loss=0.8079  bal_acc=0.6302
  epoch  16/50  loss=0.7592  bal_acc=0.6372
  epoch  17/50  loss=0.7628  bal_acc=0.5903
  epoch  18/50  loss=0.7645  bal_acc=0.5920
  epoch  19/50  loss=0.7645  bal_acc=0.5851
  epoch  20/50  loss=0.7070  bal_acc=0.6389
  epoch  21/50  loss=0.6949  bal_acc=0.6181
  epoch  22/50  loss=0.7084  bal_acc=0.6059
  epoch  23/50  loss=0.6624  bal_acc=0.6128
  epoch  24/50  loss=0.6260  bal_acc=0.5660
  epoch  25/50  loss=0.6362  bal_acc=0.6042
  epoch  26/50  loss=0.6376  bal_acc=0.5990
  epoch  27/50  loss=0.6107  bal_acc=0.6285
  epoch  28/50  loss=0.5957  bal_acc=0.6007
  epoch  29/50  loss=0.6161  bal_acc=0.6233
  epoch  30/50  loss=0.5658  bal_acc=0.5799
  epoch  31/50  loss=0.5580  bal_acc=0.6267
  epoch  32/50  loss=0.5438  bal_acc=0.6389
  epoch  33/50  loss=0.5683  bal_acc=0.5694
  epoch  34/50  loss=0.5287  bal_acc=0.6337
  epoch  35/50  loss=0.5215  bal_acc=0.6476
  epoch  36/50  loss=0.4813  bal_acc=0.5920
  epoch  37/50  loss=0.4765  bal_acc=0.6094
  epoch  38/50  loss=0.4557  bal_acc=0.6094
  epoch  39/50  loss=0.4721  bal_acc=0.6163
  epoch  40/50  loss=0.4501  bal_acc=0.6354
  epoch  41/50  loss=0.4635  bal_acc=0.5990
  epoch  42/50  loss=0.4281  bal_acc=0.6788
  epoch  43/50  loss=0.4387  bal_acc=0.6198
  epoch  44/50  loss=0.4157  bal_acc=0.6337
  epoch  45/50  loss=0.4050  bal_acc=0.6389
  epoch  46/50  loss=0.4018  bal_acc=0.6094
  epoch  47/50  loss=0.3893  bal_acc=0.6198
  epoch  48/50  loss=0.3720  bal_acc=0.6354
  epoch  49/50  loss=0.3958  bal_acc=0.6424
  epoch  50/50  loss=0.3628  bal_acc=0.5972
  Model params: 19,094
  epoch   1/50  loss=1.5381  bal_acc=0.3681
  epoch   2/50  loss=1.2779  bal_acc=0.3854
  epoch   3/50  loss=1.1964  bal_acc=0.3455
  epoch   4/50  loss=1.1037  bal_acc=0.3819
  epoch   5/50  loss=1.0148  bal_acc=0.3490
  epoch   6/50  loss=1.0346  bal_acc=0.3715
  epoch   7/50  loss=0.9269  bal_acc=0.4740
  epoch   8/50  loss=0.9239  bal_acc=0.4392
  epoch   9/50  loss=0.8518  bal_acc=0.4080
  epoch  10/50  loss=0.8295  bal_acc=0.4132
  epoch  11/50  loss=0.8065  bal_acc=0.4340
  epoch  12/50  loss=0.8182  bal_acc=0.4149
  epoch  13/50  loss=0.7503  bal_acc=0.4253
  epoch  14/50  loss=0.7369  bal_acc=0.4062
  epoch  15/50  loss=0.7479  bal_acc=0.4878
  epoch  16/50  loss=0.6882  bal_acc=0.3993
  epoch  17/50  loss=0.6842  bal_acc=0.4236
  epoch  18/50  loss=0.6808  bal_acc=0.4653
  epoch  19/50  loss=0.6468  bal_acc=0.4358
  epoch  20/50  loss=0.6542  bal_acc=0.4288
  epoch  21/50  loss=0.6198  bal_acc=0.4740
  epoch  22/50  loss=0.6078  bal_acc=0.4653
  epoch  23/50  loss=0.6118  bal_acc=0.4236
  epoch  24/50  loss=0.5898  bal_acc=0.4427
  epoch  25/50  loss=0.5730  bal_acc=0.4635
  epoch  26/50  loss=0.5722  bal_acc=0.4340
  epoch  27/50  loss=0.5552  bal_acc=0.4462
  epoch  28/50  loss=0.5430  bal_acc=0.4566
  epoch  29/50  loss=0.5522  bal_acc=0.4566
  epoch  30/50  loss=0.5102  bal_acc=0.4757
  epoch  31/50  loss=0.5099  bal_acc=0.4479
  epoch  32/50  loss=0.5005  bal_acc=0.4913
  epoch  33/50  loss=0.5155  bal_acc=0.4618
  epoch  34/50  loss=0.5223  bal_acc=0.4844
  epoch  35/50  loss=0.4642  bal_acc=0.4514
  epoch  36/50  loss=0.4755  bal_acc=0.4774
  epoch  37/50  loss=0.4407  bal_acc=0.4931
  epoch  38/50  loss=0.4451  bal_acc=0.4774
  epoch  39/50  loss=0.4377  bal_acc=0.5156
  epoch  40/50  loss=0.4000  bal_acc=0.4653
  epoch  41/50  loss=0.4178  bal_acc=0.4913
  epoch  42/50  loss=0.4024  bal_acc=0.4601
  epoch  43/50  loss=0.3946  bal_acc=0.4844
  epoch  44/50  loss=0.3871  bal_acc=0.4236
  epoch  45/50  loss=0.3820  bal_acc=0.4410
  epoch  46/50  loss=0.3811  bal_acc=0.4670
  epoch  47/50  loss=0.3465  bal_acc=0.4983
  epoch  48/50  loss=0.3613  bal_acc=0.4462
  epoch  49/50  loss=0.3661  bal_acc=0.4549
  epoch  50/50  loss=0.3569  bal_acc=0.4549
  Model params: 19,094
  epoch   1/50  loss=1.5436  bal_acc=0.3976
  epoch   2/50  loss=1.2864  bal_acc=0.4167
  epoch   3/50  loss=1.1834  bal_acc=0.4653
  epoch   4/50  loss=1.1391  bal_acc=0.5122
  epoch   5/50  loss=1.0701  bal_acc=0.5000
  epoch   6/50  loss=0.9785  bal_acc=0.5399
  epoch   7/50  loss=0.9505  bal_acc=0.4306
  epoch   8/50  loss=0.9425  bal_acc=0.5330
  epoch   9/50  loss=0.8688  bal_acc=0.4323
  epoch  10/50  loss=0.8329  bal_acc=0.4774
  epoch  11/50  loss=0.8225  bal_acc=0.5104
  epoch  12/50  loss=0.7829  bal_acc=0.4323
  epoch  13/50  loss=0.7367  bal_acc=0.5677
  epoch  14/50  loss=0.7440  bal_acc=0.4184
  epoch  15/50  loss=0.7245  bal_acc=0.5035
  epoch  16/50  loss=0.6805  bal_acc=0.5260
  epoch  17/50  loss=0.6872  bal_acc=0.5104
  epoch  18/50  loss=0.6381  bal_acc=0.5503
  epoch  19/50  loss=0.6220  bal_acc=0.5208
  epoch  20/50  loss=0.6201  bal_acc=0.5226
  epoch  21/50  loss=0.6075  bal_acc=0.4601
  epoch  22/50  loss=0.5852  bal_acc=0.5347
  epoch  23/50  loss=0.5989  bal_acc=0.4913
  epoch  24/50  loss=0.5866  bal_acc=0.5156
  epoch  25/50  loss=0.5794  bal_acc=0.5156
  epoch  26/50  loss=0.5148  bal_acc=0.4844
  epoch  27/50  loss=0.5615  bal_acc=0.5417
  epoch  28/50  loss=0.5363  bal_acc=0.5104
  epoch  29/50  loss=0.5334  bal_acc=0.5295
  epoch  30/50  loss=0.4938  bal_acc=0.5156
  epoch  31/50  loss=0.5019  bal_acc=0.5330
  epoch  32/50  loss=0.4971  bal_acc=0.4965
  epoch  33/50  loss=0.4718  bal_acc=0.5278
  epoch  34/50  loss=0.4495  bal_acc=0.5017
  epoch  35/50  loss=0.4552  bal_acc=0.5035
  epoch  36/50  loss=0.4327  bal_acc=0.5295
  epoch  37/50  loss=0.4304  bal_acc=0.5087
  epoch  38/50  loss=0.3806  bal_acc=0.5365
  epoch  39/50  loss=0.4330  bal_acc=0.5087
  epoch  40/50  loss=0.4210  bal_acc=0.5434
  epoch  41/50  loss=0.4165  bal_acc=0.5417
  epoch  42/50  loss=0.3772  bal_acc=0.4861
  epoch  43/50  loss=0.4062  bal_acc=0.5417
  epoch  44/50  loss=0.3726  bal_acc=0.4948
  epoch  45/50  loss=0.3683  bal_acc=0.5156
  epoch  46/50  loss=0.3671  bal_acc=0.5451
  epoch  47/50  loss=0.3410  bal_acc=0.4931
  epoch  48/50  loss=0.3593  bal_acc=0.4826
  epoch  49/50  loss=0.3315  bal_acc=0.5312
  epoch  50/50  loss=0.3273  bal_acc=0.5312
  Model params: 19,094
  epoch   1/50  loss=1.5042  bal_acc=0.3628
  epoch   2/50  loss=1.2206  bal_acc=0.3663
  epoch   3/50  loss=1.1142  bal_acc=0.3524
  epoch   4/50  loss=1.0272  bal_acc=0.4149
  epoch   5/50  loss=0.9346  bal_acc=0.3698
  epoch   6/50  loss=0.9146  bal_acc=0.4184
  epoch   7/50  loss=0.8866  bal_acc=0.4028
  epoch   8/50  loss=0.8795  bal_acc=0.3611
  epoch   9/50  loss=0.8019  bal_acc=0.4583
  epoch  10/50  loss=0.7867  bal_acc=0.4097
  epoch  11/50  loss=0.7487  bal_acc=0.4444
  epoch  12/50  loss=0.7635  bal_acc=0.4236
  epoch  13/50  loss=0.7064  bal_acc=0.4201
  epoch  14/50  loss=0.7015  bal_acc=0.4253
  epoch  15/50  loss=0.6767  bal_acc=0.4271
  epoch  16/50  loss=0.6544  bal_acc=0.4132
  epoch  17/50  loss=0.6211  bal_acc=0.4288
  epoch  18/50  loss=0.6429  bal_acc=0.4444
  epoch  19/50  loss=0.5988  bal_acc=0.4392
  epoch  20/50  loss=0.5693  bal_acc=0.4531
  epoch  21/50  loss=0.5547  bal_acc=0.4688
  epoch  22/50  loss=0.5712  bal_acc=0.4028
  epoch  23/50  loss=0.5578  bal_acc=0.4479
  epoch  24/50  loss=0.5281  bal_acc=0.4497
  epoch  25/50  loss=0.5296  bal_acc=0.4514
  epoch  26/50  loss=0.5319  bal_acc=0.4705
  epoch  27/50  loss=0.5091  bal_acc=0.4740
  epoch  28/50  loss=0.4957  bal_acc=0.4323
  epoch  29/50  loss=0.4726  bal_acc=0.4722
  epoch  30/50  loss=0.4305  bal_acc=0.4514
  epoch  31/50  loss=0.4402  bal_acc=0.4410
  epoch  32/50  loss=0.4549  bal_acc=0.4688
  epoch  33/50  loss=0.4426  bal_acc=0.4132
  epoch  34/50  loss=0.3890  bal_acc=0.4444
  epoch  35/50  loss=0.3924  bal_acc=0.4479
  epoch  36/50  loss=0.4199  bal_acc=0.4375
  epoch  37/50  loss=0.3767  bal_acc=0.4444
  epoch  38/50  loss=0.3887  bal_acc=0.4184
  epoch  39/50  loss=0.3511  bal_acc=0.4271
  epoch  40/50  loss=0.3542  bal_acc=0.4531
  epoch  41/50  loss=0.3546  bal_acc=0.4132
  epoch  42/50  loss=0.3371  bal_acc=0.4219
  epoch  43/50  loss=0.3504  bal_acc=0.4080
  epoch  44/50  loss=0.3409  bal_acc=0.4288
  epoch  45/50  loss=0.2991  bal_acc=0.3993
  epoch  46/50  loss=0.3570  bal_acc=0.4236
  epoch  47/50  loss=0.3519  bal_acc=0.4253
  epoch  48/50  loss=0.3023  bal_acc=0.4340
  epoch  49/50  loss=0.3077  bal_acc=0.4236
  epoch  50/50  loss=0.3137  bal_acc=0.4149
  Model params: 19,094
  epoch   1/50  loss=1.5317  bal_acc=0.3490
  epoch   2/50  loss=1.3742  bal_acc=0.3993
  epoch   3/50  loss=1.1881  bal_acc=0.4115
  epoch   4/50  loss=1.1591  bal_acc=0.4219
  epoch   5/50  loss=1.0583  bal_acc=0.5295
  epoch   6/50  loss=1.0389  bal_acc=0.5243
  epoch   7/50  loss=0.9803  bal_acc=0.5156
  epoch   8/50  loss=0.9521  bal_acc=0.5000
  epoch   9/50  loss=0.8985  bal_acc=0.4688
  epoch  10/50  loss=0.8823  bal_acc=0.5226
  epoch  11/50  loss=0.8618  bal_acc=0.5486
  epoch  12/50  loss=0.7986  bal_acc=0.5694
  epoch  13/50  loss=0.7953  bal_acc=0.5399
  epoch  14/50  loss=0.7529  bal_acc=0.5799
  epoch  15/50  loss=0.7647  bal_acc=0.5278
  epoch  16/50  loss=0.7235  bal_acc=0.5729
  epoch  17/50  loss=0.7292  bal_acc=0.5660
  epoch  18/50  loss=0.7116  bal_acc=0.6024
  epoch  19/50  loss=0.6880  bal_acc=0.5625
  epoch  20/50  loss=0.6802  bal_acc=0.6111
  epoch  21/50  loss=0.6527  bal_acc=0.5556
  epoch  22/50  loss=0.6127  bal_acc=0.6267
  epoch  23/50  loss=0.6407  bal_acc=0.5955
  epoch  24/50  loss=0.5915  bal_acc=0.5764
  epoch  25/50  loss=0.6025  bal_acc=0.5694
  epoch  26/50  loss=0.5993  bal_acc=0.5486
  epoch  27/50  loss=0.5714  bal_acc=0.5972
  epoch  28/50  loss=0.5535  bal_acc=0.5642
  epoch  29/50  loss=0.5524  bal_acc=0.5764
  epoch  30/50  loss=0.5452  bal_acc=0.5122
  epoch  31/50  loss=0.5393  bal_acc=0.5903
  epoch  32/50  loss=0.5154  bal_acc=0.5972
  epoch  33/50  loss=0.5163  bal_acc=0.5608
  epoch  34/50  loss=0.4856  bal_acc=0.5955
  epoch  35/50  loss=0.5022  bal_acc=0.5920
  epoch  36/50  loss=0.4858  bal_acc=0.5799
  epoch  37/50  loss=0.4564  bal_acc=0.5747
  epoch  38/50  loss=0.4626  bal_acc=0.5920
  epoch  39/50  loss=0.4616  bal_acc=0.5885
  epoch  40/50  loss=0.4097  bal_acc=0.5955
  epoch  41/50  loss=0.4219  bal_acc=0.5729
  epoch  42/50  loss=0.4185  bal_acc=0.5903
  epoch  43/50  loss=0.4128  bal_acc=0.6042
  epoch  44/50  loss=0.4157  bal_acc=0.5660
  epoch  45/50  loss=0.3976  bal_acc=0.6128
  epoch  46/50  loss=0.3926  bal_acc=0.5868
  epoch  47/50  loss=0.3852  bal_acc=0.6059
  epoch  48/50  loss=0.3770  bal_acc=0.5764
  epoch  49/50  loss=0.3991  bal_acc=0.6094
  epoch  50/50  loss=0.3841  bal_acc=0.6128
  Model params: 19,094
  epoch   1/50  loss=1.5110  bal_acc=0.3368
  epoch   2/50  loss=1.2879  bal_acc=0.4340
  epoch   3/50  loss=1.1537  bal_acc=0.5069
  epoch   4/50  loss=1.0660  bal_acc=0.5139
  epoch   5/50  loss=0.9926  bal_acc=0.5469
  epoch   6/50  loss=0.9724  bal_acc=0.5139
  epoch   7/50  loss=0.9446  bal_acc=0.5503
  epoch   8/50  loss=0.9078  bal_acc=0.5781
  epoch   9/50  loss=0.9235  bal_acc=0.5260
  epoch  10/50  loss=0.8549  bal_acc=0.6076
  epoch  11/50  loss=0.8431  bal_acc=0.6267
  epoch  12/50  loss=0.8213  bal_acc=0.5816
  epoch  13/50  loss=0.7997  bal_acc=0.5955
  epoch  14/50  loss=0.7730  bal_acc=0.5747
  epoch  15/50  loss=0.7337  bal_acc=0.6007
  epoch  16/50  loss=0.7596  bal_acc=0.6146
  epoch  17/50  loss=0.7092  bal_acc=0.6163
  epoch  18/50  loss=0.6845  bal_acc=0.5990
  epoch  19/50  loss=0.6561  bal_acc=0.6163
  epoch  20/50  loss=0.6702  bal_acc=0.6042
  epoch  21/50  loss=0.6825  bal_acc=0.6215
  epoch  22/50  loss=0.6329  bal_acc=0.6302
  epoch  23/50  loss=0.6283  bal_acc=0.6042
  epoch  24/50  loss=0.5774  bal_acc=0.6094
  epoch  25/50  loss=0.5936  bal_acc=0.6094
  epoch  26/50  loss=0.6152  bal_acc=0.6163
  epoch  27/50  loss=0.5875  bal_acc=0.6372
  epoch  28/50  loss=0.5639  bal_acc=0.5955
  epoch  29/50  loss=0.5581  bal_acc=0.6042
  epoch  30/50  loss=0.5573  bal_acc=0.5729
  epoch  31/50  loss=0.4965  bal_acc=0.6250
  epoch  32/50  loss=0.5086  bal_acc=0.6285
  epoch  33/50  loss=0.5091  bal_acc=0.6111
  epoch  34/50  loss=0.4943  bal_acc=0.5990
  epoch  35/50  loss=0.4822  bal_acc=0.5972
  epoch  36/50  loss=0.4789  bal_acc=0.5938
  epoch  37/50  loss=0.4506  bal_acc=0.6163
  epoch  38/50  loss=0.4617  bal_acc=0.5625
  epoch  39/50  loss=0.4543  bal_acc=0.6042
  epoch  40/50  loss=0.4589  bal_acc=0.5747
  epoch  41/50  loss=0.4530  bal_acc=0.5781
  epoch  42/50  loss=0.4694  bal_acc=0.6181
  epoch  43/50  loss=0.4509  bal_acc=0.5990
  epoch  44/50  loss=0.4238  bal_acc=0.6372
  epoch  45/50  loss=0.4097  bal_acc=0.6146
  epoch  46/50  loss=0.4084  bal_acc=0.6024
  epoch  47/50  loss=0.4487  bal_acc=0.6163
  epoch  48/50  loss=0.3931  bal_acc=0.6146
  epoch  49/50  loss=0.3677  bal_acc=0.6250
  epoch  50/50  loss=0.3774  bal_acc=0.6302
  Model params: 19,094
  epoch   1/50  loss=1.5076  bal_acc=0.3524
  epoch   2/50  loss=1.2865  bal_acc=0.3993
  epoch   3/50  loss=1.2157  bal_acc=0.3056
  epoch   4/50  loss=1.1525  bal_acc=0.4375
  epoch   5/50  loss=1.0620  bal_acc=0.4167
  epoch   6/50  loss=1.0055  bal_acc=0.4115
  epoch   7/50  loss=0.9915  bal_acc=0.4184
  epoch   8/50  loss=0.9354  bal_acc=0.4497
  epoch   9/50  loss=0.8794  bal_acc=0.4722
  epoch  10/50  loss=0.8364  bal_acc=0.4358
  epoch  11/50  loss=0.8479  bal_acc=0.4844
  epoch  12/50  loss=0.8004  bal_acc=0.4948
  epoch  13/50  loss=0.7515  bal_acc=0.4809
  epoch  14/50  loss=0.7438  bal_acc=0.4722
  epoch  15/50  loss=0.7085  bal_acc=0.5312
  epoch  16/50  loss=0.7026  bal_acc=0.4635
  epoch  17/50  loss=0.6859  bal_acc=0.4149
  epoch  18/50  loss=0.6410  bal_acc=0.4792
  epoch  19/50  loss=0.6345  bal_acc=0.4722
  epoch  20/50  loss=0.6310  bal_acc=0.5174
  epoch  21/50  loss=0.6341  bal_acc=0.5174
  epoch  22/50  loss=0.6205  bal_acc=0.5330
  epoch  23/50  loss=0.5803  bal_acc=0.4635
  epoch  24/50  loss=0.5826  bal_acc=0.4549
  epoch  25/50  loss=0.5660  bal_acc=0.4740
  epoch  26/50  loss=0.5490  bal_acc=0.5104
  epoch  27/50  loss=0.5327  bal_acc=0.5035
  epoch  28/50  loss=0.5104  bal_acc=0.4444
  epoch  29/50  loss=0.5151  bal_acc=0.4757
  epoch  30/50  loss=0.4702  bal_acc=0.4896
  epoch  31/50  loss=0.4811  bal_acc=0.4844
  epoch  32/50  loss=0.5005  bal_acc=0.4983
  epoch  33/50  loss=0.4697  bal_acc=0.4948
  epoch  34/50  loss=0.4638  bal_acc=0.5295
  epoch  35/50  loss=0.4628  bal_acc=0.4740
  epoch  36/50  loss=0.4884  bal_acc=0.4878
  epoch  37/50  loss=0.4302  bal_acc=0.4618
  epoch  38/50  loss=0.4105  bal_acc=0.4809
  epoch  39/50  loss=0.4256  bal_acc=0.5017
  epoch  40/50  loss=0.4244  bal_acc=0.4740
  epoch  41/50  loss=0.4219  bal_acc=0.5000
  epoch  42/50  loss=0.4263  bal_acc=0.4896
  epoch  43/50  loss=0.3982  bal_acc=0.5365
  epoch  44/50  loss=0.4020  bal_acc=0.4670
  epoch  45/50  loss=0.4072  bal_acc=0.5156
  epoch  46/50  loss=0.3885  bal_acc=0.4913
  epoch  47/50  loss=0.3910  bal_acc=0.5208
  epoch  48/50  loss=0.3970  bal_acc=0.4288
  epoch  49/50  loss=0.3913  bal_acc=0.5000
  epoch  50/50  loss=0.3621  bal_acc=0.5382
  -> mean_bal_acc=0.5324 (n=9 subjects)

=== Phase 2a: ablation 'no_separable' (overrides={'pointwise_filters': 1}) ===
  Model params: 9,120
  epoch   1/50  loss=1.4938  bal_acc=0.2691
  epoch   2/50  loss=1.4074  bal_acc=0.3056
  epoch   3/50  loss=1.3719  bal_acc=0.3281
  epoch   4/50  loss=1.3245  bal_acc=0.3524
  epoch   5/50  loss=1.2922  bal_acc=0.3733
  epoch   6/50  loss=1.2692  bal_acc=0.4115
  epoch   7/50  loss=1.2512  bal_acc=0.3854
  epoch   8/50  loss=1.2477  bal_acc=0.3733
  epoch   9/50  loss=1.2263  bal_acc=0.3976
  epoch  10/50  loss=1.2160  bal_acc=0.4045
  epoch  11/50  loss=1.2122  bal_acc=0.4427
  epoch  12/50  loss=1.2080  bal_acc=0.4115
  epoch  13/50  loss=1.1905  bal_acc=0.4271
  epoch  14/50  loss=1.1827  bal_acc=0.4062
  epoch  15/50  loss=1.1745  bal_acc=0.4115
  epoch  16/50  loss=1.1753  bal_acc=0.3976
  epoch  17/50  loss=1.1676  bal_acc=0.4132
  epoch  18/50  loss=1.1624  bal_acc=0.4080
  epoch  19/50  loss=1.1546  bal_acc=0.4149
  epoch  20/50  loss=1.1499  bal_acc=0.4375
  epoch  21/50  loss=1.1581  bal_acc=0.4010
  epoch  22/50  loss=1.1411  bal_acc=0.4080
  epoch  23/50  loss=1.1313  bal_acc=0.4167
  epoch  24/50  loss=1.1286  bal_acc=0.4132
  epoch  25/50  loss=1.1247  bal_acc=0.4271
  epoch  26/50  loss=1.1247  bal_acc=0.4010
  epoch  27/50  loss=1.1136  bal_acc=0.4062
  epoch  28/50  loss=1.1166  bal_acc=0.3802
  epoch  29/50  loss=1.1055  bal_acc=0.4045
  epoch  30/50  loss=1.1006  bal_acc=0.4149
  epoch  31/50  loss=1.1003  bal_acc=0.4028
  epoch  32/50  loss=1.1001  bal_acc=0.3993
  epoch  33/50  loss=1.1003  bal_acc=0.3993
  epoch  34/50  loss=1.0960  bal_acc=0.3958
  epoch  35/50  loss=1.0826  bal_acc=0.3993
  epoch  36/50  loss=1.0837  bal_acc=0.4097
  epoch  37/50  loss=1.0799  bal_acc=0.4236
  epoch  38/50  loss=1.0654  bal_acc=0.4028
  epoch  39/50  loss=1.0781  bal_acc=0.4271
  epoch  40/50  loss=1.0698  bal_acc=0.4253
  epoch  41/50  loss=1.0650  bal_acc=0.4028
  epoch  42/50  loss=1.0733  bal_acc=0.3976
  epoch  43/50  loss=1.0600  bal_acc=0.4219
  epoch  44/50  loss=1.0662  bal_acc=0.4132
  epoch  45/50  loss=1.0539  bal_acc=0.3924
  epoch  46/50  loss=1.0612  bal_acc=0.4132
  epoch  47/50  loss=1.0555  bal_acc=0.4236
  epoch  48/50  loss=1.0483  bal_acc=0.4236
  epoch  49/50  loss=1.0463  bal_acc=0.4306
  epoch  50/50  loss=1.0396  bal_acc=0.4010
  Model params: 9,120
  epoch   1/50  loss=1.4810  bal_acc=0.2812
  epoch   2/50  loss=1.4002  bal_acc=0.2743
  epoch   3/50  loss=1.3428  bal_acc=0.2917
  epoch   4/50  loss=1.2990  bal_acc=0.3316
  epoch   5/50  loss=1.2676  bal_acc=0.3472
  epoch   6/50  loss=1.2416  bal_acc=0.3542
  epoch   7/50  loss=1.2269  bal_acc=0.3524
  epoch   8/50  loss=1.2199  bal_acc=0.3750
  epoch   9/50  loss=1.2126  bal_acc=0.3715
  epoch  10/50  loss=1.1960  bal_acc=0.3559
  epoch  11/50  loss=1.1921  bal_acc=0.3576
  epoch  12/50  loss=1.1773  bal_acc=0.3819
  epoch  13/50  loss=1.1806  bal_acc=0.3663
  epoch  14/50  loss=1.1668  bal_acc=0.3854
  epoch  15/50  loss=1.1621  bal_acc=0.3750
  epoch  16/50  loss=1.1510  bal_acc=0.3663
  epoch  17/50  loss=1.1401  bal_acc=0.3663
  epoch  18/50  loss=1.1321  bal_acc=0.3750
  epoch  19/50  loss=1.1196  bal_acc=0.3507
  epoch  20/50  loss=1.1229  bal_acc=0.3628
  epoch  21/50  loss=1.1039  bal_acc=0.3767
  epoch  22/50  loss=1.1287  bal_acc=0.3472
  epoch  23/50  loss=1.1170  bal_acc=0.3559
  epoch  24/50  loss=1.0966  bal_acc=0.3403
  epoch  25/50  loss=1.0897  bal_acc=0.3385
  epoch  26/50  loss=1.0823  bal_acc=0.3611
  epoch  27/50  loss=1.0851  bal_acc=0.3403
  epoch  28/50  loss=1.0779  bal_acc=0.3490
  epoch  29/50  loss=1.0752  bal_acc=0.3299
  epoch  30/50  loss=1.0708  bal_acc=0.3212
  epoch  31/50  loss=1.0670  bal_acc=0.3455
  epoch  32/50  loss=1.0650  bal_acc=0.3316
  epoch  33/50  loss=1.0532  bal_acc=0.3576
  epoch  34/50  loss=1.0579  bal_acc=0.3472
  epoch  35/50  loss=1.0492  bal_acc=0.3681
  epoch  36/50  loss=1.0579  bal_acc=0.3455
  epoch  37/50  loss=1.0458  bal_acc=0.3698
  epoch  38/50  loss=1.0500  bal_acc=0.3472
  epoch  39/50  loss=1.0432  bal_acc=0.3403
  epoch  40/50  loss=1.0386  bal_acc=0.3333
  epoch  41/50  loss=1.0415  bal_acc=0.3333
  epoch  42/50  loss=1.0357  bal_acc=0.3003
  epoch  43/50  loss=1.0303  bal_acc=0.3247
  epoch  44/50  loss=1.0281  bal_acc=0.3368
  epoch  45/50  loss=1.0282  bal_acc=0.3455
  epoch  46/50  loss=1.0181  bal_acc=0.3160
  epoch  47/50  loss=1.0244  bal_acc=0.3385
  epoch  48/50  loss=1.0238  bal_acc=0.3142
  epoch  49/50  loss=1.0268  bal_acc=0.3264
  epoch  50/50  loss=1.0223  bal_acc=0.3490
  Model params: 9,120
  epoch   1/50  loss=1.5161  bal_acc=0.2743
  epoch   2/50  loss=1.4030  bal_acc=0.3264
  epoch   3/50  loss=1.3523  bal_acc=0.3906
  epoch   4/50  loss=1.3199  bal_acc=0.3819
  epoch   5/50  loss=1.2951  bal_acc=0.4149
  epoch   6/50  loss=1.2743  bal_acc=0.4514
  epoch   7/50  loss=1.2555  bal_acc=0.4358
  epoch   8/50  loss=1.2514  bal_acc=0.4323
  epoch   9/50  loss=1.2259  bal_acc=0.4583
  epoch  10/50  loss=1.2154  bal_acc=0.4583
  epoch  11/50  loss=1.2074  bal_acc=0.4410
  epoch  12/50  loss=1.1941  bal_acc=0.4688
  epoch  13/50  loss=1.1908  bal_acc=0.4462
  epoch  14/50  loss=1.1806  bal_acc=0.4497
  epoch  15/50  loss=1.1818  bal_acc=0.4601
  epoch  16/50  loss=1.1610  bal_acc=0.4601
  epoch  17/50  loss=1.1635  bal_acc=0.4618
  epoch  18/50  loss=1.1586  bal_acc=0.4722
  epoch  19/50  loss=1.1475  bal_acc=0.4601
  epoch  20/50  loss=1.1387  bal_acc=0.4462
  epoch  21/50  loss=1.1350  bal_acc=0.4913
  epoch  22/50  loss=1.1303  bal_acc=0.4479
  epoch  23/50  loss=1.1282  bal_acc=0.4861
  epoch  24/50  loss=1.1183  bal_acc=0.5017
  epoch  25/50  loss=1.1173  bal_acc=0.4462
  epoch  26/50  loss=1.0997  bal_acc=0.4931
  epoch  27/50  loss=1.0973  bal_acc=0.4878
  epoch  28/50  loss=1.0876  bal_acc=0.4757
  epoch  29/50  loss=1.0866  bal_acc=0.4670
  epoch  30/50  loss=1.0742  bal_acc=0.5017
  epoch  31/50  loss=1.0870  bal_acc=0.4913
  epoch  32/50  loss=1.0683  bal_acc=0.4948
  epoch  33/50  loss=1.0583  bal_acc=0.5278
  epoch  34/50  loss=1.0757  bal_acc=0.4913
  epoch  35/50  loss=1.0548  bal_acc=0.4878
  epoch  36/50  loss=1.0622  bal_acc=0.4948
  epoch  37/50  loss=1.0549  bal_acc=0.5139
  epoch  38/50  loss=1.0477  bal_acc=0.4774
  epoch  39/50  loss=1.0465  bal_acc=0.4931
  epoch  40/50  loss=1.0522  bal_acc=0.4861
  epoch  41/50  loss=1.0192  bal_acc=0.5208
  epoch  42/50  loss=1.0328  bal_acc=0.4878
  epoch  43/50  loss=1.0272  bal_acc=0.5017
  epoch  44/50  loss=1.0247  bal_acc=0.4948
  epoch  45/50  loss=1.0138  bal_acc=0.4861
  epoch  46/50  loss=1.0166  bal_acc=0.4514
  epoch  47/50  loss=1.0209  bal_acc=0.5035
  epoch  48/50  loss=1.0124  bal_acc=0.4705
  epoch  49/50  loss=1.0121  bal_acc=0.4792
  epoch  50/50  loss=1.0050  bal_acc=0.5052
  Model params: 9,120
  epoch   1/50  loss=1.5679  bal_acc=0.2691
  epoch   2/50  loss=1.4152  bal_acc=0.2587
  epoch   3/50  loss=1.3675  bal_acc=0.2517
  epoch   4/50  loss=1.3312  bal_acc=0.2865
  epoch   5/50  loss=1.2989  bal_acc=0.3125
  epoch   6/50  loss=1.2737  bal_acc=0.3073
  epoch   7/50  loss=1.2405  bal_acc=0.3194
  epoch   8/50  loss=1.2134  bal_acc=0.3056
  epoch   9/50  loss=1.2035  bal_acc=0.3160
  epoch  10/50  loss=1.1951  bal_acc=0.3333
  epoch  11/50  loss=1.1749  bal_acc=0.3628
  epoch  12/50  loss=1.1750  bal_acc=0.3507
  epoch  13/50  loss=1.1684  bal_acc=0.3681
  epoch  14/50  loss=1.1620  bal_acc=0.3524
  epoch  15/50  loss=1.1397  bal_acc=0.3611
  epoch  16/50  loss=1.1389  bal_acc=0.3785
  epoch  17/50  loss=1.1311  bal_acc=0.3715
  epoch  18/50  loss=1.1196  bal_acc=0.3715
  epoch  19/50  loss=1.1238  bal_acc=0.3507
  epoch  20/50  loss=1.1224  bal_acc=0.3715
  epoch  21/50  loss=1.1178  bal_acc=0.3785
  epoch  22/50  loss=1.1091  bal_acc=0.3802
  epoch  23/50  loss=1.1023  bal_acc=0.3854
  epoch  24/50  loss=1.0881  bal_acc=0.3819
  epoch  25/50  loss=1.0987  bal_acc=0.3750
  epoch  26/50  loss=1.0909  bal_acc=0.3628
  epoch  27/50  loss=1.0814  bal_acc=0.3750
  epoch  28/50  loss=1.0866  bal_acc=0.3715
  epoch  29/50  loss=1.0780  bal_acc=0.3646
  epoch  30/50  loss=1.0818  bal_acc=0.3594
  epoch  31/50  loss=1.0848  bal_acc=0.3941
  epoch  32/50  loss=1.0736  bal_acc=0.3889
  epoch  33/50  loss=1.0672  bal_acc=0.3750
  epoch  34/50  loss=1.0488  bal_acc=0.3889
  epoch  35/50  loss=1.0552  bal_acc=0.3976
  epoch  36/50  loss=1.0487  bal_acc=0.3663
  epoch  37/50  loss=1.0526  bal_acc=0.3837
  epoch  38/50  loss=1.0667  bal_acc=0.3750
  epoch  39/50  loss=1.0430  bal_acc=0.3976
  epoch  40/50  loss=1.0486  bal_acc=0.3906
  epoch  41/50  loss=1.0412  bal_acc=0.3872
  epoch  42/50  loss=1.0279  bal_acc=0.3993
  epoch  43/50  loss=1.0306  bal_acc=0.4201
  epoch  44/50  loss=1.0296  bal_acc=0.4010
  epoch  45/50  loss=1.0382  bal_acc=0.4132
  epoch  46/50  loss=1.0316  bal_acc=0.4253
  epoch  47/50  loss=1.0232  bal_acc=0.4028
  epoch  48/50  loss=1.0230  bal_acc=0.4010
  epoch  49/50  loss=1.0118  bal_acc=0.4201
  epoch  50/50  loss=1.0205  bal_acc=0.3958
  Model params: 9,120
  epoch   1/50  loss=1.5511  bal_acc=0.3021
  epoch   2/50  loss=1.4119  bal_acc=0.2812
  epoch   3/50  loss=1.3821  bal_acc=0.3194
  epoch   4/50  loss=1.3486  bal_acc=0.3281
  epoch   5/50  loss=1.3178  bal_acc=0.3767
  epoch   6/50  loss=1.3122  bal_acc=0.3785
  epoch   7/50  loss=1.2814  bal_acc=0.3819
  epoch   8/50  loss=1.2587  bal_acc=0.3906
  epoch   9/50  loss=1.2362  bal_acc=0.4167
  epoch  10/50  loss=1.2311  bal_acc=0.4028
  epoch  11/50  loss=1.2131  bal_acc=0.3681
  epoch  12/50  loss=1.1967  bal_acc=0.3872
  epoch  13/50  loss=1.1980  bal_acc=0.4323
  epoch  14/50  loss=1.1827  bal_acc=0.4375
  epoch  15/50  loss=1.1750  bal_acc=0.4462
  epoch  16/50  loss=1.1759  bal_acc=0.4427
  epoch  17/50  loss=1.1730  bal_acc=0.4253
  epoch  18/50  loss=1.1637  bal_acc=0.4670
  epoch  19/50  loss=1.1585  bal_acc=0.4323
  epoch  20/50  loss=1.1424  bal_acc=0.4514
  epoch  21/50  loss=1.1470  bal_acc=0.4618
  epoch  22/50  loss=1.1325  bal_acc=0.4497
  epoch  23/50  loss=1.1261  bal_acc=0.4531
  epoch  24/50  loss=1.1290  bal_acc=0.4531
  epoch  25/50  loss=1.1240  bal_acc=0.4375
  epoch  26/50  loss=1.1114  bal_acc=0.4271
  epoch  27/50  loss=1.1162  bal_acc=0.4149
  epoch  28/50  loss=1.1097  bal_acc=0.4115
  epoch  29/50  loss=1.1023  bal_acc=0.4462
  epoch  30/50  loss=1.0966  bal_acc=0.4219
  epoch  31/50  loss=1.0928  bal_acc=0.3958
  epoch  32/50  loss=1.0920  bal_acc=0.4306
  epoch  33/50  loss=1.0958  bal_acc=0.4531
  epoch  34/50  loss=1.0871  bal_acc=0.4410
  epoch  35/50  loss=1.0750  bal_acc=0.4392
  epoch  36/50  loss=1.0726  bal_acc=0.4080
  epoch  37/50  loss=1.0747  bal_acc=0.3976
  epoch  38/50  loss=1.0732  bal_acc=0.4410
  epoch  39/50  loss=1.0635  bal_acc=0.4306
  epoch  40/50  loss=1.0563  bal_acc=0.4167
  epoch  41/50  loss=1.0603  bal_acc=0.3594
  epoch  42/50  loss=1.0569  bal_acc=0.4028
  epoch  43/50  loss=1.0523  bal_acc=0.4219
  epoch  44/50  loss=1.0452  bal_acc=0.3854
  epoch  45/50  loss=1.0482  bal_acc=0.4306
  epoch  46/50  loss=1.0434  bal_acc=0.3576
  epoch  47/50  loss=1.0342  bal_acc=0.4306
  epoch  48/50  loss=1.0393  bal_acc=0.3993
  epoch  49/50  loss=1.0385  bal_acc=0.4097
  epoch  50/50  loss=1.0447  bal_acc=0.4132
  Model params: 9,120
  epoch   1/50  loss=1.5041  bal_acc=0.3160
  epoch   2/50  loss=1.3777  bal_acc=0.3507
  epoch   3/50  loss=1.3327  bal_acc=0.3646
  epoch   4/50  loss=1.2834  bal_acc=0.3872
  epoch   5/50  loss=1.2561  bal_acc=0.3628
  epoch   6/50  loss=1.2352  bal_acc=0.3819
  epoch   7/50  loss=1.2159  bal_acc=0.3993
  epoch   8/50  loss=1.2132  bal_acc=0.3924
  epoch   9/50  loss=1.1834  bal_acc=0.3993
  epoch  10/50  loss=1.1896  bal_acc=0.4045
  epoch  11/50  loss=1.1725  bal_acc=0.3733
  epoch  12/50  loss=1.1591  bal_acc=0.3646
  epoch  13/50  loss=1.1566  bal_acc=0.4062
  epoch  14/50  loss=1.1630  bal_acc=0.4219
  epoch  15/50  loss=1.1454  bal_acc=0.4080
  epoch  16/50  loss=1.1300  bal_acc=0.3872
  epoch  17/50  loss=1.1264  bal_acc=0.4132
  epoch  18/50  loss=1.1250  bal_acc=0.4045
  epoch  19/50  loss=1.1195  bal_acc=0.4028
  epoch  20/50  loss=1.1068  bal_acc=0.3698
  epoch  21/50  loss=1.1036  bal_acc=0.3906
  epoch  22/50  loss=1.1060  bal_acc=0.3872
  epoch  23/50  loss=1.0994  bal_acc=0.4184
  epoch  24/50  loss=1.0902  bal_acc=0.3993
  epoch  25/50  loss=1.0791  bal_acc=0.4236
  epoch  26/50  loss=1.0842  bal_acc=0.3958
  epoch  27/50  loss=1.0834  bal_acc=0.3906
  epoch  28/50  loss=1.0844  bal_acc=0.4097
  epoch  29/50  loss=1.0736  bal_acc=0.4062
  epoch  30/50  loss=1.0566  bal_acc=0.4253
  epoch  31/50  loss=1.0634  bal_acc=0.4149
  epoch  32/50  loss=1.0486  bal_acc=0.3993
  epoch  33/50  loss=1.0602  bal_acc=0.3889
  epoch  34/50  loss=1.0539  bal_acc=0.3854
  epoch  35/50  loss=1.0502  bal_acc=0.3576
  epoch  36/50  loss=1.0460  bal_acc=0.4045
  epoch  37/50  loss=1.0419  bal_acc=0.3906
  epoch  38/50  loss=1.0320  bal_acc=0.4028
  epoch  39/50  loss=1.0329  bal_acc=0.3976
  epoch  40/50  loss=1.0304  bal_acc=0.4080
  epoch  41/50  loss=1.0248  bal_acc=0.4045
  epoch  42/50  loss=1.0198  bal_acc=0.4045
  epoch  43/50  loss=1.0275  bal_acc=0.3976
  epoch  44/50  loss=1.0172  bal_acc=0.3854
  epoch  45/50  loss=1.0172  bal_acc=0.4062
  epoch  46/50  loss=1.0079  bal_acc=0.4097
  epoch  47/50  loss=1.0169  bal_acc=0.4045
  epoch  48/50  loss=0.9923  bal_acc=0.4045
  epoch  49/50  loss=0.9934  bal_acc=0.4149
  epoch  50/50  loss=0.9941  bal_acc=0.4340
  Model params: 9,120
  epoch   1/50  loss=1.4918  bal_acc=0.2778
  epoch   2/50  loss=1.4140  bal_acc=0.2465
  epoch   3/50  loss=1.3626  bal_acc=0.3108
  epoch   4/50  loss=1.3201  bal_acc=0.3160
  epoch   5/50  loss=1.2907  bal_acc=0.3194
  epoch   6/50  loss=1.2781  bal_acc=0.3438
  epoch   7/50  loss=1.2465  bal_acc=0.3663
  epoch   8/50  loss=1.2178  bal_acc=0.4358
  epoch   9/50  loss=1.2190  bal_acc=0.3837
  epoch  10/50  loss=1.1877  bal_acc=0.3976
  epoch  11/50  loss=1.1815  bal_acc=0.3490
  epoch  12/50  loss=1.1733  bal_acc=0.3872
  epoch  13/50  loss=1.1776  bal_acc=0.4080
  epoch  14/50  loss=1.1642  bal_acc=0.3976
  epoch  15/50  loss=1.1541  bal_acc=0.4427
  epoch  16/50  loss=1.1546  bal_acc=0.4097
  epoch  17/50  loss=1.1424  bal_acc=0.4184
  epoch  18/50  loss=1.1438  bal_acc=0.4167
  epoch  19/50  loss=1.1370  bal_acc=0.4149
  epoch  20/50  loss=1.1367  bal_acc=0.4323
  epoch  21/50  loss=1.1381  bal_acc=0.4444
  epoch  22/50  loss=1.1275  bal_acc=0.3976
  epoch  23/50  loss=1.1141  bal_acc=0.4201
  epoch  24/50  loss=1.1113  bal_acc=0.4670
  epoch  25/50  loss=1.1157  bal_acc=0.4375
  epoch  26/50  loss=1.1125  bal_acc=0.4271
  epoch  27/50  loss=1.1039  bal_acc=0.4583
  epoch  28/50  loss=1.0925  bal_acc=0.3872
  epoch  29/50  loss=1.0942  bal_acc=0.4601
  epoch  30/50  loss=1.0979  bal_acc=0.4653
  epoch  31/50  loss=1.0836  bal_acc=0.4566
  epoch  32/50  loss=1.0968  bal_acc=0.4028
  epoch  33/50  loss=1.0746  bal_acc=0.4740
  epoch  34/50  loss=1.0806  bal_acc=0.4965
  epoch  35/50  loss=1.0821  bal_acc=0.4288
  epoch  36/50  loss=1.0652  bal_acc=0.4462
  epoch  37/50  loss=1.0630  bal_acc=0.4201
  epoch  38/50  loss=1.0692  bal_acc=0.4288
  epoch  39/50  loss=1.0646  bal_acc=0.4635
  epoch  40/50  loss=1.0608  bal_acc=0.4462
  epoch  41/50  loss=1.0537  bal_acc=0.4201
  epoch  42/50  loss=1.0456  bal_acc=0.4514
  epoch  43/50  loss=1.0537  bal_acc=0.4931
  epoch  44/50  loss=1.0409  bal_acc=0.4479
  epoch  45/50  loss=1.0448  bal_acc=0.4792
  epoch  46/50  loss=1.0444  bal_acc=0.4809
  epoch  47/50  loss=1.0403  bal_acc=0.4514
  epoch  48/50  loss=1.0347  bal_acc=0.4983
  epoch  49/50  loss=1.0228  bal_acc=0.5122
  epoch  50/50  loss=1.0223  bal_acc=0.4931
  Model params: 9,120
  epoch   1/50  loss=1.4879  bal_acc=0.2656
  epoch   2/50  loss=1.4097  bal_acc=0.3438
  epoch   3/50  loss=1.3595  bal_acc=0.3802
  epoch   4/50  loss=1.3300  bal_acc=0.3837
  epoch   5/50  loss=1.2864  bal_acc=0.3837
  epoch   6/50  loss=1.2680  bal_acc=0.4132
  epoch   7/50  loss=1.2393  bal_acc=0.4149
  epoch   8/50  loss=1.2342  bal_acc=0.3872
  epoch   9/50  loss=1.2221  bal_acc=0.4045
  epoch  10/50  loss=1.2148  bal_acc=0.3976
  epoch  11/50  loss=1.1980  bal_acc=0.4236
  epoch  12/50  loss=1.1890  bal_acc=0.3993
  epoch  13/50  loss=1.1856  bal_acc=0.4045
  epoch  14/50  loss=1.1778  bal_acc=0.3976
  epoch  15/50  loss=1.1794  bal_acc=0.4514
  epoch  16/50  loss=1.1691  bal_acc=0.3941
  epoch  17/50  loss=1.1660  bal_acc=0.3941
  epoch  18/50  loss=1.1582  bal_acc=0.3958
  epoch  19/50  loss=1.1536  bal_acc=0.4253
  epoch  20/50  loss=1.1383  bal_acc=0.4358
  epoch  21/50  loss=1.1327  bal_acc=0.4427
  epoch  22/50  loss=1.1348  bal_acc=0.4323
  epoch  23/50  loss=1.1242  bal_acc=0.4375
  epoch  24/50  loss=1.1315  bal_acc=0.4219
  epoch  25/50  loss=1.1227  bal_acc=0.4358
  epoch  26/50  loss=1.1077  bal_acc=0.4236
  epoch  27/50  loss=1.1063  bal_acc=0.4531
  epoch  28/50  loss=1.1069  bal_acc=0.4115
  epoch  29/50  loss=1.0960  bal_acc=0.4566
  epoch  30/50  loss=1.1089  bal_acc=0.4132
  epoch  31/50  loss=1.0948  bal_acc=0.4514
  epoch  32/50  loss=1.0827  bal_acc=0.4462
  epoch  33/50  loss=1.0805  bal_acc=0.4427
  epoch  34/50  loss=1.0884  bal_acc=0.4375
  epoch  35/50  loss=1.0795  bal_acc=0.4219
  epoch  36/50  loss=1.0676  bal_acc=0.4358
  epoch  37/50  loss=1.0736  bal_acc=0.4392
  epoch  38/50  loss=1.0712  bal_acc=0.4358
  epoch  39/50  loss=1.0660  bal_acc=0.4149
  epoch  40/50  loss=1.0592  bal_acc=0.4184
  epoch  41/50  loss=1.0654  bal_acc=0.4444
  epoch  42/50  loss=1.0504  bal_acc=0.4115
  epoch  43/50  loss=1.0551  bal_acc=0.4410
  epoch  44/50  loss=1.0495  bal_acc=0.4479
  epoch  45/50  loss=1.0456  bal_acc=0.4479
  epoch  46/50  loss=1.0483  bal_acc=0.4427
  epoch  47/50  loss=1.0287  bal_acc=0.4323
  epoch  48/50  loss=1.0369  bal_acc=0.4514
  epoch  49/50  loss=1.0340  bal_acc=0.4601
  epoch  50/50  loss=1.0280  bal_acc=0.4601
  Model params: 9,120
  epoch   1/50  loss=1.5742  bal_acc=0.2986
  epoch   2/50  loss=1.4269  bal_acc=0.2726
  epoch   3/50  loss=1.3891  bal_acc=0.3264
  epoch   4/50  loss=1.3474  bal_acc=0.3247
  epoch   5/50  loss=1.3149  bal_acc=0.3594
  epoch   6/50  loss=1.2795  bal_acc=0.3872
  epoch   7/50  loss=1.2581  bal_acc=0.3733
  epoch   8/50  loss=1.2332  bal_acc=0.3750
  epoch   9/50  loss=1.2206  bal_acc=0.4149
  epoch  10/50  loss=1.2058  bal_acc=0.4010
  epoch  11/50  loss=1.1888  bal_acc=0.4045
  epoch  12/50  loss=1.1936  bal_acc=0.4306
  epoch  13/50  loss=1.1882  bal_acc=0.4392
  epoch  14/50  loss=1.1792  bal_acc=0.4497
  epoch  15/50  loss=1.1689  bal_acc=0.4531
  epoch  16/50  loss=1.1758  bal_acc=0.4531
  epoch  17/50  loss=1.1614  bal_acc=0.4462
  epoch  18/50  loss=1.1574  bal_acc=0.4618
  epoch  19/50  loss=1.1422  bal_acc=0.4549
  epoch  20/50  loss=1.1478  bal_acc=0.4688
  epoch  21/50  loss=1.1478  bal_acc=0.4392
  epoch  22/50  loss=1.1379  bal_acc=0.4618
  epoch  23/50  loss=1.1384  bal_acc=0.4601
  epoch  24/50  loss=1.1370  bal_acc=0.4236
  epoch  25/50  loss=1.1299  bal_acc=0.4601
  epoch  26/50  loss=1.1323  bal_acc=0.4462
  epoch  27/50  loss=1.1294  bal_acc=0.4288
  epoch  28/50  loss=1.1231  bal_acc=0.4653
  epoch  29/50  loss=1.1216  bal_acc=0.4479
  epoch  30/50  loss=1.1193  bal_acc=0.4670
  epoch  31/50  loss=1.1120  bal_acc=0.4601
  epoch  32/50  loss=1.1182  bal_acc=0.4323
  epoch  33/50  loss=1.1105  bal_acc=0.4583
  epoch  34/50  loss=1.1118  bal_acc=0.4583
  epoch  35/50  loss=1.0954  bal_acc=0.4427
  epoch  36/50  loss=1.0848  bal_acc=0.4653
  epoch  37/50  loss=1.0863  bal_acc=0.4705
  epoch  38/50  loss=1.0891  bal_acc=0.4670
  epoch  39/50  loss=1.0825  bal_acc=0.4722
  epoch  40/50  loss=1.0726  bal_acc=0.4913
  epoch  41/50  loss=1.0639  bal_acc=0.4896
  epoch  42/50  loss=1.0609  bal_acc=0.4931
  epoch  43/50  loss=1.0465  bal_acc=0.4983
  epoch  44/50  loss=1.0617  bal_acc=0.4705
  epoch  45/50  loss=1.0495  bal_acc=0.4983
  epoch  46/50  loss=1.0586  bal_acc=0.5104
  epoch  47/50  loss=1.0562  bal_acc=0.4913
  epoch  48/50  loss=1.0400  bal_acc=0.5017
  epoch  49/50  loss=1.0355  bal_acc=0.4444
  epoch  50/50  loss=1.0353  bal_acc=0.4844
  -> mean_bal_acc=0.4373 (n=9 subjects)

=== Phase 2a: ablation 'no_dropout' (overrides={'dropout': 0.0}) ===
  Model params: 22,572
  epoch   1/50  loss=1.5144  bal_acc=0.3854
  epoch   2/50  loss=1.1803  bal_acc=0.4010
  epoch   3/50  loss=0.9682  bal_acc=0.4653
  epoch   4/50  loss=0.8439  bal_acc=0.4479
  epoch   5/50  loss=0.8363  bal_acc=0.5000
  epoch   6/50  loss=0.7194  bal_acc=0.5451
  epoch   7/50  loss=0.6399  bal_acc=0.4809
  epoch   8/50  loss=0.5885  bal_acc=0.5295
  epoch   9/50  loss=0.5365  bal_acc=0.5434
  epoch  10/50  loss=0.4942  bal_acc=0.5035
  epoch  11/50  loss=0.4337  bal_acc=0.5087
  epoch  12/50  loss=0.4005  bal_acc=0.5174
  epoch  13/50  loss=0.3641  bal_acc=0.5052
  epoch  14/50  loss=0.3483  bal_acc=0.5069
  epoch  15/50  loss=0.3317  bal_acc=0.5087
  epoch  16/50  loss=0.2931  bal_acc=0.5156
  epoch  17/50  loss=0.2827  bal_acc=0.5035
  epoch  18/50  loss=0.2347  bal_acc=0.5139
  epoch  19/50  loss=0.2237  bal_acc=0.5035
  epoch  20/50  loss=0.2207  bal_acc=0.5382
  epoch  21/50  loss=0.1969  bal_acc=0.5191
  epoch  22/50  loss=0.1855  bal_acc=0.5312
  epoch  23/50  loss=0.1699  bal_acc=0.5295
  epoch  24/50  loss=0.1720  bal_acc=0.5191
  epoch  25/50  loss=0.1413  bal_acc=0.4948
  epoch  26/50  loss=0.1433  bal_acc=0.5451
  epoch  27/50  loss=0.1515  bal_acc=0.5347
  epoch  28/50  loss=0.1687  bal_acc=0.5226
  epoch  29/50  loss=0.1483  bal_acc=0.5625
  epoch  30/50  loss=0.1156  bal_acc=0.5608
  epoch  31/50  loss=0.1085  bal_acc=0.5382
  epoch  32/50  loss=0.1009  bal_acc=0.5399
  epoch  33/50  loss=0.0967  bal_acc=0.5330
  epoch  34/50  loss=0.1123  bal_acc=0.4931
  epoch  35/50  loss=0.1002  bal_acc=0.5174
  epoch  36/50  loss=0.1013  bal_acc=0.5243
  epoch  37/50  loss=0.1205  bal_acc=0.5174
  epoch  38/50  loss=0.1139  bal_acc=0.5156
  epoch  39/50  loss=0.1116  bal_acc=0.5243
  epoch  40/50  loss=0.1019  bal_acc=0.5382
  epoch  41/50  loss=0.1015  bal_acc=0.5538
  epoch  42/50  loss=0.1128  bal_acc=0.5122
  epoch  43/50  loss=0.1016  bal_acc=0.5243
  epoch  44/50  loss=0.1338  bal_acc=0.5330
  epoch  45/50  loss=0.1045  bal_acc=0.5399
  epoch  46/50  loss=0.0767  bal_acc=0.5365
  epoch  47/50  loss=0.0742  bal_acc=0.5642
  epoch  48/50  loss=0.0960  bal_acc=0.4427
  epoch  49/50  loss=0.0778  bal_acc=0.5208
  epoch  50/50  loss=0.0907  bal_acc=0.5208
  Model params: 22,572
  epoch   1/50  loss=1.5649  bal_acc=0.3681
  epoch   2/50  loss=1.1145  bal_acc=0.3142
  epoch   3/50  loss=0.9401  bal_acc=0.3611
  epoch   4/50  loss=0.8490  bal_acc=0.3993
  epoch   5/50  loss=0.7794  bal_acc=0.4219
  epoch   6/50  loss=0.6796  bal_acc=0.4219
  epoch   7/50  loss=0.5860  bal_acc=0.4271
  epoch   8/50  loss=0.5914  bal_acc=0.3663
  epoch   9/50  loss=0.5236  bal_acc=0.4149
  epoch  10/50  loss=0.4913  bal_acc=0.3802
  epoch  11/50  loss=0.4391  bal_acc=0.3993
  epoch  12/50  loss=0.3979  bal_acc=0.4149
  epoch  13/50  loss=0.3447  bal_acc=0.4236
  epoch  14/50  loss=0.3246  bal_acc=0.4184
  epoch  15/50  loss=0.2738  bal_acc=0.4149
  epoch  16/50  loss=0.2454  bal_acc=0.4028
  epoch  17/50  loss=0.2530  bal_acc=0.3524
  epoch  18/50  loss=0.2794  bal_acc=0.4045
  epoch  19/50  loss=0.2021  bal_acc=0.4340
  epoch  20/50  loss=0.1663  bal_acc=0.4271
  epoch  21/50  loss=0.1673  bal_acc=0.4340
  epoch  22/50  loss=0.1557  bal_acc=0.4167
  epoch  23/50  loss=0.1492  bal_acc=0.4410
  epoch  24/50  loss=0.1415  bal_acc=0.4236
  epoch  25/50  loss=0.1200  bal_acc=0.4080
  epoch  26/50  loss=0.0994  bal_acc=0.4340
  epoch  27/50  loss=0.1113  bal_acc=0.4028
  epoch  28/50  loss=0.1715  bal_acc=0.4097
  epoch  29/50  loss=0.1388  bal_acc=0.4219
  epoch  30/50  loss=0.1634  bal_acc=0.4358
  epoch  31/50  loss=0.1524  bal_acc=0.4566
  epoch  32/50  loss=0.1345  bal_acc=0.4097
  epoch  33/50  loss=0.1672  bal_acc=0.4444
  epoch  34/50  loss=0.1477  bal_acc=0.3698
  epoch  35/50  loss=0.1211  bal_acc=0.4115
  epoch  36/50  loss=0.1014  bal_acc=0.4010
  epoch  37/50  loss=0.0822  bal_acc=0.4271
  epoch  38/50  loss=0.0727  bal_acc=0.4306
  epoch  39/50  loss=0.0551  bal_acc=0.4271
  epoch  40/50  loss=0.0758  bal_acc=0.4479
  epoch  41/50  loss=0.0784  bal_acc=0.4306
  epoch  42/50  loss=0.0833  bal_acc=0.4271
  epoch  43/50  loss=0.1114  bal_acc=0.4288
  epoch  44/50  loss=0.1031  bal_acc=0.4392
  epoch  45/50  loss=0.1047  bal_acc=0.4444
  epoch  46/50  loss=0.1215  bal_acc=0.4722
  epoch  47/50  loss=0.1409  bal_acc=0.4392
  epoch  48/50  loss=0.0901  bal_acc=0.4427
  epoch  49/50  loss=0.0605  bal_acc=0.4028
  epoch  50/50  loss=0.0463  bal_acc=0.4201
  Model params: 22,572
  epoch   1/50  loss=1.6011  bal_acc=0.4497
  epoch   2/50  loss=1.3134  bal_acc=0.4722
  epoch   3/50  loss=1.0382  bal_acc=0.4965
  epoch   4/50  loss=0.9347  bal_acc=0.4826
  epoch   5/50  loss=0.8864  bal_acc=0.6163
  epoch   6/50  loss=0.7654  bal_acc=0.6597
  epoch   7/50  loss=0.6697  bal_acc=0.6198
  epoch   8/50  loss=0.6212  bal_acc=0.5990
  epoch   9/50  loss=0.5648  bal_acc=0.5764
  epoch  10/50  loss=0.5775  bal_acc=0.6076
  epoch  11/50  loss=0.5198  bal_acc=0.6632
  epoch  12/50  loss=0.4673  bal_acc=0.6233
  epoch  13/50  loss=0.4149  bal_acc=0.6528
  epoch  14/50  loss=0.4077  bal_acc=0.6111
  epoch  15/50  loss=0.3745  bal_acc=0.6024
  epoch  16/50  loss=0.3296  bal_acc=0.6458
  epoch  17/50  loss=0.2936  bal_acc=0.6146
  epoch  18/50  loss=0.2891  bal_acc=0.6024
  epoch  19/50  loss=0.2616  bal_acc=0.6944
  epoch  20/50  loss=0.2150  bal_acc=0.6441
  epoch  21/50  loss=0.2066  bal_acc=0.6684
  epoch  22/50  loss=0.1979  bal_acc=0.6319
  epoch  23/50  loss=0.1613  bal_acc=0.6510
  epoch  24/50  loss=0.1911  bal_acc=0.6562
  epoch  25/50  loss=0.1687  bal_acc=0.6562
  epoch  26/50  loss=0.1728  bal_acc=0.6007
  epoch  27/50  loss=0.2076  bal_acc=0.6042
  epoch  28/50  loss=0.1849  bal_acc=0.6337
  epoch  29/50  loss=0.1712  bal_acc=0.6615
  epoch  30/50  loss=0.1300  bal_acc=0.6736
  epoch  31/50  loss=0.1125  bal_acc=0.5955
  epoch  32/50  loss=0.0958  bal_acc=0.6111
  epoch  33/50  loss=0.1003  bal_acc=0.6441
  epoch  34/50  loss=0.1249  bal_acc=0.6962
  epoch  35/50  loss=0.1234  bal_acc=0.5729
  epoch  36/50  loss=0.1632  bal_acc=0.6233
  epoch  37/50  loss=0.1492  bal_acc=0.6649
  epoch  38/50  loss=0.1150  bal_acc=0.6319
  epoch  39/50  loss=0.0668  bal_acc=0.6076
  epoch  40/50  loss=0.0585  bal_acc=0.6441
  epoch  41/50  loss=0.0592  bal_acc=0.6319
  epoch  42/50  loss=0.0741  bal_acc=0.5729
  epoch  43/50  loss=0.0748  bal_acc=0.6406
  epoch  44/50  loss=0.0809  bal_acc=0.6354
  epoch  45/50  loss=0.1077  bal_acc=0.6684
  epoch  46/50  loss=0.1033  bal_acc=0.5781
  epoch  47/50  loss=0.1712  bal_acc=0.6215
  epoch  48/50  loss=0.1552  bal_acc=0.6354
  epoch  49/50  loss=0.0962  bal_acc=0.6910
  epoch  50/50  loss=0.0767  bal_acc=0.6302
  Model params: 22,572
  epoch   1/50  loss=1.5774  bal_acc=0.3715
  epoch   2/50  loss=1.1620  bal_acc=0.4653
  epoch   3/50  loss=0.9542  bal_acc=0.4028
  epoch   4/50  loss=0.8295  bal_acc=0.4410
  epoch   5/50  loss=0.7934  bal_acc=0.4948
  epoch   6/50  loss=0.6859  bal_acc=0.4358
  epoch   7/50  loss=0.6031  bal_acc=0.4774
  epoch   8/50  loss=0.6207  bal_acc=0.4306
  epoch   9/50  loss=0.5188  bal_acc=0.4427
  epoch  10/50  loss=0.5248  bal_acc=0.4375
  epoch  11/50  loss=0.4492  bal_acc=0.4497
  epoch  12/50  loss=0.4073  bal_acc=0.4184
  epoch  13/50  loss=0.3862  bal_acc=0.4635
  epoch  14/50  loss=0.3512  bal_acc=0.4497
  epoch  15/50  loss=0.3107  bal_acc=0.4236
  epoch  16/50  loss=0.2763  bal_acc=0.4479
  epoch  17/50  loss=0.2593  bal_acc=0.4601
  epoch  18/50  loss=0.2636  bal_acc=0.4323
  epoch  19/50  loss=0.2183  bal_acc=0.4566
  epoch  20/50  loss=0.2155  bal_acc=0.4653
  epoch  21/50  loss=0.1929  bal_acc=0.4705
  epoch  22/50  loss=0.2142  bal_acc=0.4601
  epoch  23/50  loss=0.2240  bal_acc=0.4896
  epoch  24/50  loss=0.1786  bal_acc=0.4618
  epoch  25/50  loss=0.1697  bal_acc=0.4566
  epoch  26/50  loss=0.1391  bal_acc=0.4583
  epoch  27/50  loss=0.1156  bal_acc=0.4566
  epoch  28/50  loss=0.1074  bal_acc=0.4392
  epoch  29/50  loss=0.0975  bal_acc=0.4931
  epoch  30/50  loss=0.1220  bal_acc=0.4583
  epoch  31/50  loss=0.1286  bal_acc=0.4306
  epoch  32/50  loss=0.1561  bal_acc=0.4757
  epoch  33/50  loss=0.1364  bal_acc=0.4965
  epoch  34/50  loss=0.1261  bal_acc=0.4757
  epoch  35/50  loss=0.1036  bal_acc=0.4844
  epoch  36/50  loss=0.1316  bal_acc=0.4740
  epoch  37/50  loss=0.1022  bal_acc=0.4444
  epoch  38/50  loss=0.1042  bal_acc=0.4028
  epoch  39/50  loss=0.1003  bal_acc=0.4184
  epoch  40/50  loss=0.0809  bal_acc=0.4410
  epoch  41/50  loss=0.0591  bal_acc=0.4479
  epoch  42/50  loss=0.0673  bal_acc=0.4635
  epoch  43/50  loss=0.1042  bal_acc=0.4566
  epoch  44/50  loss=0.1385  bal_acc=0.4792
  epoch  45/50  loss=0.1513  bal_acc=0.4757
  epoch  46/50  loss=0.1770  bal_acc=0.4549
  epoch  47/50  loss=0.1189  bal_acc=0.4392
  epoch  48/50  loss=0.0873  bal_acc=0.4688
  epoch  49/50  loss=0.0627  bal_acc=0.4497
  epoch  50/50  loss=0.0319  bal_acc=0.4410
  Model params: 22,572
  epoch   1/50  loss=1.5166  bal_acc=0.3281
  epoch   2/50  loss=1.1843  bal_acc=0.4340
  epoch   3/50  loss=0.9912  bal_acc=0.4566
  epoch   4/50  loss=0.8208  bal_acc=0.4375
  epoch   5/50  loss=0.7777  bal_acc=0.4670
  epoch   6/50  loss=0.7323  bal_acc=0.3819
  epoch   7/50  loss=0.6838  bal_acc=0.4913
  epoch   8/50  loss=0.5669  bal_acc=0.3941
  epoch   9/50  loss=0.5314  bal_acc=0.5122
  epoch  10/50  loss=0.5084  bal_acc=0.5556
  epoch  11/50  loss=0.4296  bal_acc=0.4965
  epoch  12/50  loss=0.3894  bal_acc=0.4358
  epoch  13/50  loss=0.3606  bal_acc=0.4844
  epoch  14/50  loss=0.3511  bal_acc=0.4705
  epoch  15/50  loss=0.3308  bal_acc=0.5052
  epoch  16/50  loss=0.3069  bal_acc=0.5469
  epoch  17/50  loss=0.2936  bal_acc=0.5312
  epoch  18/50  loss=0.2708  bal_acc=0.4497
  epoch  19/50  loss=0.2694  bal_acc=0.4965
  epoch  20/50  loss=0.2187  bal_acc=0.5260
  epoch  21/50  loss=0.2093  bal_acc=0.5625
  epoch  22/50  loss=0.1853  bal_acc=0.4462
  epoch  23/50  loss=0.1875  bal_acc=0.4896
  epoch  24/50  loss=0.1555  bal_acc=0.4705
  epoch  25/50  loss=0.1395  bal_acc=0.5104
  epoch  26/50  loss=0.1511  bal_acc=0.4809
  epoch  27/50  loss=0.1213  bal_acc=0.5243
  epoch  28/50  loss=0.1226  bal_acc=0.5156
  epoch  29/50  loss=0.1242  bal_acc=0.4288
  epoch  30/50  loss=0.1164  bal_acc=0.5087
  epoch  31/50  loss=0.1383  bal_acc=0.4792
  epoch  32/50  loss=0.1456  bal_acc=0.5156
  epoch  33/50  loss=0.1659  bal_acc=0.4826
  epoch  34/50  loss=0.1680  bal_acc=0.4427
  epoch  35/50  loss=0.0954  bal_acc=0.4844
  epoch  36/50  loss=0.0801  bal_acc=0.5000
  epoch  37/50  loss=0.0964  bal_acc=0.4688
  epoch  38/50  loss=0.0944  bal_acc=0.4271
  epoch  39/50  loss=0.1075  bal_acc=0.4809
  epoch  40/50  loss=0.1136  bal_acc=0.5104
  epoch  41/50  loss=0.1359  bal_acc=0.5451
  epoch  42/50  loss=0.0762  bal_acc=0.5312
  epoch  43/50  loss=0.0700  bal_acc=0.5226
  epoch  44/50  loss=0.0743  bal_acc=0.5156
  epoch  45/50  loss=0.0723  bal_acc=0.5521
  epoch  46/50  loss=0.0822  bal_acc=0.4931
  epoch  47/50  loss=0.0616  bal_acc=0.5104
  epoch  48/50  loss=0.0968  bal_acc=0.4896
  epoch  49/50  loss=0.1275  bal_acc=0.4809
  epoch  50/50  loss=0.1348  bal_acc=0.4757
  Model params: 22,572
  epoch   1/50  loss=1.6114  bal_acc=0.3906
  epoch   2/50  loss=1.2089  bal_acc=0.3628
  epoch   3/50  loss=1.0698  bal_acc=0.4132
  epoch   4/50  loss=0.9049  bal_acc=0.4132
  epoch   5/50  loss=0.7847  bal_acc=0.4549
  epoch   6/50  loss=0.7497  bal_acc=0.3941
  epoch   7/50  loss=0.6653  bal_acc=0.4670
  epoch   8/50  loss=0.5698  bal_acc=0.4427
  epoch   9/50  loss=0.5948  bal_acc=0.3941
  epoch  10/50  loss=0.4968  bal_acc=0.4080
  epoch  11/50  loss=0.4560  bal_acc=0.4271
  epoch  12/50  loss=0.4149  bal_acc=0.4757
  epoch  13/50  loss=0.3572  bal_acc=0.4462
  epoch  14/50  loss=0.3402  bal_acc=0.4653
  epoch  15/50  loss=0.3251  bal_acc=0.4410
  epoch  16/50  loss=0.2978  bal_acc=0.4323
  epoch  17/50  loss=0.3215  bal_acc=0.3924
  epoch  18/50  loss=0.3008  bal_acc=0.4410
  epoch  19/50  loss=0.2293  bal_acc=0.4288
  epoch  20/50  loss=0.2077  bal_acc=0.4688
  epoch  21/50  loss=0.1947  bal_acc=0.4601
  epoch  22/50  loss=0.1883  bal_acc=0.4392
  epoch  23/50  loss=0.1737  bal_acc=0.4757
  epoch  24/50  loss=0.1823  bal_acc=0.4184
  epoch  25/50  loss=0.1782  bal_acc=0.4913
  epoch  26/50  loss=0.1614  bal_acc=0.4653
  epoch  27/50  loss=0.1368  bal_acc=0.4392
  epoch  28/50  loss=0.1360  bal_acc=0.4740
  epoch  29/50  loss=0.1077  bal_acc=0.4757
  epoch  30/50  loss=0.1028  bal_acc=0.4965
  epoch  31/50  loss=0.0963  bal_acc=0.4566
  epoch  32/50  loss=0.1129  bal_acc=0.4601
  epoch  33/50  loss=0.0962  bal_acc=0.4566
  epoch  34/50  loss=0.0821  bal_acc=0.4392
  epoch  35/50  loss=0.0779  bal_acc=0.4514
  epoch  36/50  loss=0.0611  bal_acc=0.4670
  epoch  37/50  loss=0.0830  bal_acc=0.4462
  epoch  38/50  loss=0.1668  bal_acc=0.4358
  epoch  39/50  loss=0.1859  bal_acc=0.4601
  epoch  40/50  loss=0.1370  bal_acc=0.4184
  epoch  41/50  loss=0.0988  bal_acc=0.4601
  epoch  42/50  loss=0.0628  bal_acc=0.4288
  epoch  43/50  loss=0.0612  bal_acc=0.4358
  epoch  44/50  loss=0.0661  bal_acc=0.4514
  epoch  45/50  loss=0.0914  bal_acc=0.4479
  epoch  46/50  loss=0.1072  bal_acc=0.4497
  epoch  47/50  loss=0.0775  bal_acc=0.4288
  epoch  48/50  loss=0.0454  bal_acc=0.4340
  epoch  49/50  loss=0.0392  bal_acc=0.4792
  epoch  50/50  loss=0.0452  bal_acc=0.4514
  Model params: 22,572
  epoch   1/50  loss=1.5090  bal_acc=0.4549
  epoch   2/50  loss=1.1805  bal_acc=0.4392
  epoch   3/50  loss=1.0009  bal_acc=0.5208
  epoch   4/50  loss=0.8524  bal_acc=0.4635
  epoch   5/50  loss=0.8303  bal_acc=0.5312
  epoch   6/50  loss=0.7397  bal_acc=0.5642
  epoch   7/50  loss=0.6352  bal_acc=0.5243
  epoch   8/50  loss=0.5565  bal_acc=0.5469
  epoch   9/50  loss=0.5051  bal_acc=0.5191
  epoch  10/50  loss=0.5013  bal_acc=0.5035
  epoch  11/50  loss=0.4221  bal_acc=0.5330
  epoch  12/50  loss=0.4138  bal_acc=0.5781
  epoch  13/50  loss=0.3544  bal_acc=0.5312
  epoch  14/50  loss=0.3439  bal_acc=0.5486
  epoch  15/50  loss=0.3067  bal_acc=0.5156
  epoch  16/50  loss=0.2645  bal_acc=0.5417
  epoch  17/50  loss=0.2505  bal_acc=0.5434
  epoch  18/50  loss=0.2421  bal_acc=0.4931
  epoch  19/50  loss=0.2397  bal_acc=0.4375
  epoch  20/50  loss=0.2102  bal_acc=0.5312
  epoch  21/50  loss=0.2197  bal_acc=0.5312
  epoch  22/50  loss=0.2006  bal_acc=0.5503
  epoch  23/50  loss=0.2422  bal_acc=0.5226
  epoch  24/50  loss=0.1757  bal_acc=0.5330
  epoch  25/50  loss=0.1451  bal_acc=0.5174
  epoch  26/50  loss=0.1537  bal_acc=0.5382
  epoch  27/50  loss=0.1989  bal_acc=0.5764
  epoch  28/50  loss=0.1440  bal_acc=0.5451
  epoch  29/50  loss=0.1335  bal_acc=0.5712
  epoch  30/50  loss=0.1080  bal_acc=0.5625
  epoch  31/50  loss=0.0833  bal_acc=0.5729
  epoch  32/50  loss=0.0721  bal_acc=0.5833
  epoch  33/50  loss=0.0696  bal_acc=0.5417
  epoch  34/50  loss=0.0954  bal_acc=0.5486
  epoch  35/50  loss=0.0987  bal_acc=0.5903
  epoch  36/50  loss=0.0983  bal_acc=0.5764
  epoch  37/50  loss=0.1038  bal_acc=0.5590
  epoch  38/50  loss=0.1331  bal_acc=0.5486
  epoch  39/50  loss=0.1430  bal_acc=0.5347
  epoch  40/50  loss=0.1241  bal_acc=0.5122
  epoch  41/50  loss=0.0888  bal_acc=0.5417
  epoch  42/50  loss=0.0721  bal_acc=0.5625
  epoch  43/50  loss=0.1159  bal_acc=0.5382
  epoch  44/50  loss=0.1260  bal_acc=0.5486
  epoch  45/50  loss=0.1028  bal_acc=0.5347
  epoch  46/50  loss=0.0737  bal_acc=0.4826
  epoch  47/50  loss=0.0670  bal_acc=0.5052
  epoch  48/50  loss=0.0766  bal_acc=0.5295
  epoch  49/50  loss=0.0793  bal_acc=0.5503
  epoch  50/50  loss=0.0859  bal_acc=0.5677
  Model params: 22,572
  epoch   1/50  loss=1.5941  bal_acc=0.3576
  epoch   2/50  loss=1.1794  bal_acc=0.4427
  epoch   3/50  loss=1.0763  bal_acc=0.4635
  epoch   4/50  loss=0.9157  bal_acc=0.5052
  epoch   5/50  loss=0.8152  bal_acc=0.5174
  epoch   6/50  loss=0.7181  bal_acc=0.5295
  epoch   7/50  loss=0.6659  bal_acc=0.5729
  epoch   8/50  loss=0.6083  bal_acc=0.4410
  epoch   9/50  loss=0.5636  bal_acc=0.6181
  epoch  10/50  loss=0.5164  bal_acc=0.5243
  epoch  11/50  loss=0.4796  bal_acc=0.5712
  epoch  12/50  loss=0.4475  bal_acc=0.5625
  epoch  13/50  loss=0.4050  bal_acc=0.5972
  epoch  14/50  loss=0.3831  bal_acc=0.6076
  epoch  15/50  loss=0.3390  bal_acc=0.5747
  epoch  16/50  loss=0.3183  bal_acc=0.5781
  epoch  17/50  loss=0.3051  bal_acc=0.5538
  epoch  18/50  loss=0.2856  bal_acc=0.5868
  epoch  19/50  loss=0.2296  bal_acc=0.5642
  epoch  20/50  loss=0.2164  bal_acc=0.5972
  epoch  21/50  loss=0.1732  bal_acc=0.6076
  epoch  22/50  loss=0.1689  bal_acc=0.5868
  epoch  23/50  loss=0.1821  bal_acc=0.5816
  epoch  24/50  loss=0.1697  bal_acc=0.5833
  epoch  25/50  loss=0.1586  bal_acc=0.5590
  epoch  26/50  loss=0.1627  bal_acc=0.6024
  epoch  27/50  loss=0.1505  bal_acc=0.5747
  epoch  28/50  loss=0.1349  bal_acc=0.5764
  epoch  29/50  loss=0.1691  bal_acc=0.5799
  epoch  30/50  loss=0.1444  bal_acc=0.5920
  epoch  31/50  loss=0.1346  bal_acc=0.6042
  epoch  32/50  loss=0.1202  bal_acc=0.5903
  epoch  33/50  loss=0.1134  bal_acc=0.5503
  epoch  34/50  loss=0.0777  bal_acc=0.5833
  epoch  35/50  loss=0.0747  bal_acc=0.5625
  epoch  36/50  loss=0.0605  bal_acc=0.5972
  epoch  37/50  loss=0.0658  bal_acc=0.5677
  epoch  38/50  loss=0.1049  bal_acc=0.5747
  epoch  39/50  loss=0.2533  bal_acc=0.5365
  epoch  40/50  loss=0.2275  bal_acc=0.5608
  epoch  41/50  loss=0.1448  bal_acc=0.6111
  epoch  42/50  loss=0.1152  bal_acc=0.5938
  epoch  43/50  loss=0.0852  bal_acc=0.6076
  epoch  44/50  loss=0.0848  bal_acc=0.6007
  epoch  45/50  loss=0.0588  bal_acc=0.5955
  epoch  46/50  loss=0.0473  bal_acc=0.6128
  epoch  47/50  loss=0.0350  bal_acc=0.5816
  epoch  48/50  loss=0.0299  bal_acc=0.5816
  epoch  49/50  loss=0.0180  bal_acc=0.5816
  epoch  50/50  loss=0.0158  bal_acc=0.6007
  Model params: 22,572
  epoch   1/50  loss=1.5652  bal_acc=0.3438
  epoch   2/50  loss=1.1725  bal_acc=0.3924
  epoch   3/50  loss=1.0343  bal_acc=0.3993
  epoch   4/50  loss=0.9032  bal_acc=0.4792
  epoch   5/50  loss=0.8617  bal_acc=0.4878
  epoch   6/50  loss=0.7307  bal_acc=0.5017
  epoch   7/50  loss=0.6728  bal_acc=0.5226
  epoch   8/50  loss=0.6210  bal_acc=0.4983
  epoch   9/50  loss=0.5421  bal_acc=0.4826
  epoch  10/50  loss=0.5040  bal_acc=0.4861
  epoch  11/50  loss=0.4960  bal_acc=0.5104
  epoch  12/50  loss=0.4317  bal_acc=0.5000
  epoch  13/50  loss=0.3684  bal_acc=0.5521
  epoch  14/50  loss=0.3291  bal_acc=0.5417
  epoch  15/50  loss=0.3093  bal_acc=0.5434
  epoch  16/50  loss=0.2671  bal_acc=0.4965
  epoch  17/50  loss=0.2580  bal_acc=0.5330
  epoch  18/50  loss=0.2527  bal_acc=0.5330
  epoch  19/50  loss=0.2256  bal_acc=0.5104
  epoch  20/50  loss=0.2205  bal_acc=0.5122
  epoch  21/50  loss=0.2098  bal_acc=0.5312
  epoch  22/50  loss=0.2086  bal_acc=0.5069
  epoch  23/50  loss=0.2158  bal_acc=0.5642
  epoch  24/50  loss=0.1971  bal_acc=0.5538
  epoch  25/50  loss=0.1891  bal_acc=0.5226
  epoch  26/50  loss=0.1507  bal_acc=0.5156
  epoch  27/50  loss=0.1285  bal_acc=0.5538
  epoch  28/50  loss=0.1341  bal_acc=0.5295
  epoch  29/50  loss=0.1235  bal_acc=0.5486
  epoch  30/50  loss=0.1231  bal_acc=0.5399
  epoch  31/50  loss=0.1336  bal_acc=0.5260
  epoch  32/50  loss=0.1163  bal_acc=0.5608
  epoch  33/50  loss=0.1383  bal_acc=0.5243
  epoch  34/50  loss=0.0974  bal_acc=0.5677
  epoch  35/50  loss=0.0993  bal_acc=0.5365
  epoch  36/50  loss=0.1163  bal_acc=0.5556
  epoch  37/50  loss=0.0987  bal_acc=0.5295
  epoch  38/50  loss=0.1124  bal_acc=0.5347
  epoch  39/50  loss=0.0973  bal_acc=0.5469
  epoch  40/50  loss=0.0967  bal_acc=0.5451
  epoch  41/50  loss=0.1161  bal_acc=0.4583
  epoch  42/50  loss=0.1225  bal_acc=0.5677
  epoch  43/50  loss=0.0895  bal_acc=0.5625
  epoch  44/50  loss=0.0626  bal_acc=0.5312
  epoch  45/50  loss=0.0424  bal_acc=0.5417
  epoch  46/50  loss=0.0573  bal_acc=0.5451
  epoch  47/50  loss=0.0753  bal_acc=0.5486
  epoch  48/50  loss=0.0738  bal_acc=0.5052
  epoch  49/50  loss=0.1313  bal_acc=0.5417
  epoch  50/50  loss=0.1205  bal_acc=0.5556
  -> mean_bal_acc=0.5181 (n=9 subjects)

=== Phase 2a: ablation 'single_timestep' (overrides={'n_steps_train': 1, 'n_steps_eval': 1}) ===
  Model params: 22,572
  epoch   1/50  loss=1.3690  bal_acc=0.3542
  epoch   2/50  loss=1.2959  bal_acc=0.3785
  epoch   3/50  loss=1.2531  bal_acc=0.3906
  epoch   4/50  loss=1.2237  bal_acc=0.3993
  epoch   5/50  loss=1.1959  bal_acc=0.4149
  epoch   6/50  loss=1.1638  bal_acc=0.4167
  epoch   7/50  loss=1.1443  bal_acc=0.4028
  epoch   8/50  loss=1.1225  bal_acc=0.4132
  epoch   9/50  loss=1.1166  bal_acc=0.4340
  epoch  10/50  loss=1.1122  bal_acc=0.4306
  epoch  11/50  loss=1.0972  bal_acc=0.4045
  epoch  12/50  loss=1.0814  bal_acc=0.4253
  epoch  13/50  loss=1.0681  bal_acc=0.4219
  epoch  14/50  loss=1.0569  bal_acc=0.4427
  epoch  15/50  loss=1.0454  bal_acc=0.4410
  epoch  16/50  loss=1.0365  bal_acc=0.4358
  epoch  17/50  loss=1.0031  bal_acc=0.4323
  epoch  18/50  loss=1.0025  bal_acc=0.4271
  epoch  19/50  loss=0.9764  bal_acc=0.4201
  epoch  20/50  loss=0.9756  bal_acc=0.4323
  epoch  21/50  loss=0.9790  bal_acc=0.4497
  epoch  22/50  loss=0.9653  bal_acc=0.4618
  epoch  23/50  loss=0.9657  bal_acc=0.4531
  epoch  24/50  loss=0.9337  bal_acc=0.4861
  epoch  25/50  loss=0.9517  bal_acc=0.4479
  epoch  26/50  loss=0.9318  bal_acc=0.4601
  epoch  27/50  loss=0.9418  bal_acc=0.4583
  epoch  28/50  loss=0.9254  bal_acc=0.4531
  epoch  29/50  loss=0.9092  bal_acc=0.4635
  epoch  30/50  loss=0.8989  bal_acc=0.4653
  epoch  31/50  loss=0.9138  bal_acc=0.4201
  epoch  32/50  loss=0.9079  bal_acc=0.4965
  epoch  33/50  loss=0.8834  bal_acc=0.4462
  epoch  34/50  loss=0.8818  bal_acc=0.4618
  epoch  35/50  loss=0.9015  bal_acc=0.4705
  epoch  36/50  loss=0.8923  bal_acc=0.4792
  epoch  37/50  loss=0.8832  bal_acc=0.4670
  epoch  38/50  loss=0.8614  bal_acc=0.4757
  epoch  39/50  loss=0.8562  bal_acc=0.4653
  epoch  40/50  loss=0.8794  bal_acc=0.4618
  epoch  41/50  loss=0.8619  bal_acc=0.4566
  epoch  42/50  loss=0.8799  bal_acc=0.4549
  epoch  43/50  loss=0.8467  bal_acc=0.4601
  epoch  44/50  loss=0.8448  bal_acc=0.4705
  epoch  45/50  loss=0.8211  bal_acc=0.4566
  epoch  46/50  loss=0.8249  bal_acc=0.4566
  epoch  47/50  loss=0.8338  bal_acc=0.4844
  epoch  48/50  loss=0.8295  bal_acc=0.4931
  epoch  49/50  loss=0.8458  bal_acc=0.5087
  epoch  50/50  loss=0.8211  bal_acc=0.4809
  Model params: 22,572
  epoch   1/50  loss=1.3596  bal_acc=0.3264
  epoch   2/50  loss=1.2775  bal_acc=0.3715
  epoch   3/50  loss=1.2488  bal_acc=0.3785
  epoch   4/50  loss=1.2131  bal_acc=0.3663
  epoch   5/50  loss=1.1865  bal_acc=0.3507
  epoch   6/50  loss=1.1690  bal_acc=0.3299
  epoch   7/50  loss=1.1390  bal_acc=0.3715
  epoch   8/50  loss=1.1050  bal_acc=0.3715
  epoch   9/50  loss=1.1106  bal_acc=0.3802
  epoch  10/50  loss=1.0849  bal_acc=0.3819
  epoch  11/50  loss=1.0841  bal_acc=0.3924
  epoch  12/50  loss=1.0775  bal_acc=0.3559
  epoch  13/50  loss=1.0607  bal_acc=0.3941
  epoch  14/50  loss=1.0401  bal_acc=0.3854
  epoch  15/50  loss=1.0203  bal_acc=0.3594
  epoch  16/50  loss=1.0039  bal_acc=0.3681
  epoch  17/50  loss=1.0061  bal_acc=0.3854
  epoch  18/50  loss=0.9953  bal_acc=0.4010
  epoch  19/50  loss=0.9967  bal_acc=0.3941
  epoch  20/50  loss=0.9685  bal_acc=0.3819
  epoch  21/50  loss=0.9532  bal_acc=0.3872
  epoch  22/50  loss=0.9510  bal_acc=0.3872
  epoch  23/50  loss=0.9316  bal_acc=0.3438
  epoch  24/50  loss=0.9165  bal_acc=0.3958
  epoch  25/50  loss=0.9129  bal_acc=0.3924
  epoch  26/50  loss=0.9055  bal_acc=0.3715
  epoch  27/50  loss=0.8960  bal_acc=0.4062
  epoch  28/50  loss=0.8944  bal_acc=0.4201
  epoch  29/50  loss=0.8864  bal_acc=0.4306
  epoch  30/50  loss=0.9002  bal_acc=0.4010
  epoch  31/50  loss=0.8810  bal_acc=0.4028
  epoch  32/50  loss=0.8662  bal_acc=0.4253
  epoch  33/50  loss=0.8771  bal_acc=0.4115
  epoch  34/50  loss=0.8682  bal_acc=0.4253
  epoch  35/50  loss=0.8748  bal_acc=0.4097
  epoch  36/50  loss=0.8624  bal_acc=0.4149
  epoch  37/50  loss=0.8484  bal_acc=0.4219
  epoch  38/50  loss=0.8397  bal_acc=0.3906
  epoch  39/50  loss=0.8565  bal_acc=0.3889
  epoch  40/50  loss=0.8432  bal_acc=0.4149
  epoch  41/50  loss=0.8337  bal_acc=0.4201
  epoch  42/50  loss=0.8422  bal_acc=0.4062
  epoch  43/50  loss=0.8251  bal_acc=0.4201
  epoch  44/50  loss=0.8114  bal_acc=0.4080
  epoch  45/50  loss=0.8183  bal_acc=0.4062
  epoch  46/50  loss=0.7947  bal_acc=0.3924
  epoch  47/50  loss=0.8125  bal_acc=0.4201
  epoch  48/50  loss=0.7948  bal_acc=0.4149
  epoch  49/50  loss=0.8012  bal_acc=0.4236
  epoch  50/50  loss=0.7912  bal_acc=0.4045
  Model params: 22,572
  epoch   1/50  loss=1.3651  bal_acc=0.4306
  epoch   2/50  loss=1.3155  bal_acc=0.4444
  epoch   3/50  loss=1.2834  bal_acc=0.4444
  epoch   4/50  loss=1.2735  bal_acc=0.4410
  epoch   5/50  loss=1.2364  bal_acc=0.4965
  epoch   6/50  loss=1.2087  bal_acc=0.4705
  epoch   7/50  loss=1.1866  bal_acc=0.4861
  epoch   8/50  loss=1.1662  bal_acc=0.4774
  epoch   9/50  loss=1.1408  bal_acc=0.4965
  epoch  10/50  loss=1.1295  bal_acc=0.4722
  epoch  11/50  loss=1.1024  bal_acc=0.4688
  epoch  12/50  loss=1.1009  bal_acc=0.4878
  epoch  13/50  loss=1.0909  bal_acc=0.4861
  epoch  14/50  loss=1.0891  bal_acc=0.5017
  epoch  15/50  loss=1.0676  bal_acc=0.5312
  epoch  16/50  loss=1.0616  bal_acc=0.5122
  epoch  17/50  loss=1.0502  bal_acc=0.5469
  epoch  18/50  loss=1.0515  bal_acc=0.5174
  epoch  19/50  loss=1.0388  bal_acc=0.5069
  epoch  20/50  loss=1.0286  bal_acc=0.5642
  epoch  21/50  loss=1.0090  bal_acc=0.5660
  epoch  22/50  loss=1.0013  bal_acc=0.5486
  epoch  23/50  loss=0.9987  bal_acc=0.5382
  epoch  24/50  loss=0.9890  bal_acc=0.5469
  epoch  25/50  loss=0.9812  bal_acc=0.5694
  epoch  26/50  loss=0.9805  bal_acc=0.5799
  epoch  27/50  loss=0.9817  bal_acc=0.5382
  epoch  28/50  loss=0.9855  bal_acc=0.5260
  epoch  29/50  loss=0.9728  bal_acc=0.5677
  epoch  30/50  loss=0.9576  bal_acc=0.5729
  epoch  31/50  loss=0.9525  bal_acc=0.5625
  epoch  32/50  loss=0.9705  bal_acc=0.5642
  epoch  33/50  loss=0.9397  bal_acc=0.5712
  epoch  34/50  loss=0.9405  bal_acc=0.5590
  epoch  35/50  loss=0.9194  bal_acc=0.5799
  epoch  36/50  loss=0.9418  bal_acc=0.5955
  epoch  37/50  loss=0.9338  bal_acc=0.5729
  epoch  38/50  loss=0.9164  bal_acc=0.5694
  epoch  39/50  loss=0.9317  bal_acc=0.5833
  epoch  40/50  loss=0.9129  bal_acc=0.6094
  epoch  41/50  loss=0.9081  bal_acc=0.6181
  epoch  42/50  loss=0.8868  bal_acc=0.6215
  epoch  43/50  loss=0.8948  bal_acc=0.6233
  epoch  44/50  loss=0.9063  bal_acc=0.6198
  epoch  45/50  loss=0.8893  bal_acc=0.6163
  epoch  46/50  loss=0.8884  bal_acc=0.6094
  epoch  47/50  loss=0.8746  bal_acc=0.5747
  epoch  48/50  loss=0.8671  bal_acc=0.6267
  epoch  49/50  loss=0.8763  bal_acc=0.5990
  epoch  50/50  loss=0.8686  bal_acc=0.6389
  Model params: 22,572
  epoch   1/50  loss=1.3613  bal_acc=0.3316
  epoch   2/50  loss=1.3085  bal_acc=0.3455
  epoch   3/50  loss=1.2718  bal_acc=0.3576
  epoch   4/50  loss=1.2562  bal_acc=0.3663
  epoch   5/50  loss=1.2104  bal_acc=0.3802
  epoch   6/50  loss=1.1916  bal_acc=0.3681
  epoch   7/50  loss=1.1690  bal_acc=0.4115
  epoch   8/50  loss=1.1303  bal_acc=0.3958
  epoch   9/50  loss=1.1079  bal_acc=0.3819
  epoch  10/50  loss=1.0893  bal_acc=0.3993
  epoch  11/50  loss=1.0711  bal_acc=0.3924
  epoch  12/50  loss=1.0294  bal_acc=0.3993
  epoch  13/50  loss=1.0274  bal_acc=0.4184
  epoch  14/50  loss=0.9988  bal_acc=0.3750
  epoch  15/50  loss=0.9840  bal_acc=0.4115
  epoch  16/50  loss=0.9642  bal_acc=0.4132
  epoch  17/50  loss=0.9516  bal_acc=0.3993
  epoch  18/50  loss=0.9513  bal_acc=0.3854
  epoch  19/50  loss=0.9382  bal_acc=0.3889
  epoch  20/50  loss=0.9307  bal_acc=0.3941
  epoch  21/50  loss=0.9079  bal_acc=0.3872
  epoch  22/50  loss=0.9208  bal_acc=0.4045
  epoch  23/50  loss=0.8967  bal_acc=0.3698
  epoch  24/50  loss=0.8992  bal_acc=0.3854
  epoch  25/50  loss=0.8835  bal_acc=0.3958
  epoch  26/50  loss=0.8903  bal_acc=0.3906
  epoch  27/50  loss=0.8866  bal_acc=0.3941
  epoch  28/50  loss=0.9014  bal_acc=0.3767
  epoch  29/50  loss=0.8788  bal_acc=0.3854
  epoch  30/50  loss=0.8649  bal_acc=0.3490
  epoch  31/50  loss=0.8602  bal_acc=0.3733
  epoch  32/50  loss=0.8615  bal_acc=0.3872
  epoch  33/50  loss=0.8653  bal_acc=0.3646
  epoch  34/50  loss=0.8392  bal_acc=0.3767
  epoch  35/50  loss=0.8300  bal_acc=0.3819
  epoch  36/50  loss=0.8303  bal_acc=0.3715
  epoch  37/50  loss=0.8377  bal_acc=0.4167
  epoch  38/50  loss=0.8195  bal_acc=0.4149
  epoch  39/50  loss=0.8209  bal_acc=0.4219
  epoch  40/50  loss=0.8132  bal_acc=0.4080
  epoch  41/50  loss=0.8272  bal_acc=0.3872
  epoch  42/50  loss=0.8246  bal_acc=0.3941
  epoch  43/50  loss=0.8011  bal_acc=0.4010
  epoch  44/50  loss=0.8216  bal_acc=0.4132
  epoch  45/50  loss=0.8032  bal_acc=0.3802
  epoch  46/50  loss=0.8127  bal_acc=0.4115
  epoch  47/50  loss=0.8021  bal_acc=0.3941
  epoch  48/50  loss=0.7925  bal_acc=0.3993
  epoch  49/50  loss=0.7950  bal_acc=0.4062
  epoch  50/50  loss=0.7942  bal_acc=0.4132
  Model params: 22,572
  epoch   1/50  loss=1.3658  bal_acc=0.2969
  epoch   2/50  loss=1.2956  bal_acc=0.3490
  epoch   3/50  loss=1.2529  bal_acc=0.3733
  epoch   4/50  loss=1.2357  bal_acc=0.3524
  epoch   5/50  loss=1.2153  bal_acc=0.3628
  epoch   6/50  loss=1.1793  bal_acc=0.3403
  epoch   7/50  loss=1.1404  bal_acc=0.3906
  epoch   8/50  loss=1.1166  bal_acc=0.4184
  epoch   9/50  loss=1.0926  bal_acc=0.4097
  epoch  10/50  loss=1.0803  bal_acc=0.4167
  epoch  11/50  loss=1.0540  bal_acc=0.4080
  epoch  12/50  loss=1.0806  bal_acc=0.4444
  epoch  13/50  loss=1.0536  bal_acc=0.4201
  epoch  14/50  loss=1.0287  bal_acc=0.4184
  epoch  15/50  loss=1.0114  bal_acc=0.4635
  epoch  16/50  loss=1.0233  bal_acc=0.4444
  epoch  17/50  loss=1.0173  bal_acc=0.4184
  epoch  18/50  loss=1.0163  bal_acc=0.4306
  epoch  19/50  loss=1.0001  bal_acc=0.4410
  epoch  20/50  loss=1.0059  bal_acc=0.4306
  epoch  21/50  loss=0.9718  bal_acc=0.4392
  epoch  22/50  loss=0.9810  bal_acc=0.4531
  epoch  23/50  loss=0.9872  bal_acc=0.4340
  epoch  24/50  loss=0.9719  bal_acc=0.4236
  epoch  25/50  loss=0.9740  bal_acc=0.4618
  epoch  26/50  loss=0.9490  bal_acc=0.4236
  epoch  27/50  loss=0.9213  bal_acc=0.4288
  epoch  28/50  loss=0.9325  bal_acc=0.4479
  epoch  29/50  loss=0.9332  bal_acc=0.4219
  epoch  30/50  loss=0.9408  bal_acc=0.4236
  epoch  31/50  loss=0.9161  bal_acc=0.4236
  epoch  32/50  loss=0.9048  bal_acc=0.4410
  epoch  33/50  loss=0.9093  bal_acc=0.4653
  epoch  34/50  loss=0.9223  bal_acc=0.4427
  epoch  35/50  loss=0.8880  bal_acc=0.4688
  epoch  36/50  loss=0.8998  bal_acc=0.4392
  epoch  37/50  loss=0.9054  bal_acc=0.4479
  epoch  38/50  loss=0.8876  bal_acc=0.4601
  epoch  39/50  loss=0.8875  bal_acc=0.4201
  epoch  40/50  loss=0.8779  bal_acc=0.5035
  epoch  41/50  loss=0.8798  bal_acc=0.4635
  epoch  42/50  loss=0.8710  bal_acc=0.5017
  epoch  43/50  loss=0.8721  bal_acc=0.4722
  epoch  44/50  loss=0.8628  bal_acc=0.4913
  epoch  45/50  loss=0.8739  bal_acc=0.4826
  epoch  46/50  loss=0.8607  bal_acc=0.4531
  epoch  47/50  loss=0.8512  bal_acc=0.4774
  epoch  48/50  loss=0.8652  bal_acc=0.4688
  epoch  49/50  loss=0.8622  bal_acc=0.4965
  epoch  50/50  loss=0.8473  bal_acc=0.4792
  Model params: 22,572
  epoch   1/50  loss=1.3693  bal_acc=0.3142
  epoch   2/50  loss=1.3005  bal_acc=0.3576
  epoch   3/50  loss=1.2658  bal_acc=0.3611
  epoch   4/50  loss=1.2269  bal_acc=0.3854
  epoch   5/50  loss=1.1980  bal_acc=0.3906
  epoch   6/50  loss=1.1651  bal_acc=0.4184
  epoch   7/50  loss=1.1336  bal_acc=0.4253
  epoch   8/50  loss=1.1024  bal_acc=0.4219
  epoch   9/50  loss=1.1008  bal_acc=0.4062
  epoch  10/50  loss=1.0769  bal_acc=0.3941
  epoch  11/50  loss=1.0539  bal_acc=0.4062
  epoch  12/50  loss=1.0579  bal_acc=0.3889
  epoch  13/50  loss=1.0528  bal_acc=0.3889
  epoch  14/50  loss=1.0213  bal_acc=0.4028
  epoch  15/50  loss=1.0288  bal_acc=0.3889
  epoch  16/50  loss=1.0123  bal_acc=0.4028
  epoch  17/50  loss=1.0091  bal_acc=0.4306
  epoch  18/50  loss=1.0136  bal_acc=0.4358
  epoch  19/50  loss=0.9796  bal_acc=0.4236
  epoch  20/50  loss=0.9753  bal_acc=0.4219
  epoch  21/50  loss=0.9530  bal_acc=0.4184
  epoch  22/50  loss=0.9612  bal_acc=0.4392
  epoch  23/50  loss=0.9598  bal_acc=0.4115
  epoch  24/50  loss=0.9393  bal_acc=0.4080
  epoch  25/50  loss=0.9356  bal_acc=0.3924
  epoch  26/50  loss=0.9297  bal_acc=0.4219
  epoch  27/50  loss=0.9367  bal_acc=0.4323
  epoch  28/50  loss=0.9438  bal_acc=0.4358
  epoch  29/50  loss=0.9305  bal_acc=0.4306
  epoch  30/50  loss=0.9147  bal_acc=0.4184
  epoch  31/50  loss=0.9045  bal_acc=0.4253
  epoch  32/50  loss=0.8883  bal_acc=0.4080
  epoch  33/50  loss=0.8964  bal_acc=0.4236
  epoch  34/50  loss=0.8981  bal_acc=0.4201
  epoch  35/50  loss=0.9037  bal_acc=0.4115
  epoch  36/50  loss=0.8727  bal_acc=0.4306
  epoch  37/50  loss=0.8788  bal_acc=0.4306
  epoch  38/50  loss=0.8769  bal_acc=0.4184
  epoch  39/50  loss=0.8718  bal_acc=0.4271
  epoch  40/50  loss=0.8507  bal_acc=0.4323
  epoch  41/50  loss=0.8425  bal_acc=0.4167
  epoch  42/50  loss=0.8434  bal_acc=0.4462
  epoch  43/50  loss=0.8412  bal_acc=0.4444
  epoch  44/50  loss=0.8455  bal_acc=0.4566
  epoch  45/50  loss=0.8121  bal_acc=0.4253
  epoch  46/50  loss=0.8392  bal_acc=0.4236
  epoch  47/50  loss=0.8243  bal_acc=0.4236
  epoch  48/50  loss=0.8275  bal_acc=0.4306
  epoch  49/50  loss=0.8272  bal_acc=0.4062
  epoch  50/50  loss=0.8190  bal_acc=0.4288
  Model params: 22,572
  epoch   1/50  loss=1.3735  bal_acc=0.3767
  epoch   2/50  loss=1.3099  bal_acc=0.3976
  epoch   3/50  loss=1.2724  bal_acc=0.4184
  epoch   4/50  loss=1.2525  bal_acc=0.3854
  epoch   5/50  loss=1.2212  bal_acc=0.4740
  epoch   6/50  loss=1.2017  bal_acc=0.4809
  epoch   7/50  loss=1.1762  bal_acc=0.5191
  epoch   8/50  loss=1.1577  bal_acc=0.4774
  epoch   9/50  loss=1.1337  bal_acc=0.5243
  epoch  10/50  loss=1.1186  bal_acc=0.4948
  epoch  11/50  loss=1.1060  bal_acc=0.5208
  epoch  12/50  loss=1.1036  bal_acc=0.5156
  epoch  13/50  loss=1.0990  bal_acc=0.5347
  epoch  14/50  loss=1.0764  bal_acc=0.5347
  epoch  15/50  loss=1.0663  bal_acc=0.5556
  epoch  16/50  loss=1.0645  bal_acc=0.5556
  epoch  17/50  loss=1.0532  bal_acc=0.5191
  epoch  18/50  loss=1.0486  bal_acc=0.5260
  epoch  19/50  loss=1.0268  bal_acc=0.5260
  epoch  20/50  loss=1.0117  bal_acc=0.5122
  epoch  21/50  loss=1.0119  bal_acc=0.5156
  epoch  22/50  loss=0.9877  bal_acc=0.5226
  epoch  23/50  loss=0.9856  bal_acc=0.5278
  epoch  24/50  loss=0.9755  bal_acc=0.5139
  epoch  25/50  loss=0.9613  bal_acc=0.5312
  epoch  26/50  loss=0.9582  bal_acc=0.5017
  epoch  27/50  loss=0.9549  bal_acc=0.5156
  epoch  28/50  loss=0.9553  bal_acc=0.4931
  epoch  29/50  loss=0.9346  bal_acc=0.5312
  epoch  30/50  loss=0.9195  bal_acc=0.5469
  epoch  31/50  loss=0.9317  bal_acc=0.5191
  epoch  32/50  loss=0.9202  bal_acc=0.5295
  epoch  33/50  loss=0.9105  bal_acc=0.5503
  epoch  34/50  loss=0.9068  bal_acc=0.5035
  epoch  35/50  loss=0.9163  bal_acc=0.5417
  epoch  36/50  loss=0.9184  bal_acc=0.5347
  epoch  37/50  loss=0.8998  bal_acc=0.5260
  epoch  38/50  loss=0.8973  bal_acc=0.5243
  epoch  39/50  loss=0.8787  bal_acc=0.5365
  epoch  40/50  loss=0.8807  bal_acc=0.5312
  epoch  41/50  loss=0.8884  bal_acc=0.5278
  epoch  42/50  loss=0.8870  bal_acc=0.5451
  epoch  43/50  loss=0.8673  bal_acc=0.5451
  epoch  44/50  loss=0.8585  bal_acc=0.5486
  epoch  45/50  loss=0.8474  bal_acc=0.5347
  epoch  46/50  loss=0.8525  bal_acc=0.5312
  epoch  47/50  loss=0.8514  bal_acc=0.5573
  epoch  48/50  loss=0.8554  bal_acc=0.5226
  epoch  49/50  loss=0.8420  bal_acc=0.5590
  epoch  50/50  loss=0.8389  bal_acc=0.5538
  Model params: 22,572
  epoch   1/50  loss=1.3630  bal_acc=0.3698
  epoch   2/50  loss=1.3211  bal_acc=0.3958
  epoch   3/50  loss=1.2705  bal_acc=0.4497
  epoch   4/50  loss=1.2378  bal_acc=0.4583
  epoch   5/50  loss=1.2134  bal_acc=0.4427
  epoch   6/50  loss=1.1858  bal_acc=0.4566
  epoch   7/50  loss=1.1830  bal_acc=0.4323
  epoch   8/50  loss=1.1471  bal_acc=0.4722
  epoch   9/50  loss=1.1422  bal_acc=0.4948
  epoch  10/50  loss=1.1226  bal_acc=0.4774
  epoch  11/50  loss=1.1191  bal_acc=0.5052
  epoch  12/50  loss=1.1102  bal_acc=0.4948
  epoch  13/50  loss=1.1150  bal_acc=0.4965
  epoch  14/50  loss=1.0848  bal_acc=0.5278
  epoch  15/50  loss=1.0728  bal_acc=0.5399
  epoch  16/50  loss=1.0568  bal_acc=0.5625
  epoch  17/50  loss=1.0438  bal_acc=0.5434
  epoch  18/50  loss=1.0442  bal_acc=0.5625
  epoch  19/50  loss=1.0330  bal_acc=0.5451
  epoch  20/50  loss=1.0232  bal_acc=0.5677
  epoch  21/50  loss=1.0112  bal_acc=0.5833
  epoch  22/50  loss=1.0177  bal_acc=0.5764
  epoch  23/50  loss=1.0022  bal_acc=0.5781
  epoch  24/50  loss=0.9763  bal_acc=0.5677
  epoch  25/50  loss=0.9798  bal_acc=0.5938
  epoch  26/50  loss=0.9632  bal_acc=0.5903
  epoch  27/50  loss=0.9705  bal_acc=0.5972
  epoch  28/50  loss=0.9572  bal_acc=0.6215
  epoch  29/50  loss=0.9655  bal_acc=0.6146
  epoch  30/50  loss=0.9406  bal_acc=0.6198
  epoch  31/50  loss=0.9399  bal_acc=0.6250
  epoch  32/50  loss=0.9316  bal_acc=0.6337
  epoch  33/50  loss=0.9361  bal_acc=0.6250
  epoch  34/50  loss=0.9246  bal_acc=0.6128
  epoch  35/50  loss=0.9420  bal_acc=0.6111
  epoch  36/50  loss=0.9204  bal_acc=0.6233
  epoch  37/50  loss=0.9124  bal_acc=0.6354
  epoch  38/50  loss=0.9054  bal_acc=0.6337
  epoch  39/50  loss=0.8821  bal_acc=0.6163
  epoch  40/50  loss=0.9033  bal_acc=0.6007
  epoch  41/50  loss=0.8918  bal_acc=0.5955
  epoch  42/50  loss=0.8875  bal_acc=0.5885
  epoch  43/50  loss=0.8586  bal_acc=0.6250
  epoch  44/50  loss=0.8772  bal_acc=0.5990
  epoch  45/50  loss=0.8971  bal_acc=0.6076
  epoch  46/50  loss=0.8760  bal_acc=0.6250
  epoch  47/50  loss=0.8611  bal_acc=0.5920
  epoch  48/50  loss=0.8705  bal_acc=0.6059
  epoch  49/50  loss=0.8741  bal_acc=0.6059
  epoch  50/50  loss=0.8509  bal_acc=0.6233
  Model params: 22,572
  epoch   1/50  loss=1.3700  bal_acc=0.3524
  epoch   2/50  loss=1.3048  bal_acc=0.3576
  epoch   3/50  loss=1.2742  bal_acc=0.3507
  epoch   4/50  loss=1.2410  bal_acc=0.3438
  epoch   5/50  loss=1.2222  bal_acc=0.3438
  epoch   6/50  loss=1.1965  bal_acc=0.4167
  epoch   7/50  loss=1.1769  bal_acc=0.3681
  epoch   8/50  loss=1.1432  bal_acc=0.3802
  epoch   9/50  loss=1.1324  bal_acc=0.4132
  epoch  10/50  loss=1.1323  bal_acc=0.3906
  epoch  11/50  loss=1.0963  bal_acc=0.4219
  epoch  12/50  loss=1.0733  bal_acc=0.4219
  epoch  13/50  loss=1.0731  bal_acc=0.4444
  epoch  14/50  loss=1.0711  bal_acc=0.4774
  epoch  15/50  loss=1.0416  bal_acc=0.4201
  epoch  16/50  loss=1.0311  bal_acc=0.4635
  epoch  17/50  loss=1.0417  bal_acc=0.4601
  epoch  18/50  loss=1.0258  bal_acc=0.4740
  epoch  19/50  loss=1.0169  bal_acc=0.4688
  epoch  20/50  loss=1.0144  bal_acc=0.5035
  epoch  21/50  loss=0.9932  bal_acc=0.5052
  epoch  22/50  loss=0.9845  bal_acc=0.4983
  epoch  23/50  loss=0.9879  bal_acc=0.4913
  epoch  24/50  loss=0.9771  bal_acc=0.5035
  epoch  25/50  loss=0.9769  bal_acc=0.5156
  epoch  26/50  loss=0.9648  bal_acc=0.5226
  epoch  27/50  loss=0.9592  bal_acc=0.4826
  epoch  28/50  loss=0.9375  bal_acc=0.4983
  epoch  29/50  loss=0.9184  bal_acc=0.4844
  epoch  30/50  loss=0.9287  bal_acc=0.5000
  epoch  31/50  loss=0.9278  bal_acc=0.5052
  epoch  32/50  loss=0.9247  bal_acc=0.5000
  epoch  33/50  loss=0.9313  bal_acc=0.5017
  epoch  34/50  loss=0.9237  bal_acc=0.4792
  epoch  35/50  loss=0.9065  bal_acc=0.4844
  epoch  36/50  loss=0.8990  bal_acc=0.4913
  epoch  37/50  loss=0.8964  bal_acc=0.4844
  epoch  38/50  loss=0.9074  bal_acc=0.5035
  epoch  39/50  loss=0.8914  bal_acc=0.4948
  epoch  40/50  loss=0.8799  bal_acc=0.4913
  epoch  41/50  loss=0.8904  bal_acc=0.5139
  epoch  42/50  loss=0.8671  bal_acc=0.5156
  epoch  43/50  loss=0.8744  bal_acc=0.5278
  epoch  44/50  loss=0.8707  bal_acc=0.5347
  epoch  45/50  loss=0.8656  bal_acc=0.5434
  epoch  46/50  loss=0.8486  bal_acc=0.5312
  epoch  47/50  loss=0.8556  bal_acc=0.5347
  epoch  48/50  loss=0.8560  bal_acc=0.5226
  epoch  49/50  loss=0.8407  bal_acc=0.5174
  epoch  50/50  loss=0.8415  bal_acc=0.4878
  -> mean_bal_acc=0.5012 (n=9 subjects)

=== Phase 2a: ablation 'no_leak' (overrides={'beta': 0.999}) ===
  Model params: 22,572
  epoch   1/50  loss=1.5659  bal_acc=0.3854
  epoch   2/50  loss=1.2488  bal_acc=0.3802
  epoch   3/50  loss=1.1496  bal_acc=0.4167
  epoch   4/50  loss=1.0867  bal_acc=0.4358
  epoch   5/50  loss=1.0381  bal_acc=0.3872
  epoch   6/50  loss=1.0344  bal_acc=0.4288
  epoch   7/50  loss=0.9350  bal_acc=0.4253
  epoch   8/50  loss=0.9329  bal_acc=0.4201
  epoch   9/50  loss=0.8736  bal_acc=0.4601
  epoch  10/50  loss=0.8550  bal_acc=0.4618
  epoch  11/50  loss=0.7919  bal_acc=0.4635
  epoch  12/50  loss=0.8021  bal_acc=0.4705
  epoch  13/50  loss=0.7384  bal_acc=0.4653
  epoch  14/50  loss=0.7370  bal_acc=0.4236
  epoch  15/50  loss=0.7220  bal_acc=0.4340
  epoch  16/50  loss=0.6969  bal_acc=0.5017
  epoch  17/50  loss=0.6625  bal_acc=0.5226
  epoch  18/50  loss=0.6538  bal_acc=0.5573
  epoch  19/50  loss=0.6404  bal_acc=0.5451
  epoch  20/50  loss=0.6178  bal_acc=0.5226
  epoch  21/50  loss=0.6051  bal_acc=0.4757
  epoch  22/50  loss=0.5877  bal_acc=0.4913
  epoch  23/50  loss=0.5535  bal_acc=0.4948
  epoch  24/50  loss=0.5721  bal_acc=0.5087
  epoch  25/50  loss=0.5651  bal_acc=0.5312
  epoch  26/50  loss=0.5514  bal_acc=0.5104
  epoch  27/50  loss=0.5281  bal_acc=0.5052
  epoch  28/50  loss=0.5017  bal_acc=0.5104
  epoch  29/50  loss=0.4817  bal_acc=0.5295
  epoch  30/50  loss=0.4915  bal_acc=0.5243
  epoch  31/50  loss=0.4765  bal_acc=0.5382
  epoch  32/50  loss=0.4913  bal_acc=0.5434
  epoch  33/50  loss=0.4532  bal_acc=0.5434
  epoch  34/50  loss=0.4314  bal_acc=0.5469
  epoch  35/50  loss=0.4266  bal_acc=0.5330
  epoch  36/50  loss=0.4295  bal_acc=0.5451
  epoch  37/50  loss=0.4031  bal_acc=0.5521
  epoch  38/50  loss=0.3628  bal_acc=0.5538
  epoch  39/50  loss=0.3696  bal_acc=0.5174
  epoch  40/50  loss=0.3756  bal_acc=0.5330
  epoch  41/50  loss=0.3795  bal_acc=0.5069
  epoch  42/50  loss=0.3730  bal_acc=0.5174
  epoch  43/50  loss=0.3601  bal_acc=0.5347
  epoch  44/50  loss=0.3379  bal_acc=0.5434
  epoch  45/50  loss=0.3490  bal_acc=0.5382
  epoch  46/50  loss=0.3764  bal_acc=0.5382
  epoch  47/50  loss=0.3528  bal_acc=0.5122
  epoch  48/50  loss=0.3267  bal_acc=0.4965
  epoch  49/50  loss=0.3084  bal_acc=0.5330
  epoch  50/50  loss=0.3409  bal_acc=0.5399
  Model params: 22,572
  epoch   1/50  loss=1.6406  bal_acc=0.3698
  epoch   2/50  loss=1.3108  bal_acc=0.3837
  epoch   3/50  loss=1.1694  bal_acc=0.3958
  epoch   4/50  loss=1.0911  bal_acc=0.4288
  epoch   5/50  loss=1.0276  bal_acc=0.4288
  epoch   6/50  loss=0.9623  bal_acc=0.3958
  epoch   7/50  loss=0.9001  bal_acc=0.4514
  epoch   8/50  loss=0.9522  bal_acc=0.3924
  epoch   9/50  loss=0.8451  bal_acc=0.3976
  epoch  10/50  loss=0.7994  bal_acc=0.4618
  epoch  11/50  loss=0.7912  bal_acc=0.4479
  epoch  12/50  loss=0.7927  bal_acc=0.4132
  epoch  13/50  loss=0.7560  bal_acc=0.4375
  epoch  14/50  loss=0.7333  bal_acc=0.4444
  epoch  15/50  loss=0.6810  bal_acc=0.4375
  epoch  16/50  loss=0.6854  bal_acc=0.4167
  epoch  17/50  loss=0.6405  bal_acc=0.4497
  epoch  18/50  loss=0.6101  bal_acc=0.4323
  epoch  19/50  loss=0.5855  bal_acc=0.4028
  epoch  20/50  loss=0.5849  bal_acc=0.4427
  epoch  21/50  loss=0.6302  bal_acc=0.4444
  epoch  22/50  loss=0.6010  bal_acc=0.4479
  epoch  23/50  loss=0.5763  bal_acc=0.3976
  epoch  24/50  loss=0.5485  bal_acc=0.4149
  epoch  25/50  loss=0.5510  bal_acc=0.4340
  epoch  26/50  loss=0.5252  bal_acc=0.4392
  epoch  27/50  loss=0.5073  bal_acc=0.4253
  epoch  28/50  loss=0.4855  bal_acc=0.4323
  epoch  29/50  loss=0.4840  bal_acc=0.4167
  epoch  30/50  loss=0.4713  bal_acc=0.3976
  epoch  31/50  loss=0.4412  bal_acc=0.3837
  epoch  32/50  loss=0.4659  bal_acc=0.4080
  epoch  33/50  loss=0.4523  bal_acc=0.4479
  epoch  34/50  loss=0.4710  bal_acc=0.3976
  epoch  35/50  loss=0.4159  bal_acc=0.4288
  epoch  36/50  loss=0.4247  bal_acc=0.4271
  epoch  37/50  loss=0.4078  bal_acc=0.4010
  epoch  38/50  loss=0.4135  bal_acc=0.4184
  epoch  39/50  loss=0.3962  bal_acc=0.4236
  epoch  40/50  loss=0.3478  bal_acc=0.4097
  epoch  41/50  loss=0.3398  bal_acc=0.4253
  epoch  42/50  loss=0.3597  bal_acc=0.4306
  epoch  43/50  loss=0.3257  bal_acc=0.4410
  epoch  44/50  loss=0.3364  bal_acc=0.4410
  epoch  45/50  loss=0.3503  bal_acc=0.4705
  epoch  46/50  loss=0.3071  bal_acc=0.4149
  epoch  47/50  loss=0.3021  bal_acc=0.4080
  epoch  48/50  loss=0.3209  bal_acc=0.4219
  epoch  49/50  loss=0.2840  bal_acc=0.4514
  epoch  50/50  loss=0.2776  bal_acc=0.4323
  Model params: 22,572
  epoch   1/50  loss=1.5733  bal_acc=0.4878
  epoch   2/50  loss=1.2842  bal_acc=0.4653
  epoch   3/50  loss=1.1711  bal_acc=0.4688
  epoch   4/50  loss=1.1339  bal_acc=0.5226
  epoch   5/50  loss=1.0657  bal_acc=0.5243
  epoch   6/50  loss=1.0046  bal_acc=0.6753
  epoch   7/50  loss=0.9667  bal_acc=0.6146
  epoch   8/50  loss=0.8927  bal_acc=0.5677
  epoch   9/50  loss=0.8812  bal_acc=0.6667
  epoch  10/50  loss=0.8624  bal_acc=0.5868
  epoch  11/50  loss=0.8097  bal_acc=0.6215
  epoch  12/50  loss=0.8386  bal_acc=0.6024
  epoch  13/50  loss=0.7929  bal_acc=0.6111
  epoch  14/50  loss=0.8116  bal_acc=0.6858
  epoch  15/50  loss=0.7621  bal_acc=0.6858
  epoch  16/50  loss=0.7651  bal_acc=0.6302
  epoch  17/50  loss=0.7194  bal_acc=0.6545
  epoch  18/50  loss=0.6946  bal_acc=0.6736
  epoch  19/50  loss=0.6708  bal_acc=0.6007
  epoch  20/50  loss=0.6483  bal_acc=0.6094
  epoch  21/50  loss=0.6467  bal_acc=0.5590
  epoch  22/50  loss=0.6330  bal_acc=0.5538
  epoch  23/50  loss=0.5978  bal_acc=0.6007
  epoch  24/50  loss=0.5677  bal_acc=0.6979
  epoch  25/50  loss=0.5542  bal_acc=0.6267
  epoch  26/50  loss=0.5226  bal_acc=0.6285
  epoch  27/50  loss=0.5156  bal_acc=0.6302
  epoch  28/50  loss=0.5428  bal_acc=0.6562
  epoch  29/50  loss=0.5267  bal_acc=0.6076
  epoch  30/50  loss=0.5185  bal_acc=0.6840
  epoch  31/50  loss=0.4739  bal_acc=0.6580
  epoch  32/50  loss=0.4788  bal_acc=0.6406
  epoch  33/50  loss=0.4511  bal_acc=0.6233
  epoch  34/50  loss=0.4641  bal_acc=0.6198
  epoch  35/50  loss=0.4645  bal_acc=0.6771
  epoch  36/50  loss=0.4554  bal_acc=0.6250
  epoch  37/50  loss=0.4402  bal_acc=0.7170
  epoch  38/50  loss=0.4370  bal_acc=0.7031
  epoch  39/50  loss=0.4271  bal_acc=0.6007
  epoch  40/50  loss=0.4122  bal_acc=0.6128
  epoch  41/50  loss=0.4155  bal_acc=0.6632
  epoch  42/50  loss=0.4292  bal_acc=0.6076
  epoch  43/50  loss=0.4086  bal_acc=0.6493
  epoch  44/50  loss=0.4218  bal_acc=0.6719
  epoch  45/50  loss=0.3736  bal_acc=0.6649
  epoch  46/50  loss=0.3815  bal_acc=0.6389
  epoch  47/50  loss=0.3526  bal_acc=0.6476
  epoch  48/50  loss=0.3423  bal_acc=0.6302
  epoch  49/50  loss=0.3519  bal_acc=0.6389
  epoch  50/50  loss=0.3390  bal_acc=0.6753
  Model params: 22,572
  epoch   1/50  loss=1.6078  bal_acc=0.4115
  epoch   2/50  loss=1.3133  bal_acc=0.3819
  epoch   3/50  loss=1.1992  bal_acc=0.4115
  epoch   4/50  loss=1.0406  bal_acc=0.4115
  epoch   5/50  loss=1.0658  bal_acc=0.4184
  epoch   6/50  loss=0.9558  bal_acc=0.3976
  epoch   7/50  loss=0.9261  bal_acc=0.4306
  epoch   8/50  loss=0.8798  bal_acc=0.4688
  epoch   9/50  loss=0.8279  bal_acc=0.4826
  epoch  10/50  loss=0.8380  bal_acc=0.4028
  epoch  11/50  loss=0.8140  bal_acc=0.4531
  epoch  12/50  loss=0.7552  bal_acc=0.4583
  epoch  13/50  loss=0.7523  bal_acc=0.4965
  epoch  14/50  loss=0.7298  bal_acc=0.4670
  epoch  15/50  loss=0.7470  bal_acc=0.4375
  epoch  16/50  loss=0.6875  bal_acc=0.4792
  epoch  17/50  loss=0.6836  bal_acc=0.4479
  epoch  18/50  loss=0.7028  bal_acc=0.4497
  epoch  19/50  loss=0.6304  bal_acc=0.4358
  epoch  20/50  loss=0.6398  bal_acc=0.4722
  epoch  21/50  loss=0.6053  bal_acc=0.4688
  epoch  22/50  loss=0.6032  bal_acc=0.5035
  epoch  23/50  loss=0.5605  bal_acc=0.4688
  epoch  24/50  loss=0.5780  bal_acc=0.4792
  epoch  25/50  loss=0.5374  bal_acc=0.4965
  epoch  26/50  loss=0.5526  bal_acc=0.4462
  epoch  27/50  loss=0.5474  bal_acc=0.4826
  epoch  28/50  loss=0.4983  bal_acc=0.5069
  epoch  29/50  loss=0.4906  bal_acc=0.4531
  epoch  30/50  loss=0.4941  bal_acc=0.5104
  epoch  31/50  loss=0.4781  bal_acc=0.4965
  epoch  32/50  loss=0.4964  bal_acc=0.4722
  epoch  33/50  loss=0.4604  bal_acc=0.4514
  epoch  34/50  loss=0.4705  bal_acc=0.4427
  epoch  35/50  loss=0.4299  bal_acc=0.4670
  epoch  36/50  loss=0.4683  bal_acc=0.4653
  epoch  37/50  loss=0.4338  bal_acc=0.4844
  epoch  38/50  loss=0.3711  bal_acc=0.4410
  epoch  39/50  loss=0.3879  bal_acc=0.4618
  epoch  40/50  loss=0.3665  bal_acc=0.4566
  epoch  41/50  loss=0.3616  bal_acc=0.4688
  epoch  42/50  loss=0.3598  bal_acc=0.4688
  epoch  43/50  loss=0.3488  bal_acc=0.4601
  epoch  44/50  loss=0.3536  bal_acc=0.4410
  epoch  45/50  loss=0.3382  bal_acc=0.4705
  epoch  46/50  loss=0.3488  bal_acc=0.4722
  epoch  47/50  loss=0.3207  bal_acc=0.4983
  epoch  48/50  loss=0.3299  bal_acc=0.4740
  epoch  49/50  loss=0.3060  bal_acc=0.4792
  epoch  50/50  loss=0.2833  bal_acc=0.4618
  Model params: 22,572
  epoch   1/50  loss=1.6400  bal_acc=0.3542
  epoch   2/50  loss=1.2708  bal_acc=0.3524
  epoch   3/50  loss=1.1769  bal_acc=0.4149
  epoch   4/50  loss=1.0647  bal_acc=0.5052
  epoch   5/50  loss=1.0082  bal_acc=0.4653
  epoch   6/50  loss=0.9491  bal_acc=0.5295
  epoch   7/50  loss=0.9068  bal_acc=0.5312
  epoch   8/50  loss=0.8967  bal_acc=0.4931
  epoch   9/50  loss=0.8390  bal_acc=0.5000
  epoch  10/50  loss=0.8397  bal_acc=0.5174
  epoch  11/50  loss=0.7838  bal_acc=0.4479
  epoch  12/50  loss=0.7545  bal_acc=0.5226
  epoch  13/50  loss=0.7685  bal_acc=0.5243
  epoch  14/50  loss=0.7419  bal_acc=0.5191
  epoch  15/50  loss=0.7721  bal_acc=0.5087
  epoch  16/50  loss=0.7325  bal_acc=0.5174
  epoch  17/50  loss=0.6968  bal_acc=0.5503
  epoch  18/50  loss=0.6654  bal_acc=0.4688
  epoch  19/50  loss=0.6496  bal_acc=0.5330
  epoch  20/50  loss=0.6169  bal_acc=0.5365
  epoch  21/50  loss=0.6225  bal_acc=0.5104
  epoch  22/50  loss=0.6022  bal_acc=0.5260
  epoch  23/50  loss=0.5787  bal_acc=0.4948
  epoch  24/50  loss=0.5745  bal_acc=0.4913
  epoch  25/50  loss=0.5443  bal_acc=0.5208
  epoch  26/50  loss=0.6111  bal_acc=0.5000
  epoch  27/50  loss=0.5852  bal_acc=0.4983
  epoch  28/50  loss=0.5275  bal_acc=0.5365
  epoch  29/50  loss=0.5455  bal_acc=0.4358
  epoch  30/50  loss=0.4915  bal_acc=0.5191
  epoch  31/50  loss=0.5194  bal_acc=0.4792
  epoch  32/50  loss=0.4648  bal_acc=0.4792
  epoch  33/50  loss=0.4511  bal_acc=0.5451
  epoch  34/50  loss=0.4380  bal_acc=0.5556
  epoch  35/50  loss=0.4395  bal_acc=0.5434
  epoch  36/50  loss=0.4046  bal_acc=0.5243
  epoch  37/50  loss=0.4215  bal_acc=0.4740
  epoch  38/50  loss=0.4420  bal_acc=0.5104
  epoch  39/50  loss=0.4122  bal_acc=0.5330
  epoch  40/50  loss=0.4015  bal_acc=0.4844
  epoch  41/50  loss=0.3930  bal_acc=0.5781
  epoch  42/50  loss=0.3538  bal_acc=0.5694
  epoch  43/50  loss=0.3686  bal_acc=0.5729
  epoch  44/50  loss=0.3858  bal_acc=0.5087
  epoch  45/50  loss=0.3654  bal_acc=0.5417
  epoch  46/50  loss=0.3484  bal_acc=0.5312
  epoch  47/50  loss=0.3140  bal_acc=0.5243
  epoch  48/50  loss=0.3430  bal_acc=0.5278
  epoch  49/50  loss=0.3517  bal_acc=0.4792
  epoch  50/50  loss=0.3201  bal_acc=0.5295
  Model params: 22,572
  epoch   1/50  loss=1.6040  bal_acc=0.3628
  epoch   2/50  loss=1.2677  bal_acc=0.3976
  epoch   3/50  loss=1.1973  bal_acc=0.3646
  epoch   4/50  loss=1.0927  bal_acc=0.4497
  epoch   5/50  loss=1.0154  bal_acc=0.4358
  epoch   6/50  loss=0.9573  bal_acc=0.4306
  epoch   7/50  loss=0.8682  bal_acc=0.4253
  epoch   8/50  loss=0.8151  bal_acc=0.3976
  epoch   9/50  loss=0.7831  bal_acc=0.4045
  epoch  10/50  loss=0.7960  bal_acc=0.4497
  epoch  11/50  loss=0.7730  bal_acc=0.4410
  epoch  12/50  loss=0.7261  bal_acc=0.4392
  epoch  13/50  loss=0.7564  bal_acc=0.4358
  epoch  14/50  loss=0.6917  bal_acc=0.4149
  epoch  15/50  loss=0.6827  bal_acc=0.4288
  epoch  16/50  loss=0.6550  bal_acc=0.4236
  epoch  17/50  loss=0.6359  bal_acc=0.4340
  epoch  18/50  loss=0.6156  bal_acc=0.4427
  epoch  19/50  loss=0.5966  bal_acc=0.4288
  epoch  20/50  loss=0.5525  bal_acc=0.5087
  epoch  21/50  loss=0.5681  bal_acc=0.4549
  epoch  22/50  loss=0.5871  bal_acc=0.4722
  epoch  23/50  loss=0.5283  bal_acc=0.5208
  epoch  24/50  loss=0.5337  bal_acc=0.4635
  epoch  25/50  loss=0.5315  bal_acc=0.4705
  epoch  26/50  loss=0.5242  bal_acc=0.5139
  epoch  27/50  loss=0.5079  bal_acc=0.4878
  epoch  28/50  loss=0.4510  bal_acc=0.4983
  epoch  29/50  loss=0.4717  bal_acc=0.4688
  epoch  30/50  loss=0.4632  bal_acc=0.5052
  epoch  31/50  loss=0.4207  bal_acc=0.4531
  epoch  32/50  loss=0.4253  bal_acc=0.4653
  epoch  33/50  loss=0.4376  bal_acc=0.4670
  epoch  34/50  loss=0.4133  bal_acc=0.4774
  epoch  35/50  loss=0.3946  bal_acc=0.4792
  epoch  36/50  loss=0.3816  bal_acc=0.4774
  epoch  37/50  loss=0.3971  bal_acc=0.4253
  epoch  38/50  loss=0.3691  bal_acc=0.4601
  epoch  39/50  loss=0.3665  bal_acc=0.4375
  epoch  40/50  loss=0.3442  bal_acc=0.4097
  epoch  41/50  loss=0.3552  bal_acc=0.4358
  epoch  42/50  loss=0.3265  bal_acc=0.4635
  epoch  43/50  loss=0.3339  bal_acc=0.4566
  epoch  44/50  loss=0.3334  bal_acc=0.4583
  epoch  45/50  loss=0.3170  bal_acc=0.4757
  epoch  46/50  loss=0.3500  bal_acc=0.4358
  epoch  47/50  loss=0.2987  bal_acc=0.4583
  epoch  48/50  loss=0.3045  bal_acc=0.4236
  epoch  49/50  loss=0.3052  bal_acc=0.4115
  epoch  50/50  loss=0.2571  bal_acc=0.4340
  Model params: 22,572
  epoch   1/50  loss=1.6305  bal_acc=0.4635
  epoch   2/50  loss=1.3560  bal_acc=0.4583
  epoch   3/50  loss=1.2501  bal_acc=0.5243
  epoch   4/50  loss=1.1605  bal_acc=0.5781
  epoch   5/50  loss=1.0710  bal_acc=0.5556
  epoch   6/50  loss=0.9824  bal_acc=0.5399
  epoch   7/50  loss=0.9717  bal_acc=0.5781
  epoch   8/50  loss=0.9146  bal_acc=0.5781
  epoch   9/50  loss=0.8733  bal_acc=0.6059
  epoch  10/50  loss=0.8623  bal_acc=0.5399
  epoch  11/50  loss=0.8569  bal_acc=0.5312
  epoch  12/50  loss=0.7974  bal_acc=0.5538
  epoch  13/50  loss=0.8109  bal_acc=0.5781
  epoch  14/50  loss=0.7603  bal_acc=0.5573
  epoch  15/50  loss=0.7104  bal_acc=0.5903
  epoch  16/50  loss=0.6949  bal_acc=0.6024
  epoch  17/50  loss=0.7075  bal_acc=0.5747
  epoch  18/50  loss=0.6721  bal_acc=0.5851
  epoch  19/50  loss=0.6354  bal_acc=0.5868
  epoch  20/50  loss=0.6333  bal_acc=0.5573
  epoch  21/50  loss=0.5915  bal_acc=0.5590
  epoch  22/50  loss=0.6228  bal_acc=0.5694
  epoch  23/50  loss=0.6149  bal_acc=0.5729
  epoch  24/50  loss=0.5699  bal_acc=0.5799
  epoch  25/50  loss=0.5659  bal_acc=0.5573
  epoch  26/50  loss=0.5019  bal_acc=0.5694
  epoch  27/50  loss=0.5299  bal_acc=0.5590
  epoch  28/50  loss=0.5108  bal_acc=0.5677
  epoch  29/50  loss=0.4971  bal_acc=0.5608
  epoch  30/50  loss=0.4882  bal_acc=0.5833
  epoch  31/50  loss=0.4845  bal_acc=0.5903
  epoch  32/50  loss=0.4735  bal_acc=0.5694
  epoch  33/50  loss=0.4611  bal_acc=0.5451
  epoch  34/50  loss=0.4314  bal_acc=0.5903
  epoch  35/50  loss=0.4187  bal_acc=0.5885
  epoch  36/50  loss=0.4148  bal_acc=0.5556
  epoch  37/50  loss=0.3910  bal_acc=0.5642
  epoch  38/50  loss=0.3777  bal_acc=0.5503
  epoch  39/50  loss=0.3911  bal_acc=0.5799
  epoch  40/50  loss=0.3944  bal_acc=0.5399
  epoch  41/50  loss=0.3773  bal_acc=0.5677
  epoch  42/50  loss=0.3760  bal_acc=0.5920
  epoch  43/50  loss=0.3832  bal_acc=0.5938
  epoch  44/50  loss=0.3546  bal_acc=0.6094
  epoch  45/50  loss=0.3593  bal_acc=0.5625
  epoch  46/50  loss=0.3462  bal_acc=0.5781
  epoch  47/50  loss=0.3366  bal_acc=0.5312
  epoch  48/50  loss=0.3114  bal_acc=0.5781
  epoch  49/50  loss=0.3074  bal_acc=0.5538
  epoch  50/50  loss=0.3184  bal_acc=0.5226
  Model params: 22,572
  epoch   1/50  loss=1.5709  bal_acc=0.3993
  epoch   2/50  loss=1.2747  bal_acc=0.4844
  epoch   3/50  loss=1.1841  bal_acc=0.5174
  epoch   4/50  loss=1.0897  bal_acc=0.5000
  epoch   5/50  loss=1.0386  bal_acc=0.4931
  epoch   6/50  loss=1.0092  bal_acc=0.5069
  epoch   7/50  loss=1.0082  bal_acc=0.5694
  epoch   8/50  loss=0.8983  bal_acc=0.6042
  epoch   9/50  loss=0.8582  bal_acc=0.6163
  epoch  10/50  loss=0.8483  bal_acc=0.6337
  epoch  11/50  loss=0.7986  bal_acc=0.6267
  epoch  12/50  loss=0.7808  bal_acc=0.6632
  epoch  13/50  loss=0.7626  bal_acc=0.6285
  epoch  14/50  loss=0.7471  bal_acc=0.5764
  epoch  15/50  loss=0.7379  bal_acc=0.5833
  epoch  16/50  loss=0.7363  bal_acc=0.6146
  epoch  17/50  loss=0.7212  bal_acc=0.6042
  epoch  18/50  loss=0.6871  bal_acc=0.6111
  epoch  19/50  loss=0.6908  bal_acc=0.6319
  epoch  20/50  loss=0.6767  bal_acc=0.5503
  epoch  21/50  loss=0.6503  bal_acc=0.5625
  epoch  22/50  loss=0.6131  bal_acc=0.5799
  epoch  23/50  loss=0.5794  bal_acc=0.6042
  epoch  24/50  loss=0.5554  bal_acc=0.6389
  epoch  25/50  loss=0.5669  bal_acc=0.5868
  epoch  26/50  loss=0.5429  bal_acc=0.6094
  epoch  27/50  loss=0.5466  bal_acc=0.6406
  epoch  28/50  loss=0.5276  bal_acc=0.5469
  epoch  29/50  loss=0.5090  bal_acc=0.6007
  epoch  30/50  loss=0.5108  bal_acc=0.6128
  epoch  31/50  loss=0.5074  bal_acc=0.6181
  epoch  32/50  loss=0.4802  bal_acc=0.6059
  epoch  33/50  loss=0.4780  bal_acc=0.6024
  epoch  34/50  loss=0.4409  bal_acc=0.5729
  epoch  35/50  loss=0.4313  bal_acc=0.6059
  epoch  36/50  loss=0.4339  bal_acc=0.6215
  epoch  37/50  loss=0.4589  bal_acc=0.5573
  epoch  38/50  loss=0.4153  bal_acc=0.5729
  epoch  39/50  loss=0.4229  bal_acc=0.5903
  epoch  40/50  loss=0.3960  bal_acc=0.5833
  epoch  41/50  loss=0.3876  bal_acc=0.6181
  epoch  42/50  loss=0.3875  bal_acc=0.6111
  epoch  43/50  loss=0.3599  bal_acc=0.6215
  epoch  44/50  loss=0.3840  bal_acc=0.5990
  epoch  45/50  loss=0.3702  bal_acc=0.6059
  epoch  46/50  loss=0.3436  bal_acc=0.5764
  epoch  47/50  loss=0.3504  bal_acc=0.6181
  epoch  48/50  loss=0.3319  bal_acc=0.6042
  epoch  49/50  loss=0.3349  bal_acc=0.6042
  epoch  50/50  loss=0.3166  bal_acc=0.6128
  Model params: 22,572
  epoch   1/50  loss=1.5776  bal_acc=0.3715
  epoch   2/50  loss=1.3003  bal_acc=0.3351
  epoch   3/50  loss=1.1842  bal_acc=0.4080
  epoch   4/50  loss=1.1219  bal_acc=0.3976
  epoch   5/50  loss=1.0496  bal_acc=0.4358
  epoch   6/50  loss=1.0525  bal_acc=0.4323
  epoch   7/50  loss=1.0103  bal_acc=0.4531
  epoch   8/50  loss=0.9258  bal_acc=0.3941
  epoch   9/50  loss=0.8881  bal_acc=0.4549
  epoch  10/50  loss=0.8763  bal_acc=0.4410
  epoch  11/50  loss=0.8406  bal_acc=0.4618
  epoch  12/50  loss=0.8367  bal_acc=0.4722
  epoch  13/50  loss=0.7886  bal_acc=0.4601
  epoch  14/50  loss=0.7819  bal_acc=0.4896
  epoch  15/50  loss=0.7516  bal_acc=0.4774
  epoch  16/50  loss=0.7525  bal_acc=0.4410
  epoch  17/50  loss=0.7345  bal_acc=0.4757
  epoch  18/50  loss=0.6929  bal_acc=0.4618
  epoch  19/50  loss=0.6743  bal_acc=0.5278
  epoch  20/50  loss=0.6414  bal_acc=0.5226
  epoch  21/50  loss=0.6178  bal_acc=0.4878
  epoch  22/50  loss=0.6538  bal_acc=0.5035
  epoch  23/50  loss=0.6301  bal_acc=0.5434
  epoch  24/50  loss=0.6292  bal_acc=0.5087
  epoch  25/50  loss=0.6424  bal_acc=0.5503
  epoch  26/50  loss=0.6052  bal_acc=0.5035
  epoch  27/50  loss=0.6172  bal_acc=0.5434
  epoch  28/50  loss=0.5753  bal_acc=0.5208
  epoch  29/50  loss=0.5427  bal_acc=0.5104
  epoch  30/50  loss=0.5219  bal_acc=0.5330
  epoch  31/50  loss=0.5353  bal_acc=0.5556
  epoch  32/50  loss=0.5584  bal_acc=0.4826
  epoch  33/50  loss=0.5028  bal_acc=0.5156
  epoch  34/50  loss=0.4861  bal_acc=0.5278
  epoch  35/50  loss=0.5006  bal_acc=0.5278
  epoch  36/50  loss=0.4484  bal_acc=0.5174
  epoch  37/50  loss=0.4586  bal_acc=0.5226
  epoch  38/50  loss=0.4606  bal_acc=0.5243
  epoch  39/50  loss=0.4514  bal_acc=0.5347
  epoch  40/50  loss=0.4459  bal_acc=0.4931
  epoch  41/50  loss=0.4201  bal_acc=0.4826
  epoch  42/50  loss=0.4053  bal_acc=0.5260
  epoch  43/50  loss=0.3614  bal_acc=0.5122
  epoch  44/50  loss=0.3892  bal_acc=0.5312
  epoch  45/50  loss=0.3973  bal_acc=0.4948
  epoch  46/50  loss=0.4071  bal_acc=0.5087
  epoch  47/50  loss=0.3558  bal_acc=0.4965
  epoch  48/50  loss=0.3492  bal_acc=0.5243
  epoch  49/50  loss=0.3471  bal_acc=0.5052
  epoch  50/50  loss=0.3498  bal_acc=0.4844
  -> mean_bal_acc=0.5214 (n=9 subjects)

=== Phase 2a: ablation 'readout_spk_mean' (overrides={'readout_mode': 'spk_mean'}) ===
  Model params: 22,572
  epoch   1/50  loss=1.3243  bal_acc=0.3924
  epoch   2/50  loss=1.1590  bal_acc=0.4184
  epoch   3/50  loss=1.0594  bal_acc=0.4844
  epoch   4/50  loss=0.9799  bal_acc=0.4965
  epoch   5/50  loss=0.9174  bal_acc=0.4931
  epoch   6/50  loss=0.8564  bal_acc=0.5052
  epoch   7/50  loss=0.7998  bal_acc=0.5191
  epoch   8/50  loss=0.7434  bal_acc=0.5434
  epoch   9/50  loss=0.6996  bal_acc=0.5469
  epoch  10/50  loss=0.6777  bal_acc=0.5312
  epoch  11/50  loss=0.6522  bal_acc=0.5556
  epoch  12/50  loss=0.6123  bal_acc=0.5642
  epoch  13/50  loss=0.5797  bal_acc=0.5833
  epoch  14/50  loss=0.5481  bal_acc=0.5851
  epoch  15/50  loss=0.5258  bal_acc=0.5851
  epoch  16/50  loss=0.5002  bal_acc=0.6094
  epoch  17/50  loss=0.4849  bal_acc=0.6042
  epoch  18/50  loss=0.4653  bal_acc=0.5764
  epoch  19/50  loss=0.4531  bal_acc=0.6458
  epoch  20/50  loss=0.4220  bal_acc=0.6146
  epoch  21/50  loss=0.4220  bal_acc=0.6076
  epoch  22/50  loss=0.4162  bal_acc=0.6076
  epoch  23/50  loss=0.3822  bal_acc=0.6076
  epoch  24/50  loss=0.3785  bal_acc=0.5903
  epoch  25/50  loss=0.3678  bal_acc=0.6007
  epoch  26/50  loss=0.3566  bal_acc=0.6354
  epoch  27/50  loss=0.3443  bal_acc=0.6250
  epoch  28/50  loss=0.3328  bal_acc=0.6128
  epoch  29/50  loss=0.3260  bal_acc=0.6163
  epoch  30/50  loss=0.3097  bal_acc=0.6146
  epoch  31/50  loss=0.2942  bal_acc=0.5920
  epoch  32/50  loss=0.2804  bal_acc=0.6059
  epoch  33/50  loss=0.2796  bal_acc=0.6198
  epoch  34/50  loss=0.2631  bal_acc=0.5990
  epoch  35/50  loss=0.2818  bal_acc=0.6163
  epoch  36/50  loss=0.2626  bal_acc=0.6198
  epoch  37/50  loss=0.2552  bal_acc=0.6094
  epoch  38/50  loss=0.2487  bal_acc=0.6111
  epoch  39/50  loss=0.2254  bal_acc=0.6007
  epoch  40/50  loss=0.2245  bal_acc=0.6042
  epoch  41/50  loss=0.2176  bal_acc=0.5990
  epoch  42/50  loss=0.2242  bal_acc=0.5938
  epoch  43/50  loss=0.2048  bal_acc=0.6163
  epoch  44/50  loss=0.2013  bal_acc=0.5990
  epoch  45/50  loss=0.1897  bal_acc=0.5972
  epoch  46/50  loss=0.1954  bal_acc=0.6042
  epoch  47/50  loss=0.2008  bal_acc=0.6128
  epoch  48/50  loss=0.1916  bal_acc=0.6354
  epoch  49/50  loss=0.1876  bal_acc=0.5833
  epoch  50/50  loss=0.1798  bal_acc=0.5747
  Model params: 22,572
  epoch   1/50  loss=1.3267  bal_acc=0.4028
  epoch   2/50  loss=1.1674  bal_acc=0.3559
  epoch   3/50  loss=1.0252  bal_acc=0.4115
  epoch   4/50  loss=0.9181  bal_acc=0.4323
  epoch   5/50  loss=0.8281  bal_acc=0.4271
  epoch   6/50  loss=0.7731  bal_acc=0.4288
  epoch   7/50  loss=0.7181  bal_acc=0.4722
  epoch   8/50  loss=0.6770  bal_acc=0.4635
  epoch   9/50  loss=0.6261  bal_acc=0.4653
  epoch  10/50  loss=0.6029  bal_acc=0.4931
  epoch  11/50  loss=0.5705  bal_acc=0.5017
  epoch  12/50  loss=0.5579  bal_acc=0.4601
  epoch  13/50  loss=0.5342  bal_acc=0.4774
  epoch  14/50  loss=0.4997  bal_acc=0.4670
  epoch  15/50  loss=0.4629  bal_acc=0.4740
  epoch  16/50  loss=0.4507  bal_acc=0.4705
  epoch  17/50  loss=0.4378  bal_acc=0.5104
  epoch  18/50  loss=0.4210  bal_acc=0.4722
  epoch  19/50  loss=0.3941  bal_acc=0.4826
  epoch  20/50  loss=0.3805  bal_acc=0.4965
  epoch  21/50  loss=0.3645  bal_acc=0.4705
  epoch  22/50  loss=0.3597  bal_acc=0.4774
  epoch  23/50  loss=0.3457  bal_acc=0.5035
  epoch  24/50  loss=0.3289  bal_acc=0.4601
  epoch  25/50  loss=0.3106  bal_acc=0.4913
  epoch  26/50  loss=0.3125  bal_acc=0.5035
  epoch  27/50  loss=0.2999  bal_acc=0.5122
  epoch  28/50  loss=0.2857  bal_acc=0.4653
  epoch  29/50  loss=0.2783  bal_acc=0.5226
  epoch  30/50  loss=0.2672  bal_acc=0.5087
  epoch  31/50  loss=0.2648  bal_acc=0.5052
  epoch  32/50  loss=0.2534  bal_acc=0.5191
  epoch  33/50  loss=0.2493  bal_acc=0.4983
  epoch  34/50  loss=0.2248  bal_acc=0.5017
  epoch  35/50  loss=0.2260  bal_acc=0.4896
  epoch  36/50  loss=0.2276  bal_acc=0.5104
  epoch  37/50  loss=0.2250  bal_acc=0.5243
  epoch  38/50  loss=0.2105  bal_acc=0.5122
  epoch  39/50  loss=0.2037  bal_acc=0.4948
  epoch  40/50  loss=0.2026  bal_acc=0.4931
  epoch  41/50  loss=0.1878  bal_acc=0.4844
  epoch  42/50  loss=0.1915  bal_acc=0.5035
  epoch  43/50  loss=0.1896  bal_acc=0.4861
  epoch  44/50  loss=0.1723  bal_acc=0.4878
  epoch  45/50  loss=0.1787  bal_acc=0.4826
  epoch  46/50  loss=0.1729  bal_acc=0.4948
  epoch  47/50  loss=0.1742  bal_acc=0.4792
  epoch  48/50  loss=0.1639  bal_acc=0.4931
  epoch  49/50  loss=0.1720  bal_acc=0.4809
  epoch  50/50  loss=0.1691  bal_acc=0.4983
  Model params: 22,572
  [SKIPPED subject 2 for ablation 'readout_spk_mean'] CUDA out of memory. Tried to allocate 100.00 MiB. GPU 0 has a total capacity of 15.77 GiB of which 78.19 MiB is free. Including non-PyTorch memory, this process has 15.69 GiB memory in use. Of the allocated memory 15.03 GiB is allocated by PyTorch, and 290.01 MiB is reserved by PyTorch but unallocated. If reserved but unallocated memory is large try setting PYTORCH_CUDA_ALLOC_CONF=expandable_segments:True to avoid fragmentation.  See documentation for Memory Management  (https://pytorch.org/docs/stable/notes/cuda.html#environment-variables)
  Model params: 22,572
  [SKIPPED subject 3 for ablation 'readout_spk_mean'] CUDA out of memory. Tried to allocate 100.00 MiB. GPU 0 has a total capacity of 15.77 GiB of which 78.19 MiB is free. Including non-PyTorch memory, this process has 15.69 GiB memory in use. Of the allocated memory 15.02 GiB is allocated by PyTorch, and 294.97 MiB is reserved by PyTorch but unallocated. If reserved but unallocated memory is large try setting PYTORCH_CUDA_ALLOC_CONF=expandable_segments:True to avoid fragmentation.  See documentation for Memory Management  (https://pytorch.org/docs/stable/notes/cuda.html#environment-variables)
  Model params: 22,572
  [SKIPPED subject 4 for ablation 'readout_spk_mean'] CUDA out of memory. Tried to allocate 100.00 MiB. GPU 0 has a total capacity of 15.77 GiB of which 78.19 MiB is free. Including non-PyTorch memory, this process has 15.69 GiB memory in use. Of the allocated memory 15.00 GiB is allocated by PyTorch, and 319.86 MiB is reserved by PyTorch but unallocated. If reserved but unallocated memory is large try setting PYTORCH_CUDA_ALLOC_CONF=expandable_segments:True to avoid fragmentation.  See documentation for Memory Management  (https://pytorch.org/docs/stable/notes/cuda.html#environment-variables)
  Model params: 22,572
  [SKIPPED subject 5 for ablation 'readout_spk_mean'] CUDA out of memory. Tried to allocate 100.00 MiB. GPU 0 has a total capacity of 15.77 GiB of which 78.19 MiB is free. Including non-PyTorch memory, this process has 15.69 GiB memory in use. Of the allocated memory 15.00 GiB is allocated by PyTorch, and 319.85 MiB is reserved by PyTorch but unallocated. If reserved but unallocated memory is large try setting PYTORCH_CUDA_ALLOC_CONF=expandable_segments:True to avoid fragmentation.  See documentation for Memory Management  (https://pytorch.org/docs/stable/notes/cuda.html#environment-variables)
  Model params: 22,572
  [SKIPPED subject 6 for ablation 'readout_spk_mean'] CUDA out of memory. Tried to allocate 100.00 MiB. GPU 0 has a total capacity of 15.77 GiB of which 78.19 MiB is free. Including non-PyTorch memory, this process has 15.69 GiB memory in use. Of the allocated memory 15.00 GiB is allocated by PyTorch, and 319.85 MiB is reserved by PyTorch but unallocated. If reserved but unallocated memory is large try setting PYTORCH_CUDA_ALLOC_CONF=expandable_segments:True to avoid fragmentation.  See documentation for Memory Management  (https://pytorch.org/docs/stable/notes/cuda.html#environment-variables)
  Model params: 22,572
  [SKIPPED subject 7 for ablation 'readout_spk_mean'] CUDA out of memory. Tried to allocate 100.00 MiB. GPU 0 has a total capacity of 15.77 GiB of which 78.19 MiB is free. Including non-PyTorch memory, this process has 15.69 GiB memory in use. Of the allocated memory 15.00 GiB is allocated by PyTorch, and 319.84 MiB is reserved by PyTorch but unallocated. If reserved but unallocated memory is large try setting PYTORCH_CUDA_ALLOC_CONF=expandable_segments:True to avoid fragmentation.  See documentation for Memory Management  (https://pytorch.org/docs/stable/notes/cuda.html#environment-variables)
  Model params: 22,572
  [SKIPPED subject 8 for ablation 'readout_spk_mean'] CUDA out of memory. Tried to allocate 100.00 MiB. GPU 0 has a total capacity of 15.77 GiB of which 78.19 MiB is free. Including non-PyTorch memory, this process has 15.69 GiB memory in use. Of the allocated memory 15.00 GiB is allocated by PyTorch, and 319.83 MiB is reserved by PyTorch but unallocated. If reserved but unallocated memory is large try setting PYTORCH_CUDA_ALLOC_CONF=expandable_segments:True to avoid fragmentation.  See documentation for Memory Management  (https://pytorch.org/docs/stable/notes/cuda.html#environment-variables)
  -> mean_bal_acc=0.5365 (n=2 subjects)
Saved -> results_FinalTest/BNCI2014_001/ablation_study/08_ablation_comparison.png
Saved -> results_FinalTest/BNCI2014_001/ablation_study/ablation_summary.csv
Saved -> results_FinalTest/BNCI2014_001/ablation_study/06_channel_importance.png
Saved -> results_FinalTest/BNCI2014_001/ablation_study/07_channel_importance_heatmap.png
Saved -> results_FinalTest/BNCI2014_001/ablation_study/channel_importance.csv
Saved -> results_FinalTest/BNCI2014_001/ablation_study/09_progressive_channel_removal.png
Saved -> results_FinalTest/BNCI2014_001/ablation_study/progressive_channel_removal.csv
Saved -> results_FinalTest/BNCI2014_001/ablation_study/10_channel_group_importance.png
Saved -> results_FinalTest/BNCI2014_001/ablation_study/channel_group_importance.csv
Saved -> results_FinalTest/BNCI2014_001/ablation_study/11_temporal_window_importance.png
Saved -> results_FinalTest/BNCI2014_001/ablation_study/temporal_window_importance.csv

Saved recommendations -> results_FinalTest/BNCI2014_001/ablation_study/recommendations.txt

======================================================================
PER-SUBJECT + ABLATION STUDY — SUMMARY
======================================================================

----------------------------------------------------------------------
PER-SUBJECT PERFORMANCE
----------------------------------------------------------------------
  Mean balanced accuracy : 0.5280
  Std balanced accuracy  : 0.0763
  Chance level            : 0.2500
  Best subject  : 3.0  (acc=0.6615)
  Worst subject : 2.0 (acc=0.4219)
  Best-worst spread : 0.2396

  Full ranking (best -> worst):
      subject  3.0: bal_acc=0.6615  f1_macro=0.6408
      subject  8.0: bal_acc=0.6042  f1_macro=0.5999
      subject  7.0: bal_acc=0.5799  f1_macro=0.5752
      subject  1.0: bal_acc=0.5278  f1_macro=0.5303
      subject  9.0: bal_acc=0.5208  f1_macro=0.5158
      subject  5.0: bal_acc=0.5104  f1_macro=0.4933
      subject  6.0: bal_acc=0.4705  f1_macro=0.4429
      subject  4.0: bal_acc=0.4549  f1_macro=0.4458
      subject  2.0: bal_acc=0.4219  f1_macro=0.4075

  ... (see recommendations.txt for full report)

Done. All outputs written to: /home/aleksander.berezowsk/spiking-eegnet/results_FinalTest/BNCI2014_001/ablation_study
Finished : Sat Jul 25 02:33:04 MDT 2026
Exit code: 0
