Job ID   : 44392953
Node     : fg2
Started  : Sat Jul  4 02:03:43 MDT 2026
Directory: /home/aleksander.berezowsk/spiking-eegnet
Requirement already satisfied: setuptools==69.5.1 in /home/aleksander.berezowsk/venv/lib/python3.12/site-packages (69.5.1)
Requirement already satisfied: torch==2.4.0 in /home/aleksander.berezowsk/venv/lib/python3.12/site-packages (2.4.0)
Requirement already satisfied: torchvision==0.19.0 in /home/aleksander.berezowsk/venv/lib/python3.12/site-packages (0.19.0)
Requirement already satisfied: torchaudio==2.4.0 in /home/aleksander.berezowsk/venv/lib/python3.12/site-packages (2.4.0)
Requirement already satisfied: torchmetrics in /home/aleksander.berezowsk/venv/lib/python3.12/site-packages (1.9.0)
Requirement already satisfied: filelock in /home/aleksander.berezowsk/venv/lib/python3.12/site-packages (from torch==2.4.0) (3.29.0)
Requirement already satisfied: typing-extensions>=4.8.0 in /home/aleksander.berezowsk/venv/lib/python3.12/site-packages (from torch==2.4.0) (4.15.0)
Requirement already satisfied: sympy in /home/aleksander.berezowsk/venv/lib/python3.12/site-packages (from torch==2.4.0) (1.14.0)
Requirement already satisfied: networkx in /home/aleksander.berezowsk/venv/lib/python3.12/site-packages (from torch==2.4.0) (3.6.1)
Requirement already satisfied: jinja2 in /home/aleksander.berezowsk/venv/lib/python3.12/site-packages (from torch==2.4.0) (3.1.6)
Requirement already satisfied: fsspec in /home/aleksander.berezowsk/venv/lib/python3.12/site-packages (from torch==2.4.0) (2026.4.0)
Requirement already satisfied: setuptools in /home/aleksander.berezowsk/venv/lib/python3.12/site-packages (from torch==2.4.0) (69.5.1)
Requirement already satisfied: nvidia-cuda-nvrtc-cu12==12.1.105 in /home/aleksander.berezowsk/venv/lib/python3.12/site-packages (from torch==2.4.0) (12.1.105)
Requirement already satisfied: nvidia-cuda-runtime-cu12==12.1.105 in /home/aleksander.berezowsk/venv/lib/python3.12/site-packages (from torch==2.4.0) (12.1.105)
Requirement already satisfied: nvidia-cuda-cupti-cu12==12.1.105 in /home/aleksander.berezowsk/venv/lib/python3.12/site-packages (from torch==2.4.0) (12.1.105)
Requirement already satisfied: nvidia-cudnn-cu12==9.1.0.70 in /home/aleksander.berezowsk/venv/lib/python3.12/site-packages (from torch==2.4.0) (9.1.0.70)
Requirement already satisfied: nvidia-cublas-cu12==12.1.3.1 in /home/aleksander.berezowsk/venv/lib/python3.12/site-packages (from torch==2.4.0) (12.1.3.1)
Requirement already satisfied: nvidia-cufft-cu12==11.0.2.54 in /home/aleksander.berezowsk/venv/lib/python3.12/site-packages (from torch==2.4.0) (11.0.2.54)
Requirement already satisfied: nvidia-curand-cu12==10.3.2.106 in /home/aleksander.berezowsk/venv/lib/python3.12/site-packages (from torch==2.4.0) (10.3.2.106)
Requirement already satisfied: nvidia-cusolver-cu12==11.4.5.107 in /home/aleksander.berezowsk/venv/lib/python3.12/site-packages (from torch==2.4.0) (11.4.5.107)
Requirement already satisfied: nvidia-cusparse-cu12==12.1.0.106 in /home/aleksander.berezowsk/venv/lib/python3.12/site-packages (from torch==2.4.0) (12.1.0.106)
Requirement already satisfied: nvidia-nccl-cu12==2.20.5 in /home/aleksander.berezowsk/venv/lib/python3.12/site-packages (from torch==2.4.0) (2.20.5)
Requirement already satisfied: nvidia-nvtx-cu12==12.1.105 in /home/aleksander.berezowsk/venv/lib/python3.12/site-packages (from torch==2.4.0) (12.1.105)
Requirement already satisfied: triton==3.0.0 in /home/aleksander.berezowsk/venv/lib/python3.12/site-packages (from torch==2.4.0) (3.0.0)
Requirement already satisfied: numpy in /home/aleksander.berezowsk/venv/lib/python3.12/site-packages (from torchvision==0.19.0) (2.4.6)
Requirement already satisfied: pillow!=8.3.*,>=5.3.0 in /home/aleksander.berezowsk/venv/lib/python3.12/site-packages (from torchvision==0.19.0) (12.2.0)
Requirement already satisfied: nvidia-nvjitlink-cu12 in /home/aleksander.berezowsk/venv/lib/python3.12/site-packages (from nvidia-cusolver-cu12==11.4.5.107->torch==2.4.0) (12.9.86)
Requirement already satisfied: packaging>17.1 in /home/aleksander.berezowsk/venv/lib/python3.12/site-packages (from torchmetrics) (26.2)
Requirement already satisfied: lightning-utilities>=0.15.3 in /home/aleksander.berezowsk/venv/lib/python3.12/site-packages (from torchmetrics) (0.15.3)
Requirement already satisfied: MarkupSafe>=2.0 in /home/aleksander.berezowsk/venv/lib/python3.12/site-packages (from jinja2->torch==2.4.0) (3.0.3)
Requirement already satisfied: mpmath<1.4,>=1.1.0 in /home/aleksander.berezowsk/venv/lib/python3.12/site-packages (from sympy->torch==2.4.0) (1.3.0)
Requirement already satisfied: optuna in /home/aleksander.berezowsk/venv/lib/python3.12/site-packages (4.9.0)
Requirement already satisfied: snntorch in /home/aleksander.berezowsk/venv/lib/python3.12/site-packages (0.9.4)
Requirement already satisfied: alembic>=1.5.0 in /home/aleksander.berezowsk/venv/lib/python3.12/site-packages (from optuna) (1.18.4)
Requirement already satisfied: colorlog in /home/aleksander.berezowsk/venv/lib/python3.12/site-packages (from optuna) (6.10.1)
Requirement already satisfied: numpy in /home/aleksander.berezowsk/venv/lib/python3.12/site-packages (from optuna) (2.4.6)
Requirement already satisfied: packaging>=20.0 in /home/aleksander.berezowsk/venv/lib/python3.12/site-packages (from optuna) (26.2)
Requirement already satisfied: sqlalchemy>=1.4.2 in /home/aleksander.berezowsk/venv/lib/python3.12/site-packages (from optuna) (2.0.50)
Requirement already satisfied: tqdm in /home/aleksander.berezowsk/venv/lib/python3.12/site-packages (from optuna) (4.67.3)
Requirement already satisfied: PyYAML in /home/aleksander.berezowsk/venv/lib/python3.12/site-packages (from optuna) (6.0.3)
Requirement already satisfied: Mako in /home/aleksander.berezowsk/venv/lib/python3.12/site-packages (from alembic>=1.5.0->optuna) (1.3.12)
Requirement already satisfied: typing-extensions>=4.12 in /home/aleksander.berezowsk/venv/lib/python3.12/site-packages (from alembic>=1.5.0->optuna) (4.15.0)
Requirement already satisfied: greenlet>=1 in /home/aleksander.berezowsk/venv/lib/python3.12/site-packages (from sqlalchemy>=1.4.2->optuna) (3.5.1)
Requirement already satisfied: MarkupSafe>=0.9.2 in /home/aleksander.berezowsk/venv/lib/python3.12/site-packages (from Mako->alembic>=1.5.0->optuna) (3.0.3)
Device: cuda
[BNCI2014_001] loading from cache: /home/aleksander.berezowsk/.cache/spiking_eegnet/BNCI2014_001_af1ccf3e92f684d8a93c057082b654d7.npz
[BNCI2014_001] cache hit: (5184, 1, 22, 1001), classes=['feet', 'left_hand', 'right_hand', 'tongue'], subjects=9
Dataset meta: {'n_classes': 4, 'n_channels': 22, 'n_samples': 1001, 'class_names': ['feet', 'left_hand', 'right_hand', 'tongue'], 'subject_list': [1, 2, 3, 4, 5, 6, 7, 8, 9], 'n_subjects': 9, 'sfreq': 250.0}

=== LOSO (hold out subject 0) ===
  Train: 4608 trials  |  Test: 576 trials
  Model params: 28,604
  epoch   1/50  loss=1.3192  bal_acc=0.3767
  epoch   2/50  loss=1.1029  bal_acc=0.4566
  epoch   3/50  loss=0.9343  bal_acc=0.5174
  epoch   4/50  loss=0.8767  bal_acc=0.4618
  epoch   5/50  loss=0.7810  bal_acc=0.5399
  epoch   6/50  loss=0.7394  bal_acc=0.5538
  epoch   7/50  loss=0.6719  bal_acc=0.5451
  epoch   8/50  loss=0.6484  bal_acc=0.5208
  epoch   9/50  loss=0.6193  bal_acc=0.5208
  epoch  10/50  loss=0.5616  bal_acc=0.5365
  epoch  11/50  loss=0.5436  bal_acc=0.5625
  epoch  12/50  loss=0.4991  bal_acc=0.5677
  epoch  13/50  loss=0.4951  bal_acc=0.5017
  epoch  14/50  loss=0.4710  bal_acc=0.5781
  epoch  15/50  loss=0.4313  bal_acc=0.5365
  epoch  16/50  loss=0.4132  bal_acc=0.5365
  epoch  17/50  loss=0.3996  bal_acc=0.5295
  epoch  18/50  loss=0.3771  bal_acc=0.5590
  epoch  19/50  loss=0.3566  bal_acc=0.5330
  epoch  20/50  loss=0.3398  bal_acc=0.5469
  epoch  21/50  loss=0.3472  bal_acc=0.5382
  epoch  22/50  loss=0.3401  bal_acc=0.5330
  epoch  23/50  loss=0.3051  bal_acc=0.5399
  epoch  24/50  loss=0.3046  bal_acc=0.5434
  epoch  25/50  loss=0.2889  bal_acc=0.5312
  epoch  26/50  loss=0.2706  bal_acc=0.5226
  epoch  27/50  loss=0.2588  bal_acc=0.5625
  epoch  28/50  loss=0.2496  bal_acc=0.5608
  epoch  29/50  loss=0.2352  bal_acc=0.5469
  epoch  30/50  loss=0.2372  bal_acc=0.5764
  epoch  31/50  loss=0.2164  bal_acc=0.5365
  epoch  32/50  loss=0.1971  bal_acc=0.5642
  epoch  33/50  loss=0.1940  bal_acc=0.5677
  epoch  34/50  loss=0.1977  bal_acc=0.5260
  epoch  35/50  loss=0.2012  bal_acc=0.5399
  epoch  36/50  loss=0.1959  bal_acc=0.5521
  epoch  37/50  loss=0.1881  bal_acc=0.5399
  epoch  38/50  loss=0.1821  bal_acc=0.5799
  epoch  39/50  loss=0.1789  bal_acc=0.5590
  epoch  40/50  loss=0.1789  bal_acc=0.5590
  epoch  41/50  loss=0.1716  bal_acc=0.5556
  epoch  42/50  loss=0.1680  bal_acc=0.5625
  epoch  43/50  loss=0.1627  bal_acc=0.5469
  epoch  44/50  loss=0.1566  bal_acc=0.5243
  epoch  45/50  loss=0.1605  bal_acc=0.5538
  epoch  46/50  loss=0.1633  bal_acc=0.5243
  epoch  47/50  loss=0.1660  bal_acc=0.5295
  epoch  48/50  loss=0.1456  bal_acc=0.5399
  epoch  49/50  loss=0.1485  bal_acc=0.5625
  epoch  50/50  loss=0.1323  bal_acc=0.5139
  [LOSO 1/9] subject 0: acc=0.5139  running_mean=0.5139

=== LOSO (hold out subject 1) ===
  Train: 4608 trials  |  Test: 576 trials
  Model params: 28,604
  epoch   1/50  loss=1.3173  bal_acc=0.3767
  epoch   2/50  loss=1.1027  bal_acc=0.4392
  epoch   3/50  loss=0.9651  bal_acc=0.4201
  epoch   4/50  loss=0.8496  bal_acc=0.4115
  epoch   5/50  loss=0.7727  bal_acc=0.3889
  epoch   6/50  loss=0.7222  bal_acc=0.3993
  epoch   7/50  loss=0.6739  bal_acc=0.4340
  epoch   8/50  loss=0.6310  bal_acc=0.4010
  epoch   9/50  loss=0.6159  bal_acc=0.4097
  epoch  10/50  loss=0.5612  bal_acc=0.4288
  epoch  11/50  loss=0.5321  bal_acc=0.4462
  epoch  12/50  loss=0.4934  bal_acc=0.4583
  epoch  13/50  loss=0.4809  bal_acc=0.4740
  epoch  14/50  loss=0.4334  bal_acc=0.4618
  epoch  15/50  loss=0.4164  bal_acc=0.4583
  epoch  16/50  loss=0.3878  bal_acc=0.4531
  epoch  17/50  loss=0.3874  bal_acc=0.4444
  epoch  18/50  loss=0.3496  bal_acc=0.4462
  epoch  19/50  loss=0.3356  bal_acc=0.4375
  epoch  20/50  loss=0.3233  bal_acc=0.4514
  epoch  21/50  loss=0.3139  bal_acc=0.4444
  epoch  22/50  loss=0.2956  bal_acc=0.4653
  epoch  23/50  loss=0.2840  bal_acc=0.4427
  epoch  24/50  loss=0.2547  bal_acc=0.4427
  epoch  25/50  loss=0.2498  bal_acc=0.4635
  epoch  26/50  loss=0.2431  bal_acc=0.4514
  epoch  27/50  loss=0.2304  bal_acc=0.4149
  epoch  28/50  loss=0.2327  bal_acc=0.4635
  epoch  29/50  loss=0.2143  bal_acc=0.4358
  epoch  30/50  loss=0.2200  bal_acc=0.4635
  epoch  31/50  loss=0.2052  bal_acc=0.4583
  epoch  32/50  loss=0.1905  bal_acc=0.4410
  epoch  33/50  loss=0.1740  bal_acc=0.4392
  epoch  34/50  loss=0.1810  bal_acc=0.4375
  epoch  35/50  loss=0.1776  bal_acc=0.4705
  epoch  36/50  loss=0.1680  bal_acc=0.4618
  epoch  37/50  loss=0.1714  bal_acc=0.4566
  epoch  38/50  loss=0.1494  bal_acc=0.4878
  epoch  39/50  loss=0.1585  bal_acc=0.4757
  epoch  40/50  loss=0.1456  bal_acc=0.4809
  epoch  41/50  loss=0.1574  bal_acc=0.4688
  epoch  42/50  loss=0.1539  bal_acc=0.4896
  epoch  43/50  loss=0.1412  bal_acc=0.4931
  epoch  44/50  loss=0.1275  bal_acc=0.4670
  epoch  45/50  loss=0.1277  bal_acc=0.4792
  epoch  46/50  loss=0.1403  bal_acc=0.4948
  epoch  47/50  loss=0.1309  bal_acc=0.5000
  epoch  48/50  loss=0.1349  bal_acc=0.4896
  epoch  49/50  loss=0.1258  bal_acc=0.4740
  epoch  50/50  loss=0.1202  bal_acc=0.4670
  [LOSO 2/9] subject 1: acc=0.4670  running_mean=0.4905

=== LOSO (hold out subject 2) ===
  Train: 4608 trials  |  Test: 576 trials
  Model params: 28,604
  epoch   1/50  loss=1.3285  bal_acc=0.5000
  epoch   2/50  loss=1.1321  bal_acc=0.5764
  epoch   3/50  loss=1.0042  bal_acc=0.5920
  epoch   4/50  loss=0.9113  bal_acc=0.6354
  epoch   5/50  loss=0.8504  bal_acc=0.6615
  epoch   6/50  loss=0.7838  bal_acc=0.6545
  epoch   7/50  loss=0.7470  bal_acc=0.5868
  epoch   8/50  loss=0.6933  bal_acc=0.6858
  epoch   9/50  loss=0.6509  bal_acc=0.6719
  epoch  10/50  loss=0.6361  bal_acc=0.6510
  epoch  11/50  loss=0.5877  bal_acc=0.7135
  epoch  12/50  loss=0.5560  bal_acc=0.6979
  epoch  13/50  loss=0.5363  bal_acc=0.6875
  epoch  14/50  loss=0.5050  bal_acc=0.6892
  epoch  15/50  loss=0.4849  bal_acc=0.6215
  epoch  16/50  loss=0.4602  bal_acc=0.6545
  epoch  17/50  loss=0.4546  bal_acc=0.6944
  epoch  18/50  loss=0.4319  bal_acc=0.7014
  epoch  19/50  loss=0.4238  bal_acc=0.6545
  epoch  20/50  loss=0.3808  bal_acc=0.6875
  epoch  21/50  loss=0.3556  bal_acc=0.6615
  epoch  22/50  loss=0.3595  bal_acc=0.6528
  epoch  23/50  loss=0.3365  bal_acc=0.6632
  epoch  24/50  loss=0.3193  bal_acc=0.6042
  epoch  25/50  loss=0.3209  bal_acc=0.6319
  epoch  26/50  loss=0.3111  bal_acc=0.6250
  epoch  27/50  loss=0.2997  bal_acc=0.6302
  epoch  28/50  loss=0.2705  bal_acc=0.6424
  epoch  29/50  loss=0.2619  bal_acc=0.6389
  epoch  30/50  loss=0.2496  bal_acc=0.6840
  epoch  31/50  loss=0.2526  bal_acc=0.6562
  epoch  32/50  loss=0.2576  bal_acc=0.6771
  epoch  33/50  loss=0.2485  bal_acc=0.6580
  epoch  34/50  loss=0.2343  bal_acc=0.6927
  epoch  35/50  loss=0.2256  bal_acc=0.6684
  epoch  36/50  loss=0.2228  bal_acc=0.6267
  epoch  37/50  loss=0.2182  bal_acc=0.6927
  epoch  38/50  loss=0.2186  bal_acc=0.6962
  epoch  39/50  loss=0.2099  bal_acc=0.6892
  epoch  40/50  loss=0.2105  bal_acc=0.6528
  epoch  41/50  loss=0.1933  bal_acc=0.6267
  epoch  42/50  loss=0.1893  bal_acc=0.6597
  epoch  43/50  loss=0.1992  bal_acc=0.6528
  epoch  44/50  loss=0.1787  bal_acc=0.6545
  epoch  45/50  loss=0.1586  bal_acc=0.6302
  epoch  46/50  loss=0.1777  bal_acc=0.6319
  epoch  47/50  loss=0.1626  bal_acc=0.6458
  epoch  48/50  loss=0.1632  bal_acc=0.6267
  epoch  49/50  loss=0.1661  bal_acc=0.6771
  epoch  50/50  loss=0.1683  bal_acc=0.6753
  [LOSO 3/9] subject 2: acc=0.6753  running_mean=0.5521

=== LOSO (hold out subject 3) ===
  Train: 4608 trials  |  Test: 576 trials
  Model params: 28,604
  epoch   1/50  loss=1.3308  bal_acc=0.3802
  epoch   2/50  loss=1.0935  bal_acc=0.4618
  epoch   3/50  loss=0.9250  bal_acc=0.4358
  epoch   4/50  loss=0.8401  bal_acc=0.4618
  epoch   5/50  loss=0.7741  bal_acc=0.4757
  epoch   6/50  loss=0.7201  bal_acc=0.4688
  epoch   7/50  loss=0.6648  bal_acc=0.4444
  epoch   8/50  loss=0.6389  bal_acc=0.4826
  epoch   9/50  loss=0.6093  bal_acc=0.4497
  epoch  10/50  loss=0.5721  bal_acc=0.5000
  epoch  11/50  loss=0.5391  bal_acc=0.4740
  epoch  12/50  loss=0.4980  bal_acc=0.4844
  epoch  13/50  loss=0.4796  bal_acc=0.5069
  epoch  14/50  loss=0.4597  bal_acc=0.5069
  epoch  15/50  loss=0.4345  bal_acc=0.5104
  epoch  16/50  loss=0.4318  bal_acc=0.5035
  epoch  17/50  loss=0.4073  bal_acc=0.4913
  epoch  18/50  loss=0.3812  bal_acc=0.4965
  epoch  19/50  loss=0.3737  bal_acc=0.5000
  epoch  20/50  loss=0.3469  bal_acc=0.4809
  epoch  21/50  loss=0.3370  bal_acc=0.5278
  epoch  22/50  loss=0.3177  bal_acc=0.5000
  epoch  23/50  loss=0.3106  bal_acc=0.4931
  epoch  24/50  loss=0.3014  bal_acc=0.5122
  epoch  25/50  loss=0.2787  bal_acc=0.4826
  epoch  26/50  loss=0.2731  bal_acc=0.5069
  epoch  27/50  loss=0.2639  bal_acc=0.4635
  epoch  28/50  loss=0.2547  bal_acc=0.4688
  epoch  29/50  loss=0.2486  bal_acc=0.4965
  epoch  30/50  loss=0.2258  bal_acc=0.4705
  epoch  31/50  loss=0.2370  bal_acc=0.5035
  epoch  32/50  loss=0.2090  bal_acc=0.4670
  epoch  33/50  loss=0.2151  bal_acc=0.4861
  epoch  34/50  loss=0.2046  bal_acc=0.5069
  epoch  35/50  loss=0.2053  bal_acc=0.4878
  epoch  36/50  loss=0.1940  bal_acc=0.4601
  epoch  37/50  loss=0.1929  bal_acc=0.4705
  epoch  38/50  loss=0.1761  bal_acc=0.4913
  epoch  39/50  loss=0.1750  bal_acc=0.4896
  epoch  40/50  loss=0.1761  bal_acc=0.4931
  epoch  41/50  loss=0.1562  bal_acc=0.4844
  epoch  42/50  loss=0.1634  bal_acc=0.5208
  epoch  43/50  loss=0.1456  bal_acc=0.5260
  epoch  44/50  loss=0.1509  bal_acc=0.5017
  epoch  45/50  loss=0.1819  bal_acc=0.4722
  epoch  46/50  loss=0.1525  bal_acc=0.5017
  epoch  47/50  loss=0.1387  bal_acc=0.5035
  epoch  48/50  loss=0.1305  bal_acc=0.4757
  epoch  49/50  loss=0.1309  bal_acc=0.4566
  epoch  50/50  loss=0.1308  bal_acc=0.5087
  [LOSO 4/9] subject 3: acc=0.5087  running_mean=0.5412

=== LOSO (hold out subject 4) ===
  Train: 4608 trials  |  Test: 576 trials
  Model params: 28,604
  epoch   1/50  loss=1.3196  bal_acc=0.3247
  epoch   2/50  loss=1.1260  bal_acc=0.3681
  epoch   3/50  loss=0.9767  bal_acc=0.3941
  epoch   4/50  loss=0.8705  bal_acc=0.4653
  epoch   5/50  loss=0.8272  bal_acc=0.4774
  epoch   6/50  loss=0.7636  bal_acc=0.4583
  epoch   7/50  loss=0.7062  bal_acc=0.4896
  epoch   8/50  loss=0.6672  bal_acc=0.4601
  epoch   9/50  loss=0.6472  bal_acc=0.5104
  epoch  10/50  loss=0.6150  bal_acc=0.4792
  epoch  11/50  loss=0.5938  bal_acc=0.4722
  epoch  12/50  loss=0.5510  bal_acc=0.4358
  epoch  13/50  loss=0.5285  bal_acc=0.5000
  epoch  14/50  loss=0.4933  bal_acc=0.3576
  epoch  15/50  loss=0.4772  bal_acc=0.4983
  epoch  16/50  loss=0.4383  bal_acc=0.4757
  epoch  17/50  loss=0.4262  bal_acc=0.5139
  epoch  18/50  loss=0.4034  bal_acc=0.5035
  epoch  19/50  loss=0.3956  bal_acc=0.4774
  epoch  20/50  loss=0.3601  bal_acc=0.4549
  epoch  21/50  loss=0.3581  bal_acc=0.4740
  epoch  22/50  loss=0.3301  bal_acc=0.4444
  epoch  23/50  loss=0.3176  bal_acc=0.4878
  epoch  24/50  loss=0.2983  bal_acc=0.4896
  epoch  25/50  loss=0.2851  bal_acc=0.4844
  epoch  26/50  loss=0.2893  bal_acc=0.4670
  epoch  27/50  loss=0.2709  bal_acc=0.4670
  epoch  28/50  loss=0.2620  bal_acc=0.4427
  epoch  29/50  loss=0.2629  bal_acc=0.4809
  epoch  30/50  loss=0.2307  bal_acc=0.4826
  epoch  31/50  loss=0.2400  bal_acc=0.4410
  epoch  32/50  loss=0.2165  bal_acc=0.4792
  epoch  33/50  loss=0.2095  bal_acc=0.4514
  epoch  34/50  loss=0.2118  bal_acc=0.4670
  epoch  35/50  loss=0.2083  bal_acc=0.5104
  epoch  36/50  loss=0.1925  bal_acc=0.4878
  epoch  37/50  loss=0.1974  bal_acc=0.4861
  epoch  38/50  loss=0.1980  bal_acc=0.4635
  epoch  39/50  loss=0.1800  bal_acc=0.5017
  epoch  40/50  loss=0.1688  bal_acc=0.4531
  epoch  41/50  loss=0.1726  bal_acc=0.4653
  epoch  42/50  loss=0.1641  bal_acc=0.5087
  epoch  43/50  loss=0.1607  bal_acc=0.4566
  epoch  44/50  loss=0.1714  bal_acc=0.4792
  epoch  45/50  loss=0.1705  bal_acc=0.4948
  epoch  46/50  loss=0.1629  bal_acc=0.5035
  epoch  47/50  loss=0.1611  bal_acc=0.4323
  epoch  48/50  loss=0.1479  bal_acc=0.4861
  epoch  49/50  loss=0.1422  bal_acc=0.5017
  epoch  50/50  loss=0.1377  bal_acc=0.5139
  [LOSO 5/9] subject 4: acc=0.5139  running_mean=0.5358

=== LOSO (hold out subject 5) ===
  Train: 4608 trials  |  Test: 576 trials
  Model params: 28,604
  epoch   1/50  loss=1.2976  bal_acc=0.4306
  epoch   2/50  loss=1.0839  bal_acc=0.4062
  epoch   3/50  loss=0.9460  bal_acc=0.4340
  epoch   4/50  loss=0.8495  bal_acc=0.4514
  epoch   5/50  loss=0.7805  bal_acc=0.4740
  epoch   6/50  loss=0.7201  bal_acc=0.4722
  epoch   7/50  loss=0.6886  bal_acc=0.4375
  epoch   8/50  loss=0.6377  bal_acc=0.4236
  epoch   9/50  loss=0.5986  bal_acc=0.4427
  epoch  10/50  loss=0.5731  bal_acc=0.4427
  epoch  11/50  loss=0.5452  bal_acc=0.4497
  epoch  12/50  loss=0.5187  bal_acc=0.4306
  epoch  13/50  loss=0.4895  bal_acc=0.4306
  epoch  14/50  loss=0.4664  bal_acc=0.4722
  epoch  15/50  loss=0.4471  bal_acc=0.4549
  epoch  16/50  loss=0.4181  bal_acc=0.4045
  epoch  17/50  loss=0.3983  bal_acc=0.4601
  epoch  18/50  loss=0.3745  bal_acc=0.4618
  epoch  19/50  loss=0.3568  bal_acc=0.4062
  epoch  20/50  loss=0.3444  bal_acc=0.4531
  epoch  21/50  loss=0.3396  bal_acc=0.3958
  epoch  22/50  loss=0.3212  bal_acc=0.4670
  epoch  23/50  loss=0.3009  bal_acc=0.3767
  epoch  24/50  loss=0.2844  bal_acc=0.4115
  epoch  25/50  loss=0.2794  bal_acc=0.4323
  epoch  26/50  loss=0.2696  bal_acc=0.4253
  epoch  27/50  loss=0.2595  bal_acc=0.4028
  epoch  28/50  loss=0.2384  bal_acc=0.4340
  epoch  29/50  loss=0.2341  bal_acc=0.3924
  epoch  30/50  loss=0.2358  bal_acc=0.4462
  epoch  31/50  loss=0.2218  bal_acc=0.4531
  epoch  32/50  loss=0.2119  bal_acc=0.4167
  epoch  33/50  loss=0.2174  bal_acc=0.4427
  epoch  34/50  loss=0.2121  bal_acc=0.4219
  epoch  35/50  loss=0.2013  bal_acc=0.4080
  epoch  36/50  loss=0.1991  bal_acc=0.4253
  epoch  37/50  loss=0.1898  bal_acc=0.4444
  epoch  38/50  loss=0.1883  bal_acc=0.4236
  epoch  39/50  loss=0.1857  bal_acc=0.4080
  epoch  40/50  loss=0.1861  bal_acc=0.3802
  epoch  41/50  loss=0.1618  bal_acc=0.4427
  epoch  42/50  loss=0.1498  bal_acc=0.4219
  epoch  43/50  loss=0.1523  bal_acc=0.4080
  epoch  44/50  loss=0.1561  bal_acc=0.4375
  epoch  45/50  loss=0.1499  bal_acc=0.4236
  epoch  46/50  loss=0.1538  bal_acc=0.4271
  epoch  47/50  loss=0.1595  bal_acc=0.4653
  epoch  48/50  loss=0.1446  bal_acc=0.4601
  epoch  49/50  loss=0.1376  bal_acc=0.4774
  epoch  50/50  loss=0.1387  bal_acc=0.4028
  [LOSO 6/9] subject 5: acc=0.4028  running_mean=0.5136

=== LOSO (hold out subject 6) ===
  Train: 4608 trials  |  Test: 576 trials
  Model params: 28,604
  epoch   1/50  loss=1.3194  bal_acc=0.4444
  epoch   2/50  loss=1.1203  bal_acc=0.5868
  epoch   3/50  loss=0.9589  bal_acc=0.6024
  epoch   4/50  loss=0.8815  bal_acc=0.5469
  epoch   5/50  loss=0.7962  bal_acc=0.5625
  epoch   6/50  loss=0.7597  bal_acc=0.5712
  epoch   7/50  loss=0.6997  bal_acc=0.5990
  epoch   8/50  loss=0.6583  bal_acc=0.5660
  epoch   9/50  loss=0.6238  bal_acc=0.5955
  epoch  10/50  loss=0.5950  bal_acc=0.6146
  epoch  11/50  loss=0.5615  bal_acc=0.5903
  epoch  12/50  loss=0.5301  bal_acc=0.6076
  epoch  13/50  loss=0.4911  bal_acc=0.5851
  epoch  14/50  loss=0.4781  bal_acc=0.6354
  epoch  15/50  loss=0.4415  bal_acc=0.6146
  epoch  16/50  loss=0.4263  bal_acc=0.5590
  epoch  17/50  loss=0.4062  bal_acc=0.6007
  epoch  18/50  loss=0.3817  bal_acc=0.5885
  epoch  19/50  loss=0.3735  bal_acc=0.5816
  epoch  20/50  loss=0.3667  bal_acc=0.5747
  epoch  21/50  loss=0.3499  bal_acc=0.5573
  epoch  22/50  loss=0.3246  bal_acc=0.5990
  epoch  23/50  loss=0.3041  bal_acc=0.5538
  epoch  24/50  loss=0.3138  bal_acc=0.5764
  epoch  25/50  loss=0.2962  bal_acc=0.6059
  epoch  26/50  loss=0.2777  bal_acc=0.6111
  epoch  27/50  loss=0.2677  bal_acc=0.5469
  epoch  28/50  loss=0.2533  bal_acc=0.5903
  epoch  29/50  loss=0.2400  bal_acc=0.5816
  epoch  30/50  loss=0.2171  bal_acc=0.6146
  epoch  31/50  loss=0.2111  bal_acc=0.6059
  epoch  32/50  loss=0.2093  bal_acc=0.5885
  epoch  33/50  loss=0.2010  bal_acc=0.5694
  epoch  34/50  loss=0.2033  bal_acc=0.5451
  epoch  35/50  loss=0.2067  bal_acc=0.5955
  epoch  36/50  loss=0.2254  bal_acc=0.5799
  epoch  37/50  loss=0.2093  bal_acc=0.5885
  epoch  38/50  loss=0.1950  bal_acc=0.5851
  epoch  39/50  loss=0.1877  bal_acc=0.6128
  epoch  40/50  loss=0.1721  bal_acc=0.5885
  epoch  41/50  loss=0.1742  bal_acc=0.5903
  epoch  42/50  loss=0.1705  bal_acc=0.6076
  epoch  43/50  loss=0.1632  bal_acc=0.5903
  epoch  44/50  loss=0.1528  bal_acc=0.5799
  epoch  45/50  loss=0.1596  bal_acc=0.6267
  epoch  46/50  loss=0.1465  bal_acc=0.5851
  epoch  47/50  loss=0.1389  bal_acc=0.5660
  epoch  48/50  loss=0.1400  bal_acc=0.5938
  epoch  49/50  loss=0.1342  bal_acc=0.5938
  epoch  50/50  loss=0.1280  bal_acc=0.6250
  [LOSO 7/9] subject 6: acc=0.6250  running_mean=0.5295

=== LOSO (hold out subject 7) ===
  Train: 4608 trials  |  Test: 576 trials
  Model params: 28,604
  epoch   1/50  loss=1.3241  bal_acc=0.4549
  epoch   2/50  loss=1.1396  bal_acc=0.5365
  epoch   3/50  loss=1.0408  bal_acc=0.5660
  epoch   4/50  loss=0.9539  bal_acc=0.5191
  epoch   5/50  loss=0.8974  bal_acc=0.5677
  epoch   6/50  loss=0.8271  bal_acc=0.5642
  epoch   7/50  loss=0.7789  bal_acc=0.5851
  epoch   8/50  loss=0.7401  bal_acc=0.5486
  epoch   9/50  loss=0.6798  bal_acc=0.6181
  epoch  10/50  loss=0.6440  bal_acc=0.6042
  epoch  11/50  loss=0.6130  bal_acc=0.6007
  epoch  12/50  loss=0.5745  bal_acc=0.6354
  epoch  13/50  loss=0.5597  bal_acc=0.6042
  epoch  14/50  loss=0.5291  bal_acc=0.6094
  epoch  15/50  loss=0.5115  bal_acc=0.5938
  epoch  16/50  loss=0.4904  bal_acc=0.6458
  epoch  17/50  loss=0.4486  bal_acc=0.5885
  epoch  18/50  loss=0.4327  bal_acc=0.6007
  epoch  19/50  loss=0.4187  bal_acc=0.6076
  epoch  20/50  loss=0.3994  bal_acc=0.6094
  epoch  21/50  loss=0.3788  bal_acc=0.6302
  epoch  22/50  loss=0.3645  bal_acc=0.6163
  epoch  23/50  loss=0.3471  bal_acc=0.6042
  epoch  24/50  loss=0.3340  bal_acc=0.6354
  epoch  25/50  loss=0.3166  bal_acc=0.6250
  epoch  26/50  loss=0.3081  bal_acc=0.5990
  epoch  27/50  loss=0.3190  bal_acc=0.6233
  epoch  28/50  loss=0.2985  bal_acc=0.6198
  epoch  29/50  loss=0.2730  bal_acc=0.6042
  epoch  30/50  loss=0.2710  bal_acc=0.6059
  epoch  31/50  loss=0.2633  bal_acc=0.6233
  epoch  32/50  loss=0.2462  bal_acc=0.6476
  epoch  33/50  loss=0.2475  bal_acc=0.6198
  epoch  34/50  loss=0.2380  bal_acc=0.6181
  epoch  35/50  loss=0.2185  bal_acc=0.6545
  epoch  36/50  loss=0.2227  bal_acc=0.6406
  epoch  37/50  loss=0.2150  bal_acc=0.6562
  epoch  38/50  loss=0.2166  bal_acc=0.6441
  epoch  39/50  loss=0.2150  bal_acc=0.6111
  epoch  40/50  loss=0.1895  bal_acc=0.6476
  epoch  41/50  loss=0.1887  bal_acc=0.6528
  epoch  42/50  loss=0.1843  bal_acc=0.6233
  epoch  43/50  loss=0.1645  bal_acc=0.6354
  epoch  44/50  loss=0.1742  bal_acc=0.6406
  epoch  45/50  loss=0.1741  bal_acc=0.6233
  epoch  46/50  loss=0.1725  bal_acc=0.6198
  epoch  47/50  loss=0.1747  bal_acc=0.6267
  epoch  48/50  loss=0.1649  bal_acc=0.6493
  epoch  49/50  loss=0.1587  bal_acc=0.6562
  epoch  50/50  loss=0.1604  bal_acc=0.6233
  [LOSO 8/9] subject 7: acc=0.6233  running_mean=0.5412

=== LOSO (hold out subject 8) ===
  Train: 4608 trials  |  Test: 576 trials
  Model params: 28,604
  epoch   1/50  loss=1.3271  bal_acc=0.3524
  epoch   2/50  loss=1.1040  bal_acc=0.4167
  epoch   3/50  loss=0.9639  bal_acc=0.4792
  epoch   4/50  loss=0.8642  bal_acc=0.4549
  epoch   5/50  loss=0.8013  bal_acc=0.4722
  epoch   6/50  loss=0.7580  bal_acc=0.5608
  epoch   7/50  loss=0.6875  bal_acc=0.5469
  epoch   8/50  loss=0.6640  bal_acc=0.5087
  epoch   9/50  loss=0.6129  bal_acc=0.5677
  epoch  10/50  loss=0.5708  bal_acc=0.5469
  epoch  11/50  loss=0.5526  bal_acc=0.5590
  epoch  12/50  loss=0.5322  bal_acc=0.5521
  epoch  13/50  loss=0.4707  bal_acc=0.5781
  epoch  14/50  loss=0.4815  bal_acc=0.5434
  epoch  15/50  loss=0.4447  bal_acc=0.4948
  epoch  16/50  loss=0.4196  bal_acc=0.5503
  epoch  17/50  loss=0.4060  bal_acc=0.5347
  epoch  18/50  loss=0.4060  bal_acc=0.5903
  epoch  19/50  loss=0.3875  bal_acc=0.5642
  epoch  20/50  loss=0.3493  bal_acc=0.5677
  epoch  21/50  loss=0.3381  bal_acc=0.5885
  epoch  22/50  loss=0.3252  bal_acc=0.5764
  epoch  23/50  loss=0.3112  bal_acc=0.5694
  epoch  24/50  loss=0.3047  bal_acc=0.5226
  epoch  25/50  loss=0.2902  bal_acc=0.5660
  epoch  26/50  loss=0.2651  bal_acc=0.5729
  epoch  27/50  loss=0.2568  bal_acc=0.5469
  epoch  28/50  loss=0.2591  bal_acc=0.5399
  epoch  29/50  loss=0.2492  bal_acc=0.5903
  epoch  30/50  loss=0.2353  bal_acc=0.5521
  epoch  31/50  loss=0.2220  bal_acc=0.5469
  epoch  32/50  loss=0.2155  bal_acc=0.5816
  epoch  33/50  loss=0.2171  bal_acc=0.5208
  epoch  34/50  loss=0.2010  bal_acc=0.5295
  epoch  35/50  loss=0.1996  bal_acc=0.5278
  epoch  36/50  loss=0.1977  bal_acc=0.5660
  epoch  37/50  loss=0.2002  bal_acc=0.5330
  epoch  38/50  loss=0.1941  bal_acc=0.5417
  epoch  39/50  loss=0.1870  bal_acc=0.5486
  epoch  40/50  loss=0.1727  bal_acc=0.5625
  epoch  41/50  loss=0.1807  bal_acc=0.5122
  epoch  42/50  loss=0.1708  bal_acc=0.5469
  epoch  43/50  loss=0.1573  bal_acc=0.5260
  epoch  44/50  loss=0.1682  bal_acc=0.5486
  epoch  45/50  loss=0.1539  bal_acc=0.5799
  epoch  46/50  loss=0.1605  bal_acc=0.4965
  epoch  47/50  loss=0.1570  bal_acc=0.5156
  epoch  48/50  loss=0.1485  bal_acc=0.5590
  epoch  49/50  loss=0.1382  bal_acc=0.5712
  epoch  50/50  loss=0.1547  bal_acc=0.5017
  [LOSO 9/9] subject 8: acc=0.5017  running_mean=0.5368
Results saved to results/BNCI2014_001/results_trial_19.json
Trial logged to results/BNCI2014_001/trials.csv
[status] trial 19 done (state=COMPLETE, value=0.5368441358024691) -- 18 completed total
Device: cuda
[BNCI2014_001] loading from cache: /home/aleksander.berezowsk/.cache/spiking_eegnet/BNCI2014_001_af1ccf3e92f684d8a93c057082b654d7.npz
[BNCI2014_001] cache hit: (5184, 1, 22, 1001), classes=['feet', 'left_hand', 'right_hand', 'tongue'], subjects=9
Dataset meta: {'n_classes': 4, 'n_channels': 22, 'n_samples': 1001, 'class_names': ['feet', 'left_hand', 'right_hand', 'tongue'], 'subject_list': [1, 2, 3, 4, 5, 6, 7, 8, 9], 'n_subjects': 9, 'sfreq': 250.0}

=== LOSO (hold out subject 0) ===
  Train: 4608 trials  |  Test: 576 trials
  Model params: 27,984
  epoch   1/50  loss=1.3840  bal_acc=0.3160
  epoch   2/50  loss=1.3656  bal_acc=0.3594
  epoch   3/50  loss=1.3460  bal_acc=0.3524
  epoch   4/50  loss=1.3211  bal_acc=0.3681
  epoch   5/50  loss=1.2961  bal_acc=0.3698
  epoch   6/50  loss=1.2750  bal_acc=0.3785
  epoch   7/50  loss=1.2569  bal_acc=0.3733
  epoch   8/50  loss=1.2376  bal_acc=0.4080
  epoch   9/50  loss=1.2167  bal_acc=0.4045
  epoch  10/50  loss=1.1935  bal_acc=0.4115
  epoch  11/50  loss=1.1676  bal_acc=0.4184
  epoch  12/50  loss=1.1466  bal_acc=0.4531
  epoch  13/50  loss=1.1220  bal_acc=0.4583
  epoch  14/50  loss=1.0997  bal_acc=0.4844
  epoch  15/50  loss=1.0778  bal_acc=0.4722
  epoch  16/50  loss=1.0576  bal_acc=0.4757
  epoch  17/50  loss=1.0404  bal_acc=0.4844
  epoch  18/50  loss=1.0223  bal_acc=0.4844
  epoch  19/50  loss=1.0093  bal_acc=0.4844
  epoch  20/50  loss=0.9928  bal_acc=0.5052
  epoch  21/50  loss=0.9813  bal_acc=0.4965
  epoch  22/50  loss=0.9673  bal_acc=0.4948
  epoch  23/50  loss=0.9557  bal_acc=0.5017
  epoch  24/50  loss=0.9393  bal_acc=0.4931
  epoch  25/50  loss=0.9276  bal_acc=0.5052
  epoch  26/50  loss=0.9182  bal_acc=0.4983
  epoch  27/50  loss=0.9034  bal_acc=0.5156
  epoch  28/50  loss=0.8930  bal_acc=0.5087
  epoch  29/50  loss=0.8798  bal_acc=0.5174
  epoch  30/50  loss=0.8699  bal_acc=0.5174
  epoch  31/50  loss=0.8617  bal_acc=0.5208
  epoch  32/50  loss=0.8487  bal_acc=0.5243
  epoch  33/50  loss=0.8416  bal_acc=0.5260
  epoch  34/50  loss=0.8294  bal_acc=0.5122
  epoch  35/50  loss=0.8218  bal_acc=0.5278
  epoch  36/50  loss=0.8110  bal_acc=0.5278
  epoch  37/50  loss=0.8008  bal_acc=0.5278
  epoch  38/50  loss=0.7918  bal_acc=0.5226
  epoch  39/50  loss=0.7820  bal_acc=0.5260
  epoch  40/50  loss=0.7718  bal_acc=0.5191
  epoch  41/50  loss=0.7667  bal_acc=0.5243
  epoch  42/50  loss=0.7548  bal_acc=0.5208
  epoch  43/50  loss=0.7444  bal_acc=0.5122
  epoch  44/50  loss=0.7384  bal_acc=0.5000
  epoch  45/50  loss=0.7278  bal_acc=0.5174
  epoch  46/50  loss=0.7189  bal_acc=0.5260
  epoch  47/50  loss=0.7096  bal_acc=0.5208
  epoch  48/50  loss=0.7004  bal_acc=0.5260
  epoch  49/50  loss=0.6922  bal_acc=0.5469
  epoch  50/50  loss=0.6831  bal_acc=0.5365
  [LOSO 1/9] subject 0: acc=0.5365  running_mean=0.5365

=== LOSO (hold out subject 1) ===
  Train: 4608 trials  |  Test: 576 trials
  Model params: 27,984
  epoch   1/50  loss=1.3834  bal_acc=0.2934
  epoch   2/50  loss=1.3616  bal_acc=0.2847
  epoch   3/50  loss=1.3391  bal_acc=0.3385
  epoch   4/50  loss=1.3184  bal_acc=0.3351
  epoch   5/50  loss=1.2962  bal_acc=0.3403
  epoch   6/50  loss=1.2759  bal_acc=0.3576
  epoch   7/50  loss=1.2564  bal_acc=0.3576
  epoch   8/50  loss=1.2364  bal_acc=0.3663
  epoch   9/50  loss=1.2140  bal_acc=0.3767
  epoch  10/50  loss=1.1902  bal_acc=0.3681
  epoch  11/50  loss=1.1647  bal_acc=0.3715
  epoch  12/50  loss=1.1340  bal_acc=0.3889
  epoch  13/50  loss=1.1037  bal_acc=0.3837
  epoch  14/50  loss=1.0734  bal_acc=0.3819
  epoch  15/50  loss=1.0438  bal_acc=0.3889
  epoch  16/50  loss=1.0165  bal_acc=0.3854
  epoch  17/50  loss=0.9921  bal_acc=0.3941
  epoch  18/50  loss=0.9717  bal_acc=0.3403
  epoch  19/50  loss=0.9482  bal_acc=0.3993
  epoch  20/50  loss=0.9253  bal_acc=0.3924
  epoch  21/50  loss=0.9096  bal_acc=0.4201
  epoch  22/50  loss=0.8880  bal_acc=0.4219
  epoch  23/50  loss=0.8675  bal_acc=0.4097
  epoch  24/50  loss=0.8549  bal_acc=0.4271
  epoch  25/50  loss=0.8384  bal_acc=0.4045
  epoch  26/50  loss=0.8239  bal_acc=0.4219
  epoch  27/50  loss=0.8100  bal_acc=0.4323
  epoch  28/50  loss=0.7954  bal_acc=0.4271
  epoch  29/50  loss=0.7823  bal_acc=0.4497
  epoch  30/50  loss=0.7649  bal_acc=0.4340
  epoch  31/50  loss=0.7590  bal_acc=0.4549
  epoch  32/50  loss=0.7537  bal_acc=0.4375
  epoch  33/50  loss=0.7340  bal_acc=0.4358
  epoch  34/50  loss=0.7243  bal_acc=0.4184
  epoch  35/50  loss=0.7160  bal_acc=0.4427
  epoch  36/50  loss=0.7014  bal_acc=0.4444
  epoch  37/50  loss=0.6907  bal_acc=0.4358
  epoch  38/50  loss=0.6859  bal_acc=0.4531
  epoch  39/50  loss=0.6793  bal_acc=0.4670
  epoch  40/50  loss=0.6680  bal_acc=0.4410
  epoch  41/50  loss=0.6572  bal_acc=0.4427
  epoch  42/50  loss=0.6539  bal_acc=0.4566
  epoch  43/50  loss=0.6410  bal_acc=0.4653
  epoch  44/50  loss=0.6347  bal_acc=0.4635
  epoch  45/50  loss=0.6292  bal_acc=0.4531
  epoch  46/50  loss=0.6155  bal_acc=0.4462
  epoch  47/50  loss=0.6102  bal_acc=0.4531
  epoch  48/50  loss=0.6038  bal_acc=0.4688
  epoch  49/50  loss=0.5945  bal_acc=0.4705
  epoch  50/50  loss=0.5896  bal_acc=0.4340
  [LOSO 2/9] subject 1: acc=0.4340  running_mean=0.4852

=== LOSO (hold out subject 2) ===
  Train: 4608 trials  |  Test: 576 trials
  Model params: 27,984
  epoch   1/50  loss=1.3845  bal_acc=0.3177
  epoch   2/50  loss=1.3665  bal_acc=0.3854
  epoch   3/50  loss=1.3471  bal_acc=0.4010
  epoch   4/50  loss=1.3248  bal_acc=0.4115
  epoch   5/50  loss=1.2990  bal_acc=0.4236
  epoch   6/50  loss=1.2776  bal_acc=0.4132
  epoch   7/50  loss=1.2588  bal_acc=0.4288
  epoch   8/50  loss=1.2371  bal_acc=0.4427
  epoch   9/50  loss=1.2178  bal_acc=0.4444
  epoch  10/50  loss=1.1954  bal_acc=0.4618
  epoch  11/50  loss=1.1725  bal_acc=0.4688
  epoch  12/50  loss=1.1483  bal_acc=0.4948
  epoch  13/50  loss=1.1279  bal_acc=0.5052
  epoch  14/50  loss=1.1070  bal_acc=0.5139
  epoch  15/50  loss=1.0895  bal_acc=0.5174
  epoch  16/50  loss=1.0707  bal_acc=0.5156
  epoch  17/50  loss=1.0521  bal_acc=0.5243
  epoch  18/50  loss=1.0387  bal_acc=0.5191
  epoch  19/50  loss=1.0225  bal_acc=0.5243
  epoch  20/50  loss=1.0074  bal_acc=0.5365
  epoch  21/50  loss=0.9943  bal_acc=0.5312
  epoch  22/50  loss=0.9825  bal_acc=0.5451
  epoch  23/50  loss=0.9681  bal_acc=0.5538
  epoch  24/50  loss=0.9585  bal_acc=0.5503
  epoch  25/50  loss=0.9417  bal_acc=0.5625
  epoch  26/50  loss=0.9342  bal_acc=0.5660
  epoch  27/50  loss=0.9185  bal_acc=0.5694
  epoch  28/50  loss=0.9093  bal_acc=0.5799
  epoch  29/50  loss=0.8976  bal_acc=0.5712
  epoch  30/50  loss=0.8867  bal_acc=0.5903
  epoch  31/50  loss=0.8789  bal_acc=0.5938
  epoch  32/50  loss=0.8651  bal_acc=0.5920
  epoch  33/50  loss=0.8537  bal_acc=0.5938
  epoch  34/50  loss=0.8470  bal_acc=0.6094
  epoch  35/50  loss=0.8366  bal_acc=0.6042
  epoch  36/50  loss=0.8238  bal_acc=0.5920
  epoch  37/50  loss=0.8147  bal_acc=0.6007
  epoch  38/50  loss=0.8031  bal_acc=0.6146
  epoch  39/50  loss=0.7953  bal_acc=0.6076
  epoch  40/50  loss=0.7870  bal_acc=0.6198
  epoch  41/50  loss=0.7772  bal_acc=0.6076
  epoch  42/50  loss=0.7723  bal_acc=0.6215
  epoch  43/50  loss=0.7577  bal_acc=0.6267
  epoch  44/50  loss=0.7521  bal_acc=0.6181
  epoch  45/50  loss=0.7427  bal_acc=0.6406
  epoch  46/50  loss=0.7336  bal_acc=0.6458
  epoch  47/50  loss=0.7217  bal_acc=0.6285
  epoch  48/50  loss=0.7159  bal_acc=0.6354
  epoch  49/50  loss=0.7094  bal_acc=0.6528
  epoch  50/50  loss=0.7013  bal_acc=0.6597
  [LOSO 3/9] subject 2: acc=0.6597  running_mean=0.5434

=== LOSO (hold out subject 3) ===
  Train: 4608 trials  |  Test: 576 trials
  Model params: 27,984
  epoch   1/50  loss=1.3835  bal_acc=0.2674
  epoch   2/50  loss=1.3603  bal_acc=0.3628
  epoch   3/50  loss=1.3392  bal_acc=0.3542
  epoch   4/50  loss=1.3161  bal_acc=0.3455
  epoch   5/50  loss=1.2951  bal_acc=0.3785
  epoch   6/50  loss=1.2769  bal_acc=0.3611
  epoch   7/50  loss=1.2571  bal_acc=0.3681
  epoch   8/50  loss=1.2381  bal_acc=0.3906
  epoch   9/50  loss=1.2157  bal_acc=0.4149
  epoch  10/50  loss=1.1909  bal_acc=0.3993
  epoch  11/50  loss=1.1647  bal_acc=0.4236
  epoch  12/50  loss=1.1430  bal_acc=0.4497
  epoch  13/50  loss=1.1166  bal_acc=0.4566
  epoch  14/50  loss=1.0939  bal_acc=0.4375
  epoch  15/50  loss=1.0700  bal_acc=0.4531
  epoch  16/50  loss=1.0426  bal_acc=0.4687
  epoch  17/50  loss=1.0229  bal_acc=0.4653
  epoch  18/50  loss=1.0006  bal_acc=0.4653
  epoch  19/50  loss=0.9800  bal_acc=0.4566
  epoch  20/50  loss=0.9619  bal_acc=0.5017
  epoch  21/50  loss=0.9400  bal_acc=0.4653
  epoch  22/50  loss=0.9250  bal_acc=0.4635
  epoch  23/50  loss=0.9064  bal_acc=0.4531
  epoch  24/50  loss=0.8906  bal_acc=0.4896
  epoch  25/50  loss=0.8772  bal_acc=0.4722
  epoch  26/50  loss=0.8595  bal_acc=0.4531
  epoch  27/50  loss=0.8477  bal_acc=0.4549
  epoch  28/50  loss=0.8326  bal_acc=0.4844
  epoch  29/50  loss=0.8189  bal_acc=0.4757
  epoch  30/50  loss=0.8060  bal_acc=0.4965
  epoch  31/50  loss=0.7943  bal_acc=0.4844
  epoch  32/50  loss=0.7807  bal_acc=0.4670
  epoch  33/50  loss=0.7698  bal_acc=0.4844
  epoch  34/50  loss=0.7564  bal_acc=0.4826
  epoch  35/50  loss=0.7473  bal_acc=0.4705
  epoch  36/50  loss=0.7361  bal_acc=0.4896
  epoch  37/50  loss=0.7213  bal_acc=0.4722
  epoch  38/50  loss=0.7141  bal_acc=0.4618
  epoch  39/50  loss=0.7051  bal_acc=0.4844
  epoch  40/50  loss=0.6934  bal_acc=0.4757
  epoch  41/50  loss=0.6835  bal_acc=0.4861
  epoch  42/50  loss=0.6781  bal_acc=0.4913
  epoch  43/50  loss=0.6696  bal_acc=0.4826
  epoch  44/50  loss=0.6585  bal_acc=0.4965
  epoch  45/50  loss=0.6529  bal_acc=0.5017
  epoch  46/50  loss=0.6429  bal_acc=0.4566
  epoch  47/50  loss=0.6388  bal_acc=0.4948
  epoch  48/50  loss=0.6269  bal_acc=0.4844
  epoch  49/50  loss=0.6171  bal_acc=0.4878
  epoch  50/50  loss=0.6123  bal_acc=0.4878
  [LOSO 4/9] subject 3: acc=0.4878  running_mean=0.5295

=== LOSO (hold out subject 4) ===
  Train: 4608 trials  |  Test: 576 trials
  Model params: 27,984
  epoch   1/50  loss=1.3806  bal_acc=0.3108
  epoch   2/50  loss=1.3581  bal_acc=0.3090
  epoch   3/50  loss=1.3364  bal_acc=0.3038
  epoch   4/50  loss=1.3105  bal_acc=0.3177
  epoch   5/50  loss=1.2861  bal_acc=0.3368
  epoch   6/50  loss=1.2638  bal_acc=0.3281
  epoch   7/50  loss=1.2423  bal_acc=0.3490
  epoch   8/50  loss=1.2195  bal_acc=0.3646
  epoch   9/50  loss=1.1956  bal_acc=0.3594
  epoch  10/50  loss=1.1734  bal_acc=0.3455
  epoch  11/50  loss=1.1503  bal_acc=0.3750
  epoch  12/50  loss=1.1284  bal_acc=0.3681
  epoch  13/50  loss=1.1066  bal_acc=0.3264
  epoch  14/50  loss=1.0890  bal_acc=0.3941
  epoch  15/50  loss=1.0674  bal_acc=0.3785
  epoch  16/50  loss=1.0479  bal_acc=0.4028
  epoch  17/50  loss=1.0280  bal_acc=0.4184
  epoch  18/50  loss=1.0112  bal_acc=0.4306
  epoch  19/50  loss=0.9932  bal_acc=0.4618
  epoch  20/50  loss=0.9725  bal_acc=0.4653
  epoch  21/50  loss=0.9569  bal_acc=0.4497
  epoch  22/50  loss=0.9402  bal_acc=0.4878
  epoch  23/50  loss=0.9235  bal_acc=0.4931
  epoch  24/50  loss=0.9035  bal_acc=0.4740
  epoch  25/50  loss=0.8924  bal_acc=0.4896
  epoch  26/50  loss=0.8773  bal_acc=0.4826
  epoch  27/50  loss=0.8593  bal_acc=0.5087
  epoch  28/50  loss=0.8465  bal_acc=0.4878
  epoch  29/50  loss=0.8346  bal_acc=0.5017
  epoch  30/50  loss=0.8201  bal_acc=0.4948
  epoch  31/50  loss=0.8046  bal_acc=0.4931
  epoch  32/50  loss=0.7953  bal_acc=0.5069
  epoch  33/50  loss=0.7797  bal_acc=0.5017
  epoch  34/50  loss=0.7684  bal_acc=0.4913
  epoch  35/50  loss=0.7578  bal_acc=0.5069
  epoch  36/50  loss=0.7474  bal_acc=0.5122
  epoch  37/50  loss=0.7364  bal_acc=0.4878
  epoch  38/50  loss=0.7226  bal_acc=0.4965
  epoch  39/50  loss=0.7178  bal_acc=0.5087
  epoch  40/50  loss=0.7068  bal_acc=0.5226
  epoch  41/50  loss=0.6930  bal_acc=0.5069
  epoch  42/50  loss=0.6891  bal_acc=0.5104
  epoch  43/50  loss=0.6768  bal_acc=0.5278
  epoch  44/50  loss=0.6662  bal_acc=0.5278
  epoch  45/50  loss=0.6597  bal_acc=0.5191
  epoch  46/50  loss=0.6567  bal_acc=0.5208
  epoch  47/50  loss=0.6385  bal_acc=0.5087
  epoch  48/50  loss=0.6361  bal_acc=0.5243
  epoch  49/50  loss=0.6291  bal_acc=0.5226
  epoch  50/50  loss=0.6187  bal_acc=0.5087
  [LOSO 5/9] subject 4: acc=0.5087  running_mean=0.5253

=== LOSO (hold out subject 5) ===
  Train: 4608 trials  |  Test: 576 trials
  Model params: 27,984
  epoch   1/50  loss=1.3807  bal_acc=0.3264
  epoch   2/50  loss=1.3614  bal_acc=0.3542
  epoch   3/50  loss=1.3399  bal_acc=0.3559
  epoch   4/50  loss=1.3169  bal_acc=0.3594
  epoch   5/50  loss=1.2916  bal_acc=0.3594
  epoch   6/50  loss=1.2654  bal_acc=0.3750
  epoch   7/50  loss=1.2413  bal_acc=0.3802
  epoch   8/50  loss=1.2118  bal_acc=0.3854
  epoch   9/50  loss=1.1829  bal_acc=0.3993
  epoch  10/50  loss=1.1543  bal_acc=0.4219
  epoch  11/50  loss=1.1235  bal_acc=0.4201
  epoch  12/50  loss=1.0962  bal_acc=0.4306
  epoch  13/50  loss=1.0677  bal_acc=0.4410
  epoch  14/50  loss=1.0428  bal_acc=0.4444
  epoch  15/50  loss=1.0202  bal_acc=0.4444
  epoch  16/50  loss=0.9990  bal_acc=0.4514
  epoch  17/50  loss=0.9860  bal_acc=0.4618
  epoch  18/50  loss=0.9622  bal_acc=0.4618
  epoch  19/50  loss=0.9457  bal_acc=0.4601
  epoch  20/50  loss=0.9313  bal_acc=0.4549
  epoch  21/50  loss=0.9125  bal_acc=0.4601
  epoch  22/50  loss=0.8954  bal_acc=0.4705
  epoch  23/50  loss=0.8798  bal_acc=0.4497
  epoch  24/50  loss=0.8661  bal_acc=0.4653
  epoch  25/50  loss=0.8535  bal_acc=0.4653
  epoch  26/50  loss=0.8351  bal_acc=0.4635
  epoch  27/50  loss=0.8226  bal_acc=0.4722
  epoch  28/50  loss=0.8103  bal_acc=0.4774
  epoch  29/50  loss=0.7971  bal_acc=0.4653
  epoch  30/50  loss=0.7843  bal_acc=0.4444
  epoch  31/50  loss=0.7660  bal_acc=0.4601
  epoch  32/50  loss=0.7554  bal_acc=0.4722
  epoch  33/50  loss=0.7468  bal_acc=0.4809
  epoch  34/50  loss=0.7313  bal_acc=0.4601
  epoch  35/50  loss=0.7229  bal_acc=0.4427
  epoch  36/50  loss=0.7118  bal_acc=0.4601
  epoch  37/50  loss=0.7017  bal_acc=0.4635
  epoch  38/50  loss=0.6920  bal_acc=0.4549
  epoch  39/50  loss=0.6859  bal_acc=0.4340
  epoch  40/50  loss=0.6702  bal_acc=0.4236
  epoch  41/50  loss=0.6643  bal_acc=0.4358
  epoch  42/50  loss=0.6581  bal_acc=0.4514
  epoch  43/50  loss=0.6510  bal_acc=0.4514
  epoch  44/50  loss=0.6401  bal_acc=0.4340
  epoch  45/50  loss=0.6354  bal_acc=0.4479
  epoch  46/50  loss=0.6239  bal_acc=0.4514
  epoch  47/50  loss=0.6157  bal_acc=0.4462
  epoch  48/50  loss=0.6087  bal_acc=0.4514
  epoch  49/50  loss=0.5980  bal_acc=0.4497
  epoch  50/50  loss=0.5941  bal_acc=0.4410
  [LOSO 6/9] subject 5: acc=0.4410  running_mean=0.5113

=== LOSO (hold out subject 6) ===
  Train: 4608 trials  |  Test: 576 trials
  Model params: 27,984
  epoch   1/50  loss=1.3841  bal_acc=0.2656
  epoch   2/50  loss=1.3660  bal_acc=0.3385
  epoch   3/50  loss=1.3477  bal_acc=0.3507
  epoch   4/50  loss=1.3279  bal_acc=0.3924
  epoch   5/50  loss=1.3087  bal_acc=0.4080
  epoch   6/50  loss=1.2901  bal_acc=0.4184
  epoch   7/50  loss=1.2708  bal_acc=0.4427
  epoch   8/50  loss=1.2522  bal_acc=0.4427
  epoch   9/50  loss=1.2355  bal_acc=0.4670
  epoch  10/50  loss=1.2137  bal_acc=0.4722
  epoch  11/50  loss=1.1912  bal_acc=0.4722
  epoch  12/50  loss=1.1737  bal_acc=0.4861
  epoch  13/50  loss=1.1498  bal_acc=0.4861
  epoch  14/50  loss=1.1295  bal_acc=0.4965
  epoch  15/50  loss=1.1087  bal_acc=0.5017
  epoch  16/50  loss=1.0926  bal_acc=0.5191
  epoch  17/50  loss=1.0749  bal_acc=0.5174
  epoch  18/50  loss=1.0586  bal_acc=0.5122
  epoch  19/50  loss=1.0428  bal_acc=0.5278
  epoch  20/50  loss=1.0269  bal_acc=0.5278
  epoch  21/50  loss=1.0133  bal_acc=0.5365
  epoch  22/50  loss=0.9977  bal_acc=0.5486
  epoch  23/50  loss=0.9850  bal_acc=0.5486
  epoch  24/50  loss=0.9672  bal_acc=0.5538
  epoch  25/50  loss=0.9511  bal_acc=0.5625
  epoch  26/50  loss=0.9373  bal_acc=0.5764
  epoch  27/50  loss=0.9265  bal_acc=0.5764
  epoch  28/50  loss=0.9040  bal_acc=0.5885
  epoch  29/50  loss=0.8891  bal_acc=0.5712
  epoch  30/50  loss=0.8736  bal_acc=0.6042
  epoch  31/50  loss=0.8629  bal_acc=0.5885
  epoch  32/50  loss=0.8465  bal_acc=0.5816
  epoch  33/50  loss=0.8318  bal_acc=0.5608
  epoch  34/50  loss=0.8180  bal_acc=0.5694
  epoch  35/50  loss=0.8059  bal_acc=0.5868
  epoch  36/50  loss=0.7897  bal_acc=0.5938
  epoch  37/50  loss=0.7808  bal_acc=0.5903
  epoch  38/50  loss=0.7689  bal_acc=0.5677
  epoch  39/50  loss=0.7550  bal_acc=0.5868
  epoch  40/50  loss=0.7462  bal_acc=0.5799
  epoch  41/50  loss=0.7373  bal_acc=0.5868
  epoch  42/50  loss=0.7293  bal_acc=0.5799
  epoch  43/50  loss=0.7246  bal_acc=0.6076
  epoch  44/50  loss=0.7085  bal_acc=0.5816
  epoch  45/50  loss=0.7025  bal_acc=0.5868
  epoch  46/50  loss=0.6968  bal_acc=0.5938
  epoch  47/50  loss=0.6885  bal_acc=0.5851
  epoch  48/50  loss=0.6800  bal_acc=0.6094
  epoch  49/50  loss=0.6686  bal_acc=0.6094
  epoch  50/50  loss=0.6604  bal_acc=0.5885
  [LOSO 7/9] subject 6: acc=0.5885  running_mean=0.5223

=== LOSO (hold out subject 7) ===
  Train: 4608 trials  |  Test: 576 trials
  Model params: 27,984
  epoch   1/50  loss=1.3827  bal_acc=0.3333
  epoch   2/50  loss=1.3588  bal_acc=0.3559
  epoch   3/50  loss=1.3378  bal_acc=0.3819
  epoch   4/50  loss=1.3171  bal_acc=0.3872
  epoch   5/50  loss=1.2964  bal_acc=0.4028
  epoch   6/50  loss=1.2785  bal_acc=0.4149
  epoch   7/50  loss=1.2576  bal_acc=0.4219
  epoch   8/50  loss=1.2397  bal_acc=0.4375
  epoch   9/50  loss=1.2230  bal_acc=0.4288
  epoch  10/50  loss=1.2029  bal_acc=0.4583
  epoch  11/50  loss=1.1785  bal_acc=0.4479
  epoch  12/50  loss=1.1595  bal_acc=0.4427
  epoch  13/50  loss=1.1358  bal_acc=0.4653
  epoch  14/50  loss=1.1182  bal_acc=0.4722
  epoch  15/50  loss=1.0962  bal_acc=0.4844
  epoch  16/50  loss=1.0784  bal_acc=0.4774
  epoch  17/50  loss=1.0610  bal_acc=0.4948
  epoch  18/50  loss=1.0413  bal_acc=0.4965
  epoch  19/50  loss=1.0277  bal_acc=0.5191
  epoch  20/50  loss=1.0123  bal_acc=0.5226
  epoch  21/50  loss=0.9983  bal_acc=0.5278
  epoch  22/50  loss=0.9842  bal_acc=0.5139
  epoch  23/50  loss=0.9695  bal_acc=0.5208
  epoch  24/50  loss=0.9554  bal_acc=0.5486
  epoch  25/50  loss=0.9432  bal_acc=0.5382
  epoch  26/50  loss=0.9316  bal_acc=0.5590
  epoch  27/50  loss=0.9172  bal_acc=0.5503
  epoch  28/50  loss=0.9097  bal_acc=0.5521
  epoch  29/50  loss=0.8942  bal_acc=0.5590
  epoch  30/50  loss=0.8832  bal_acc=0.5538
  epoch  31/50  loss=0.8732  bal_acc=0.5642
  epoch  32/50  loss=0.8635  bal_acc=0.5694
  epoch  33/50  loss=0.8486  bal_acc=0.5677
  epoch  34/50  loss=0.8397  bal_acc=0.5660
  epoch  35/50  loss=0.8303  bal_acc=0.5799
  epoch  36/50  loss=0.8198  bal_acc=0.5764
  epoch  37/50  loss=0.8129  bal_acc=0.5868
  epoch  38/50  loss=0.8005  bal_acc=0.5833
  epoch  39/50  loss=0.7925  bal_acc=0.5903
  epoch  40/50  loss=0.7829  bal_acc=0.5938
  epoch  41/50  loss=0.7758  bal_acc=0.5955
  epoch  42/50  loss=0.7648  bal_acc=0.5938
  epoch  43/50  loss=0.7526  bal_acc=0.5885
  epoch  44/50  loss=0.7472  bal_acc=0.6128
  epoch  45/50  loss=0.7364  bal_acc=0.6128
  epoch  46/50  loss=0.7307  bal_acc=0.5972
  epoch  47/50  loss=0.7241  bal_acc=0.6146
  epoch  48/50  loss=0.7129  bal_acc=0.6215
  epoch  49/50  loss=0.7039  bal_acc=0.6233
  epoch  50/50  loss=0.6988  bal_acc=0.6163
  [LOSO 8/9] subject 7: acc=0.6163  running_mean=0.5341

=== LOSO (hold out subject 8) ===
  Train: 4608 trials  |  Test: 576 trials
  Model params: 27,984
  epoch   1/50  loss=1.3869  bal_acc=0.2431
  epoch   2/50  loss=1.3671  bal_acc=0.2882
  epoch   3/50  loss=1.3487  bal_acc=0.3090
  epoch   4/50  loss=1.3282  bal_acc=0.3212
  epoch   5/50  loss=1.3057  bal_acc=0.3299
  epoch   6/50  loss=1.2861  bal_acc=0.3472
  epoch   7/50  loss=1.2661  bal_acc=0.3576
  epoch   8/50  loss=1.2459  bal_acc=0.3368
  epoch   9/50  loss=1.2279  bal_acc=0.3333
  epoch  10/50  loss=1.2071  bal_acc=0.3663
  epoch  11/50  loss=1.1856  bal_acc=0.3681
  epoch  12/50  loss=1.1618  bal_acc=0.3941
  epoch  13/50  loss=1.1408  bal_acc=0.3854
  epoch  14/50  loss=1.1193  bal_acc=0.4097
  epoch  15/50  loss=1.0972  bal_acc=0.3993
  epoch  16/50  loss=1.0761  bal_acc=0.4479
  epoch  17/50  loss=1.0584  bal_acc=0.4236
  epoch  18/50  loss=1.0411  bal_acc=0.4323
  epoch  19/50  loss=1.0242  bal_acc=0.4219
  epoch  20/50  loss=1.0074  bal_acc=0.4618
  epoch  21/50  loss=0.9894  bal_acc=0.5087
  epoch  22/50  loss=0.9741  bal_acc=0.4618
  epoch  23/50  loss=0.9626  bal_acc=0.4792
  epoch  24/50  loss=0.9471  bal_acc=0.5035
  epoch  25/50  loss=0.9324  bal_acc=0.5139
  epoch  26/50  loss=0.9189  bal_acc=0.4826
  epoch  27/50  loss=0.9042  bal_acc=0.5104
  epoch  28/50  loss=0.8953  bal_acc=0.5191
  epoch  29/50  loss=0.8785  bal_acc=0.5069
  epoch  30/50  loss=0.8694  bal_acc=0.5312
  epoch  31/50  loss=0.8540  bal_acc=0.5191
  epoch  32/50  loss=0.8458  bal_acc=0.5278
  epoch  33/50  loss=0.8310  bal_acc=0.5434
  epoch  34/50  loss=0.8234  bal_acc=0.5365
  epoch  35/50  loss=0.8050  bal_acc=0.5556
  epoch  36/50  loss=0.7935  bal_acc=0.5521
  epoch  37/50  loss=0.7894  bal_acc=0.5556
  epoch  38/50  loss=0.7739  bal_acc=0.5625
  epoch  39/50  loss=0.7631  bal_acc=0.5799
  epoch  40/50  loss=0.7568  bal_acc=0.5712
  epoch  41/50  loss=0.7491  bal_acc=0.5729
  epoch  42/50  loss=0.7368  bal_acc=0.5712
  epoch  43/50  loss=0.7228  bal_acc=0.5712
  epoch  44/50  loss=0.7167  bal_acc=0.5694
  epoch  45/50  loss=0.7125  bal_acc=0.5799
  epoch  46/50  loss=0.7002  bal_acc=0.5729
  epoch  47/50  loss=0.6912  bal_acc=0.5833
  epoch  48/50  loss=0.6855  bal_acc=0.5885
  epoch  49/50  loss=0.6769  bal_acc=0.6024
  epoch  50/50  loss=0.6697  bal_acc=0.5972
  [LOSO 9/9] subject 8: acc=0.5972  running_mean=0.5411
Results saved to results/BNCI2014_001/results_trial_23.json
Trial logged to results/BNCI2014_001/trials.csv
[status] trial 23 done (state=COMPLETE, value=0.5410879629629629) -- 20 completed total
Device: cuda
[BNCI2014_001] loading from cache: /home/aleksander.berezowsk/.cache/spiking_eegnet/BNCI2014_001_af1ccf3e92f684d8a93c057082b654d7.npz
[BNCI2014_001] cache hit: (5184, 1, 22, 1001), classes=['feet', 'left_hand', 'right_hand', 'tongue'], subjects=9
Dataset meta: {'n_classes': 4, 'n_channels': 22, 'n_samples': 1001, 'class_names': ['feet', 'left_hand', 'right_hand', 'tongue'], 'subject_list': [1, 2, 3, 4, 5, 6, 7, 8, 9], 'n_subjects': 9, 'sfreq': 250.0}

=== LOSO (hold out subject 0) ===
  Train: 4608 trials  |  Test: 576 trials
  Model params: 9,606
  epoch   1/50  loss=1.2939  bal_acc=0.3785
  epoch   2/50  loss=1.0984  bal_acc=0.4653
  epoch   3/50  loss=1.0022  bal_acc=0.4861
  epoch   4/50  loss=0.9552  bal_acc=0.5677
  epoch   5/50  loss=0.8626  bal_acc=0.4809
  epoch   6/50  loss=0.8098  bal_acc=0.5955
  epoch   7/50  loss=0.7757  bal_acc=0.5660
  epoch   8/50  loss=0.7275  bal_acc=0.5365
  epoch   9/50  loss=0.7161  bal_acc=0.5868
  epoch  10/50  loss=0.6854  bal_acc=0.5903
  epoch  11/50  loss=0.6734  bal_acc=0.5556
  epoch  12/50  loss=0.6474  bal_acc=0.5660
  epoch  13/50  loss=0.6215  bal_acc=0.6163
  epoch  14/50  loss=0.5985  bal_acc=0.5816
  epoch  15/50  loss=0.5786  bal_acc=0.5851
  epoch  16/50  loss=0.5733  bal_acc=0.5608
  epoch  17/50  loss=0.5489  bal_acc=0.5972
  epoch  18/50  loss=0.5431  bal_acc=0.6007
  epoch  19/50  loss=0.5270  bal_acc=0.5503
  epoch  20/50  loss=0.5193  bal_acc=0.5799
  epoch  21/50  loss=0.5374  bal_acc=0.5851
  epoch  22/50  loss=0.5038  bal_acc=0.5764
  epoch  23/50  loss=0.5059  bal_acc=0.6007
  epoch  24/50  loss=0.5061  bal_acc=0.6007
  epoch  25/50  loss=0.4967  bal_acc=0.5451
  epoch  26/50  loss=0.4790  bal_acc=0.5747
  epoch  27/50  loss=0.4862  bal_acc=0.5764
  epoch  28/50  loss=0.4718  bal_acc=0.5868
  epoch  29/50  loss=0.4445  bal_acc=0.6198
  epoch  30/50  loss=0.4288  bal_acc=0.6007
  epoch  31/50  loss=0.4423  bal_acc=0.5747
  epoch  32/50  loss=0.4131  bal_acc=0.5972
  epoch  33/50  loss=0.4121  bal_acc=0.6111
  epoch  34/50  loss=0.4201  bal_acc=0.5972
  epoch  35/50  loss=0.3901  bal_acc=0.5833
  epoch  36/50  loss=0.3908  bal_acc=0.6076
  epoch  37/50  loss=0.3884  bal_acc=0.5503
  epoch  38/50  loss=0.3719  bal_acc=0.6059
  epoch  39/50  loss=0.3670  bal_acc=0.5833
  epoch  40/50  loss=0.3626  bal_acc=0.6198
  epoch  41/50  loss=0.3616  bal_acc=0.5799
  epoch  42/50  loss=0.3540  bal_acc=0.6042
  epoch  43/50  loss=0.3366  bal_acc=0.5764
  epoch  44/50  loss=0.3457  bal_acc=0.5660
  epoch  45/50  loss=0.3667  bal_acc=0.5660
  epoch  46/50  loss=0.3551  bal_acc=0.5955
  epoch  47/50  loss=0.3473  bal_acc=0.5833
  epoch  48/50  loss=0.3502  bal_acc=0.5833
  epoch  49/50  loss=0.3429  bal_acc=0.5764
  epoch  50/50  loss=0.3252  bal_acc=0.5538
  [LOSO 1/9] subject 0: acc=0.5538  running_mean=0.5538

=== LOSO (hold out subject 1) ===
  Train: 4608 trials  |  Test: 576 trials
  Model params: 9,606
  epoch   1/50  loss=1.2869  bal_acc=0.3611
  epoch   2/50  loss=1.0708  bal_acc=0.4184
  epoch   3/50  loss=0.9723  bal_acc=0.3976
  epoch   4/50  loss=0.9141  bal_acc=0.4132
  epoch   5/50  loss=0.8298  bal_acc=0.4149
  epoch   6/50  loss=0.7832  bal_acc=0.4045
  epoch   7/50  loss=0.7396  bal_acc=0.4219
  epoch   8/50  loss=0.7067  bal_acc=0.4062
  epoch   9/50  loss=0.6744  bal_acc=0.4219
  epoch  10/50  loss=0.6644  bal_acc=0.4531
  epoch  11/50  loss=0.6220  bal_acc=0.3993
  epoch  12/50  loss=0.6039  bal_acc=0.4236
  epoch  13/50  loss=0.5816  bal_acc=0.4427
  epoch  14/50  loss=0.5782  bal_acc=0.4201
  epoch  15/50  loss=0.5507  bal_acc=0.4375
  epoch  16/50  loss=0.5242  bal_acc=0.4236
  epoch  17/50  loss=0.5142  bal_acc=0.4271
  epoch  18/50  loss=0.5172  bal_acc=0.4340
  epoch  19/50  loss=0.5028  bal_acc=0.4427
  epoch  20/50  loss=0.4731  bal_acc=0.4392
  epoch  21/50  loss=0.4789  bal_acc=0.4201
  epoch  22/50  loss=0.4545  bal_acc=0.4427
  epoch  23/50  loss=0.4303  bal_acc=0.4427
  epoch  24/50  loss=0.4444  bal_acc=0.4253
  epoch  25/50  loss=0.4309  bal_acc=0.4028
  epoch  26/50  loss=0.4120  bal_acc=0.3993
  epoch  27/50  loss=0.4318  bal_acc=0.4219
  epoch  28/50  loss=0.3937  bal_acc=0.4201
  epoch  29/50  loss=0.3865  bal_acc=0.4340
  epoch  30/50  loss=0.3979  bal_acc=0.4253
  epoch  31/50  loss=0.3791  bal_acc=0.4392
  epoch  32/50  loss=0.3707  bal_acc=0.3646
  epoch  33/50  loss=0.3634  bal_acc=0.4149
  epoch  34/50  loss=0.3779  bal_acc=0.3906
  epoch  35/50  loss=0.3835  bal_acc=0.4115
  epoch  36/50  loss=0.3347  bal_acc=0.4028
  epoch  37/50  loss=0.3292  bal_acc=0.4062
  epoch  38/50  loss=0.3229  bal_acc=0.4444
  epoch  39/50  loss=0.3202  bal_acc=0.4184
  epoch  40/50  loss=0.3517  bal_acc=0.4236
  epoch  41/50  loss=0.3301  bal_acc=0.4115
  epoch  42/50  loss=0.3382  bal_acc=0.4184
  epoch  43/50  loss=0.3219  bal_acc=0.4010
  epoch  44/50  loss=0.3667  bal_acc=0.4045
  epoch  45/50  loss=0.3519  bal_acc=0.4097
  epoch  46/50  loss=0.3651  bal_acc=0.4497
  epoch  47/50  loss=0.3466  bal_acc=0.4236
  epoch  48/50  loss=0.3385  bal_acc=0.4132
  epoch  49/50  loss=0.3162  bal_acc=0.3872
  epoch  50/50  loss=0.3266  bal_acc=0.3854
  [LOSO 2/9] subject 1: acc=0.3854  running_mean=0.4696

=== LOSO (hold out subject 2) ===
  Train: 4608 trials  |  Test: 576 trials
  Model params: 9,606
  epoch   1/50  loss=1.3152  bal_acc=0.4601
  epoch   2/50  loss=1.1579  bal_acc=0.4531
  epoch   3/50  loss=1.0069  bal_acc=0.4583
  epoch   4/50  loss=0.9706  bal_acc=0.5972
  epoch   5/50  loss=0.9242  bal_acc=0.5122
  epoch   6/50  loss=0.8576  bal_acc=0.5521
  epoch   7/50  loss=0.8363  bal_acc=0.6024
  epoch   8/50  loss=0.8195  bal_acc=0.5990
  epoch   9/50  loss=0.7792  bal_acc=0.6389
  epoch  10/50  loss=0.7549  bal_acc=0.6215
  epoch  11/50  loss=0.7127  bal_acc=0.5625
  epoch  12/50  loss=0.7030  bal_acc=0.5764
  epoch  13/50  loss=0.6733  bal_acc=0.5503
  epoch  14/50  loss=0.6658  bal_acc=0.5417
  epoch  15/50  loss=0.6499  bal_acc=0.5868
  epoch  16/50  loss=0.6293  bal_acc=0.5920
  epoch  17/50  loss=0.6088  bal_acc=0.6094
  epoch  18/50  loss=0.6133  bal_acc=0.6094
  epoch  19/50  loss=0.5933  bal_acc=0.6059
  epoch  20/50  loss=0.5801  bal_acc=0.5451
  epoch  21/50  loss=0.5621  bal_acc=0.6233
  epoch  22/50  loss=0.5365  bal_acc=0.5712
  epoch  23/50  loss=0.5150  bal_acc=0.6215
  epoch  24/50  loss=0.5352  bal_acc=0.5868
  epoch  25/50  loss=0.5119  bal_acc=0.5122
  epoch  26/50  loss=0.4920  bal_acc=0.5469
  epoch  27/50  loss=0.5190  bal_acc=0.5972
  epoch  28/50  loss=0.5155  bal_acc=0.5764
  epoch  29/50  loss=0.4970  bal_acc=0.5590
  epoch  30/50  loss=0.4927  bal_acc=0.6267
  epoch  31/50  loss=0.4951  bal_acc=0.5503
  epoch  32/50  loss=0.4775  bal_acc=0.5677
  epoch  33/50  loss=0.4898  bal_acc=0.5278
  epoch  34/50  loss=0.4880  bal_acc=0.5660
  epoch  35/50  loss=0.4483  bal_acc=0.5226
  epoch  36/50  loss=0.4612  bal_acc=0.5851
  epoch  37/50  loss=0.4255  bal_acc=0.5799
  epoch  38/50  loss=0.4305  bal_acc=0.5972
  epoch  39/50  loss=0.4473  bal_acc=0.6076
  epoch  40/50  loss=0.4319  bal_acc=0.6406
  epoch  41/50  loss=0.4244  bal_acc=0.5903
  epoch  42/50  loss=0.4450  bal_acc=0.5903
  epoch  43/50  loss=0.4002  bal_acc=0.5903
  epoch  44/50  loss=0.3867  bal_acc=0.5955
  epoch  45/50  loss=0.4021  bal_acc=0.6476
  epoch  46/50  loss=0.4078  bal_acc=0.6372
  epoch  47/50  loss=0.4034  bal_acc=0.6319
  epoch  48/50  loss=0.3968  bal_acc=0.6094
  epoch  49/50  loss=0.4451  bal_acc=0.5764
  epoch  50/50  loss=0.3955  bal_acc=0.6024
  [LOSO 3/9] subject 2: acc=0.6024  running_mean=0.5139

=== LOSO (hold out subject 3) ===
  Train: 4608 trials  |  Test: 576 trials
  Model params: 9,606
  epoch   1/50  loss=1.2757  bal_acc=0.3889
  epoch   2/50  loss=1.0983  bal_acc=0.3993
  epoch   3/50  loss=1.0037  bal_acc=0.3715
  epoch   4/50  loss=0.9246  bal_acc=0.4080
  epoch   5/50  loss=0.8728  bal_acc=0.4236
  epoch   6/50  loss=0.8102  bal_acc=0.4653
  epoch   7/50  loss=0.7591  bal_acc=0.4497
  epoch   8/50  loss=0.7430  bal_acc=0.4601
  epoch   9/50  loss=0.6790  bal_acc=0.4549
  epoch  10/50  loss=0.6745  bal_acc=0.4688
  epoch  11/50  loss=0.6573  bal_acc=0.4670
  epoch  12/50  loss=0.6313  bal_acc=0.4670
  epoch  13/50  loss=0.6027  bal_acc=0.4410
  epoch  14/50  loss=0.5855  bal_acc=0.4392
  epoch  15/50  loss=0.5692  bal_acc=0.4583
  epoch  16/50  loss=0.5601  bal_acc=0.4497
  epoch  17/50  loss=0.5370  bal_acc=0.4514
  epoch  18/50  loss=0.5148  bal_acc=0.4618
  epoch  19/50  loss=0.5242  bal_acc=0.4167
  epoch  20/50  loss=0.5177  bal_acc=0.4375
  epoch  21/50  loss=0.5095  bal_acc=0.4583
  epoch  22/50  loss=0.4891  bal_acc=0.4514
  epoch  23/50  loss=0.4825  bal_acc=0.4340
  epoch  24/50  loss=0.4692  bal_acc=0.4184
  epoch  25/50  loss=0.4646  bal_acc=0.4080
  epoch  26/50  loss=0.4528  bal_acc=0.4444
  epoch  27/50  loss=0.4460  bal_acc=0.4878
  epoch  28/50  loss=0.4194  bal_acc=0.4184
  epoch  29/50  loss=0.4359  bal_acc=0.4340
  epoch  30/50  loss=0.4024  bal_acc=0.4983
  epoch  31/50  loss=0.3990  bal_acc=0.4479
  epoch  32/50  loss=0.3933  bal_acc=0.4444
  epoch  33/50  loss=0.3981  bal_acc=0.4132
  epoch  34/50  loss=0.4023  bal_acc=0.4288
  epoch  35/50  loss=0.3817  bal_acc=0.4219
  epoch  36/50  loss=0.3777  bal_acc=0.4670
  epoch  37/50  loss=0.3662  bal_acc=0.4583
  epoch  38/50  loss=0.3570  bal_acc=0.4253
  epoch  39/50  loss=0.3554  bal_acc=0.4288
  epoch  40/50  loss=0.3589  bal_acc=0.4688
  epoch  41/50  loss=0.3362  bal_acc=0.4740
  epoch  42/50  loss=0.3471  bal_acc=0.4462
  epoch  43/50  loss=0.3421  bal_acc=0.4149
  epoch  44/50  loss=0.3525  bal_acc=0.4392
  epoch  45/50  loss=0.3487  bal_acc=0.4028
  epoch  46/50  loss=0.3192  bal_acc=0.4462
  epoch  47/50  loss=0.3105  bal_acc=0.4167
  epoch  48/50  loss=0.3395  bal_acc=0.4236
  epoch  49/50  loss=0.3081  bal_acc=0.4323
  epoch  50/50  loss=0.3164  bal_acc=0.4583
  [LOSO 4/9] subject 3: acc=0.4583  running_mean=0.5000

=== LOSO (hold out subject 4) ===
  Train: 4608 trials  |  Test: 576 trials
  Model params: 9,606
  epoch   1/50  loss=1.3075  bal_acc=0.2708
  epoch   2/50  loss=1.1180  bal_acc=0.3594
  epoch   3/50  loss=1.0317  bal_acc=0.3733
  epoch   4/50  loss=0.9612  bal_acc=0.4392
  epoch   5/50  loss=0.8810  bal_acc=0.4566
  epoch   6/50  loss=0.8518  bal_acc=0.3889
  epoch   7/50  loss=0.8138  bal_acc=0.4184
  epoch   8/50  loss=0.7570  bal_acc=0.4306
  epoch   9/50  loss=0.7386  bal_acc=0.4323
  epoch  10/50  loss=0.6994  bal_acc=0.4514
  epoch  11/50  loss=0.6676  bal_acc=0.4080
  epoch  12/50  loss=0.6541  bal_acc=0.4375
  epoch  13/50  loss=0.6195  bal_acc=0.4635
  epoch  14/50  loss=0.6262  bal_acc=0.4097
  epoch  15/50  loss=0.5918  bal_acc=0.4288
  epoch  16/50  loss=0.5668  bal_acc=0.3681
  epoch  17/50  loss=0.5606  bal_acc=0.4201
  epoch  18/50  loss=0.5540  bal_acc=0.4097
  epoch  19/50  loss=0.5271  bal_acc=0.4358
  epoch  20/50  loss=0.5002  bal_acc=0.5000
  epoch  21/50  loss=0.4947  bal_acc=0.4618
  epoch  22/50  loss=0.4870  bal_acc=0.4601
  epoch  23/50  loss=0.4648  bal_acc=0.4566
  epoch  24/50  loss=0.4446  bal_acc=0.4497
  epoch  25/50  loss=0.4441  bal_acc=0.3819
  epoch  26/50  loss=0.4329  bal_acc=0.4583
  epoch  27/50  loss=0.4129  bal_acc=0.4149
  epoch  28/50  loss=0.4202  bal_acc=0.3976
  epoch  29/50  loss=0.4117  bal_acc=0.4931
  epoch  30/50  loss=0.4076  bal_acc=0.4149
  epoch  31/50  loss=0.3991  bal_acc=0.4392
  epoch  32/50  loss=0.4035  bal_acc=0.4427
  epoch  33/50  loss=0.3997  bal_acc=0.4705
  epoch  34/50  loss=0.3767  bal_acc=0.4809
  epoch  35/50  loss=0.3593  bal_acc=0.4653
  epoch  36/50  loss=0.3473  bal_acc=0.4392
  epoch  37/50  loss=0.3691  bal_acc=0.4392
  epoch  38/50  loss=0.3547  bal_acc=0.4774
  epoch  39/50  loss=0.3489  bal_acc=0.4479
  epoch  40/50  loss=0.3484  bal_acc=0.4549
  epoch  41/50  loss=0.3406  bal_acc=0.4514
  epoch  42/50  loss=0.3246  bal_acc=0.4618
  epoch  43/50  loss=0.3138  bal_acc=0.4774
  epoch  44/50  loss=0.3276  bal_acc=0.4670
  epoch  45/50  loss=0.3294  bal_acc=0.4306
  epoch  46/50  loss=0.3512  bal_acc=0.4618
  epoch  47/50  loss=0.3342  bal_acc=0.4948
  epoch  48/50  loss=0.3201  bal_acc=0.4358
  epoch  49/50  loss=0.2850  bal_acc=0.4844
  epoch  50/50  loss=0.2982  bal_acc=0.5052
  [LOSO 5/9] subject 4: acc=0.5052  running_mean=0.5010

=== LOSO (hold out subject 5) ===
  Train: 4608 trials  |  Test: 576 trials
  Model params: 9,606
  epoch   1/50  loss=1.3010  bal_acc=0.3785
  epoch   2/50  loss=1.0989  bal_acc=0.4323
  epoch   3/50  loss=0.9688  bal_acc=0.4340
  epoch   4/50  loss=0.8928  bal_acc=0.4531
  epoch   5/50  loss=0.8413  bal_acc=0.4601
  epoch   6/50  loss=0.7977  bal_acc=0.4167
  epoch   7/50  loss=0.7676  bal_acc=0.4358
  epoch   8/50  loss=0.7485  bal_acc=0.4653
  epoch   9/50  loss=0.7169  bal_acc=0.4201
  epoch  10/50  loss=0.6846  bal_acc=0.4097
  epoch  11/50  loss=0.6878  bal_acc=0.3854
  epoch  12/50  loss=0.6508  bal_acc=0.4253
  epoch  13/50  loss=0.6210  bal_acc=0.3872
  epoch  14/50  loss=0.6179  bal_acc=0.3681
  epoch  15/50  loss=0.5838  bal_acc=0.4514
  epoch  16/50  loss=0.5570  bal_acc=0.4097
  epoch  17/50  loss=0.5528  bal_acc=0.4184
  epoch  18/50  loss=0.5309  bal_acc=0.3924
  epoch  19/50  loss=0.5398  bal_acc=0.4497
  epoch  20/50  loss=0.5143  bal_acc=0.4236
  epoch  21/50  loss=0.4853  bal_acc=0.4167
  epoch  22/50  loss=0.5005  bal_acc=0.3785
  epoch  23/50  loss=0.5008  bal_acc=0.4115
  epoch  24/50  loss=0.5064  bal_acc=0.4288
  epoch  25/50  loss=0.4803  bal_acc=0.3976
  epoch  26/50  loss=0.4567  bal_acc=0.4392
  epoch  27/50  loss=0.4603  bal_acc=0.4427
  epoch  28/50  loss=0.4577  bal_acc=0.4358
  epoch  29/50  loss=0.4248  bal_acc=0.4132
  epoch  30/50  loss=0.4333  bal_acc=0.4444
  epoch  31/50  loss=0.4484  bal_acc=0.4253
  epoch  32/50  loss=0.4207  bal_acc=0.3958
  epoch  33/50  loss=0.3912  bal_acc=0.4288
  epoch  34/50  loss=0.4128  bal_acc=0.4097
  epoch  35/50  loss=0.3940  bal_acc=0.4479
  epoch  36/50  loss=0.4065  bal_acc=0.4132
  epoch  37/50  loss=0.3826  bal_acc=0.4149
  epoch  38/50  loss=0.3903  bal_acc=0.4149
  epoch  39/50  loss=0.3797  bal_acc=0.4514
  epoch  40/50  loss=0.3862  bal_acc=0.4375
  epoch  41/50  loss=0.3634  bal_acc=0.4236
  epoch  42/50  loss=0.3495  bal_acc=0.4062
  epoch  43/50  loss=0.3669  bal_acc=0.4236
  epoch  44/50  loss=0.4443  bal_acc=0.3941
  epoch  45/50  loss=0.4037  bal_acc=0.3906
  epoch  46/50  loss=0.3742  bal_acc=0.4271
  epoch  47/50  loss=0.3613  bal_acc=0.3802
  epoch  48/50  loss=0.3743  bal_acc=0.4184
  epoch  49/50  loss=0.3832  bal_acc=0.3889
  epoch  50/50  loss=0.3803  bal_acc=0.4323
  [LOSO 6/9] subject 5: acc=0.4323  running_mean=0.4896

=== LOSO (hold out subject 6) ===
  Train: 4608 trials  |  Test: 576 trials
  Model params: 9,606
  epoch   1/50  loss=1.3198  bal_acc=0.4549
  epoch   2/50  loss=1.1142  bal_acc=0.5451
  epoch   3/50  loss=0.9998  bal_acc=0.4913
  epoch   4/50  loss=0.9400  bal_acc=0.5451
  epoch   5/50  loss=0.8877  bal_acc=0.4722
  epoch   6/50  loss=0.8477  bal_acc=0.5052
  epoch   7/50  loss=0.8038  bal_acc=0.4688
  epoch   8/50  loss=0.7694  bal_acc=0.5625
  epoch   9/50  loss=0.7337  bal_acc=0.5174
  epoch  10/50  loss=0.7128  bal_acc=0.5938
  epoch  11/50  loss=0.6981  bal_acc=0.5972
  epoch  12/50  loss=0.6717  bal_acc=0.5747
  epoch  13/50  loss=0.6518  bal_acc=0.5087
  epoch  14/50  loss=0.6378  bal_acc=0.5208
  epoch  15/50  loss=0.6327  bal_acc=0.5469
  epoch  16/50  loss=0.5997  bal_acc=0.5608
  epoch  17/50  loss=0.5851  bal_acc=0.5608
  epoch  18/50  loss=0.5718  bal_acc=0.5851
  epoch  19/50  loss=0.5515  bal_acc=0.5573
  epoch  20/50  loss=0.5523  bal_acc=0.5833
  epoch  21/50  loss=0.5375  bal_acc=0.5260
  epoch  22/50  loss=0.5196  bal_acc=0.5747
  epoch  23/50  loss=0.5140  bal_acc=0.5660
  epoch  24/50  loss=0.5078  bal_acc=0.5538
  epoch  25/50  loss=0.5404  bal_acc=0.5087
  epoch  26/50  loss=0.5310  bal_acc=0.5521
  epoch  27/50  loss=0.5184  bal_acc=0.5347
  epoch  28/50  loss=0.4728  bal_acc=0.5694
  epoch  29/50  loss=0.4556  bal_acc=0.5712
  epoch  30/50  loss=0.4553  bal_acc=0.5608
  epoch  31/50  loss=0.4633  bal_acc=0.5434
  epoch  32/50  loss=0.4522  bal_acc=0.5191
  epoch  33/50  loss=0.4432  bal_acc=0.5139
  epoch  34/50  loss=0.4402  bal_acc=0.5694
  epoch  35/50  loss=0.4358  bal_acc=0.5556
  epoch  36/50  loss=0.4144  bal_acc=0.5451
  epoch  37/50  loss=0.4431  bal_acc=0.5278
  epoch  38/50  loss=0.3961  bal_acc=0.5920
  epoch  39/50  loss=0.4033  bal_acc=0.5382
  epoch  40/50  loss=0.3939  bal_acc=0.5521
  epoch  41/50  loss=0.3921  bal_acc=0.5347
  epoch  42/50  loss=0.4016  bal_acc=0.5295
  epoch  43/50  loss=0.3896  bal_acc=0.5434
  epoch  44/50  loss=0.3959  bal_acc=0.5313
  epoch  45/50  loss=0.4095  bal_acc=0.5608
  epoch  46/50  loss=0.3803  bal_acc=0.5260
  epoch  47/50  loss=0.3860  bal_acc=0.5608
  epoch  48/50  loss=0.3888  bal_acc=0.5590
  epoch  49/50  loss=0.4057  bal_acc=0.5729
  epoch  50/50  loss=0.3979  bal_acc=0.5347
  [LOSO 7/9] subject 6: acc=0.5347  running_mean=0.4960

=== LOSO (hold out subject 7) ===
  Train: 4608 trials  |  Test: 576 trials
  Model params: 9,606
  epoch   1/50  loss=1.3078  bal_acc=0.4184
  epoch   2/50  loss=1.1529  bal_acc=0.5069
  epoch   3/50  loss=1.0601  bal_acc=0.5451
  epoch   4/50  loss=0.9472  bal_acc=0.5677
  epoch   5/50  loss=0.9054  bal_acc=0.5868
  epoch   6/50  loss=0.8546  bal_acc=0.6372
  epoch   7/50  loss=0.8214  bal_acc=0.5694
  epoch   8/50  loss=0.7866  bal_acc=0.5833
  epoch   9/50  loss=0.7630  bal_acc=0.6354
  epoch  10/50  loss=0.7383  bal_acc=0.6076
  epoch  11/50  loss=0.7272  bal_acc=0.6250
  epoch  12/50  loss=0.7145  bal_acc=0.6163
  epoch  13/50  loss=0.6780  bal_acc=0.6562
  epoch  14/50  loss=0.6620  bal_acc=0.6458
  epoch  15/50  loss=0.6219  bal_acc=0.6615
  epoch  16/50  loss=0.6317  bal_acc=0.6181
  epoch  17/50  loss=0.6158  bal_acc=0.6337
  epoch  18/50  loss=0.6122  bal_acc=0.6424
  epoch  19/50  loss=0.5926  bal_acc=0.5434
  epoch  20/50  loss=0.5846  bal_acc=0.6406
  epoch  21/50  loss=0.5728  bal_acc=0.6372
  epoch  22/50  loss=0.5696  bal_acc=0.6354
  epoch  23/50  loss=0.5489  bal_acc=0.6094
  epoch  24/50  loss=0.5344  bal_acc=0.6302
  epoch  25/50  loss=0.5536  bal_acc=0.6128
  epoch  26/50  loss=0.5392  bal_acc=0.6649
  epoch  27/50  loss=0.5365  bal_acc=0.6458
  epoch  28/50  loss=0.5352  bal_acc=0.6510
  epoch  29/50  loss=0.5366  bal_acc=0.6701
  epoch  30/50  loss=0.5302  bal_acc=0.6840
  epoch  31/50  loss=0.5032  bal_acc=0.6580
  epoch  32/50  loss=0.5129  bal_acc=0.6198
  epoch  33/50  loss=0.4767  bal_acc=0.6337
  epoch  34/50  loss=0.4623  bal_acc=0.6233
  epoch  35/50  loss=0.4732  bal_acc=0.6562
  epoch  36/50  loss=0.4724  bal_acc=0.6597
  epoch  37/50  loss=0.4887  bal_acc=0.5938
  epoch  38/50  loss=0.4799  bal_acc=0.6007
  epoch  39/50  loss=0.4609  bal_acc=0.6233
  epoch  40/50  loss=0.4554  bal_acc=0.6111
  epoch  41/50  loss=0.4611  bal_acc=0.6285
  epoch  42/50  loss=0.4442  bal_acc=0.6285
  epoch  43/50  loss=0.4603  bal_acc=0.6146
  epoch  44/50  loss=0.4594  bal_acc=0.6042
  epoch  45/50  loss=0.4436  bal_acc=0.5799
  epoch  46/50  loss=0.4121  bal_acc=0.6111
  epoch  47/50  loss=0.4249  bal_acc=0.6094
  epoch  48/50  loss=0.4152  bal_acc=0.6024
  epoch  49/50  loss=0.4001  bal_acc=0.5833
  epoch  50/50  loss=0.3875  bal_acc=0.6233
  [LOSO 8/9] subject 7: acc=0.6233  running_mean=0.5119

=== LOSO (hold out subject 8) ===
  Train: 4608 trials  |  Test: 576 trials
  Model params: 9,606
  epoch   1/50  loss=1.2903  bal_acc=0.3889
  epoch   2/50  loss=1.1258  bal_acc=0.4323
  epoch   3/50  loss=1.0631  bal_acc=0.4618
  epoch   4/50  loss=0.9824  bal_acc=0.4618
  epoch   5/50  loss=0.9168  bal_acc=0.4566
  epoch   6/50  loss=0.8757  bal_acc=0.4809
  epoch   7/50  loss=0.8428  bal_acc=0.4740
  epoch   8/50  loss=0.7824  bal_acc=0.5035
  epoch   9/50  loss=0.7603  bal_acc=0.5851
  epoch  10/50  loss=0.7291  bal_acc=0.5052
  epoch  11/50  loss=0.7092  bal_acc=0.5903
  epoch  12/50  loss=0.6846  bal_acc=0.5538
  epoch  13/50  loss=0.6934  bal_acc=0.4809
  epoch  14/50  loss=0.6612  bal_acc=0.5017
  epoch  15/50  loss=0.6471  bal_acc=0.5694
  epoch  16/50  loss=0.6039  bal_acc=0.5608
  epoch  17/50  loss=0.5809  bal_acc=0.5382
  epoch  18/50  loss=0.5846  bal_acc=0.5903
  epoch  19/50  loss=0.5682  bal_acc=0.5816
  epoch  20/50  loss=0.5610  bal_acc=0.5139
  epoch  21/50  loss=0.5544  bal_acc=0.5851
  epoch  22/50  loss=0.5231  bal_acc=0.5278
  epoch  23/50  loss=0.5402  bal_acc=0.5139
  epoch  24/50  loss=0.5263  bal_acc=0.5556
  epoch  25/50  loss=0.5317  bal_acc=0.5503
  epoch  26/50  loss=0.5299  bal_acc=0.5625
  epoch  27/50  loss=0.5174  bal_acc=0.5694
  epoch  28/50  loss=0.4916  bal_acc=0.5642
  epoch  29/50  loss=0.4995  bal_acc=0.5191
  epoch  30/50  loss=0.4839  bal_acc=0.5156
  epoch  31/50  loss=0.5033  bal_acc=0.5434
  epoch  32/50  loss=0.4637  bal_acc=0.6059
  epoch  33/50  loss=0.4453  bal_acc=0.5156
  epoch  34/50  loss=0.4412  bal_acc=0.5608
  epoch  35/50  loss=0.4323  bal_acc=0.5486
  epoch  36/50  loss=0.4365  bal_acc=0.5556
  epoch  37/50  loss=0.4244  bal_acc=0.5000
  epoch  38/50  loss=0.4075  bal_acc=0.5399
  epoch  39/50  loss=0.4083  bal_acc=0.5434
  epoch  40/50  loss=0.4129  bal_acc=0.5451
  epoch  41/50  loss=0.4363  bal_acc=0.5417
  epoch  42/50  loss=0.4034  bal_acc=0.5799
  epoch  43/50  loss=0.4222  bal_acc=0.5017
  epoch  44/50  loss=0.3873  bal_acc=0.5486
  epoch  45/50  loss=0.3785  bal_acc=0.5139
  epoch  46/50  loss=0.3889  bal_acc=0.5451
  epoch  47/50  loss=0.3888  bal_acc=0.5017
  epoch  48/50  loss=0.3888  bal_acc=0.5243
  epoch  49/50  loss=0.3757  bal_acc=0.5295
  epoch  50/50  loss=0.3779  bal_acc=0.5417
  [LOSO 9/9] subject 8: acc=0.5417  running_mean=0.5152
Results saved to results/BNCI2014_001/results_trial_25.json
Trial logged to results/BNCI2014_001/trials.csv
[status] trial 25 done (state=COMPLETE, value=0.5152391975308642) -- 24 completed total
Device: cuda
[BNCI2014_001] loading from cache: /home/aleksander.berezowsk/.cache/spiking_eegnet/BNCI2014_001_af1ccf3e92f684d8a93c057082b654d7.npz
[BNCI2014_001] cache hit: (5184, 1, 22, 1001), classes=['feet', 'left_hand', 'right_hand', 'tongue'], subjects=9
Dataset meta: {'n_classes': 4, 'n_channels': 22, 'n_samples': 1001, 'class_names': ['feet', 'left_hand', 'right_hand', 'tongue'], 'subject_list': [1, 2, 3, 4, 5, 6, 7, 8, 9], 'n_subjects': 9, 'sfreq': 250.0}

=== LOSO (hold out subject 0) ===
  Train: 4608 trials  |  Test: 576 trials
  Model params: 18,166
  epoch   1/50  loss=1.3844  bal_acc=0.3281
  epoch   2/50  loss=1.3700  bal_acc=0.3490
  epoch   3/50  loss=1.3558  bal_acc=0.3837
  epoch   4/50  loss=1.3414  bal_acc=0.3993
  epoch   5/50  loss=1.3265  bal_acc=0.3958
  epoch   6/50  loss=1.3104  bal_acc=0.4045
  epoch   7/50  loss=1.2938  bal_acc=0.3958
  epoch   8/50  loss=1.2786  bal_acc=0.3941
  epoch   9/50  loss=1.2643  bal_acc=0.3993
  epoch  10/50  loss=1.2501  bal_acc=0.4080
  epoch  11/50  loss=1.2328  bal_acc=0.4062
  epoch  12/50  loss=1.2193  bal_acc=0.4167
  epoch  13/50  loss=1.2050  bal_acc=0.4132
  epoch  14/50  loss=1.1879  bal_acc=0.4271
  epoch  15/50  loss=1.1762  bal_acc=0.4288
  epoch  16/50  loss=1.1577  bal_acc=0.4323
  epoch  17/50  loss=1.1418  bal_acc=0.4271
  epoch  18/50  loss=1.1265  bal_acc=0.4410
  epoch  19/50  loss=1.1094  bal_acc=0.4410
  epoch  20/50  loss=1.0956  bal_acc=0.4410
  epoch  21/50  loss=1.0820  bal_acc=0.4566
  epoch  22/50  loss=1.0695  bal_acc=0.4375
  epoch  23/50  loss=1.0569  bal_acc=0.4514
  epoch  24/50  loss=1.0469  bal_acc=0.4566
  epoch  25/50  loss=1.0307  bal_acc=0.4531
  epoch  26/50  loss=1.0246  bal_acc=0.4566
  epoch  27/50  loss=1.0115  bal_acc=0.4601
  epoch  28/50  loss=1.0030  bal_acc=0.4635
  epoch  29/50  loss=0.9925  bal_acc=0.4653
  epoch  30/50  loss=0.9801  bal_acc=0.4653
  epoch  31/50  loss=0.9718  bal_acc=0.4792
  epoch  32/50  loss=0.9635  bal_acc=0.4878
  epoch  33/50  loss=0.9539  bal_acc=0.4965
  epoch  34/50  loss=0.9453  bal_acc=0.4931
  epoch  35/50  loss=0.9362  bal_acc=0.4948
  epoch  36/50  loss=0.9292  bal_acc=0.4878
  epoch  37/50  loss=0.9204  bal_acc=0.4861
  epoch  38/50  loss=0.9128  bal_acc=0.4809
  epoch  39/50  loss=0.9063  bal_acc=0.4774
  epoch  40/50  loss=0.9003  bal_acc=0.4896
  epoch  41/50  loss=0.8884  bal_acc=0.4809
  epoch  42/50  loss=0.8835  bal_acc=0.4826
  epoch  43/50  loss=0.8752  bal_acc=0.4844
  epoch  44/50  loss=0.8671  bal_acc=0.4792
  epoch  45/50  loss=0.8606  bal_acc=0.4792
  epoch  46/50  loss=0.8554  bal_acc=0.4688
  epoch  47/50  loss=0.8444  bal_acc=0.4792
  epoch  48/50  loss=0.8409  bal_acc=0.4722
  epoch  49/50  loss=0.8366  bal_acc=0.4826
  epoch  50/50  loss=0.8319  bal_acc=0.4809
  [LOSO 1/9] subject 0: acc=0.4809  running_mean=0.4809

=== LOSO (hold out subject 1) ===
  Train: 4608 trials  |  Test: 576 trials
  Model params: 18,166
  epoch   1/50  loss=1.3807  bal_acc=0.2622
  epoch   2/50  loss=1.3653  bal_acc=0.2795
  epoch   3/50  loss=1.3508  bal_acc=0.2986
  epoch   4/50  loss=1.3335  bal_acc=0.3090
  epoch   5/50  loss=1.3195  bal_acc=0.3247
  epoch   6/50  loss=1.3032  bal_acc=0.3472
  epoch   7/50  loss=1.2867  bal_acc=0.3438
  epoch   8/50  loss=1.2717  bal_acc=0.3438
  epoch   9/50  loss=1.2552  bal_acc=0.3698
  epoch  10/50  loss=1.2399  bal_acc=0.3299
  epoch  11/50  loss=1.2240  bal_acc=0.3559
  epoch  12/50  loss=1.2092  bal_acc=0.3542
  epoch  13/50  loss=1.1890  bal_acc=0.3594
  epoch  14/50  loss=1.1744  bal_acc=0.3628
  epoch  15/50  loss=1.1554  bal_acc=0.3767
  epoch  16/50  loss=1.1370  bal_acc=0.3715
  epoch  17/50  loss=1.1212  bal_acc=0.3455
  epoch  18/50  loss=1.1031  bal_acc=0.3576
  epoch  19/50  loss=1.0866  bal_acc=0.3524
  epoch  20/50  loss=1.0750  bal_acc=0.3507
  epoch  21/50  loss=1.0582  bal_acc=0.3576
  epoch  22/50  loss=1.0443  bal_acc=0.3594
  epoch  23/50  loss=1.0306  bal_acc=0.3663
  epoch  24/50  loss=1.0139  bal_acc=0.3611
  epoch  25/50  loss=1.0052  bal_acc=0.3628
  epoch  26/50  loss=0.9885  bal_acc=0.3628
  epoch  27/50  loss=0.9730  bal_acc=0.3628
  epoch  28/50  loss=0.9625  bal_acc=0.3628
  epoch  29/50  loss=0.9490  bal_acc=0.3628
  epoch  30/50  loss=0.9318  bal_acc=0.3837
  epoch  31/50  loss=0.9227  bal_acc=0.3646
  epoch  32/50  loss=0.9090  bal_acc=0.3438
  epoch  33/50  loss=0.8989  bal_acc=0.3733
  epoch  34/50  loss=0.8854  bal_acc=0.3854
  epoch  35/50  loss=0.8753  bal_acc=0.3663
  epoch  36/50  loss=0.8641  bal_acc=0.3733
  epoch  37/50  loss=0.8558  bal_acc=0.3750
  epoch  38/50  loss=0.8491  bal_acc=0.3559
  epoch  39/50  loss=0.8365  bal_acc=0.3611
  epoch  40/50  loss=0.8288  bal_acc=0.3490
  epoch  41/50  loss=0.8212  bal_acc=0.3889
  epoch  42/50  loss=0.8143  bal_acc=0.3611
  epoch  43/50  loss=0.8032  bal_acc=0.3837
  epoch  44/50  loss=0.7967  bal_acc=0.3663
  epoch  45/50  loss=0.7876  bal_acc=0.3802
  epoch  46/50  loss=0.7780  bal_acc=0.3750
  epoch  47/50  loss=0.7718  bal_acc=0.3733
  epoch  48/50  loss=0.7661  bal_acc=0.3750
  epoch  49/50  loss=0.7594  bal_acc=0.3767
  epoch  50/50  loss=0.7552  bal_acc=0.3993
  [LOSO 2/9] subject 1: acc=0.3993  running_mean=0.4401

=== LOSO (hold out subject 2) ===
  Train: 4608 trials  |  Test: 576 trials
  Model params: 18,166
  epoch   1/50  loss=1.3819  bal_acc=0.3125
  epoch   2/50  loss=1.3681  bal_acc=0.3889
  epoch   3/50  loss=1.3521  bal_acc=0.3924
  epoch   4/50  loss=1.3371  bal_acc=0.3924
  epoch   5/50  loss=1.3227  bal_acc=0.4010
  epoch   6/50  loss=1.3102  bal_acc=0.4010
  epoch   7/50  loss=1.2988  bal_acc=0.4115
  epoch   8/50  loss=1.2883  bal_acc=0.4184
  epoch   9/50  loss=1.2777  bal_acc=0.4236
  epoch  10/50  loss=1.2658  bal_acc=0.4358
  epoch  11/50  loss=1.2561  bal_acc=0.4514
  epoch  12/50  loss=1.2423  bal_acc=0.4271
  epoch  13/50  loss=1.2329  bal_acc=0.4410
  epoch  14/50  loss=1.2186  bal_acc=0.4497
  epoch  15/50  loss=1.2073  bal_acc=0.4861
  epoch  16/50  loss=1.1936  bal_acc=0.4826
  epoch  17/50  loss=1.1812  bal_acc=0.4931
  epoch  18/50  loss=1.1676  bal_acc=0.5017
  epoch  19/50  loss=1.1548  bal_acc=0.5052
  epoch  20/50  loss=1.1397  bal_acc=0.5243
  epoch  21/50  loss=1.1260  bal_acc=0.5382
  epoch  22/50  loss=1.1141  bal_acc=0.5208
  epoch  23/50  loss=1.1008  bal_acc=0.5243
  epoch  24/50  loss=1.0889  bal_acc=0.5677
  epoch  25/50  loss=1.0760  bal_acc=0.5764
  epoch  26/50  loss=1.0645  bal_acc=0.5365
  epoch  27/50  loss=1.0564  bal_acc=0.5521
  epoch  28/50  loss=1.0411  bal_acc=0.5799
  epoch  29/50  loss=1.0291  bal_acc=0.5816
  epoch  30/50  loss=1.0233  bal_acc=0.5816
  epoch  31/50  loss=1.0099  bal_acc=0.5972
  epoch  32/50  loss=1.0046  bal_acc=0.5920
  epoch  33/50  loss=0.9935  bal_acc=0.6128
  epoch  34/50  loss=0.9848  bal_acc=0.6059
  epoch  35/50  loss=0.9787  bal_acc=0.6111
  epoch  36/50  loss=0.9655  bal_acc=0.6163
  epoch  37/50  loss=0.9649  bal_acc=0.6146
  epoch  38/50  loss=0.9555  bal_acc=0.6215
  epoch  39/50  loss=0.9500  bal_acc=0.6215
  epoch  40/50  loss=0.9391  bal_acc=0.6510
  epoch  41/50  loss=0.9359  bal_acc=0.6493
  epoch  42/50  loss=0.9242  bal_acc=0.6597
  epoch  43/50  loss=0.9212  bal_acc=0.6562
  epoch  44/50  loss=0.9122  bal_acc=0.6701
  epoch  45/50  loss=0.9102  bal_acc=0.6580
  epoch  46/50  loss=0.9016  bal_acc=0.6736
  epoch  47/50  loss=0.8949  bal_acc=0.6493
  epoch  48/50  loss=0.8879  bal_acc=0.6649
  epoch  49/50  loss=0.8833  bal_acc=0.6649
  epoch  50/50  loss=0.8751  bal_acc=0.6788
  [LOSO 3/9] subject 2: acc=0.6788  running_mean=0.5197

=== LOSO (hold out subject 3) ===
  Train: 4608 trials  |  Test: 576 trials
  Model params: 18,166
  epoch   1/50  loss=1.3825  bal_acc=0.2812
  epoch   2/50  loss=1.3714  bal_acc=0.2951
  epoch   3/50  loss=1.3591  bal_acc=0.3108
  epoch   4/50  loss=1.3498  bal_acc=0.3108
  epoch   5/50  loss=1.3377  bal_acc=0.3368
  epoch   6/50  loss=1.3238  bal_acc=0.3455
  epoch   7/50  loss=1.3114  bal_acc=0.3316
  epoch   8/50  loss=1.2976  bal_acc=0.3646
  epoch   9/50  loss=1.2863  bal_acc=0.3594
  epoch  10/50  loss=1.2734  bal_acc=0.3733
  epoch  11/50  loss=1.2611  bal_acc=0.3906
  epoch  12/50  loss=1.2485  bal_acc=0.3958
  epoch  13/50  loss=1.2345  bal_acc=0.4028
  epoch  14/50  loss=1.2197  bal_acc=0.4080
  epoch  15/50  loss=1.2032  bal_acc=0.3906
  epoch  16/50  loss=1.1900  bal_acc=0.4201
  epoch  17/50  loss=1.1745  bal_acc=0.4062
  epoch  18/50  loss=1.1600  bal_acc=0.4184
  epoch  19/50  loss=1.1482  bal_acc=0.4392
  epoch  20/50  loss=1.1320  bal_acc=0.4201
  epoch  21/50  loss=1.1184  bal_acc=0.4306
  epoch  22/50  loss=1.1050  bal_acc=0.4392
  epoch  23/50  loss=1.0945  bal_acc=0.4340
  epoch  24/50  loss=1.0791  bal_acc=0.4462
  epoch  25/50  loss=1.0684  bal_acc=0.4549
  epoch  26/50  loss=1.0562  bal_acc=0.4497
  epoch  27/50  loss=1.0420  bal_acc=0.4462
  epoch  28/50  loss=1.0343  bal_acc=0.4705
  epoch  29/50  loss=1.0208  bal_acc=0.4774
  epoch  30/50  loss=1.0121  bal_acc=0.4688
  epoch  31/50  loss=1.0004  bal_acc=0.4653
  epoch  32/50  loss=0.9886  bal_acc=0.4670
  epoch  33/50  loss=0.9771  bal_acc=0.4722
  epoch  34/50  loss=0.9676  bal_acc=0.4618
  epoch  35/50  loss=0.9604  bal_acc=0.4826
  epoch  36/50  loss=0.9491  bal_acc=0.4722
  epoch  37/50  loss=0.9391  bal_acc=0.4757
  epoch  38/50  loss=0.9297  bal_acc=0.4757
  epoch  39/50  loss=0.9246  bal_acc=0.4705
  epoch  40/50  loss=0.9089  bal_acc=0.4705
  epoch  41/50  loss=0.9001  bal_acc=0.4740
  epoch  42/50  loss=0.8902  bal_acc=0.4705
  epoch  43/50  loss=0.8866  bal_acc=0.4670
  epoch  44/50  loss=0.8743  bal_acc=0.4931
  epoch  45/50  loss=0.8641  bal_acc=0.5035
  epoch  46/50  loss=0.8593  bal_acc=0.4983
  epoch  47/50  loss=0.8523  bal_acc=0.4878
  epoch  48/50  loss=0.8433  bal_acc=0.4861
  epoch  49/50  loss=0.8357  bal_acc=0.4826
  epoch  50/50  loss=0.8268  bal_acc=0.4826
  [LOSO 4/9] subject 3: acc=0.4826  running_mean=0.5104

=== LOSO (hold out subject 4) ===
  Train: 4608 trials  |  Test: 576 trials
  Model params: 18,166
  epoch   1/50  loss=1.3907  bal_acc=0.2726
  epoch   2/50  loss=1.3784  bal_acc=0.2951
  epoch   3/50  loss=1.3701  bal_acc=0.2865
  epoch   4/50  loss=1.3608  bal_acc=0.2951
  epoch   5/50  loss=1.3511  bal_acc=0.3194
  epoch   6/50  loss=1.3373  bal_acc=0.3438
  epoch   7/50  loss=1.3262  bal_acc=0.3559
  epoch   8/50  loss=1.3120  bal_acc=0.3472
  epoch   9/50  loss=1.2967  bal_acc=0.3767
  epoch  10/50  loss=1.2852  bal_acc=0.3750
  epoch  11/50  loss=1.2721  bal_acc=0.3837
  epoch  12/50  loss=1.2614  bal_acc=0.4080
  epoch  13/50  loss=1.2466  bal_acc=0.4184
  epoch  14/50  loss=1.2329  bal_acc=0.4115
  epoch  15/50  loss=1.2199  bal_acc=0.4236
  epoch  16/50  loss=1.2051  bal_acc=0.4323
  epoch  17/50  loss=1.1869  bal_acc=0.4653
  epoch  18/50  loss=1.1726  bal_acc=0.4427
  epoch  19/50  loss=1.1538  bal_acc=0.4670
  epoch  20/50  loss=1.1357  bal_acc=0.4392
  epoch  21/50  loss=1.1194  bal_acc=0.4514
  epoch  22/50  loss=1.1045  bal_acc=0.4774
  epoch  23/50  loss=1.0866  bal_acc=0.4774
  epoch  24/50  loss=1.0709  bal_acc=0.4878
  epoch  25/50  loss=1.0575  bal_acc=0.4878
  epoch  26/50  loss=1.0403  bal_acc=0.4896
  epoch  27/50  loss=1.0268  bal_acc=0.4722
  epoch  28/50  loss=1.0120  bal_acc=0.5017
  epoch  29/50  loss=1.0014  bal_acc=0.4965
  epoch  30/50  loss=0.9931  bal_acc=0.4774
  epoch  31/50  loss=0.9774  bal_acc=0.5191
  epoch  32/50  loss=0.9671  bal_acc=0.4757
  epoch  33/50  loss=0.9529  bal_acc=0.5156
  epoch  34/50  loss=0.9445  bal_acc=0.5069
  epoch  35/50  loss=0.9379  bal_acc=0.4705
  epoch  36/50  loss=0.9232  bal_acc=0.4601
  epoch  37/50  loss=0.9158  bal_acc=0.4601
  epoch  38/50  loss=0.9047  bal_acc=0.4444
  epoch  39/50  loss=0.8917  bal_acc=0.4497
  epoch  40/50  loss=0.8858  bal_acc=0.4566
  epoch  41/50  loss=0.8774  bal_acc=0.4653
  epoch  42/50  loss=0.8694  bal_acc=0.4080
  epoch  43/50  loss=0.8608  bal_acc=0.4271
  epoch  44/50  loss=0.8531  bal_acc=0.4497
  epoch  45/50  loss=0.8449  bal_acc=0.4132
  epoch  46/50  loss=0.8349  bal_acc=0.4392
  epoch  47/50  loss=0.8285  bal_acc=0.3542
  epoch  48/50  loss=0.8205  bal_acc=0.3733
  epoch  49/50  loss=0.8185  bal_acc=0.4115
  epoch  50/50  loss=0.8100  bal_acc=0.4219
  [LOSO 5/9] subject 4: acc=0.4219  running_mean=0.4927

=== LOSO (hold out subject 5) ===
  Train: 4608 trials  |  Test: 576 trials
  Model params: 18,166
  epoch   1/50  loss=1.3869  bal_acc=0.2726
  epoch   2/50  loss=1.3721  bal_acc=0.2899
  epoch   3/50  loss=1.3587  bal_acc=0.3125
  epoch   4/50  loss=1.3424  bal_acc=0.3229
  epoch   5/50  loss=1.3252  bal_acc=0.3247
  epoch   6/50  loss=1.3060  bal_acc=0.3403
  epoch   7/50  loss=1.2856  bal_acc=0.3212
  epoch   8/50  loss=1.2647  bal_acc=0.3403
  epoch   9/50  loss=1.2464  bal_acc=0.3438
  epoch  10/50  loss=1.2264  bal_acc=0.3594
  epoch  11/50  loss=1.2059  bal_acc=0.3455
  epoch  12/50  loss=1.1885  bal_acc=0.3802
  epoch  13/50  loss=1.1697  bal_acc=0.3767
  epoch  14/50  loss=1.1533  bal_acc=0.3819
  epoch  15/50  loss=1.1355  bal_acc=0.3854
  epoch  16/50  loss=1.1200  bal_acc=0.3854
  epoch  17/50  loss=1.1025  bal_acc=0.3889
  epoch  18/50  loss=1.0877  bal_acc=0.4010
  epoch  19/50  loss=1.0718  bal_acc=0.3941
  epoch  20/50  loss=1.0599  bal_acc=0.4132
  epoch  21/50  loss=1.0408  bal_acc=0.4167
  epoch  22/50  loss=1.0274  bal_acc=0.4184
  epoch  23/50  loss=1.0149  bal_acc=0.4219
  epoch  24/50  loss=1.0047  bal_acc=0.4115
  epoch  25/50  loss=0.9915  bal_acc=0.4253
  epoch  26/50  loss=0.9839  bal_acc=0.4306
  epoch  27/50  loss=0.9709  bal_acc=0.4167
  epoch  28/50  loss=0.9592  bal_acc=0.4132
  epoch  29/50  loss=0.9489  bal_acc=0.4132
  epoch  30/50  loss=0.9416  bal_acc=0.4080
  epoch  31/50  loss=0.9308  bal_acc=0.3941
  epoch  32/50  loss=0.9259  bal_acc=0.3958
  epoch  33/50  loss=0.9160  bal_acc=0.4184
  epoch  34/50  loss=0.9029  bal_acc=0.4132
  epoch  35/50  loss=0.8959  bal_acc=0.3958
  epoch  36/50  loss=0.8915  bal_acc=0.3906
  epoch  37/50  loss=0.8808  bal_acc=0.4132
  epoch  38/50  loss=0.8791  bal_acc=0.4028
  epoch  39/50  loss=0.8658  bal_acc=0.4045
  epoch  40/50  loss=0.8591  bal_acc=0.4028
  epoch  41/50  loss=0.8567  bal_acc=0.4184
  epoch  42/50  loss=0.8502  bal_acc=0.4080
  epoch  43/50  loss=0.8362  bal_acc=0.4115
  epoch  44/50  loss=0.8311  bal_acc=0.3993
  epoch  45/50  loss=0.8252  bal_acc=0.4184
  epoch  46/50  loss=0.8134  bal_acc=0.3958
  epoch  47/50  loss=0.8085  bal_acc=0.4201
  epoch  48/50  loss=0.7984  bal_acc=0.4097
  epoch  49/50  loss=0.7973  bal_acc=0.4097
  epoch  50/50  loss=0.7907  bal_acc=0.4184
  [LOSO 6/9] subject 5: acc=0.4184  running_mean=0.4803

=== LOSO (hold out subject 6) ===
  Train: 4608 trials  |  Test: 576 trials
  Model params: 18,166
  epoch   1/50  loss=1.3882  bal_acc=0.2830
  epoch   2/50  loss=1.3767  bal_acc=0.3177
  epoch   3/50  loss=1.3656  bal_acc=0.3455
  epoch   4/50  loss=1.3540  bal_acc=0.3906
  epoch   5/50  loss=1.3413  bal_acc=0.3958
  epoch   6/50  loss=1.3258  bal_acc=0.4010
  epoch   7/50  loss=1.3087  bal_acc=0.4288
  epoch   8/50  loss=1.2947  bal_acc=0.4410
  epoch   9/50  loss=1.2788  bal_acc=0.4514
  epoch  10/50  loss=1.2632  bal_acc=0.4566
  epoch  11/50  loss=1.2465  bal_acc=0.4583
  epoch  12/50  loss=1.2307  bal_acc=0.4688
  epoch  13/50  loss=1.2138  bal_acc=0.4878
  epoch  14/50  loss=1.2026  bal_acc=0.4705
  epoch  15/50  loss=1.1837  bal_acc=0.4913
  epoch  16/50  loss=1.1694  bal_acc=0.4792
  epoch  17/50  loss=1.1546  bal_acc=0.4427
  epoch  18/50  loss=1.1394  bal_acc=0.5122
  epoch  19/50  loss=1.1241  bal_acc=0.5191
  epoch  20/50  loss=1.1070  bal_acc=0.4878
  epoch  21/50  loss=1.0948  bal_acc=0.5469
  epoch  22/50  loss=1.0826  bal_acc=0.5486
  epoch  23/50  loss=1.0688  bal_acc=0.5556
  epoch  24/50  loss=1.0556  bal_acc=0.5556
  epoch  25/50  loss=1.0495  bal_acc=0.5556
  epoch  26/50  loss=1.0355  bal_acc=0.5590
  epoch  27/50  loss=1.0266  bal_acc=0.5625
  epoch  28/50  loss=1.0166  bal_acc=0.5608
  epoch  29/50  loss=1.0034  bal_acc=0.5677
  epoch  30/50  loss=0.9898  bal_acc=0.5538
  epoch  31/50  loss=0.9837  bal_acc=0.5694
  epoch  32/50  loss=0.9691  bal_acc=0.5781
  epoch  33/50  loss=0.9576  bal_acc=0.5712
  epoch  34/50  loss=0.9511  bal_acc=0.5833
  epoch  35/50  loss=0.9421  bal_acc=0.5885
  epoch  36/50  loss=0.9332  bal_acc=0.5868
  epoch  37/50  loss=0.9213  bal_acc=0.6024
  epoch  38/50  loss=0.9115  bal_acc=0.6042
  epoch  39/50  loss=0.9021  bal_acc=0.6024
  epoch  40/50  loss=0.8896  bal_acc=0.5955
  epoch  41/50  loss=0.8833  bal_acc=0.5955
  epoch  42/50  loss=0.8802  bal_acc=0.6007
  epoch  43/50  loss=0.8656  bal_acc=0.6007
  epoch  44/50  loss=0.8564  bal_acc=0.6146
  epoch  45/50  loss=0.8529  bal_acc=0.6042
  epoch  46/50  loss=0.8456  bal_acc=0.6250
  epoch  47/50  loss=0.8352  bal_acc=0.5972
  epoch  48/50  loss=0.8285  bal_acc=0.6042
  epoch  49/50  loss=0.8219  bal_acc=0.6076
  epoch  50/50  loss=0.8103  bal_acc=0.6024
  [LOSO 7/9] subject 6: acc=0.6024  running_mean=0.4978

=== LOSO (hold out subject 7) ===
  Train: 4608 trials  |  Test: 576 trials
  Model params: 18,166
  epoch   1/50  loss=1.3850  bal_acc=0.2674
  epoch   2/50  loss=1.3717  bal_acc=0.3281
  epoch   3/50  loss=1.3609  bal_acc=0.3438
  epoch   4/50  loss=1.3485  bal_acc=0.3819
  epoch   5/50  loss=1.3353  bal_acc=0.3559
  epoch   6/50  loss=1.3224  bal_acc=0.3750
  epoch   7/50  loss=1.3090  bal_acc=0.3854
  epoch   8/50  loss=1.2944  bal_acc=0.4010
  epoch   9/50  loss=1.2817  bal_acc=0.4080
  epoch  10/50  loss=1.2697  bal_acc=0.4062
  epoch  11/50  loss=1.2572  bal_acc=0.4184
  epoch  12/50  loss=1.2466  bal_acc=0.4097
  epoch  13/50  loss=1.2352  bal_acc=0.4184
  epoch  14/50  loss=1.2212  bal_acc=0.4462
  epoch  15/50  loss=1.2086  bal_acc=0.4306
  epoch  16/50  loss=1.1958  bal_acc=0.4583
  epoch  17/50  loss=1.1824  bal_acc=0.4549
  epoch  18/50  loss=1.1665  bal_acc=0.4948
  epoch  19/50  loss=1.1522  bal_acc=0.4601
  epoch  20/50  loss=1.1381  bal_acc=0.4253
  epoch  21/50  loss=1.1255  bal_acc=0.4375
  epoch  22/50  loss=1.1079  bal_acc=0.4601
  epoch  23/50  loss=1.0952  bal_acc=0.4531
  epoch  24/50  loss=1.0798  bal_acc=0.5278
  epoch  25/50  loss=1.0698  bal_acc=0.5556
  epoch  26/50  loss=1.0581  bal_acc=0.5608
  epoch  27/50  loss=1.0464  bal_acc=0.5312
  epoch  28/50  loss=1.0367  bal_acc=0.4809
  epoch  29/50  loss=1.0273  bal_acc=0.5434
  epoch  30/50  loss=1.0185  bal_acc=0.5312
  epoch  31/50  loss=1.0104  bal_acc=0.5104
  epoch  32/50  loss=0.9984  bal_acc=0.5486
  epoch  33/50  loss=0.9960  bal_acc=0.5625
  epoch  34/50  loss=0.9811  bal_acc=0.5469
  epoch  35/50  loss=0.9758  bal_acc=0.5625
  epoch  36/50  loss=0.9640  bal_acc=0.5365
  epoch  37/50  loss=0.9604  bal_acc=0.5677
  epoch  38/50  loss=0.9514  bal_acc=0.5573
  epoch  39/50  loss=0.9490  bal_acc=0.5677
  epoch  40/50  loss=0.9359  bal_acc=0.5764
  epoch  41/50  loss=0.9317  bal_acc=0.5677
  epoch  42/50  loss=0.9251  bal_acc=0.5556
  epoch  43/50  loss=0.9203  bal_acc=0.5764
  epoch  44/50  loss=0.9126  bal_acc=0.5625
  epoch  45/50  loss=0.9056  bal_acc=0.5365
  epoch  46/50  loss=0.9029  bal_acc=0.5295
  epoch  47/50  loss=0.8931  bal_acc=0.5833
  epoch  48/50  loss=0.8880  bal_acc=0.5660
  epoch  49/50  loss=0.8821  bal_acc=0.5712
  epoch  50/50  loss=0.8777  bal_acc=0.5660
  [LOSO 8/9] subject 7: acc=0.5660  running_mean=0.5063

=== LOSO (hold out subject 8) ===
  Train: 4608 trials  |  Test: 576 trials
  Model params: 18,166
  epoch   1/50  loss=1.3833  bal_acc=0.3021
  epoch   2/50  loss=1.3697  bal_acc=0.3351
  epoch   3/50  loss=1.3531  bal_acc=0.3385
  epoch   4/50  loss=1.3358  bal_acc=0.3299
  epoch   5/50  loss=1.3212  bal_acc=0.3177
  epoch   6/50  loss=1.3038  bal_acc=0.3351
  epoch   7/50  loss=1.2882  bal_acc=0.3368
  epoch   8/50  loss=1.2741  bal_acc=0.3247
  epoch   9/50  loss=1.2563  bal_acc=0.3368
  epoch  10/50  loss=1.2414  bal_acc=0.3385
  epoch  11/50  loss=1.2262  bal_acc=0.3455
  epoch  12/50  loss=1.2084  bal_acc=0.3438
  epoch  13/50  loss=1.1919  bal_acc=0.3385
  epoch  14/50  loss=1.1744  bal_acc=0.3542
  epoch  15/50  loss=1.1580  bal_acc=0.3490
  epoch  16/50  loss=1.1415  bal_acc=0.3490
  epoch  17/50  loss=1.1276  bal_acc=0.3681
  epoch  18/50  loss=1.1119  bal_acc=0.3611
  epoch  19/50  loss=1.0981  bal_acc=0.3906
  epoch  20/50  loss=1.0845  bal_acc=0.3889
  epoch  21/50  loss=1.0701  bal_acc=0.3854
  epoch  22/50  loss=1.0597  bal_acc=0.4010
  epoch  23/50  loss=1.0498  bal_acc=0.4028
  epoch  24/50  loss=1.0385  bal_acc=0.4080
  epoch  25/50  loss=1.0277  bal_acc=0.4080
  epoch  26/50  loss=1.0190  bal_acc=0.4253
  epoch  27/50  loss=1.0092  bal_acc=0.4375
  epoch  28/50  loss=1.0001  bal_acc=0.4375
  epoch  29/50  loss=0.9900  bal_acc=0.4306
  epoch  30/50  loss=0.9833  bal_acc=0.4410
  epoch  31/50  loss=0.9737  bal_acc=0.4479
  epoch  32/50  loss=0.9670  bal_acc=0.4653
  epoch  33/50  loss=0.9588  bal_acc=0.4670
  epoch  34/50  loss=0.9470  bal_acc=0.4601
  epoch  35/50  loss=0.9370  bal_acc=0.4878
  epoch  36/50  loss=0.9308  bal_acc=0.4931
  epoch  37/50  loss=0.9212  bal_acc=0.5069
  epoch  38/50  loss=0.9209  bal_acc=0.4792
  epoch  39/50  loss=0.9108  bal_acc=0.4878
  epoch  40/50  loss=0.9025  bal_acc=0.4913
  epoch  41/50  loss=0.8955  bal_acc=0.4896
  epoch  42/50  loss=0.8881  bal_acc=0.4705
  epoch  43/50  loss=0.8778  bal_acc=0.4826
  epoch  44/50  loss=0.8735  bal_acc=0.5087
  epoch  45/50  loss=0.8666  bal_acc=0.4792
  epoch  46/50  loss=0.8623  bal_acc=0.4844
  epoch  47/50  loss=0.8535  bal_acc=0.4844
  epoch  48/50  loss=0.8471  bal_acc=0.4844
  epoch  49/50  loss=0.8427  bal_acc=0.5208
  epoch  50/50  loss=0.8366  bal_acc=0.4861
  [LOSO 9/9] subject 8: acc=0.4861  running_mean=0.5041
Results saved to results/BNCI2014_001/results_trial_29.json
Trial logged to results/BNCI2014_001/trials.csv
[status] trial 29 done (state=COMPLETE, value=0.5040509259259259) -- 27 completed total
Device: cuda
[BNCI2014_001] loading from cache: /home/aleksander.berezowsk/.cache/spiking_eegnet/BNCI2014_001_af1ccf3e92f684d8a93c057082b654d7.npz
[BNCI2014_001] cache hit: (5184, 1, 22, 1001), classes=['feet', 'left_hand', 'right_hand', 'tongue'], subjects=9
Dataset meta: {'n_classes': 4, 'n_channels': 22, 'n_samples': 1001, 'class_names': ['feet', 'left_hand', 'right_hand', 'tongue'], 'subject_list': [1, 2, 3, 4, 5, 6, 7, 8, 9], 'n_subjects': 9, 'sfreq': 250.0}

=== LOSO (hold out subject 0) ===
  Train: 4608 trials  |  Test: 576 trials
  Model params: 21,690
  epoch   1/50  loss=1.2834  bal_acc=0.4253
  epoch   2/50  loss=1.0585  bal_acc=0.4462
  epoch   3/50  loss=0.9482  bal_acc=0.4948
  epoch   4/50  loss=0.8456  bal_acc=0.4410
  epoch   5/50  loss=0.7710  bal_acc=0.4861
  epoch   6/50  loss=0.7214  bal_acc=0.4809
  epoch   7/50  loss=0.6602  bal_acc=0.5521
  epoch   8/50  loss=0.5925  bal_acc=0.5156
  epoch   9/50  loss=0.5671  bal_acc=0.5469
  epoch  10/50  loss=0.5149  bal_acc=0.5139
  epoch  11/50  loss=0.4842  bal_acc=0.5122
  epoch  12/50  loss=0.4642  bal_acc=0.5243
  epoch  13/50  loss=0.4109  bal_acc=0.5104
  epoch  14/50  loss=0.3930  bal_acc=0.4965
  epoch  15/50  loss=0.3550  bal_acc=0.5260
  epoch  16/50  loss=0.3435  bal_acc=0.5347
  epoch  17/50  loss=0.3136  bal_acc=0.5122
  epoch  18/50  loss=0.2970  bal_acc=0.5278
  epoch  19/50  loss=0.2814  bal_acc=0.5365
  epoch  20/50  loss=0.2761  bal_acc=0.5295
  epoch  21/50  loss=0.2441  bal_acc=0.4722
  epoch  22/50  loss=0.2300  bal_acc=0.5365
  epoch  23/50  loss=0.2154  bal_acc=0.4844
  epoch  24/50  loss=0.2141  bal_acc=0.5087
  epoch  25/50  loss=0.2048  bal_acc=0.5191
  epoch  26/50  loss=0.2073  bal_acc=0.5434
  epoch  27/50  loss=0.1908  bal_acc=0.5312
  epoch  28/50  loss=0.1548  bal_acc=0.5295
  epoch  29/50  loss=0.1526  bal_acc=0.5104
  epoch  30/50  loss=0.1434  bal_acc=0.5573
  epoch  31/50  loss=0.1361  bal_acc=0.5625
  epoch  32/50  loss=0.1304  bal_acc=0.5729
  epoch  33/50  loss=0.1556  bal_acc=0.5174
  epoch  34/50  loss=0.1390  bal_acc=0.5087
  epoch  35/50  loss=0.1127  bal_acc=0.5330
  epoch  36/50  loss=0.1188  bal_acc=0.5260
  epoch  37/50  loss=0.1220  bal_acc=0.5035
  epoch  38/50  loss=0.1165  bal_acc=0.5417
  epoch  39/50  loss=0.1103  bal_acc=0.4983
  epoch  40/50  loss=0.1071  bal_acc=0.5382
  epoch  41/50  loss=0.1043  bal_acc=0.5417
  epoch  42/50  loss=0.0977  bal_acc=0.5278
  epoch  43/50  loss=0.0898  bal_acc=0.5330
  epoch  44/50  loss=0.0990  bal_acc=0.5278
  epoch  45/50  loss=0.0859  bal_acc=0.5503
  epoch  46/50  loss=0.0910  bal_acc=0.5399
  epoch  47/50  loss=0.0773  bal_acc=0.5382
  epoch  48/50  loss=0.0848  bal_acc=0.5347
  epoch  49/50  loss=0.1055  bal_acc=0.5365
  epoch  50/50  loss=0.0874  bal_acc=0.5486
  [LOSO 1/9] subject 0: acc=0.5486  running_mean=0.5486

=== LOSO (hold out subject 1) ===
  Train: 4608 trials  |  Test: 576 trials
  Model params: 21,690
  epoch   1/50  loss=1.2890  bal_acc=0.4028
  epoch   2/50  loss=1.0748  bal_acc=0.3715
  epoch   3/50  loss=0.9550  bal_acc=0.4288
  epoch   4/50  loss=0.8302  bal_acc=0.4149
  epoch   5/50  loss=0.7532  bal_acc=0.4479
  epoch   6/50  loss=0.7047  bal_acc=0.3924
  epoch   7/50  loss=0.6446  bal_acc=0.4601
  epoch   8/50  loss=0.5827  bal_acc=0.4948
  epoch   9/50  loss=0.5307  bal_acc=0.4115
  epoch  10/50  loss=0.5040  bal_acc=0.4479
  epoch  11/50  loss=0.4585  bal_acc=0.4444
  epoch  12/50  loss=0.4234  bal_acc=0.4635
  epoch  13/50  loss=0.4034  bal_acc=0.4757
  epoch  14/50  loss=0.3726  bal_acc=0.4653
  epoch  15/50  loss=0.3498  bal_acc=0.4288
  epoch  16/50  loss=0.3286  bal_acc=0.4861
  epoch  17/50  loss=0.3057  bal_acc=0.4826
  epoch  18/50  loss=0.2698  bal_acc=0.4514
  epoch  19/50  loss=0.2718  bal_acc=0.4566
  epoch  20/50  loss=0.2499  bal_acc=0.4583
  epoch  21/50  loss=0.2372  bal_acc=0.4653
  epoch  22/50  loss=0.2301  bal_acc=0.4479
  epoch  23/50  loss=0.2212  bal_acc=0.4514
  epoch  24/50  loss=0.1948  bal_acc=0.4601
  epoch  25/50  loss=0.1758  bal_acc=0.4740
  epoch  26/50  loss=0.1697  bal_acc=0.4670
  epoch  27/50  loss=0.1624  bal_acc=0.4479
  epoch  28/50  loss=0.1529  bal_acc=0.4566
  epoch  29/50  loss=0.1638  bal_acc=0.4271
  epoch  30/50  loss=0.1577  bal_acc=0.4549
  epoch  31/50  loss=0.1481  bal_acc=0.4444
  epoch  32/50  loss=0.1388  bal_acc=0.4514
  epoch  33/50  loss=0.1274  bal_acc=0.4549
  epoch  34/50  loss=0.1277  bal_acc=0.4531
  epoch  35/50  loss=0.1286  bal_acc=0.4201
  epoch  36/50  loss=0.1378  bal_acc=0.4722
  epoch  37/50  loss=0.1170  bal_acc=0.4670
  epoch  38/50  loss=0.1082  bal_acc=0.4566
  epoch  39/50  loss=0.1072  bal_acc=0.4740
  epoch  40/50  loss=0.0927  bal_acc=0.4514
  epoch  41/50  loss=0.0988  bal_acc=0.4566
  epoch  42/50  loss=0.0878  bal_acc=0.4688
  epoch  43/50  loss=0.0849  bal_acc=0.4566
  epoch  44/50  loss=0.0834  bal_acc=0.4688
  epoch  45/50  loss=0.0948  bal_acc=0.4219
  epoch  46/50  loss=0.1135  bal_acc=0.4514
  epoch  47/50  loss=0.0977  bal_acc=0.4583
  epoch  48/50  loss=0.0932  bal_acc=0.4236
  epoch  49/50  loss=0.0938  bal_acc=0.4514
  epoch  50/50  loss=0.0890  bal_acc=0.4566
  [LOSO 2/9] subject 1: acc=0.4566  running_mean=0.5026

=== LOSO (hold out subject 2) ===
  Train: 4608 trials  |  Test: 576 trials
  Model params: 21,690
  epoch   1/50  loss=1.2867  bal_acc=0.4792
  epoch   2/50  loss=1.1258  bal_acc=0.4861
  epoch   3/50  loss=1.0203  bal_acc=0.5694
  epoch   4/50  loss=0.9188  bal_acc=0.5885
  epoch   5/50  loss=0.8556  bal_acc=0.5677
  epoch   6/50  loss=0.7652  bal_acc=0.6302
  epoch   7/50  loss=0.7291  bal_acc=0.6545
  epoch   8/50  loss=0.6712  bal_acc=0.6128
  epoch   9/50  loss=0.6136  bal_acc=0.6024
  epoch  10/50  loss=0.5572  bal_acc=0.6250
  epoch  11/50  loss=0.5319  bal_acc=0.6302
  epoch  12/50  loss=0.4901  bal_acc=0.6042
  epoch  13/50  loss=0.4554  bal_acc=0.6267
  epoch  14/50  loss=0.4337  bal_acc=0.6372
  epoch  15/50  loss=0.4052  bal_acc=0.6441
  epoch  16/50  loss=0.3726  bal_acc=0.6094
  epoch  17/50  loss=0.3541  bal_acc=0.6059
  epoch  18/50  loss=0.3163  bal_acc=0.5920
  epoch  19/50  loss=0.3061  bal_acc=0.6024
  epoch  20/50  loss=0.2735  bal_acc=0.6285
  epoch  21/50  loss=0.2720  bal_acc=0.6146
  epoch  22/50  loss=0.2544  bal_acc=0.5885
  epoch  23/50  loss=0.2518  bal_acc=0.6163
  epoch  24/50  loss=0.2396  bal_acc=0.5885
  epoch  25/50  loss=0.2200  bal_acc=0.6406
  epoch  26/50  loss=0.2052  bal_acc=0.6510
  epoch  27/50  loss=0.1901  bal_acc=0.6302
  epoch  28/50  loss=0.1885  bal_acc=0.6441
  epoch  29/50  loss=0.1614  bal_acc=0.6059
  epoch  30/50  loss=0.1640  bal_acc=0.6076
  epoch  31/50  loss=0.1564  bal_acc=0.6094
  epoch  32/50  loss=0.1475  bal_acc=0.5642
  epoch  33/50  loss=0.1544  bal_acc=0.6059
  epoch  34/50  loss=0.1389  bal_acc=0.6198
  epoch  35/50  loss=0.1378  bal_acc=0.6285
  epoch  36/50  loss=0.1410  bal_acc=0.5955
  epoch  37/50  loss=0.1269  bal_acc=0.5938
  epoch  38/50  loss=0.1303  bal_acc=0.6163
  epoch  39/50  loss=0.1221  bal_acc=0.6580
  epoch  40/50  loss=0.1065  bal_acc=0.6302
  epoch  41/50  loss=0.1137  bal_acc=0.6406
  epoch  42/50  loss=0.1010  bal_acc=0.6302
  epoch  43/50  loss=0.1119  bal_acc=0.6302
  epoch  44/50  loss=0.1232  bal_acc=0.6181
  epoch  45/50  loss=0.1038  bal_acc=0.6059
  epoch  46/50  loss=0.1079  bal_acc=0.6441
  epoch  47/50  loss=0.0908  bal_acc=0.6389
  epoch  48/50  loss=0.0903  bal_acc=0.5990
  epoch  49/50  loss=0.0874  bal_acc=0.6163
  epoch  50/50  loss=0.0760  bal_acc=0.6337
  [LOSO 3/9] subject 2: acc=0.6337  running_mean=0.5463

=== LOSO (hold out subject 3) ===
  Train: 4608 trials  |  Test: 576 trials
  Model params: 21,690
  epoch   1/50  loss=1.2799  bal_acc=0.3958
  epoch   2/50  loss=1.0490  bal_acc=0.4219
  epoch   3/50  loss=0.9040  bal_acc=0.3993
  epoch   4/50  loss=0.8064  bal_acc=0.3941
  epoch   5/50  loss=0.7260  bal_acc=0.4670
  epoch   6/50  loss=0.6597  bal_acc=0.4045
  epoch   7/50  loss=0.6169  bal_acc=0.4514
  epoch   8/50  loss=0.5689  bal_acc=0.4271
  epoch   9/50  loss=0.5181  bal_acc=0.4028
  epoch  10/50  loss=0.5123  bal_acc=0.4132
  epoch  11/50  loss=0.4577  bal_acc=0.4167
  epoch  12/50  loss=0.4212  bal_acc=0.4236
  epoch  13/50  loss=0.4013  bal_acc=0.4219
  epoch  14/50  loss=0.3584  bal_acc=0.4514
  epoch  15/50  loss=0.3382  bal_acc=0.4670
  epoch  16/50  loss=0.3144  bal_acc=0.4427
  epoch  17/50  loss=0.2948  bal_acc=0.4271
  epoch  18/50  loss=0.2775  bal_acc=0.4427
  epoch  19/50  loss=0.2564  bal_acc=0.4583
  epoch  20/50  loss=0.2408  bal_acc=0.4583
  epoch  21/50  loss=0.2302  bal_acc=0.4236
  epoch  22/50  loss=0.2298  bal_acc=0.4010
  epoch  23/50  loss=0.1972  bal_acc=0.4375
  epoch  24/50  loss=0.1840  bal_acc=0.4340
  epoch  25/50  loss=0.1714  bal_acc=0.4531
  epoch  26/50  loss=0.1632  bal_acc=0.4844
  epoch  27/50  loss=0.1733  bal_acc=0.4392
  epoch  28/50  loss=0.1665  bal_acc=0.4878
  epoch  29/50  loss=0.1594  bal_acc=0.4184
  epoch  30/50  loss=0.1375  bal_acc=0.4722
  epoch  31/50  loss=0.1258  bal_acc=0.4375
  epoch  32/50  loss=0.1326  bal_acc=0.4288
  epoch  33/50  loss=0.1361  bal_acc=0.4635
  epoch  34/50  loss=0.1346  bal_acc=0.4531
  epoch  35/50  loss=0.1207  bal_acc=0.4444
  epoch  36/50  loss=0.1255  bal_acc=0.4306
  epoch  37/50  loss=0.1300  bal_acc=0.4340
  epoch  38/50  loss=0.1098  bal_acc=0.4358
  epoch  39/50  loss=0.1109  bal_acc=0.4635
  epoch  40/50  loss=0.1142  bal_acc=0.4774
  epoch  41/50  loss=0.0926  bal_acc=0.4583
  epoch  42/50  loss=0.0775  bal_acc=0.4236
  epoch  43/50  loss=0.0840  bal_acc=0.4358
  epoch  44/50  loss=0.0968  bal_acc=0.4826
  epoch  45/50  loss=0.0892  bal_acc=0.4566
  epoch  46/50  loss=0.0849  bal_acc=0.4479
  epoch  47/50  loss=0.0801  bal_acc=0.4549
  epoch  48/50  loss=0.0787  bal_acc=0.4549
  epoch  49/50  loss=0.0772  bal_acc=0.4358
  epoch  50/50  loss=0.0793  bal_acc=0.4358
  [LOSO 4/9] subject 3: acc=0.4358  running_mean=0.5187

=== LOSO (hold out subject 4) ===
  Train: 4608 trials  |  Test: 576 trials
  Model params: 21,690
  epoch   1/50  loss=1.3204  bal_acc=0.4601
  epoch   2/50  loss=1.1152  bal_acc=0.4323
  epoch   3/50  loss=0.9445  bal_acc=0.4410
  epoch   4/50  loss=0.8521  bal_acc=0.5260
  epoch   5/50  loss=0.7438  bal_acc=0.4462
  epoch   6/50  loss=0.6825  bal_acc=0.4931
  epoch   7/50  loss=0.6388  bal_acc=0.4722
  epoch   8/50  loss=0.5805  bal_acc=0.4670
  epoch   9/50  loss=0.5506  bal_acc=0.4826
  epoch  10/50  loss=0.5023  bal_acc=0.4826
  epoch  11/50  loss=0.4745  bal_acc=0.5087
  epoch  12/50  loss=0.4333  bal_acc=0.5087
  epoch  13/50  loss=0.4109  bal_acc=0.5035
  epoch  14/50  loss=0.3832  bal_acc=0.5122
  epoch  15/50  loss=0.3502  bal_acc=0.5347
  epoch  16/50  loss=0.3345  bal_acc=0.5417
  epoch  17/50  loss=0.2954  bal_acc=0.5260
  epoch  18/50  loss=0.2812  bal_acc=0.5174
  epoch  19/50  loss=0.2761  bal_acc=0.4896
  epoch  20/50  loss=0.2733  bal_acc=0.5295
  epoch  21/50  loss=0.2392  bal_acc=0.5069
  epoch  22/50  loss=0.2261  bal_acc=0.5243
  epoch  23/50  loss=0.2001  bal_acc=0.5139
  epoch  24/50  loss=0.1955  bal_acc=0.5312
  epoch  25/50  loss=0.1892  bal_acc=0.5226
  epoch  26/50  loss=0.1613  bal_acc=0.5365
  epoch  27/50  loss=0.1728  bal_acc=0.5243
  epoch  28/50  loss=0.1531  bal_acc=0.5503
  epoch  29/50  loss=0.1561  bal_acc=0.5451
  epoch  30/50  loss=0.1360  bal_acc=0.5174
  epoch  31/50  loss=0.1436  bal_acc=0.5469
  epoch  32/50  loss=0.1303  bal_acc=0.5330
  epoch  33/50  loss=0.1181  bal_acc=0.5312
  epoch  34/50  loss=0.1400  bal_acc=0.5382
  epoch  35/50  loss=0.1360  bal_acc=0.5417
  epoch  36/50  loss=0.1303  bal_acc=0.5608
  epoch  37/50  loss=0.1285  bal_acc=0.5278
  epoch  38/50  loss=0.1229  bal_acc=0.5295
  epoch  39/50  loss=0.1025  bal_acc=0.5191
  epoch  40/50  loss=0.0991  bal_acc=0.5347
  epoch  41/50  loss=0.0995  bal_acc=0.5538
  epoch  42/50  loss=0.0885  bal_acc=0.5590
  epoch  43/50  loss=0.0888  bal_acc=0.5156
  epoch  44/50  loss=0.0858  bal_acc=0.5278
  epoch  45/50  loss=0.0949  bal_acc=0.5434
  epoch  46/50  loss=0.0806  bal_acc=0.5243
  epoch  47/50  loss=0.0929  bal_acc=0.5764
  epoch  48/50  loss=0.0785  bal_acc=0.5556
  epoch  49/50  loss=0.0857  bal_acc=0.5521
  epoch  50/50  loss=0.0782  bal_acc=0.5538
  [LOSO 5/9] subject 4: acc=0.5538  running_mean=0.5257

=== LOSO (hold out subject 5) ===
  Train: 4608 trials  |  Test: 576 trials
  Model params: 21,690
  epoch   1/50  loss=1.2999  bal_acc=0.3837
  epoch   2/50  loss=1.0680  bal_acc=0.4757
  epoch   3/50  loss=0.9381  bal_acc=0.3958
  epoch   4/50  loss=0.8363  bal_acc=0.4427
  epoch   5/50  loss=0.7521  bal_acc=0.4670
  epoch   6/50  loss=0.6797  bal_acc=0.4288
  epoch   7/50  loss=0.6307  bal_acc=0.4635
  epoch   8/50  loss=0.5774  bal_acc=0.4618
  epoch   9/50  loss=0.5319  bal_acc=0.4097
  epoch  10/50  loss=0.4886  bal_acc=0.4062
  epoch  11/50  loss=0.4566  bal_acc=0.3924
  epoch  12/50  loss=0.4391  bal_acc=0.4340
  epoch  13/50  loss=0.4055  bal_acc=0.3785
  epoch  14/50  loss=0.3645  bal_acc=0.3941
  epoch  15/50  loss=0.3460  bal_acc=0.4288
  epoch  16/50  loss=0.3345  bal_acc=0.3837
  epoch  17/50  loss=0.3040  bal_acc=0.4583
  epoch  18/50  loss=0.2777  bal_acc=0.4427
  epoch  19/50  loss=0.2725  bal_acc=0.4618
  epoch  20/50  loss=0.2464  bal_acc=0.4462
  epoch  21/50  loss=0.2363  bal_acc=0.4410
  epoch  22/50  loss=0.2183  bal_acc=0.4861
  epoch  23/50  loss=0.1926  bal_acc=0.4323
  epoch  24/50  loss=0.1999  bal_acc=0.4670
  epoch  25/50  loss=0.1900  bal_acc=0.4323
  epoch  26/50  loss=0.1709  bal_acc=0.4253
  epoch  27/50  loss=0.1498  bal_acc=0.5087
  epoch  28/50  loss=0.1523  bal_acc=0.4236
  epoch  29/50  loss=0.1452  bal_acc=0.4097
  epoch  30/50  loss=0.1340  bal_acc=0.4392
  epoch  31/50  loss=0.1563  bal_acc=0.4479
  epoch  32/50  loss=0.1279  bal_acc=0.4323
  epoch  33/50  loss=0.1224  bal_acc=0.4167
  epoch  34/50  loss=0.1211  bal_acc=0.4497
  epoch  35/50  loss=0.1085  bal_acc=0.4427
  epoch  36/50  loss=0.1195  bal_acc=0.4340
  epoch  37/50  loss=0.1129  bal_acc=0.3941
  epoch  38/50  loss=0.1209  bal_acc=0.4375
  epoch  39/50  loss=0.1233  bal_acc=0.4358
  epoch  40/50  loss=0.0945  bal_acc=0.4271
  epoch  41/50  loss=0.0974  bal_acc=0.4479
  epoch  42/50  loss=0.0987  bal_acc=0.4462
  epoch  43/50  loss=0.0898  bal_acc=0.4306
  epoch  44/50  loss=0.0832  bal_acc=0.4479
  epoch  45/50  loss=0.0819  bal_acc=0.4566
  epoch  46/50  loss=0.0874  bal_acc=0.3889
  epoch  47/50  loss=0.0785  bal_acc=0.4115
  epoch  48/50  loss=0.0832  bal_acc=0.4740
  epoch  49/50  loss=0.1002  bal_acc=0.4479
  epoch  50/50  loss=0.0888  bal_acc=0.4306
  [LOSO 6/9] subject 5: acc=0.4306  running_mean=0.5098

=== LOSO (hold out subject 6) ===
  Train: 4608 trials  |  Test: 576 trials
  Model params: 21,690
  epoch   1/50  loss=1.3322  bal_acc=0.4497
  epoch   2/50  loss=1.1248  bal_acc=0.5990
  epoch   3/50  loss=0.9741  bal_acc=0.5000
  epoch   4/50  loss=0.8592  bal_acc=0.6076
  epoch   5/50  loss=0.7832  bal_acc=0.6302
  epoch   6/50  loss=0.7115  bal_acc=0.5365
  epoch   7/50  loss=0.6354  bal_acc=0.5278
  epoch   8/50  loss=0.6092  bal_acc=0.6111
  epoch   9/50  loss=0.5750  bal_acc=0.5972
  epoch  10/50  loss=0.5029  bal_acc=0.6545
  epoch  11/50  loss=0.4891  bal_acc=0.5503
  epoch  12/50  loss=0.4600  bal_acc=0.6215
  epoch  13/50  loss=0.4133  bal_acc=0.6024
  epoch  14/50  loss=0.4060  bal_acc=0.6094
  epoch  15/50  loss=0.3622  bal_acc=0.6181
  epoch  16/50  loss=0.3624  bal_acc=0.6615
  epoch  17/50  loss=0.3178  bal_acc=0.5990
  epoch  18/50  loss=0.2856  bal_acc=0.5642
  epoch  19/50  loss=0.2662  bal_acc=0.5486
  epoch  20/50  loss=0.2582  bal_acc=0.5885
  epoch  21/50  loss=0.2613  bal_acc=0.6215
  epoch  22/50  loss=0.2417  bal_acc=0.6146
  epoch  23/50  loss=0.2095  bal_acc=0.6372
  epoch  24/50  loss=0.2150  bal_acc=0.5955
  epoch  25/50  loss=0.2043  bal_acc=0.6163
  epoch  26/50  loss=0.1814  bal_acc=0.6059
  epoch  27/50  loss=0.1929  bal_acc=0.5816
  epoch  28/50  loss=0.1643  bal_acc=0.5660
  epoch  29/50  loss=0.1464  bal_acc=0.6024
  epoch  30/50  loss=0.1332  bal_acc=0.5868
  epoch  31/50  loss=0.1262  bal_acc=0.5955
  epoch  32/50  loss=0.1219  bal_acc=0.6042
  epoch  33/50  loss=0.1180  bal_acc=0.5885
  epoch  34/50  loss=0.1217  bal_acc=0.5868
  epoch  35/50  loss=0.1109  bal_acc=0.6250
  epoch  36/50  loss=0.1331  bal_acc=0.5955
  epoch  37/50  loss=0.1211  bal_acc=0.6233
  epoch  38/50  loss=0.1341  bal_acc=0.6285
  epoch  39/50  loss=0.1168  bal_acc=0.6059
  epoch  40/50  loss=0.1071  bal_acc=0.6163
  epoch  41/50  loss=0.0977  bal_acc=0.6267
  epoch  42/50  loss=0.0921  bal_acc=0.6198
  epoch  43/50  loss=0.0822  bal_acc=0.5851
  epoch  44/50  loss=0.0960  bal_acc=0.6337
  epoch  45/50  loss=0.1027  bal_acc=0.5990
  epoch  46/50  loss=0.0906  bal_acc=0.6042
  epoch  47/50  loss=0.0772  bal_acc=0.5851
  epoch  48/50  loss=0.0823  bal_acc=0.5764
  epoch  49/50  loss=0.0678  bal_acc=0.5573
  epoch  50/50  loss=0.0861  bal_acc=0.5920
  [LOSO 7/9] subject 6: acc=0.5920  running_mean=0.5216

=== LOSO (hold out subject 7) ===
  Train: 4608 trials  |  Test: 576 trials
  Model params: 21,690
  epoch   1/50  loss=1.3081  bal_acc=0.4410
  epoch   2/50  loss=1.0829  bal_acc=0.4601
  epoch   3/50  loss=0.9820  bal_acc=0.5191
  epoch   4/50  loss=0.8877  bal_acc=0.5365
  epoch   5/50  loss=0.8221  bal_acc=0.5312
  epoch   6/50  loss=0.7400  bal_acc=0.5920
  epoch   7/50  loss=0.6781  bal_acc=0.5781
  epoch   8/50  loss=0.6628  bal_acc=0.5885
  epoch   9/50  loss=0.5965  bal_acc=0.5955
  epoch  10/50  loss=0.5497  bal_acc=0.5764
  epoch  11/50  loss=0.4994  bal_acc=0.5868
  epoch  12/50  loss=0.4724  bal_acc=0.5833
  epoch  13/50  loss=0.4477  bal_acc=0.5990
  epoch  14/50  loss=0.4041  bal_acc=0.5764
  epoch  15/50  loss=0.3839  bal_acc=0.5920
  epoch  16/50  loss=0.3646  bal_acc=0.5660
  epoch  17/50  loss=0.3516  bal_acc=0.5903
  epoch  18/50  loss=0.3069  bal_acc=0.5885
  epoch  19/50  loss=0.2956  bal_acc=0.6059
  epoch  20/50  loss=0.2741  bal_acc=0.5816
  epoch  21/50  loss=0.2624  bal_acc=0.5990
  epoch  22/50  loss=0.2518  bal_acc=0.6302
  epoch  23/50  loss=0.2360  bal_acc=0.5816
  epoch  24/50  loss=0.2276  bal_acc=0.6007
  epoch  25/50  loss=0.2106  bal_acc=0.5990
  epoch  26/50  loss=0.2033  bal_acc=0.5816
  epoch  27/50  loss=0.2065  bal_acc=0.6024
  epoch  28/50  loss=0.1898  bal_acc=0.5903
  epoch  29/50  loss=0.1711  bal_acc=0.5938
  epoch  30/50  loss=0.1697  bal_acc=0.5851
  epoch  31/50  loss=0.1492  bal_acc=0.5920
  epoch  32/50  loss=0.1510  bal_acc=0.6128
  epoch  33/50  loss=0.1378  bal_acc=0.5955
  epoch  34/50  loss=0.1222  bal_acc=0.5851
  epoch  35/50  loss=0.1245  bal_acc=0.6007
  epoch  36/50  loss=0.1432  bal_acc=0.5729
  epoch  37/50  loss=0.1334  bal_acc=0.6059
  epoch  38/50  loss=0.1109  bal_acc=0.6076
  epoch  39/50  loss=0.1158  bal_acc=0.5816
  epoch  40/50  loss=0.1066  bal_acc=0.5938
  epoch  41/50  loss=0.0954  bal_acc=0.5781
  epoch  42/50  loss=0.0983  bal_acc=0.5903
  epoch  43/50  loss=0.1004  bal_acc=0.5868
  epoch  44/50  loss=0.0981  bal_acc=0.5972
  epoch  45/50  loss=0.0961  bal_acc=0.6007
  epoch  46/50  loss=0.0853  bal_acc=0.6094
  epoch  47/50  loss=0.0938  bal_acc=0.5938
  epoch  48/50  loss=0.0991  bal_acc=0.6059
  epoch  49/50  loss=0.0974  bal_acc=0.6094
  epoch  50/50  loss=0.1019  bal_acc=0.6146
  [LOSO 8/9] subject 7: acc=0.6146  running_mean=0.5332

=== LOSO (hold out subject 8) ===
  Train: 4608 trials  |  Test: 576 trials
  Model params: 21,690
  epoch   1/50  loss=1.3122  bal_acc=0.4323
  epoch   2/50  loss=1.0907  bal_acc=0.4271
  epoch   3/50  loss=0.9644  bal_acc=0.4722
  epoch   4/50  loss=0.8616  bal_acc=0.4688
  epoch   5/50  loss=0.7977  bal_acc=0.4809
  epoch   6/50  loss=0.7100  bal_acc=0.5156
  epoch   7/50  loss=0.6589  bal_acc=0.4358
  epoch   8/50  loss=0.5971  bal_acc=0.5243
  epoch   9/50  loss=0.5417  bal_acc=0.5226
  epoch  10/50  loss=0.5026  bal_acc=0.5469
  epoch  11/50  loss=0.4623  bal_acc=0.5174
  epoch  12/50  loss=0.4437  bal_acc=0.5347
  epoch  13/50  loss=0.4331  bal_acc=0.5312
  epoch  14/50  loss=0.3761  bal_acc=0.5521
  epoch  15/50  loss=0.3327  bal_acc=0.5278
  epoch  16/50  loss=0.3319  bal_acc=0.5399
  epoch  17/50  loss=0.2958  bal_acc=0.5156
  epoch  18/50  loss=0.2845  bal_acc=0.5677
  epoch  19/50  loss=0.2478  bal_acc=0.5590
  epoch  20/50  loss=0.2432  bal_acc=0.5556
  epoch  21/50  loss=0.2182  bal_acc=0.5365
  epoch  22/50  loss=0.2088  bal_acc=0.5069
  epoch  23/50  loss=0.1978  bal_acc=0.5434
  epoch  24/50  loss=0.1966  bal_acc=0.5556
  epoch  25/50  loss=0.1879  bal_acc=0.5347
  epoch  26/50  loss=0.1804  bal_acc=0.5382
  epoch  27/50  loss=0.1628  bal_acc=0.5538
  epoch  28/50  loss=0.1687  bal_acc=0.5556
  epoch  29/50  loss=0.1482  bal_acc=0.5295
  epoch  30/50  loss=0.1506  bal_acc=0.5417
  epoch  31/50  loss=0.1386  bal_acc=0.5434
  epoch  32/50  loss=0.1366  bal_acc=0.5226
  epoch  33/50  loss=0.1227  bal_acc=0.5312
  epoch  34/50  loss=0.1164  bal_acc=0.5469
  epoch  35/50  loss=0.1155  bal_acc=0.5590
  epoch  36/50  loss=0.0982  bal_acc=0.5469
  epoch  37/50  loss=0.1000  bal_acc=0.5052
  epoch  38/50  loss=0.0853  bal_acc=0.4896
  epoch  39/50  loss=0.1052  bal_acc=0.5417
  epoch  40/50  loss=0.0942  bal_acc=0.5226
  epoch  41/50  loss=0.0927  bal_acc=0.5365
  epoch  42/50  loss=0.0961  bal_acc=0.5330
  epoch  43/50  loss=0.0979  bal_acc=0.5312
  epoch  44/50  loss=0.1087  bal_acc=0.5417
  epoch  45/50  loss=0.0946  bal_acc=0.5139
  epoch  46/50  loss=0.0851  bal_acc=0.5104
  epoch  47/50  loss=0.0784  bal_acc=0.5295
  epoch  48/50  loss=0.0779  bal_acc=0.5469
  epoch  49/50  loss=0.0899  bal_acc=0.5590
  epoch  50/50  loss=0.0969  bal_acc=0.5226
  [LOSO 9/9] subject 8: acc=0.5226  running_mean=0.5320
Results saved to results/BNCI2014_001/results_trial_33.json
Trial logged to results/BNCI2014_001/trials.csv
[status] trial 33 done (state=COMPLETE, value=0.5320216049382717) -- 31 completed total
Device: cuda
[BNCI2014_001] loading from cache: /home/aleksander.berezowsk/.cache/spiking_eegnet/BNCI2014_001_af1ccf3e92f684d8a93c057082b654d7.npz
[BNCI2014_001] cache hit: (5184, 1, 22, 1001), classes=['feet', 'left_hand', 'right_hand', 'tongue'], subjects=9
Dataset meta: {'n_classes': 4, 'n_channels': 22, 'n_samples': 1001, 'class_names': ['feet', 'left_hand', 'right_hand', 'tongue'], 'subject_list': [1, 2, 3, 4, 5, 6, 7, 8, 9], 'n_subjects': 9, 'sfreq': 250.0}

=== LOSO (hold out subject 0) ===
  Train: 4608 trials  |  Test: 576 trials
  Model params: 22,278
  epoch   1/50  loss=1.3538  bal_acc=0.3906
  epoch   2/50  loss=1.1040  bal_acc=0.4080
  epoch   3/50  loss=1.0078  bal_acc=0.4583
  epoch   4/50  loss=0.9097  bal_acc=0.4809
  epoch   5/50  loss=0.8426  bal_acc=0.5104
  epoch   6/50  loss=0.7871  bal_acc=0.4809
  epoch   7/50  loss=0.7317  bal_acc=0.4688
  epoch   8/50  loss=0.6507  bal_acc=0.4792
  epoch   9/50  loss=0.6376  bal_acc=0.5295
  epoch  10/50  loss=0.5585  bal_acc=0.4861
  epoch  11/50  loss=0.5365  bal_acc=0.4983
  epoch  12/50  loss=0.5180  bal_acc=0.5139
  epoch  13/50  loss=0.4983  bal_acc=0.5156
  epoch  14/50  loss=0.4569  bal_acc=0.4931
  epoch  15/50  loss=0.4202  bal_acc=0.5052
  epoch  16/50  loss=0.3739  bal_acc=0.5104
  epoch  17/50  loss=0.3562  bal_acc=0.5104
  epoch  18/50  loss=0.3192  bal_acc=0.5035
  epoch  19/50  loss=0.3001  bal_acc=0.4774
  epoch  20/50  loss=0.2929  bal_acc=0.5174
  epoch  21/50  loss=0.2623  bal_acc=0.5260
  epoch  22/50  loss=0.2586  bal_acc=0.5174
  epoch  23/50  loss=0.2229  bal_acc=0.5052
  epoch  24/50  loss=0.2522  bal_acc=0.5139
  epoch  25/50  loss=0.2363  bal_acc=0.5035
  epoch  26/50  loss=0.2226  bal_acc=0.5312
  epoch  27/50  loss=0.2230  bal_acc=0.4948
  epoch  28/50  loss=0.2325  bal_acc=0.5365
  epoch  29/50  loss=0.1976  bal_acc=0.4792
  epoch  30/50  loss=0.1703  bal_acc=0.4861
  epoch  31/50  loss=0.1845  bal_acc=0.5017
  epoch  32/50  loss=0.2254  bal_acc=0.4861
  epoch  33/50  loss=0.2457  bal_acc=0.5191
  epoch  34/50  loss=0.1918  bal_acc=0.4965
  epoch  35/50  loss=0.1945  bal_acc=0.4809
  epoch  36/50  loss=0.1678  bal_acc=0.5069
  epoch  37/50  loss=0.1312  bal_acc=0.4792
  epoch  38/50  loss=0.1431  bal_acc=0.4774
  epoch  39/50  loss=0.1680  bal_acc=0.4965
  epoch  40/50  loss=0.1445  bal_acc=0.4826
  epoch  41/50  loss=0.1228  bal_acc=0.5104
  epoch  42/50  loss=0.1225  bal_acc=0.4844
  epoch  43/50  loss=0.1308  bal_acc=0.5052
  epoch  44/50  loss=0.1415  bal_acc=0.4826
  epoch  45/50  loss=0.1567  bal_acc=0.4757
  epoch  46/50  loss=0.1621  bal_acc=0.4896
  epoch  47/50  loss=0.1325  bal_acc=0.4931
  epoch  48/50  loss=0.1308  bal_acc=0.5035
  epoch  49/50  loss=0.1533  bal_acc=0.4948
  epoch  50/50  loss=0.1693  bal_acc=0.4931
  [LOSO 1/9] subject 0: acc=0.4931  running_mean=0.4931

=== LOSO (hold out subject 1) ===
  Train: 4608 trials  |  Test: 576 trials
  Model params: 22,278
  epoch   1/50  loss=1.3801  bal_acc=0.3889
  epoch   2/50  loss=1.1210  bal_acc=0.3368
  epoch   3/50  loss=0.9997  bal_acc=0.3663
  epoch   4/50  loss=0.9098  bal_acc=0.4306
  epoch   5/50  loss=0.8190  bal_acc=0.4323
  epoch   6/50  loss=0.7474  bal_acc=0.4062
  epoch   7/50  loss=0.6985  bal_acc=0.4271
  epoch   8/50  loss=0.6390  bal_acc=0.4340
  epoch   9/50  loss=0.6066  bal_acc=0.4306
  epoch  10/50  loss=0.5594  bal_acc=0.4062
  epoch  11/50  loss=0.5252  bal_acc=0.4062
  epoch  12/50  loss=0.4879  bal_acc=0.4167
  epoch  13/50  loss=0.4612  bal_acc=0.4358
  epoch  14/50  loss=0.4149  bal_acc=0.4774
  epoch  15/50  loss=0.3773  bal_acc=0.4271
  epoch  16/50  loss=0.3600  bal_acc=0.4688
  epoch  17/50  loss=0.3616  bal_acc=0.4271
  epoch  18/50  loss=0.3186  bal_acc=0.4323
  epoch  19/50  loss=0.2798  bal_acc=0.4375
  epoch  20/50  loss=0.2892  bal_acc=0.4219
  epoch  21/50  loss=0.2580  bal_acc=0.4184
  epoch  22/50  loss=0.2555  bal_acc=0.4097
  epoch  23/50  loss=0.2414  bal_acc=0.4792
  epoch  24/50  loss=0.2419  bal_acc=0.4358
  epoch  25/50  loss=0.2473  bal_acc=0.4479
  epoch  26/50  loss=0.2195  bal_acc=0.4392
  epoch  27/50  loss=0.1940  bal_acc=0.4549
  epoch  28/50  loss=0.1963  bal_acc=0.4184
  epoch  29/50  loss=0.1782  bal_acc=0.4253
  epoch  30/50  loss=0.1894  bal_acc=0.4097
  epoch  31/50  loss=0.2203  bal_acc=0.4549
  epoch  32/50  loss=0.1856  bal_acc=0.4583
  epoch  33/50  loss=0.1577  bal_acc=0.4410
  epoch  34/50  loss=0.1537  bal_acc=0.4479
  epoch  35/50  loss=0.1636  bal_acc=0.4462
  epoch  36/50  loss=0.1610  bal_acc=0.4375
  epoch  37/50  loss=0.1547  bal_acc=0.4410
  epoch  38/50  loss=0.1780  bal_acc=0.4479
  epoch  39/50  loss=0.1693  bal_acc=0.4462
  epoch  40/50  loss=0.1543  bal_acc=0.4427
  epoch  41/50  loss=0.1432  bal_acc=0.4462
  epoch  42/50  loss=0.1407  bal_acc=0.4201
  epoch  43/50  loss=0.1679  bal_acc=0.4549
  epoch  44/50  loss=0.1516  bal_acc=0.4201
  epoch  45/50  loss=0.1446  bal_acc=0.4340
  epoch  46/50  loss=0.1372  bal_acc=0.4497
  epoch  47/50  loss=0.1354  bal_acc=0.4358
  epoch  48/50  loss=0.0986  bal_acc=0.4010
  epoch  49/50  loss=0.1219  bal_acc=0.4549
  epoch  50/50  loss=0.1318  bal_acc=0.4219
  [LOSO 2/9] subject 1: acc=0.4219  running_mean=0.4575

=== LOSO (hold out subject 2) ===
  Train: 4608 trials  |  Test: 576 trials
  Model params: 22,278
  epoch   1/50  loss=1.4152  bal_acc=0.5104
  epoch   2/50  loss=1.1941  bal_acc=0.5122
  epoch   3/50  loss=1.0834  bal_acc=0.5330
  epoch   4/50  loss=0.9812  bal_acc=0.6059
  epoch   5/50  loss=0.9065  bal_acc=0.6319
  epoch   6/50  loss=0.8657  bal_acc=0.6024
  epoch   7/50  loss=0.8154  bal_acc=0.5087
  epoch   8/50  loss=0.7455  bal_acc=0.5833
  epoch   9/50  loss=0.6994  bal_acc=0.6597
  epoch  10/50  loss=0.6360  bal_acc=0.6146
  epoch  11/50  loss=0.6140  bal_acc=0.6250
  epoch  12/50  loss=0.5768  bal_acc=0.6042
  epoch  13/50  loss=0.5016  bal_acc=0.6302
  epoch  14/50  loss=0.4757  bal_acc=0.6146
  epoch  15/50  loss=0.4499  bal_acc=0.6094
  epoch  16/50  loss=0.4221  bal_acc=0.5799
  epoch  17/50  loss=0.3988  bal_acc=0.5885
  epoch  18/50  loss=0.3700  bal_acc=0.5851
  epoch  19/50  loss=0.3509  bal_acc=0.6198
  epoch  20/50  loss=0.3459  bal_acc=0.6111
  epoch  21/50  loss=0.3274  bal_acc=0.6146
  epoch  22/50  loss=0.2847  bal_acc=0.5955
  epoch  23/50  loss=0.2715  bal_acc=0.5938
  epoch  24/50  loss=0.2678  bal_acc=0.5833
  epoch  25/50  loss=0.2521  bal_acc=0.5868
  epoch  26/50  loss=0.2096  bal_acc=0.6181
  epoch  27/50  loss=0.2295  bal_acc=0.6128
  epoch  28/50  loss=0.1951  bal_acc=0.5538
  epoch  29/50  loss=0.2184  bal_acc=0.5694
  epoch  30/50  loss=0.2065  bal_acc=0.5990
  epoch  31/50  loss=0.1826  bal_acc=0.6233
  epoch  32/50  loss=0.1803  bal_acc=0.6319
  epoch  33/50  loss=0.1662  bal_acc=0.5729
  epoch  34/50  loss=0.1471  bal_acc=0.6059
  epoch  35/50  loss=0.1739  bal_acc=0.6215
  epoch  36/50  loss=0.1698  bal_acc=0.6198
  epoch  37/50  loss=0.1798  bal_acc=0.6337
  epoch  38/50  loss=0.1995  bal_acc=0.5799
  epoch  39/50  loss=0.1818  bal_acc=0.6042
  epoch  40/50  loss=0.2247  bal_acc=0.6024
  epoch  41/50  loss=0.1758  bal_acc=0.6181
  epoch  42/50  loss=0.1574  bal_acc=0.6024
  epoch  43/50  loss=0.1489  bal_acc=0.5816
  epoch  44/50  loss=0.1689  bal_acc=0.6094
  epoch  45/50  loss=0.1399  bal_acc=0.6128
  epoch  46/50  loss=0.1343  bal_acc=0.5833
  epoch  47/50  loss=0.1306  bal_acc=0.6215
  epoch  48/50  loss=0.1451  bal_acc=0.6615
  epoch  49/50  loss=0.1551  bal_acc=0.6285
  epoch  50/50  loss=0.1395  bal_acc=0.6354
  [LOSO 3/9] subject 2: acc=0.6354  running_mean=0.5168

=== LOSO (hold out subject 3) ===
  Train: 4608 trials  |  Test: 576 trials
  Model params: 22,278
  epoch   1/50  loss=1.3956  bal_acc=0.3785
  epoch   2/50  loss=1.1244  bal_acc=0.4201
  epoch   3/50  loss=0.9763  bal_acc=0.3958
  epoch   4/50  loss=0.8999  bal_acc=0.4601
  epoch   5/50  loss=0.8149  bal_acc=0.4236
  epoch   6/50  loss=0.7290  bal_acc=0.4444
  epoch   7/50  loss=0.6999  bal_acc=0.4566
  epoch   8/50  loss=0.6590  bal_acc=0.4601
  epoch   9/50  loss=0.6029  bal_acc=0.4358
  epoch  10/50  loss=0.5426  bal_acc=0.4340
  epoch  11/50  loss=0.5109  bal_acc=0.4514
  epoch  12/50  loss=0.4877  bal_acc=0.4497
  epoch  13/50  loss=0.4473  bal_acc=0.4705
  epoch  14/50  loss=0.4389  bal_acc=0.4375
  epoch  15/50  loss=0.4437  bal_acc=0.4566
  epoch  16/50  loss=0.3513  bal_acc=0.4740
  epoch  17/50  loss=0.3437  bal_acc=0.4583
  epoch  18/50  loss=0.3122  bal_acc=0.4514
  epoch  19/50  loss=0.3102  bal_acc=0.4549
  epoch  20/50  loss=0.2933  bal_acc=0.4722
  epoch  21/50  loss=0.2514  bal_acc=0.4462
  epoch  22/50  loss=0.2232  bal_acc=0.4740
  epoch  23/50  loss=0.1980  bal_acc=0.4531
  epoch  24/50  loss=0.2077  bal_acc=0.4618
  epoch  25/50  loss=0.2063  bal_acc=0.4878
  epoch  26/50  loss=0.2130  bal_acc=0.4410
  epoch  27/50  loss=0.1689  bal_acc=0.4514
  epoch  28/50  loss=0.1643  bal_acc=0.4549
  epoch  29/50  loss=0.1877  bal_acc=0.4410
  epoch  30/50  loss=0.1772  bal_acc=0.4514
  epoch  31/50  loss=0.1746  bal_acc=0.4497
  epoch  32/50  loss=0.2392  bal_acc=0.4132
  epoch  33/50  loss=0.2277  bal_acc=0.4392
  epoch  34/50  loss=0.1810  bal_acc=0.4479
  epoch  35/50  loss=0.1567  bal_acc=0.4253
  epoch  36/50  loss=0.1619  bal_acc=0.4010
  epoch  37/50  loss=0.1651  bal_acc=0.4514
  epoch  38/50  loss=0.1437  bal_acc=0.4583
  epoch  39/50  loss=0.1252  bal_acc=0.4427
  epoch  40/50  loss=0.1111  bal_acc=0.4288
  epoch  41/50  loss=0.1407  bal_acc=0.4444
  epoch  42/50  loss=0.1313  bal_acc=0.4132
  epoch  43/50  loss=0.1419  bal_acc=0.4618
  epoch  44/50  loss=0.1390  bal_acc=0.4392
  epoch  45/50  loss=0.1336  bal_acc=0.4531
  epoch  46/50  loss=0.1176  bal_acc=0.4358
  epoch  47/50  loss=0.1316  bal_acc=0.4149
  epoch  48/50  loss=0.0994  bal_acc=0.4497
  epoch  49/50  loss=0.1401  bal_acc=0.4375
  epoch  50/50  loss=0.1377  bal_acc=0.4184
  [LOSO 4/9] subject 3: acc=0.4184  running_mean=0.4922

=== LOSO (hold out subject 4) ===
  Train: 4608 trials  |  Test: 576 trials
  Model params: 22,278
  epoch   1/50  loss=1.3780  bal_acc=0.3681
  epoch   2/50  loss=1.1685  bal_acc=0.4306
  epoch   3/50  loss=1.0739  bal_acc=0.4184
  epoch   4/50  loss=0.9839  bal_acc=0.3767
  epoch   5/50  loss=0.9186  bal_acc=0.4774
  epoch   6/50  loss=0.8278  bal_acc=0.4531
  epoch   7/50  loss=0.7764  bal_acc=0.4514
  epoch   8/50  loss=0.7252  bal_acc=0.3403
  epoch   9/50  loss=0.6459  bal_acc=0.4826
  epoch  10/50  loss=0.6110  bal_acc=0.4844
  epoch  11/50  loss=0.5780  bal_acc=0.4861
  epoch  12/50  loss=0.5286  bal_acc=0.4375
  epoch  13/50  loss=0.4881  bal_acc=0.4444
  epoch  14/50  loss=0.4884  bal_acc=0.5087
  epoch  15/50  loss=0.4090  bal_acc=0.5278
  epoch  16/50  loss=0.3974  bal_acc=0.4844
  epoch  17/50  loss=0.4054  bal_acc=0.4705
  epoch  18/50  loss=0.3550  bal_acc=0.4392
  epoch  19/50  loss=0.3293  bal_acc=0.4931
  epoch  20/50  loss=0.3137  bal_acc=0.4670
  epoch  21/50  loss=0.2856  bal_acc=0.4774
  epoch  22/50  loss=0.2654  bal_acc=0.4809
  epoch  23/50  loss=0.2361  bal_acc=0.4722
  epoch  24/50  loss=0.2357  bal_acc=0.4757
  epoch  25/50  loss=0.2664  bal_acc=0.4792
  epoch  26/50  loss=0.2180  bal_acc=0.4792
  epoch  27/50  loss=0.2578  bal_acc=0.5000
  epoch  28/50  loss=0.2272  bal_acc=0.4878
  epoch  29/50  loss=0.1910  bal_acc=0.5000
  epoch  30/50  loss=0.1828  bal_acc=0.4774
  epoch  31/50  loss=0.1676  bal_acc=0.4688
  epoch  32/50  loss=0.1614  bal_acc=0.5052
  epoch  33/50  loss=0.1820  bal_acc=0.5399
  epoch  34/50  loss=0.1667  bal_acc=0.5087
  epoch  35/50  loss=0.1637  bal_acc=0.5017
  epoch  36/50  loss=0.1627  bal_acc=0.5052
  epoch  37/50  loss=0.1607  bal_acc=0.5104
  epoch  38/50  loss=0.1518  bal_acc=0.4861
  epoch  39/50  loss=0.1852  bal_acc=0.4983
  epoch  40/50  loss=0.1889  bal_acc=0.4931
  epoch  41/50  loss=0.1631  bal_acc=0.5312
  epoch  42/50  loss=0.1501  bal_acc=0.4722
  epoch  43/50  loss=0.1461  bal_acc=0.4896
  epoch  44/50  loss=0.1513  bal_acc=0.4722
  epoch  45/50  loss=0.1649  bal_acc=0.5382
  epoch  46/50  loss=0.1388  bal_acc=0.4740
  epoch  47/50  loss=0.1225  bal_acc=0.4878
  epoch  48/50  loss=0.1400  bal_acc=0.5278
  epoch  49/50  loss=0.1293  bal_acc=0.5000
  epoch  50/50  loss=0.1415  bal_acc=0.4913
  [LOSO 5/9] subject 4: acc=0.4913  running_mean=0.4920

=== LOSO (hold out subject 5) ===
  Train: 4608 trials  |  Test: 576 trials
  Model params: 22,278
  epoch   1/50  loss=1.3526  bal_acc=0.3628
  epoch   2/50  loss=1.1235  bal_acc=0.3681
  epoch   3/50  loss=0.9810  bal_acc=0.4340
  epoch   4/50  loss=0.8763  bal_acc=0.4288
  epoch   5/50  loss=0.8081  bal_acc=0.4601
  epoch   6/50  loss=0.7446  bal_acc=0.4948
  epoch   7/50  loss=0.6599  bal_acc=0.4601
  epoch   8/50  loss=0.6154  bal_acc=0.4236
  epoch   9/50  loss=0.5917  bal_acc=0.4792
  epoch  10/50  loss=0.5366  bal_acc=0.4740
  epoch  11/50  loss=0.5246  bal_acc=0.4306
  epoch  12/50  loss=0.4577  bal_acc=0.4896
  epoch  13/50  loss=0.4280  bal_acc=0.4722
  epoch  14/50  loss=0.4124  bal_acc=0.4931
  epoch  15/50  loss=0.3765  bal_acc=0.5087
  epoch  16/50  loss=0.3666  bal_acc=0.4913
  epoch  17/50  loss=0.3420  bal_acc=0.4757
  epoch  18/50  loss=0.3547  bal_acc=0.4115
  epoch  19/50  loss=0.3090  bal_acc=0.4670
  epoch  20/50  loss=0.2788  bal_acc=0.4740
  epoch  21/50  loss=0.2767  bal_acc=0.4497
  epoch  22/50  loss=0.2694  bal_acc=0.4549
  epoch  23/50  loss=0.2489  bal_acc=0.4479
  epoch  24/50  loss=0.2088  bal_acc=0.4549
  epoch  25/50  loss=0.2043  bal_acc=0.4601
  epoch  26/50  loss=0.2006  bal_acc=0.4722
  epoch  27/50  loss=0.1849  bal_acc=0.4878
  epoch  28/50  loss=0.1932  bal_acc=0.4653
  epoch  29/50  loss=0.1890  bal_acc=0.4323
  epoch  30/50  loss=0.1965  bal_acc=0.4705
  epoch  31/50  loss=0.2120  bal_acc=0.4497
  epoch  32/50  loss=0.1921  bal_acc=0.4809
  epoch  33/50  loss=0.1806  bal_acc=0.4774
  epoch  34/50  loss=0.1711  bal_acc=0.4896
  epoch  35/50  loss=0.1552  bal_acc=0.4358
  epoch  36/50  loss=0.1680  bal_acc=0.4549
  epoch  37/50  loss=0.1853  bal_acc=0.4792
  epoch  38/50  loss=0.1563  bal_acc=0.4792
  epoch  39/50  loss=0.1754  bal_acc=0.4618
  epoch  40/50  loss=0.1641  bal_acc=0.4618
  epoch  41/50  loss=0.1634  bal_acc=0.4757
  epoch  42/50  loss=0.1475  bal_acc=0.4861
  epoch  43/50  loss=0.1554  bal_acc=0.5104
  epoch  44/50  loss=0.1240  bal_acc=0.4618
  epoch  45/50  loss=0.1276  bal_acc=0.4549
  epoch  46/50  loss=0.1576  bal_acc=0.4774
  epoch  47/50  loss=0.1481  bal_acc=0.4774
  epoch  48/50  loss=0.1201  bal_acc=0.4861
  epoch  49/50  loss=0.1375  bal_acc=0.4514
  epoch  50/50  loss=0.1428  bal_acc=0.4566
  [LOSO 6/9] subject 5: acc=0.4566  running_mean=0.4861

=== LOSO (hold out subject 6) ===
  Train: 4608 trials  |  Test: 576 trials
  Model params: 22,278
  epoch   1/50  loss=1.4067  bal_acc=0.4132
  epoch   2/50  loss=1.1602  bal_acc=0.5868
  epoch   3/50  loss=1.0435  bal_acc=0.5087
  epoch   4/50  loss=0.9520  bal_acc=0.5920
  epoch   5/50  loss=0.8718  bal_acc=0.5174
  epoch   6/50  loss=0.7996  bal_acc=0.5347
  epoch   7/50  loss=0.7544  bal_acc=0.5451
  epoch   8/50  loss=0.7386  bal_acc=0.5764
  epoch   9/50  loss=0.6647  bal_acc=0.5920
  epoch  10/50  loss=0.6110  bal_acc=0.4983
  epoch  11/50  loss=0.5922  bal_acc=0.5799
  epoch  12/50  loss=0.5196  bal_acc=0.5642
  epoch  13/50  loss=0.5213  bal_acc=0.5677
  epoch  14/50  loss=0.4842  bal_acc=0.5642
  epoch  15/50  loss=0.4603  bal_acc=0.5660
  epoch  16/50  loss=0.3983  bal_acc=0.5556
  epoch  17/50  loss=0.3711  bal_acc=0.5868
  epoch  18/50  loss=0.3642  bal_acc=0.5139
  epoch  19/50  loss=0.3658  bal_acc=0.5035
  epoch  20/50  loss=0.3431  bal_acc=0.5295
  epoch  21/50  loss=0.3473  bal_acc=0.5174
  epoch  22/50  loss=0.3008  bal_acc=0.5312
  epoch  23/50  loss=0.2853  bal_acc=0.5226
  epoch  24/50  loss=0.2570  bal_acc=0.5312
  epoch  25/50  loss=0.2780  bal_acc=0.5243
  epoch  26/50  loss=0.2613  bal_acc=0.5191
  epoch  27/50  loss=0.2374  bal_acc=0.5226
  epoch  28/50  loss=0.2044  bal_acc=0.5347
  epoch  29/50  loss=0.1913  bal_acc=0.5417
  epoch  30/50  loss=0.1931  bal_acc=0.5503
  epoch  31/50  loss=0.1829  bal_acc=0.5590
  epoch  32/50  loss=0.1959  bal_acc=0.5347
  epoch  33/50  loss=0.1698  bal_acc=0.4809
  epoch  34/50  loss=0.1904  bal_acc=0.5469
  epoch  35/50  loss=0.1815  bal_acc=0.5156
  epoch  36/50  loss=0.1576  bal_acc=0.5399
  epoch  37/50  loss=0.1720  bal_acc=0.5417
  epoch  38/50  loss=0.1881  bal_acc=0.5781
  epoch  39/50  loss=0.1654  bal_acc=0.5903
  epoch  40/50  loss=0.1973  bal_acc=0.5833
  epoch  41/50  loss=0.2048  bal_acc=0.5278
  epoch  42/50  loss=0.1444  bal_acc=0.5365
  epoch  43/50  loss=0.1324  bal_acc=0.5608
  epoch  44/50  loss=0.1219  bal_acc=0.5278
  epoch  45/50  loss=0.1575  bal_acc=0.5174
  epoch  46/50  loss=0.1219  bal_acc=0.5399
  epoch  47/50  loss=0.1371  bal_acc=0.5122
  epoch  48/50  loss=0.1538  bal_acc=0.5486
  epoch  49/50  loss=0.1531  bal_acc=0.5122
  epoch  50/50  loss=0.1669  bal_acc=0.5434
  [LOSO 7/9] subject 6: acc=0.5434  running_mean=0.4943

=== LOSO (hold out subject 7) ===
  Train: 4608 trials  |  Test: 576 trials
  Model params: 22,278
  epoch   1/50  loss=1.4090  bal_acc=0.3767
  epoch   2/50  loss=1.1931  bal_acc=0.4444
  epoch   3/50  loss=1.0671  bal_acc=0.4167
  epoch   4/50  loss=1.0112  bal_acc=0.5174
  epoch   5/50  loss=0.9213  bal_acc=0.5573
  epoch   6/50  loss=0.8495  bal_acc=0.5330
  epoch   7/50  loss=0.7947  bal_acc=0.5156
  epoch   8/50  loss=0.7264  bal_acc=0.5365
  epoch   9/50  loss=0.6977  bal_acc=0.5382
  epoch  10/50  loss=0.6717  bal_acc=0.5712
  epoch  11/50  loss=0.6034  bal_acc=0.5712
  epoch  12/50  loss=0.5670  bal_acc=0.5816
  epoch  13/50  loss=0.5362  bal_acc=0.5764
  epoch  14/50  loss=0.4996  bal_acc=0.5590
  epoch  15/50  loss=0.4401  bal_acc=0.5434
  epoch  16/50  loss=0.4308  bal_acc=0.5382
  epoch  17/50  loss=0.3879  bal_acc=0.5625
  epoch  18/50  loss=0.3679  bal_acc=0.5451
  epoch  19/50  loss=0.3517  bal_acc=0.5851
  epoch  20/50  loss=0.3069  bal_acc=0.5885
  epoch  21/50  loss=0.3116  bal_acc=0.5885
  epoch  22/50  loss=0.2950  bal_acc=0.5642
  epoch  23/50  loss=0.2848  bal_acc=0.5156
  epoch  24/50  loss=0.2521  bal_acc=0.5833
  epoch  25/50  loss=0.2218  bal_acc=0.5903
  epoch  26/50  loss=0.2212  bal_acc=0.5469
  epoch  27/50  loss=0.2313  bal_acc=0.5694
  epoch  28/50  loss=0.2264  bal_acc=0.5781
  epoch  29/50  loss=0.2262  bal_acc=0.5677
  epoch  30/50  loss=0.2146  bal_acc=0.5590
  epoch  31/50  loss=0.2375  bal_acc=0.5608
  epoch  32/50  loss=0.2150  bal_acc=0.5278
  epoch  33/50  loss=0.1703  bal_acc=0.5330
  epoch  34/50  loss=0.1702  bal_acc=0.5243
  epoch  35/50  loss=0.1956  bal_acc=0.5469
  epoch  36/50  loss=0.1980  bal_acc=0.5833
  epoch  37/50  loss=0.1575  bal_acc=0.5955
  epoch  38/50  loss=0.1736  bal_acc=0.5608
  epoch  39/50  loss=0.1848  bal_acc=0.5885
  epoch  40/50  loss=0.1718  bal_acc=0.5816
  epoch  41/50  loss=0.1847  bal_acc=0.5573
  epoch  42/50  loss=0.1418  bal_acc=0.5712
  epoch  43/50  loss=0.1495  bal_acc=0.5694
  epoch  44/50  loss=0.1524  bal_acc=0.5729
  epoch  45/50  loss=0.1429  bal_acc=0.5781
  epoch  46/50  loss=0.1576  bal_acc=0.5434
  epoch  47/50  loss=0.1653  bal_acc=0.5365
  epoch  48/50  loss=0.1883  bal_acc=0.5469
  epoch  49/50  loss=0.1498  bal_acc=0.5712
  epoch  50/50  loss=0.1509  bal_acc=0.5608
  [LOSO 8/9] subject 7: acc=0.5608  running_mean=0.5026

=== LOSO (hold out subject 8) ===
  Train: 4608 trials  |  Test: 576 trials
  Model params: 22,278
  epoch   1/50  loss=1.4033  bal_acc=0.3368
  epoch   2/50  loss=1.1681  bal_acc=0.4410
  epoch   3/50  loss=1.0652  bal_acc=0.4149
  epoch   4/50  loss=0.9877  bal_acc=0.4132
  epoch   5/50  loss=0.9289  bal_acc=0.4878
  epoch   6/50  loss=0.8894  bal_acc=0.4792
  epoch   7/50  loss=0.8462  bal_acc=0.4774
  epoch   8/50  loss=0.7947  bal_acc=0.4566
  epoch   9/50  loss=0.7303  bal_acc=0.5208
  epoch  10/50  loss=0.6807  bal_acc=0.5035
  epoch  11/50  loss=0.6328  bal_acc=0.5017
  epoch  12/50  loss=0.6054  bal_acc=0.5226
  epoch  13/50  loss=0.5343  bal_acc=0.5139
  epoch  14/50  loss=0.4991  bal_acc=0.4323
  epoch  15/50  loss=0.4831  bal_acc=0.4479
  epoch  16/50  loss=0.4498  bal_acc=0.4931
  epoch  17/50  loss=0.4195  bal_acc=0.4635
  epoch  18/50  loss=0.3901  bal_acc=0.4948
  epoch  19/50  loss=0.3742  bal_acc=0.4722
  epoch  20/50  loss=0.3695  bal_acc=0.5191
  epoch  21/50  loss=0.3384  bal_acc=0.5104
  epoch  22/50  loss=0.3323  bal_acc=0.5052
  epoch  23/50  loss=0.2750  bal_acc=0.4983
  epoch  24/50  loss=0.2698  bal_acc=0.4722
  epoch  25/50  loss=0.2552  bal_acc=0.5538
  epoch  26/50  loss=0.2926  bal_acc=0.5087
  epoch  27/50  loss=0.2719  bal_acc=0.4774
  epoch  28/50  loss=0.2304  bal_acc=0.4531
  epoch  29/50  loss=0.2375  bal_acc=0.5035
  epoch  30/50  loss=0.2526  bal_acc=0.4809
  epoch  31/50  loss=0.2119  bal_acc=0.4670
  epoch  32/50  loss=0.2060  bal_acc=0.4740
  epoch  33/50  loss=0.1666  bal_acc=0.4913
  epoch  34/50  loss=0.1790  bal_acc=0.4896
  epoch  35/50  loss=0.2092  bal_acc=0.4635
  epoch  36/50  loss=0.1862  bal_acc=0.4566
  epoch  37/50  loss=0.1501  bal_acc=0.5017
  epoch  38/50  loss=0.1545  bal_acc=0.4688
  epoch  39/50  loss=0.1506  bal_acc=0.4774
  epoch  40/50  loss=0.1486  bal_acc=0.4896
  epoch  41/50  loss=0.1816  bal_acc=0.4618
  epoch  42/50  loss=0.2438  bal_acc=0.4896
  epoch  43/50  loss=0.1861  bal_acc=0.4705
  epoch  44/50  loss=0.1450  bal_acc=0.4878
  epoch  45/50  loss=0.1482  bal_acc=0.4913
  epoch  46/50  loss=0.1421  bal_acc=0.4427
  epoch  47/50  loss=0.1421  bal_acc=0.4444
  epoch  48/50  loss=0.1722  bal_acc=0.4670
  epoch  49/50  loss=0.1718  bal_acc=0.4948
  epoch  50/50  loss=0.1404  bal_acc=0.5243
  [LOSO 9/9] subject 8: acc=0.5243  running_mean=0.5050
Results saved to results/BNCI2014_001/results_trial_37.json
Trial logged to results/BNCI2014_001/trials.csv
[status] trial 37 done (state=COMPLETE, value=0.5050154320987654) -- 35 completed total
Device: cuda
[BNCI2014_001] loading from cache: /home/aleksander.berezowsk/.cache/spiking_eegnet/BNCI2014_001_af1ccf3e92f684d8a93c057082b654d7.npz
[BNCI2014_001] cache hit: (5184, 1, 22, 1001), classes=['feet', 'left_hand', 'right_hand', 'tongue'], subjects=9
Dataset meta: {'n_classes': 4, 'n_channels': 22, 'n_samples': 1001, 'class_names': ['feet', 'left_hand', 'right_hand', 'tongue'], 'subject_list': [1, 2, 3, 4, 5, 6, 7, 8, 9], 'n_subjects': 9, 'sfreq': 250.0}

=== LOSO (hold out subject 0) ===
  Train: 4608 trials  |  Test: 576 trials
  Model params: 16,216
  epoch   1/50  loss=1.3646  bal_acc=0.4028
  epoch   2/50  loss=1.2233  bal_acc=0.4601
  epoch   3/50  loss=1.0835  bal_acc=0.4931
  epoch   4/50  loss=0.9986  bal_acc=0.4965
  epoch   5/50  loss=0.9481  bal_acc=0.5017
  epoch   6/50  loss=0.8762  bal_acc=0.5208
  epoch   7/50  loss=0.8491  bal_acc=0.5104
  epoch   8/50  loss=0.7999  bal_acc=0.5330
  epoch   9/50  loss=0.7607  bal_acc=0.5382
  epoch  10/50  loss=0.7414  bal_acc=0.5000
  epoch  11/50  loss=0.7049  bal_acc=0.5451
  epoch  12/50  loss=0.6695  bal_acc=0.5312
  epoch  13/50  loss=0.6681  bal_acc=0.5625
  epoch  14/50  loss=0.6228  bal_acc=0.5243
  epoch  15/50  loss=0.6049  bal_acc=0.5712
  epoch  16/50  loss=0.5890  bal_acc=0.5608
  epoch  17/50  loss=0.5678  bal_acc=0.5434
  epoch  18/50  loss=0.5539  bal_acc=0.5417
  epoch  19/50  loss=0.5243  bal_acc=0.5451
  epoch  20/50  loss=0.5044  bal_acc=0.5434
  epoch  21/50  loss=0.4980  bal_acc=0.5556
  epoch  22/50  loss=0.4836  bal_acc=0.5608
  epoch  23/50  loss=0.4724  bal_acc=0.5330
  epoch  24/50  loss=0.4466  bal_acc=0.5469
  epoch  25/50  loss=0.4532  bal_acc=0.5139
  epoch  26/50  loss=0.4304  bal_acc=0.5104
  epoch  27/50  loss=0.4212  bal_acc=0.5538
  epoch  28/50  loss=0.4144  bal_acc=0.5556
  epoch  29/50  loss=0.3950  bal_acc=0.5469
  epoch  30/50  loss=0.3883  bal_acc=0.5903
  epoch  31/50  loss=0.3750  bal_acc=0.5486
  epoch  32/50  loss=0.3721  bal_acc=0.5278
  epoch  33/50  loss=0.3591  bal_acc=0.5347
  epoch  34/50  loss=0.3619  bal_acc=0.5069
  epoch  35/50  loss=0.3487  bal_acc=0.5330
  epoch  36/50  loss=0.3399  bal_acc=0.5434
  epoch  37/50  loss=0.3250  bal_acc=0.5608
  epoch  38/50  loss=0.3165  bal_acc=0.5538
  epoch  39/50  loss=0.3119  bal_acc=0.5556
  epoch  40/50  loss=0.2930  bal_acc=0.5365
  epoch  41/50  loss=0.2866  bal_acc=0.5573
  epoch  42/50  loss=0.2832  bal_acc=0.5538
  epoch  43/50  loss=0.2853  bal_acc=0.5660
  epoch  44/50  loss=0.2860  bal_acc=0.5295
  epoch  45/50  loss=0.2654  bal_acc=0.5399
  epoch  46/50  loss=0.2598  bal_acc=0.5521
  epoch  47/50  loss=0.2588  bal_acc=0.5434
  epoch  48/50  loss=0.2440  bal_acc=0.5399
  epoch  49/50  loss=0.2412  bal_acc=0.5469
  epoch  50/50  loss=0.2343  bal_acc=0.5503
  [LOSO 1/9] subject 0: acc=0.5503  running_mean=0.5503

=== LOSO (hold out subject 1) ===
  Train: 4608 trials  |  Test: 576 trials
  Model params: 16,216
  epoch   1/50  loss=1.3528  bal_acc=0.3420
  epoch   2/50  loss=1.2343  bal_acc=0.3455
  epoch   3/50  loss=1.0991  bal_acc=0.3646
  epoch   4/50  loss=0.9933  bal_acc=0.3993
  epoch   5/50  loss=0.9217  bal_acc=0.3837
  epoch   6/50  loss=0.8622  bal_acc=0.3976
  epoch   7/50  loss=0.8174  bal_acc=0.4132
  epoch   8/50  loss=0.7561  bal_acc=0.4167
  epoch   9/50  loss=0.7280  bal_acc=0.4253
  epoch  10/50  loss=0.6898  bal_acc=0.4392
  epoch  11/50  loss=0.6652  bal_acc=0.4253
  epoch  12/50  loss=0.6259  bal_acc=0.3993
  epoch  13/50  loss=0.6036  bal_acc=0.4306
  epoch  14/50  loss=0.5801  bal_acc=0.4444
  epoch  15/50  loss=0.5521  bal_acc=0.4340
  epoch  16/50  loss=0.5289  bal_acc=0.4045
  epoch  17/50  loss=0.5228  bal_acc=0.4184
  epoch  18/50  loss=0.5087  bal_acc=0.4392
  epoch  19/50  loss=0.4885  bal_acc=0.4497
  epoch  20/50  loss=0.4704  bal_acc=0.4531
  epoch  21/50  loss=0.4622  bal_acc=0.4392
  epoch  22/50  loss=0.4342  bal_acc=0.4392
  epoch  23/50  loss=0.4237  bal_acc=0.4253
  epoch  24/50  loss=0.4047  bal_acc=0.4462
  epoch  25/50  loss=0.3930  bal_acc=0.4375
  epoch  26/50  loss=0.3955  bal_acc=0.4288
  epoch  27/50  loss=0.3852  bal_acc=0.4288
  epoch  28/50  loss=0.3672  bal_acc=0.4392
  epoch  29/50  loss=0.3704  bal_acc=0.4253
  epoch  30/50  loss=0.3508  bal_acc=0.4358
  epoch  31/50  loss=0.3317  bal_acc=0.4514
  epoch  32/50  loss=0.3196  bal_acc=0.4340
  epoch  33/50  loss=0.3147  bal_acc=0.4427
  epoch  34/50  loss=0.3103  bal_acc=0.4514
  epoch  35/50  loss=0.2961  bal_acc=0.4288
  epoch  36/50  loss=0.2969  bal_acc=0.4583
  epoch  37/50  loss=0.2766  bal_acc=0.4497
  epoch  38/50  loss=0.2738  bal_acc=0.4444
  epoch  39/50  loss=0.2724  bal_acc=0.4531
  epoch  40/50  loss=0.2643  bal_acc=0.4566
  epoch  41/50  loss=0.2530  bal_acc=0.4288
  epoch  42/50  loss=0.2507  bal_acc=0.4427
  epoch  43/50  loss=0.2296  bal_acc=0.4566
  epoch  44/50  loss=0.2348  bal_acc=0.4462
  epoch  45/50  loss=0.2265  bal_acc=0.4340
  epoch  46/50  loss=0.2207  bal_acc=0.4497
  epoch  47/50  loss=0.2103  bal_acc=0.4514
  epoch  48/50  loss=0.2177  bal_acc=0.4288
  epoch  49/50  loss=0.2080  bal_acc=0.4410
  epoch  50/50  loss=0.2059  bal_acc=0.4358
  [LOSO 2/9] subject 1: acc=0.4358  running_mean=0.4931

=== LOSO (hold out subject 2) ===
  Train: 4608 trials  |  Test: 576 trials
  Model params: 16,216
  epoch   1/50  loss=1.3478  bal_acc=0.3976
  epoch   2/50  loss=1.2312  bal_acc=0.4809
  epoch   3/50  loss=1.1202  bal_acc=0.5399
  epoch   4/50  loss=1.0255  bal_acc=0.6007
  epoch   5/50  loss=0.9491  bal_acc=0.5885
  epoch   6/50  loss=0.8966  bal_acc=0.6354
  epoch   7/50  loss=0.8445  bal_acc=0.5851
  epoch   8/50  loss=0.8120  bal_acc=0.5972
  epoch   9/50  loss=0.7743  bal_acc=0.6632
  epoch  10/50  loss=0.7452  bal_acc=0.6875
  epoch  11/50  loss=0.7156  bal_acc=0.6476
  epoch  12/50  loss=0.6935  bal_acc=0.5885
  epoch  13/50  loss=0.6631  bal_acc=0.6823
  epoch  14/50  loss=0.6432  bal_acc=0.6684
  epoch  15/50  loss=0.6230  bal_acc=0.6632
  epoch  16/50  loss=0.6071  bal_acc=0.6806
  epoch  17/50  loss=0.5797  bal_acc=0.6389
  epoch  18/50  loss=0.5649  bal_acc=0.7014
  epoch  19/50  loss=0.5534  bal_acc=0.6649
  epoch  20/50  loss=0.5358  bal_acc=0.6771
  epoch  21/50  loss=0.5141  bal_acc=0.6944
  epoch  22/50  loss=0.5053  bal_acc=0.6528
  epoch  23/50  loss=0.4919  bal_acc=0.6771
  epoch  24/50  loss=0.4663  bal_acc=0.6719
  epoch  25/50  loss=0.4651  bal_acc=0.6944
  epoch  26/50  loss=0.4520  bal_acc=0.6910
  epoch  27/50  loss=0.4502  bal_acc=0.6615
  epoch  28/50  loss=0.4305  bal_acc=0.6649
  epoch  29/50  loss=0.4140  bal_acc=0.7326
  epoch  30/50  loss=0.4015  bal_acc=0.6840
  epoch  31/50  loss=0.3938  bal_acc=0.6788
  epoch  32/50  loss=0.3800  bal_acc=0.6736
  epoch  33/50  loss=0.3775  bal_acc=0.6528
  epoch  34/50  loss=0.3667  bal_acc=0.6823
  epoch  35/50  loss=0.3547  bal_acc=0.6806
  epoch  36/50  loss=0.3441  bal_acc=0.6510
  epoch  37/50  loss=0.3421  bal_acc=0.6163
  epoch  38/50  loss=0.3307  bal_acc=0.6562
  epoch  39/50  loss=0.3227  bal_acc=0.6181
  epoch  40/50  loss=0.3169  bal_acc=0.6372
  epoch  41/50  loss=0.3098  bal_acc=0.6458
  epoch  42/50  loss=0.2937  bal_acc=0.6215
  epoch  43/50  loss=0.2980  bal_acc=0.6007
  epoch  44/50  loss=0.2861  bal_acc=0.6649
  epoch  45/50  loss=0.2865  bal_acc=0.5747
  epoch  46/50  loss=0.2775  bal_acc=0.6979
  epoch  47/50  loss=0.2789  bal_acc=0.6146
  epoch  48/50  loss=0.2612  bal_acc=0.6493
  epoch  49/50  loss=0.2645  bal_acc=0.6632
  epoch  50/50  loss=0.2584  bal_acc=0.6406
  [LOSO 3/9] subject 2: acc=0.6406  running_mean=0.5422

=== LOSO (hold out subject 3) ===
  Train: 4608 trials  |  Test: 576 trials
  Model params: 16,216
  epoch   1/50  loss=1.3545  bal_acc=0.3698
  epoch   2/50  loss=1.2385  bal_acc=0.3889
  epoch   3/50  loss=1.1207  bal_acc=0.4219
  epoch   4/50  loss=1.0278  bal_acc=0.4392
  epoch   5/50  loss=0.9452  bal_acc=0.4497
  epoch   6/50  loss=0.8697  bal_acc=0.4340
  epoch   7/50  loss=0.8171  bal_acc=0.4497
  epoch   8/50  loss=0.7701  bal_acc=0.4375
  epoch   9/50  loss=0.7299  bal_acc=0.4653
  epoch  10/50  loss=0.7005  bal_acc=0.4306
  epoch  11/50  loss=0.6622  bal_acc=0.4288
  epoch  12/50  loss=0.6319  bal_acc=0.4601
  epoch  13/50  loss=0.6103  bal_acc=0.4375
  epoch  14/50  loss=0.5876  bal_acc=0.4861
  epoch  15/50  loss=0.5582  bal_acc=0.4566
  epoch  16/50  loss=0.5485  bal_acc=0.4583
  epoch  17/50  loss=0.5227  bal_acc=0.4983
  epoch  18/50  loss=0.5073  bal_acc=0.4670
  epoch  19/50  loss=0.4861  bal_acc=0.4861
  epoch  20/50  loss=0.4731  bal_acc=0.4653
  epoch  21/50  loss=0.4538  bal_acc=0.4774
  epoch  22/50  loss=0.4341  bal_acc=0.4618
  epoch  23/50  loss=0.4251  bal_acc=0.4531
  epoch  24/50  loss=0.4158  bal_acc=0.4080
  epoch  25/50  loss=0.3979  bal_acc=0.4705
  epoch  26/50  loss=0.3905  bal_acc=0.4740
  epoch  27/50  loss=0.3801  bal_acc=0.4878
  epoch  28/50  loss=0.3671  bal_acc=0.4774
  epoch  29/50  loss=0.3449  bal_acc=0.4826
  epoch  30/50  loss=0.3471  bal_acc=0.4792
  epoch  31/50  loss=0.3336  bal_acc=0.5035
  epoch  32/50  loss=0.3317  bal_acc=0.4948
  epoch  33/50  loss=0.3150  bal_acc=0.4722
  epoch  34/50  loss=0.3057  bal_acc=0.4809
  epoch  35/50  loss=0.2970  bal_acc=0.4826
  epoch  36/50  loss=0.2937  bal_acc=0.4809
  epoch  37/50  loss=0.2810  bal_acc=0.4618
  epoch  38/50  loss=0.2730  bal_acc=0.4809
  epoch  39/50  loss=0.2633  bal_acc=0.4653
  epoch  40/50  loss=0.2714  bal_acc=0.4774
  epoch  41/50  loss=0.2595  bal_acc=0.4740
  epoch  42/50  loss=0.2406  bal_acc=0.4462
  epoch  43/50  loss=0.2379  bal_acc=0.4462
  epoch  44/50  loss=0.2358  bal_acc=0.4670
  epoch  45/50  loss=0.2246  bal_acc=0.4757
  epoch  46/50  loss=0.2147  bal_acc=0.4792
  epoch  47/50  loss=0.2203  bal_acc=0.4601
  epoch  48/50  loss=0.2234  bal_acc=0.4427
  epoch  49/50  loss=0.2087  bal_acc=0.4514
  epoch  50/50  loss=0.2042  bal_acc=0.4462
  [LOSO 4/9] subject 3: acc=0.4462  running_mean=0.5182

=== LOSO (hold out subject 4) ===
  Train: 4608 trials  |  Test: 576 trials
  Model params: 16,216
  epoch   1/50  loss=1.3416  bal_acc=0.3403
  epoch   2/50  loss=1.2199  bal_acc=0.3889
  epoch   3/50  loss=1.1220  bal_acc=0.3958
  epoch   4/50  loss=1.0484  bal_acc=0.4722
  epoch   5/50  loss=0.9863  bal_acc=0.4878
  epoch   6/50  loss=0.9239  bal_acc=0.4618
  epoch   7/50  loss=0.8647  bal_acc=0.4913
  epoch   8/50  loss=0.8215  bal_acc=0.5052
  epoch   9/50  loss=0.7640  bal_acc=0.4965
  epoch  10/50  loss=0.7397  bal_acc=0.5156
  epoch  11/50  loss=0.7015  bal_acc=0.4948
  epoch  12/50  loss=0.6681  bal_acc=0.5260
  epoch  13/50  loss=0.6431  bal_acc=0.4896
  epoch  14/50  loss=0.6119  bal_acc=0.4878
  epoch  15/50  loss=0.5780  bal_acc=0.4878
  epoch  16/50  loss=0.5642  bal_acc=0.4618
  epoch  17/50  loss=0.5408  bal_acc=0.4531
  epoch  18/50  loss=0.5281  bal_acc=0.4983
  epoch  19/50  loss=0.5052  bal_acc=0.4913
  epoch  20/50  loss=0.4817  bal_acc=0.4983
  epoch  21/50  loss=0.4764  bal_acc=0.4722
  epoch  22/50  loss=0.4600  bal_acc=0.4948
  epoch  23/50  loss=0.4439  bal_acc=0.4670
  epoch  24/50  loss=0.4286  bal_acc=0.4983
  epoch  25/50  loss=0.4204  bal_acc=0.5035
  epoch  26/50  loss=0.4169  bal_acc=0.4705
  epoch  27/50  loss=0.3913  bal_acc=0.5052
  epoch  28/50  loss=0.3800  bal_acc=0.5191
  epoch  29/50  loss=0.3831  bal_acc=0.5000
  epoch  30/50  loss=0.3608  bal_acc=0.5295
  epoch  31/50  loss=0.3516  bal_acc=0.5104
  epoch  32/50  loss=0.3509  bal_acc=0.4913
  epoch  33/50  loss=0.3282  bal_acc=0.5330
  epoch  34/50  loss=0.3257  bal_acc=0.5486
  epoch  35/50  loss=0.3143  bal_acc=0.5122
  epoch  36/50  loss=0.3031  bal_acc=0.5243
  epoch  37/50  loss=0.2931  bal_acc=0.5382
  epoch  38/50  loss=0.2820  bal_acc=0.4965
  epoch  39/50  loss=0.2909  bal_acc=0.5382
  epoch  40/50  loss=0.2775  bal_acc=0.5174
  epoch  41/50  loss=0.2722  bal_acc=0.5208
  epoch  42/50  loss=0.2653  bal_acc=0.5330
  epoch  43/50  loss=0.2621  bal_acc=0.5295
  epoch  44/50  loss=0.2554  bal_acc=0.5469
  epoch  45/50  loss=0.2471  bal_acc=0.5312
  epoch  46/50  loss=0.2365  bal_acc=0.5365
  epoch  47/50  loss=0.2381  bal_acc=0.5052
  epoch  48/50  loss=0.2374  bal_acc=0.5174
  epoch  49/50  loss=0.2359  bal_acc=0.5451
  epoch  50/50  loss=0.2303  bal_acc=0.5174
  [LOSO 5/9] subject 4: acc=0.5174  running_mean=0.5181

=== LOSO (hold out subject 5) ===
  Train: 4608 trials  |  Test: 576 trials
  Model params: 16,216
  epoch   1/50  loss=1.3516  bal_acc=0.3542
  epoch   2/50  loss=1.2287  bal_acc=0.4306
  epoch   3/50  loss=1.0814  bal_acc=0.4583
  epoch   4/50  loss=0.9714  bal_acc=0.4288
  epoch   5/50  loss=0.8984  bal_acc=0.4115
  epoch   6/50  loss=0.8390  bal_acc=0.4201
  epoch   7/50  loss=0.8010  bal_acc=0.4392
  epoch   8/50  loss=0.7595  bal_acc=0.4184
  epoch   9/50  loss=0.7259  bal_acc=0.4323
  epoch  10/50  loss=0.6863  bal_acc=0.4462
  epoch  11/50  loss=0.6424  bal_acc=0.4444
  epoch  12/50  loss=0.6284  bal_acc=0.4323
  epoch  13/50  loss=0.6009  bal_acc=0.4410
  epoch  14/50  loss=0.5677  bal_acc=0.4392
  epoch  15/50  loss=0.5514  bal_acc=0.4201
  epoch  16/50  loss=0.5277  bal_acc=0.4306
  epoch  17/50  loss=0.5114  bal_acc=0.4462
  epoch  18/50  loss=0.4919  bal_acc=0.4601
  epoch  19/50  loss=0.4816  bal_acc=0.4618
  epoch  20/50  loss=0.4622  bal_acc=0.4635
  epoch  21/50  loss=0.4434  bal_acc=0.4740
  epoch  22/50  loss=0.4347  bal_acc=0.4497
  epoch  23/50  loss=0.4210  bal_acc=0.4618
  epoch  24/50  loss=0.4082  bal_acc=0.4444
  epoch  25/50  loss=0.4004  bal_acc=0.4010
  epoch  26/50  loss=0.3912  bal_acc=0.4601
  epoch  27/50  loss=0.3736  bal_acc=0.4271
  epoch  28/50  loss=0.3629  bal_acc=0.4410
  epoch  29/50  loss=0.3488  bal_acc=0.4688
  epoch  30/50  loss=0.3437  bal_acc=0.4583
  epoch  31/50  loss=0.3378  bal_acc=0.4219
  epoch  32/50  loss=0.3305  bal_acc=0.4497
  epoch  33/50  loss=0.3137  bal_acc=0.4531
  epoch  34/50  loss=0.3044  bal_acc=0.4253
  epoch  35/50  loss=0.2979  bal_acc=0.3993
  epoch  36/50  loss=0.2983  bal_acc=0.4531
  epoch  37/50  loss=0.2796  bal_acc=0.4358
  epoch  38/50  loss=0.2731  bal_acc=0.4358
  epoch  39/50  loss=0.2695  bal_acc=0.4375
  epoch  40/50  loss=0.2573  bal_acc=0.4670
  epoch  41/50  loss=0.2525  bal_acc=0.4427
  epoch  42/50  loss=0.2473  bal_acc=0.4479
  epoch  43/50  loss=0.2399  bal_acc=0.4549
  epoch  44/50  loss=0.2425  bal_acc=0.4306
  epoch  45/50  loss=0.2311  bal_acc=0.4236
  epoch  46/50  loss=0.2325  bal_acc=0.4201
  epoch  47/50  loss=0.2206  bal_acc=0.4306
  epoch  48/50  loss=0.2172  bal_acc=0.4444
  epoch  49/50  loss=0.2127  bal_acc=0.4340
  epoch  50/50  loss=0.2132  bal_acc=0.4358
  [LOSO 6/9] subject 5: acc=0.4358  running_mean=0.5043

=== LOSO (hold out subject 6) ===
  Train: 4608 trials  |  Test: 576 trials
  Model params: 16,216
  epoch   1/50  loss=1.3584  bal_acc=0.4080
  epoch   2/50  loss=1.2409  bal_acc=0.5174
  epoch   3/50  loss=1.1129  bal_acc=0.5538
  epoch   4/50  loss=1.0087  bal_acc=0.5330
  epoch   5/50  loss=0.9314  bal_acc=0.5417
  epoch   6/50  loss=0.8667  bal_acc=0.5833
  epoch   7/50  loss=0.8056  bal_acc=0.5764
  epoch   8/50  loss=0.7569  bal_acc=0.5469
  epoch   9/50  loss=0.7310  bal_acc=0.5382
  epoch  10/50  loss=0.6930  bal_acc=0.5885
  epoch  11/50  loss=0.6641  bal_acc=0.6163
  epoch  12/50  loss=0.6323  bal_acc=0.5885
  epoch  13/50  loss=0.6083  bal_acc=0.6076
  epoch  14/50  loss=0.5882  bal_acc=0.6042
  epoch  15/50  loss=0.5636  bal_acc=0.5816
  epoch  16/50  loss=0.5545  bal_acc=0.6111
  epoch  17/50  loss=0.5360  bal_acc=0.5972
  epoch  18/50  loss=0.5218  bal_acc=0.5903
  epoch  19/50  loss=0.5121  bal_acc=0.5972
  epoch  20/50  loss=0.4850  bal_acc=0.5920
  epoch  21/50  loss=0.4844  bal_acc=0.5590
  epoch  22/50  loss=0.4601  bal_acc=0.5729
  epoch  23/50  loss=0.4439  bal_acc=0.5920
  epoch  24/50  loss=0.4356  bal_acc=0.6163
  epoch  25/50  loss=0.4192  bal_acc=0.6285
  epoch  26/50  loss=0.4182  bal_acc=0.5747
  epoch  27/50  loss=0.4036  bal_acc=0.6076
  epoch  28/50  loss=0.3903  bal_acc=0.6094
  epoch  29/50  loss=0.3791  bal_acc=0.5781
  epoch  30/50  loss=0.3577  bal_acc=0.5816
  epoch  31/50  loss=0.3584  bal_acc=0.5885
  epoch  32/50  loss=0.3475  bal_acc=0.5556
  epoch  33/50  loss=0.3460  bal_acc=0.6076
  epoch  34/50  loss=0.3304  bal_acc=0.5781
  epoch  35/50  loss=0.3248  bal_acc=0.5451
  epoch  36/50  loss=0.3178  bal_acc=0.5642
  epoch  37/50  loss=0.3065  bal_acc=0.5938
  epoch  38/50  loss=0.3056  bal_acc=0.5868
  epoch  39/50  loss=0.2855  bal_acc=0.6250
  epoch  40/50  loss=0.2847  bal_acc=0.5955
  epoch  41/50  loss=0.2870  bal_acc=0.5434
  epoch  42/50  loss=0.2796  bal_acc=0.5799
  epoch  43/50  loss=0.2645  bal_acc=0.6198
  epoch  44/50  loss=0.2615  bal_acc=0.5990
  epoch  45/50  loss=0.2579  bal_acc=0.5382
  epoch  46/50  loss=0.2484  bal_acc=0.5955
  epoch  47/50  loss=0.2469  bal_acc=0.5747
  epoch  48/50  loss=0.2428  bal_acc=0.5781
  epoch  49/50  loss=0.2341  bal_acc=0.5851
  epoch  50/50  loss=0.2291  bal_acc=0.5938
  [LOSO 7/9] subject 6: acc=0.5938  running_mean=0.5171

=== LOSO (hold out subject 7) ===
  Train: 4608 trials  |  Test: 576 trials
  Model params: 16,216
  epoch   1/50  loss=1.3470  bal_acc=0.3889
  epoch   2/50  loss=1.2011  bal_acc=0.4392
  epoch   3/50  loss=1.0970  bal_acc=0.5312
  epoch   4/50  loss=1.0091  bal_acc=0.5330
  epoch   5/50  loss=0.9441  bal_acc=0.5608
  epoch   6/50  loss=0.8948  bal_acc=0.5608
  epoch   7/50  loss=0.8501  bal_acc=0.5590
  epoch   8/50  loss=0.8048  bal_acc=0.5434
  epoch   9/50  loss=0.7673  bal_acc=0.5938
  epoch  10/50  loss=0.7424  bal_acc=0.5712
  epoch  11/50  loss=0.7038  bal_acc=0.5920
  epoch  12/50  loss=0.6795  bal_acc=0.5833
  epoch  13/50  loss=0.6557  bal_acc=0.5660
  epoch  14/50  loss=0.6331  bal_acc=0.5920
  epoch  15/50  loss=0.6071  bal_acc=0.5990
  epoch  16/50  loss=0.5736  bal_acc=0.6215
  epoch  17/50  loss=0.5594  bal_acc=0.6233
  epoch  18/50  loss=0.5445  bal_acc=0.5938
  epoch  19/50  loss=0.5313  bal_acc=0.6128
  epoch  20/50  loss=0.5189  bal_acc=0.6076
  epoch  21/50  loss=0.5013  bal_acc=0.6042
  epoch  22/50  loss=0.4798  bal_acc=0.6198
  epoch  23/50  loss=0.4597  bal_acc=0.6285
  epoch  24/50  loss=0.4600  bal_acc=0.6007
  epoch  25/50  loss=0.4464  bal_acc=0.6181
  epoch  26/50  loss=0.4363  bal_acc=0.6198
  epoch  27/50  loss=0.4226  bal_acc=0.6285
  epoch  28/50  loss=0.4111  bal_acc=0.6372
  epoch  29/50  loss=0.3943  bal_acc=0.6285
  epoch  30/50  loss=0.3883  bal_acc=0.6128
  epoch  31/50  loss=0.3753  bal_acc=0.6372
  epoch  32/50  loss=0.3635  bal_acc=0.6198
  epoch  33/50  loss=0.3562  bal_acc=0.6163
  epoch  34/50  loss=0.3491  bal_acc=0.6354
  epoch  35/50  loss=0.3419  bal_acc=0.6181
  epoch  36/50  loss=0.3355  bal_acc=0.6319
  epoch  37/50  loss=0.3274  bal_acc=0.6319
  epoch  38/50  loss=0.3198  bal_acc=0.6458
  epoch  39/50  loss=0.3152  bal_acc=0.6337
  epoch  40/50  loss=0.3014  bal_acc=0.6476
  epoch  41/50  loss=0.2982  bal_acc=0.6198
  epoch  42/50  loss=0.2970  bal_acc=0.6354
  epoch  43/50  loss=0.2788  bal_acc=0.6094
  epoch  44/50  loss=0.2709  bal_acc=0.6319
  epoch  45/50  loss=0.2686  bal_acc=0.6424
  epoch  46/50  loss=0.2658  bal_acc=0.6198
  epoch  47/50  loss=0.2544  bal_acc=0.6181
  epoch  48/50  loss=0.2498  bal_acc=0.6076
  epoch  49/50  loss=0.2428  bal_acc=0.6424
  epoch  50/50  loss=0.2378  bal_acc=0.6163
  [LOSO 8/9] subject 7: acc=0.6163  running_mean=0.5295

=== LOSO (hold out subject 8) ===
  Train: 4608 trials  |  Test: 576 trials
  Model params: 16,216
  epoch   1/50  loss=1.3437  bal_acc=0.3368
  epoch   2/50  loss=1.2304  bal_acc=0.4358
  epoch   3/50  loss=1.1087  bal_acc=0.4306
  epoch   4/50  loss=1.0333  bal_acc=0.4184
  epoch   5/50  loss=0.9715  bal_acc=0.4618
  epoch   6/50  loss=0.9205  bal_acc=0.4497
  epoch   7/50  loss=0.8763  bal_acc=0.4861
  epoch   8/50  loss=0.8391  bal_acc=0.4844
  epoch   9/50  loss=0.8054  bal_acc=0.4896
  epoch  10/50  loss=0.7761  bal_acc=0.4809
  epoch  11/50  loss=0.7324  bal_acc=0.4809
  epoch  12/50  loss=0.7045  bal_acc=0.5156
  epoch  13/50  loss=0.6812  bal_acc=0.4965
  epoch  14/50  loss=0.6552  bal_acc=0.5156
  epoch  15/50  loss=0.6173  bal_acc=0.4809
  epoch  16/50  loss=0.6033  bal_acc=0.5087
  epoch  17/50  loss=0.5831  bal_acc=0.4948
  epoch  18/50  loss=0.5543  bal_acc=0.5226
  epoch  19/50  loss=0.5347  bal_acc=0.5260
  epoch  20/50  loss=0.5075  bal_acc=0.5226
  epoch  21/50  loss=0.4983  bal_acc=0.5069
  epoch  22/50  loss=0.4821  bal_acc=0.5382
  epoch  23/50  loss=0.4589  bal_acc=0.5573
  epoch  24/50  loss=0.4469  bal_acc=0.5243
  epoch  25/50  loss=0.4295  bal_acc=0.5069
  epoch  26/50  loss=0.4159  bal_acc=0.5052
  epoch  27/50  loss=0.4077  bal_acc=0.4965
  epoch  28/50  loss=0.4095  bal_acc=0.5104
  epoch  29/50  loss=0.3848  bal_acc=0.5174
  epoch  30/50  loss=0.3736  bal_acc=0.5208
  epoch  31/50  loss=0.3671  bal_acc=0.4792
  epoch  32/50  loss=0.3594  bal_acc=0.5156
  epoch  33/50  loss=0.3397  bal_acc=0.5017
  epoch  34/50  loss=0.3406  bal_acc=0.5347
  epoch  35/50  loss=0.3298  bal_acc=0.5260
  epoch  36/50  loss=0.3175  bal_acc=0.5156
  epoch  37/50  loss=0.3053  bal_acc=0.5399
  epoch  38/50  loss=0.3047  bal_acc=0.5521
  epoch  39/50  loss=0.2912  bal_acc=0.5382
  epoch  40/50  loss=0.2796  bal_acc=0.5226
  epoch  41/50  loss=0.2774  bal_acc=0.5469
  epoch  42/50  loss=0.2735  bal_acc=0.5469
  epoch  43/50  loss=0.2682  bal_acc=0.5312
  epoch  44/50  loss=0.2717  bal_acc=0.5434
  epoch  45/50  loss=0.2626  bal_acc=0.5521
  epoch  46/50  loss=0.2417  bal_acc=0.5312
  epoch  47/50  loss=0.2355  bal_acc=0.5556
  epoch  48/50  loss=0.2316  bal_acc=0.5538
  epoch  49/50  loss=0.2265  bal_acc=0.5330
  epoch  50/50  loss=0.2260  bal_acc=0.5295
  [LOSO 9/9] subject 8: acc=0.5295  running_mean=0.5295
Results saved to results/BNCI2014_001/results_trial_41.json
Trial logged to results/BNCI2014_001/trials.csv
[status] trial 41 done (state=COMPLETE, value=0.5295138888888888) -- 37 completed total

Best trial #10
  Value : 0.5666
  Params: {'LR_EXP': -2.9366332764331164, 'DROPOUT': 0.1133183330449435, 'BETA': 0.9720694758670011, 'SPIKE_GRAD_SLOPE': 18.827883092840345, 'TEMPORAL_FILTERS': 42, 'DEPTH_MULTIPLIER': 3, 'POINTWISE_FILTERS': 53, 'TEMPORAL_KERNEL_DIV': 3, 'SEPARABLE_KERNEL_SIZE': 24, 'POOL1_SIZE': 6, 'POOL2_SIZE': 5, 'N_STEPS_TRAIN': 8, 'N_STEPS_EVAL': 13, 'READOUT_MODE': 'spk_sum'}
Finished : Sun Jul  5 01:58:11 MDT 2026
Exit code: 0
