Job ID   : 44392951
Node     : fg6
Started  : Fri Jul  3 05:53:16 MDT 2026
Directory: /home/aleksander.berezowsk/spiking-eegnet
Requirement already satisfied: setuptools==69.5.1 in /home/aleksander.berezowsk/venv/lib/python3.12/site-packages (69.5.1)
Requirement already satisfied: torch==2.4.0 in /home/aleksander.berezowsk/venv/lib/python3.12/site-packages (2.4.0)
Requirement already satisfied: torchvision==0.19.0 in /home/aleksander.berezowsk/venv/lib/python3.12/site-packages (0.19.0)
Requirement already satisfied: torchaudio==2.4.0 in /home/aleksander.berezowsk/venv/lib/python3.12/site-packages (2.4.0)
Requirement already satisfied: torchmetrics in /home/aleksander.berezowsk/venv/lib/python3.12/site-packages (1.9.0)
Requirement already satisfied: filelock in /home/aleksander.berezowsk/venv/lib/python3.12/site-packages (from torch==2.4.0) (3.29.0)
Requirement already satisfied: typing-extensions>=4.8.0 in /home/aleksander.berezowsk/venv/lib/python3.12/site-packages (from torch==2.4.0) (4.15.0)
Requirement already satisfied: sympy in /home/aleksander.berezowsk/venv/lib/python3.12/site-packages (from torch==2.4.0) (1.14.0)
Requirement already satisfied: networkx in /home/aleksander.berezowsk/venv/lib/python3.12/site-packages (from torch==2.4.0) (3.6.1)
Requirement already satisfied: jinja2 in /home/aleksander.berezowsk/venv/lib/python3.12/site-packages (from torch==2.4.0) (3.1.6)
Requirement already satisfied: fsspec in /home/aleksander.berezowsk/venv/lib/python3.12/site-packages (from torch==2.4.0) (2026.4.0)
Requirement already satisfied: setuptools in /home/aleksander.berezowsk/venv/lib/python3.12/site-packages (from torch==2.4.0) (69.5.1)
Requirement already satisfied: nvidia-cuda-nvrtc-cu12==12.1.105 in /home/aleksander.berezowsk/venv/lib/python3.12/site-packages (from torch==2.4.0) (12.1.105)
Requirement already satisfied: nvidia-cuda-runtime-cu12==12.1.105 in /home/aleksander.berezowsk/venv/lib/python3.12/site-packages (from torch==2.4.0) (12.1.105)
Requirement already satisfied: nvidia-cuda-cupti-cu12==12.1.105 in /home/aleksander.berezowsk/venv/lib/python3.12/site-packages (from torch==2.4.0) (12.1.105)
Requirement already satisfied: nvidia-cudnn-cu12==9.1.0.70 in /home/aleksander.berezowsk/venv/lib/python3.12/site-packages (from torch==2.4.0) (9.1.0.70)
Requirement already satisfied: nvidia-cublas-cu12==12.1.3.1 in /home/aleksander.berezowsk/venv/lib/python3.12/site-packages (from torch==2.4.0) (12.1.3.1)
Requirement already satisfied: nvidia-cufft-cu12==11.0.2.54 in /home/aleksander.berezowsk/venv/lib/python3.12/site-packages (from torch==2.4.0) (11.0.2.54)
Requirement already satisfied: nvidia-curand-cu12==10.3.2.106 in /home/aleksander.berezowsk/venv/lib/python3.12/site-packages (from torch==2.4.0) (10.3.2.106)
Requirement already satisfied: nvidia-cusolver-cu12==11.4.5.107 in /home/aleksander.berezowsk/venv/lib/python3.12/site-packages (from torch==2.4.0) (11.4.5.107)
Requirement already satisfied: nvidia-cusparse-cu12==12.1.0.106 in /home/aleksander.berezowsk/venv/lib/python3.12/site-packages (from torch==2.4.0) (12.1.0.106)
Requirement already satisfied: nvidia-nccl-cu12==2.20.5 in /home/aleksander.berezowsk/venv/lib/python3.12/site-packages (from torch==2.4.0) (2.20.5)
Requirement already satisfied: nvidia-nvtx-cu12==12.1.105 in /home/aleksander.berezowsk/venv/lib/python3.12/site-packages (from torch==2.4.0) (12.1.105)
Requirement already satisfied: triton==3.0.0 in /home/aleksander.berezowsk/venv/lib/python3.12/site-packages (from torch==2.4.0) (3.0.0)
Requirement already satisfied: numpy in /home/aleksander.berezowsk/venv/lib/python3.12/site-packages (from torchvision==0.19.0) (2.4.6)
Requirement already satisfied: pillow!=8.3.*,>=5.3.0 in /home/aleksander.berezowsk/venv/lib/python3.12/site-packages (from torchvision==0.19.0) (12.2.0)
Requirement already satisfied: nvidia-nvjitlink-cu12 in /home/aleksander.berezowsk/venv/lib/python3.12/site-packages (from nvidia-cusolver-cu12==11.4.5.107->torch==2.4.0) (12.9.86)
Requirement already satisfied: packaging>17.1 in /home/aleksander.berezowsk/venv/lib/python3.12/site-packages (from torchmetrics) (26.2)
Requirement already satisfied: lightning-utilities>=0.15.3 in /home/aleksander.berezowsk/venv/lib/python3.12/site-packages (from torchmetrics) (0.15.3)
Requirement already satisfied: MarkupSafe>=2.0 in /home/aleksander.berezowsk/venv/lib/python3.12/site-packages (from jinja2->torch==2.4.0) (3.0.3)
Requirement already satisfied: mpmath<1.4,>=1.1.0 in /home/aleksander.berezowsk/venv/lib/python3.12/site-packages (from sympy->torch==2.4.0) (1.3.0)
Requirement already satisfied: optuna in /home/aleksander.berezowsk/venv/lib/python3.12/site-packages (4.9.0)
Requirement already satisfied: snntorch in /home/aleksander.berezowsk/venv/lib/python3.12/site-packages (0.9.4)
Requirement already satisfied: alembic>=1.5.0 in /home/aleksander.berezowsk/venv/lib/python3.12/site-packages (from optuna) (1.18.4)
Requirement already satisfied: colorlog in /home/aleksander.berezowsk/venv/lib/python3.12/site-packages (from optuna) (6.10.1)
Requirement already satisfied: numpy in /home/aleksander.berezowsk/venv/lib/python3.12/site-packages (from optuna) (2.4.6)
Requirement already satisfied: packaging>=20.0 in /home/aleksander.berezowsk/venv/lib/python3.12/site-packages (from optuna) (26.2)
Requirement already satisfied: sqlalchemy>=1.4.2 in /home/aleksander.berezowsk/venv/lib/python3.12/site-packages (from optuna) (2.0.50)
Requirement already satisfied: tqdm in /home/aleksander.berezowsk/venv/lib/python3.12/site-packages (from optuna) (4.67.3)
Requirement already satisfied: PyYAML in /home/aleksander.berezowsk/venv/lib/python3.12/site-packages (from optuna) (6.0.3)
Requirement already satisfied: Mako in /home/aleksander.berezowsk/venv/lib/python3.12/site-packages (from alembic>=1.5.0->optuna) (1.3.12)
Requirement already satisfied: typing-extensions>=4.12 in /home/aleksander.berezowsk/venv/lib/python3.12/site-packages (from alembic>=1.5.0->optuna) (4.15.0)
Requirement already satisfied: greenlet>=1 in /home/aleksander.berezowsk/venv/lib/python3.12/site-packages (from sqlalchemy>=1.4.2->optuna) (3.5.1)
Requirement already satisfied: MarkupSafe>=0.9.2 in /home/aleksander.berezowsk/venv/lib/python3.12/site-packages (from Mako->alembic>=1.5.0->optuna) (3.0.3)
Device: cuda
[BNCI2014_001] loading from cache: /home/aleksander.berezowsk/.cache/spiking_eegnet/BNCI2014_001_af1ccf3e92f684d8a93c057082b654d7.npz
[BNCI2014_001] cache hit: (5184, 1, 22, 1001), classes=['feet', 'left_hand', 'right_hand', 'tongue'], subjects=9
Dataset meta: {'n_classes': 4, 'n_channels': 22, 'n_samples': 1001, 'class_names': ['feet', 'left_hand', 'right_hand', 'tongue'], 'subject_list': [1, 2, 3, 4, 5, 6, 7, 8, 9], 'n_subjects': 9, 'sfreq': 250.0}

=== LOSO (hold out subject 0) ===
  Train: 4608 trials  |  Test: 576 trials
  Model params: 14,442
  epoch   1/50  loss=1.3748  bal_acc=0.3420
  epoch   2/50  loss=1.3333  bal_acc=0.3715
  epoch   3/50  loss=1.2933  bal_acc=0.3906
  epoch   4/50  loss=1.2555  bal_acc=0.3941
  epoch   5/50  loss=1.2189  bal_acc=0.4132
  epoch   6/50  loss=1.1802  bal_acc=0.4184
  epoch   7/50  loss=1.1405  bal_acc=0.4132
  epoch   8/50  loss=1.1031  bal_acc=0.4288
  epoch   9/50  loss=1.0655  bal_acc=0.4219
  epoch  10/50  loss=1.0341  bal_acc=0.4479
  epoch  11/50  loss=1.0059  bal_acc=0.4618
  epoch  12/50  loss=0.9812  bal_acc=0.4601
  epoch  13/50  loss=0.9583  bal_acc=0.4601
  epoch  14/50  loss=0.9381  bal_acc=0.4844
  epoch  15/50  loss=0.9191  bal_acc=0.4809
  epoch  16/50  loss=0.9029  bal_acc=0.4792
  epoch  17/50  loss=0.8854  bal_acc=0.4931
  epoch  18/50  loss=0.8670  bal_acc=0.4896
  epoch  19/50  loss=0.8569  bal_acc=0.5035
  epoch  20/50  loss=0.8398  bal_acc=0.5104
  epoch  21/50  loss=0.8284  bal_acc=0.4931
  epoch  22/50  loss=0.8117  bal_acc=0.5174
  epoch  23/50  loss=0.8012  bal_acc=0.4983
  epoch  24/50  loss=0.7861  bal_acc=0.5122
  epoch  25/50  loss=0.7814  bal_acc=0.5000
  epoch  26/50  loss=0.7639  bal_acc=0.5000
  epoch  27/50  loss=0.7570  bal_acc=0.4792
  epoch  28/50  loss=0.7414  bal_acc=0.4931
  epoch  29/50  loss=0.7400  bal_acc=0.4774
  epoch  30/50  loss=0.7241  bal_acc=0.4983
  epoch  31/50  loss=0.7175  bal_acc=0.5052
  epoch  32/50  loss=0.7061  bal_acc=0.4965
  epoch  33/50  loss=0.6972  bal_acc=0.5139
  epoch  34/50  loss=0.6896  bal_acc=0.5087
  epoch  35/50  loss=0.6849  bal_acc=0.4861
  epoch  36/50  loss=0.6748  bal_acc=0.4844
  epoch  37/50  loss=0.6672  bal_acc=0.4844
  epoch  38/50  loss=0.6575  bal_acc=0.5122
  epoch  39/50  loss=0.6449  bal_acc=0.4913
  epoch  40/50  loss=0.6428  bal_acc=0.4931
  epoch  41/50  loss=0.6392  bal_acc=0.5069
  epoch  42/50  loss=0.6318  bal_acc=0.4861
  epoch  43/50  loss=0.6246  bal_acc=0.5330
  epoch  44/50  loss=0.6189  bal_acc=0.4705
  epoch  45/50  loss=0.6117  bal_acc=0.5000
  epoch  46/50  loss=0.6033  bal_acc=0.4878
  epoch  47/50  loss=0.5941  bal_acc=0.4861
  epoch  48/50  loss=0.5850  bal_acc=0.4670
  epoch  49/50  loss=0.5829  bal_acc=0.4722
  epoch  50/50  loss=0.5775  bal_acc=0.4878
  [LOSO 1/9] subject 0: acc=0.4878  running_mean=0.4878

=== LOSO (hold out subject 1) ===
  Train: 4608 trials  |  Test: 576 trials
  Model params: 14,442
  epoch   1/50  loss=1.3843  bal_acc=0.2812
  epoch   2/50  loss=1.3487  bal_acc=0.3212
  epoch   3/50  loss=1.3112  bal_acc=0.3385
  epoch   4/50  loss=1.2816  bal_acc=0.3576
  epoch   5/50  loss=1.2581  bal_acc=0.3594
  epoch   6/50  loss=1.2311  bal_acc=0.3611
  epoch   7/50  loss=1.2010  bal_acc=0.3611
  epoch   8/50  loss=1.1661  bal_acc=0.3924
  epoch   9/50  loss=1.1269  bal_acc=0.3611
  epoch  10/50  loss=1.0863  bal_acc=0.4045
  epoch  11/50  loss=1.0437  bal_acc=0.3976
  epoch  12/50  loss=1.0062  bal_acc=0.4149
  epoch  13/50  loss=0.9724  bal_acc=0.4097
  epoch  14/50  loss=0.9439  bal_acc=0.4201
  epoch  15/50  loss=0.9189  bal_acc=0.4080
  epoch  16/50  loss=0.8934  bal_acc=0.4184
  epoch  17/50  loss=0.8720  bal_acc=0.4045
  epoch  18/50  loss=0.8492  bal_acc=0.4132
  epoch  19/50  loss=0.8294  bal_acc=0.4132
  epoch  20/50  loss=0.8080  bal_acc=0.4097
  epoch  21/50  loss=0.7940  bal_acc=0.4271
  epoch  22/50  loss=0.7728  bal_acc=0.4392
  epoch  23/50  loss=0.7596  bal_acc=0.4323
  epoch  24/50  loss=0.7434  bal_acc=0.4392
  epoch  25/50  loss=0.7264  bal_acc=0.4358
  epoch  26/50  loss=0.7179  bal_acc=0.4167
  epoch  27/50  loss=0.6981  bal_acc=0.4306
  epoch  28/50  loss=0.6919  bal_acc=0.4358
  epoch  29/50  loss=0.6742  bal_acc=0.4236
  epoch  30/50  loss=0.6619  bal_acc=0.4323
  epoch  31/50  loss=0.6552  bal_acc=0.4514
  epoch  32/50  loss=0.6436  bal_acc=0.4583
  epoch  33/50  loss=0.6328  bal_acc=0.4253
  epoch  34/50  loss=0.6175  bal_acc=0.4410
  epoch  35/50  loss=0.6103  bal_acc=0.4201
  epoch  36/50  loss=0.6027  bal_acc=0.4427
  epoch  37/50  loss=0.5899  bal_acc=0.4549
  epoch  38/50  loss=0.5817  bal_acc=0.4549
  epoch  39/50  loss=0.5763  bal_acc=0.4323
  epoch  40/50  loss=0.5693  bal_acc=0.4566
  epoch  41/50  loss=0.5552  bal_acc=0.4306
  epoch  42/50  loss=0.5535  bal_acc=0.4479
  epoch  43/50  loss=0.5432  bal_acc=0.4531
  epoch  44/50  loss=0.5350  bal_acc=0.4462
  epoch  45/50  loss=0.5319  bal_acc=0.4427
  epoch  46/50  loss=0.5209  bal_acc=0.4444
  epoch  47/50  loss=0.5148  bal_acc=0.4635
  epoch  48/50  loss=0.5080  bal_acc=0.4115
  epoch  49/50  loss=0.5036  bal_acc=0.4462
  epoch  50/50  loss=0.4968  bal_acc=0.4306
  [LOSO 2/9] subject 1: acc=0.4306  running_mean=0.4592

=== LOSO (hold out subject 2) ===
  Train: 4608 trials  |  Test: 576 trials
  Model params: 14,442
  epoch   1/50  loss=1.3843  bal_acc=0.3316
  epoch   2/50  loss=1.3475  bal_acc=0.3802
  epoch   3/50  loss=1.3097  bal_acc=0.3889
  epoch   4/50  loss=1.2756  bal_acc=0.3941
  epoch   5/50  loss=1.2387  bal_acc=0.4236
  epoch   6/50  loss=1.2018  bal_acc=0.4583
  epoch   7/50  loss=1.1619  bal_acc=0.5069
  epoch   8/50  loss=1.1169  bal_acc=0.5208
  epoch   9/50  loss=1.0764  bal_acc=0.5122
  epoch  10/50  loss=1.0502  bal_acc=0.5208
  epoch  11/50  loss=1.0219  bal_acc=0.5573
  epoch  12/50  loss=0.9992  bal_acc=0.5417
  epoch  13/50  loss=0.9730  bal_acc=0.5538
  epoch  14/50  loss=0.9540  bal_acc=0.5434
  epoch  15/50  loss=0.9394  bal_acc=0.5590
  epoch  16/50  loss=0.9232  bal_acc=0.5920
  epoch  17/50  loss=0.9026  bal_acc=0.5642
  epoch  18/50  loss=0.8869  bal_acc=0.5642
  epoch  19/50  loss=0.8726  bal_acc=0.5868
  epoch  20/50  loss=0.8607  bal_acc=0.6146
  epoch  21/50  loss=0.8466  bal_acc=0.5556
  epoch  22/50  loss=0.8340  bal_acc=0.5851
  epoch  23/50  loss=0.8157  bal_acc=0.5972
  epoch  24/50  loss=0.8095  bal_acc=0.5868
  epoch  25/50  loss=0.7953  bal_acc=0.6111
  epoch  26/50  loss=0.7811  bal_acc=0.5955
  epoch  27/50  loss=0.7715  bal_acc=0.5903
  epoch  28/50  loss=0.7596  bal_acc=0.6267
  epoch  29/50  loss=0.7517  bal_acc=0.6337
  epoch  30/50  loss=0.7413  bal_acc=0.6128
  epoch  31/50  loss=0.7315  bal_acc=0.6128
  epoch  32/50  loss=0.7217  bal_acc=0.6024
  epoch  33/50  loss=0.7076  bal_acc=0.6302
  epoch  34/50  loss=0.7002  bal_acc=0.6302
  epoch  35/50  loss=0.6887  bal_acc=0.6354
  epoch  36/50  loss=0.6851  bal_acc=0.6389
  epoch  37/50  loss=0.6746  bal_acc=0.6337
  epoch  38/50  loss=0.6620  bal_acc=0.6736
  epoch  39/50  loss=0.6529  bal_acc=0.6771
  epoch  40/50  loss=0.6471  bal_acc=0.6667
  epoch  41/50  loss=0.6348  bal_acc=0.6424
  epoch  42/50  loss=0.6333  bal_acc=0.6233
  epoch  43/50  loss=0.6206  bal_acc=0.6128
  epoch  44/50  loss=0.6168  bal_acc=0.6632
  epoch  45/50  loss=0.6066  bal_acc=0.6580
  epoch  46/50  loss=0.6035  bal_acc=0.6615
  epoch  47/50  loss=0.5978  bal_acc=0.6424
  epoch  48/50  loss=0.5895  bal_acc=0.6076
  epoch  49/50  loss=0.5836  bal_acc=0.6788
  epoch  50/50  loss=0.5739  bal_acc=0.6684
  [LOSO 3/9] subject 2: acc=0.6684  running_mean=0.5289

=== LOSO (hold out subject 3) ===
  Train: 4608 trials  |  Test: 576 trials
  Model params: 14,442
  epoch   1/50  loss=1.3824  bal_acc=0.2951
  epoch   2/50  loss=1.3413  bal_acc=0.2830
  epoch   3/50  loss=1.2986  bal_acc=0.3490
  epoch   4/50  loss=1.2572  bal_acc=0.3750
  epoch   5/50  loss=1.2193  bal_acc=0.4167
  epoch   6/50  loss=1.1767  bal_acc=0.4375
  epoch   7/50  loss=1.1392  bal_acc=0.4028
  epoch   8/50  loss=1.1048  bal_acc=0.4479
  epoch   9/50  loss=1.0770  bal_acc=0.4184
  epoch  10/50  loss=1.0456  bal_acc=0.4288
  epoch  11/50  loss=1.0231  bal_acc=0.4288
  epoch  12/50  loss=0.9971  bal_acc=0.4323
  epoch  13/50  loss=0.9740  bal_acc=0.4635
  epoch  14/50  loss=0.9521  bal_acc=0.4878
  epoch  15/50  loss=0.9322  bal_acc=0.4635
  epoch  16/50  loss=0.9056  bal_acc=0.4618
  epoch  17/50  loss=0.8864  bal_acc=0.4653
  epoch  18/50  loss=0.8653  bal_acc=0.4861
  epoch  19/50  loss=0.8493  bal_acc=0.4774
  epoch  20/50  loss=0.8331  bal_acc=0.4792
  epoch  21/50  loss=0.8180  bal_acc=0.4774
  epoch  22/50  loss=0.8041  bal_acc=0.4826
  epoch  23/50  loss=0.7854  bal_acc=0.4861
  epoch  24/50  loss=0.7708  bal_acc=0.4983
  epoch  25/50  loss=0.7593  bal_acc=0.4774
  epoch  26/50  loss=0.7462  bal_acc=0.4809
  epoch  27/50  loss=0.7333  bal_acc=0.5000
  epoch  28/50  loss=0.7191  bal_acc=0.5017
  epoch  29/50  loss=0.7086  bal_acc=0.4861
  epoch  30/50  loss=0.6962  bal_acc=0.4688
  epoch  31/50  loss=0.6868  bal_acc=0.4670
  epoch  32/50  loss=0.6760  bal_acc=0.4861
  epoch  33/50  loss=0.6675  bal_acc=0.4740
  epoch  34/50  loss=0.6603  bal_acc=0.5069
  epoch  35/50  loss=0.6520  bal_acc=0.4965
  epoch  36/50  loss=0.6430  bal_acc=0.5069
  epoch  37/50  loss=0.6342  bal_acc=0.4878
  epoch  38/50  loss=0.6203  bal_acc=0.4861
  epoch  39/50  loss=0.6169  bal_acc=0.4774
  epoch  40/50  loss=0.6050  bal_acc=0.4948
  epoch  41/50  loss=0.5956  bal_acc=0.4861
  epoch  42/50  loss=0.5873  bal_acc=0.4774
  epoch  43/50  loss=0.5782  bal_acc=0.4896
  epoch  44/50  loss=0.5690  bal_acc=0.4809
  epoch  45/50  loss=0.5672  bal_acc=0.4878
  epoch  46/50  loss=0.5623  bal_acc=0.4878
  epoch  47/50  loss=0.5580  bal_acc=0.5035
  epoch  48/50  loss=0.5501  bal_acc=0.4826
  epoch  49/50  loss=0.5447  bal_acc=0.4931
  epoch  50/50  loss=0.5411  bal_acc=0.5191
  [LOSO 4/9] subject 3: acc=0.5191  running_mean=0.5265

=== LOSO (hold out subject 4) ===
  Train: 4608 trials  |  Test: 576 trials
  Model params: 14,442
  epoch   1/50  loss=1.3855  bal_acc=0.3108
  epoch   2/50  loss=1.3499  bal_acc=0.3472
  epoch   3/50  loss=1.3127  bal_acc=0.3559
  epoch   4/50  loss=1.2738  bal_acc=0.3611
  epoch   5/50  loss=1.2404  bal_acc=0.3802
  epoch   6/50  loss=1.1988  bal_acc=0.3785
  epoch   7/50  loss=1.1602  bal_acc=0.3837
  epoch   8/50  loss=1.1213  bal_acc=0.3733
  epoch   9/50  loss=1.0827  bal_acc=0.4358
  epoch  10/50  loss=1.0473  bal_acc=0.4323
  epoch  11/50  loss=1.0175  bal_acc=0.4462
  epoch  12/50  loss=0.9869  bal_acc=0.4757
  epoch  13/50  loss=0.9639  bal_acc=0.4896
  epoch  14/50  loss=0.9379  bal_acc=0.4566
  epoch  15/50  loss=0.9147  bal_acc=0.4479
  epoch  16/50  loss=0.8977  bal_acc=0.4913
  epoch  17/50  loss=0.8817  bal_acc=0.4983
  epoch  18/50  loss=0.8586  bal_acc=0.4861
  epoch  19/50  loss=0.8415  bal_acc=0.4965
  epoch  20/50  loss=0.8232  bal_acc=0.4826
  epoch  21/50  loss=0.8081  bal_acc=0.5139
  epoch  22/50  loss=0.7933  bal_acc=0.5174
  epoch  23/50  loss=0.7757  bal_acc=0.5226
  epoch  24/50  loss=0.7637  bal_acc=0.4844
  epoch  25/50  loss=0.7460  bal_acc=0.5087
  epoch  26/50  loss=0.7339  bal_acc=0.5122
  epoch  27/50  loss=0.7218  bal_acc=0.4965
  epoch  28/50  loss=0.7076  bal_acc=0.4983
  epoch  29/50  loss=0.6941  bal_acc=0.4983
  epoch  30/50  loss=0.6934  bal_acc=0.5139
  epoch  31/50  loss=0.6763  bal_acc=0.5104
  epoch  32/50  loss=0.6673  bal_acc=0.4896
  epoch  33/50  loss=0.6595  bal_acc=0.5052
  epoch  34/50  loss=0.6494  bal_acc=0.5052
  epoch  35/50  loss=0.6346  bal_acc=0.4826
  epoch  36/50  loss=0.6280  bal_acc=0.4757
  epoch  37/50  loss=0.6207  bal_acc=0.4931
  epoch  38/50  loss=0.6115  bal_acc=0.4809
  epoch  39/50  loss=0.5962  bal_acc=0.4826
  epoch  40/50  loss=0.5905  bal_acc=0.4861
  epoch  41/50  loss=0.5870  bal_acc=0.4948
  epoch  42/50  loss=0.5785  bal_acc=0.4861
  epoch  43/50  loss=0.5734  bal_acc=0.4705
  epoch  44/50  loss=0.5635  bal_acc=0.4913
  epoch  45/50  loss=0.5625  bal_acc=0.4601
  epoch  46/50  loss=0.5506  bal_acc=0.4896
  epoch  47/50  loss=0.5453  bal_acc=0.4861
  epoch  48/50  loss=0.5445  bal_acc=0.4965
  epoch  49/50  loss=0.5356  bal_acc=0.4913
  epoch  50/50  loss=0.5301  bal_acc=0.4983
  [LOSO 5/9] subject 4: acc=0.4983  running_mean=0.5208

=== LOSO (hold out subject 5) ===
  Train: 4608 trials  |  Test: 576 trials
  Model params: 14,442
  epoch   1/50  loss=1.3836  bal_acc=0.2934
  epoch   2/50  loss=1.3469  bal_acc=0.3715
  epoch   3/50  loss=1.3053  bal_acc=0.4028
  epoch   4/50  loss=1.2669  bal_acc=0.3958
  epoch   5/50  loss=1.2252  bal_acc=0.3854
  epoch   6/50  loss=1.1863  bal_acc=0.3750
  epoch   7/50  loss=1.1500  bal_acc=0.3733
  epoch   8/50  loss=1.1199  bal_acc=0.3750
  epoch   9/50  loss=1.0857  bal_acc=0.4045
  epoch  10/50  loss=1.0606  bal_acc=0.3958
  epoch  11/50  loss=1.0311  bal_acc=0.4097
  epoch  12/50  loss=1.0060  bal_acc=0.4288
  epoch  13/50  loss=0.9814  bal_acc=0.4184
  epoch  14/50  loss=0.9604  bal_acc=0.4410
  epoch  15/50  loss=0.9365  bal_acc=0.4531
  epoch  16/50  loss=0.9157  bal_acc=0.4583
  epoch  17/50  loss=0.8953  bal_acc=0.4653
  epoch  18/50  loss=0.8732  bal_acc=0.4549
  epoch  19/50  loss=0.8534  bal_acc=0.4601
  epoch  20/50  loss=0.8348  bal_acc=0.4635
  epoch  21/50  loss=0.8154  bal_acc=0.4618
  epoch  22/50  loss=0.8006  bal_acc=0.4531
  epoch  23/50  loss=0.7830  bal_acc=0.4618
  epoch  24/50  loss=0.7719  bal_acc=0.4410
  epoch  25/50  loss=0.7567  bal_acc=0.4410
  epoch  26/50  loss=0.7415  bal_acc=0.4410
  epoch  27/50  loss=0.7306  bal_acc=0.4514
  epoch  28/50  loss=0.7163  bal_acc=0.4635
  epoch  29/50  loss=0.7079  bal_acc=0.4653
  epoch  30/50  loss=0.6953  bal_acc=0.4549
  epoch  31/50  loss=0.6828  bal_acc=0.4514
  epoch  32/50  loss=0.6761  bal_acc=0.4635
  epoch  33/50  loss=0.6606  bal_acc=0.4531
  epoch  34/50  loss=0.6543  bal_acc=0.4618
  epoch  35/50  loss=0.6437  bal_acc=0.4566
  epoch  36/50  loss=0.6320  bal_acc=0.4427
  epoch  37/50  loss=0.6274  bal_acc=0.4618
  epoch  38/50  loss=0.6133  bal_acc=0.4566
  epoch  39/50  loss=0.6096  bal_acc=0.4601
  epoch  40/50  loss=0.5999  bal_acc=0.4340
  epoch  41/50  loss=0.5923  bal_acc=0.4531
  epoch  42/50  loss=0.5875  bal_acc=0.4583
  epoch  43/50  loss=0.5786  bal_acc=0.4635
  epoch  44/50  loss=0.5734  bal_acc=0.4635
  epoch  45/50  loss=0.5670  bal_acc=0.4410
  epoch  46/50  loss=0.5558  bal_acc=0.4444
  epoch  47/50  loss=0.5520  bal_acc=0.4375
  epoch  48/50  loss=0.5458  bal_acc=0.4583
  epoch  49/50  loss=0.5346  bal_acc=0.4583
  epoch  50/50  loss=0.5313  bal_acc=0.4601
  [LOSO 6/9] subject 5: acc=0.4601  running_mean=0.5107

=== LOSO (hold out subject 6) ===
  Train: 4608 trials  |  Test: 576 trials
  Model params: 14,442
  epoch   1/50  loss=1.3824  bal_acc=0.3490
  epoch   2/50  loss=1.3504  bal_acc=0.3733
  epoch   3/50  loss=1.3215  bal_acc=0.3750
  epoch   4/50  loss=1.2952  bal_acc=0.3802
  epoch   5/50  loss=1.2683  bal_acc=0.4167
  epoch   6/50  loss=1.2404  bal_acc=0.4688
  epoch   7/50  loss=1.2020  bal_acc=0.4948
  epoch   8/50  loss=1.1623  bal_acc=0.5226
  epoch   9/50  loss=1.1189  bal_acc=0.5556
  epoch  10/50  loss=1.0881  bal_acc=0.5764
  epoch  11/50  loss=1.0586  bal_acc=0.5799
  epoch  12/50  loss=1.0321  bal_acc=0.5712
  epoch  13/50  loss=1.0118  bal_acc=0.6042
  epoch  14/50  loss=0.9927  bal_acc=0.5972
  epoch  15/50  loss=0.9723  bal_acc=0.6076
  epoch  16/50  loss=0.9544  bal_acc=0.6111
  epoch  17/50  loss=0.9399  bal_acc=0.6007
  epoch  18/50  loss=0.9193  bal_acc=0.5990
  epoch  19/50  loss=0.9069  bal_acc=0.6094
  epoch  20/50  loss=0.8894  bal_acc=0.6163
  epoch  21/50  loss=0.8768  bal_acc=0.5990
  epoch  22/50  loss=0.8664  bal_acc=0.5920
  epoch  23/50  loss=0.8495  bal_acc=0.6163
  epoch  24/50  loss=0.8382  bal_acc=0.6111
  epoch  25/50  loss=0.8267  bal_acc=0.5920
  epoch  26/50  loss=0.8100  bal_acc=0.6059
  epoch  27/50  loss=0.7988  bal_acc=0.6146
  epoch  28/50  loss=0.7881  bal_acc=0.6094
  epoch  29/50  loss=0.7774  bal_acc=0.6181
  epoch  30/50  loss=0.7650  bal_acc=0.6372
  epoch  31/50  loss=0.7511  bal_acc=0.6163
  epoch  32/50  loss=0.7458  bal_acc=0.6267
  epoch  33/50  loss=0.7286  bal_acc=0.6094
  epoch  34/50  loss=0.7208  bal_acc=0.6250
  epoch  35/50  loss=0.7088  bal_acc=0.6111
  epoch  36/50  loss=0.7002  bal_acc=0.6337
  epoch  37/50  loss=0.6875  bal_acc=0.6372
  epoch  38/50  loss=0.6787  bal_acc=0.6354
  epoch  39/50  loss=0.6713  bal_acc=0.6510
  epoch  40/50  loss=0.6593  bal_acc=0.6354
  epoch  41/50  loss=0.6505  bal_acc=0.6354
  epoch  42/50  loss=0.6418  bal_acc=0.6615
  epoch  43/50  loss=0.6362  bal_acc=0.6632
  epoch  44/50  loss=0.6261  bal_acc=0.6424
  epoch  45/50  loss=0.6146  bal_acc=0.6146
  epoch  46/50  loss=0.6085  bal_acc=0.6424
  epoch  47/50  loss=0.6025  bal_acc=0.6510
  epoch  48/50  loss=0.5981  bal_acc=0.6493
  epoch  49/50  loss=0.5877  bal_acc=0.6441
  epoch  50/50  loss=0.5853  bal_acc=0.6389
  [LOSO 7/9] subject 6: acc=0.6389  running_mean=0.5290

=== LOSO (hold out subject 7) ===
  Train: 4608 trials  |  Test: 576 trials
  Model params: 14,442
  epoch   1/50  loss=1.3801  bal_acc=0.2847
  epoch   2/50  loss=1.3458  bal_acc=0.3507
  epoch   3/50  loss=1.3106  bal_acc=0.3438
  epoch   4/50  loss=1.2716  bal_acc=0.3819
  epoch   5/50  loss=1.2372  bal_acc=0.3698
  epoch   6/50  loss=1.2046  bal_acc=0.4358
  epoch   7/50  loss=1.1679  bal_acc=0.4444
  epoch   8/50  loss=1.1306  bal_acc=0.4340
  epoch   9/50  loss=1.0991  bal_acc=0.4635
  epoch  10/50  loss=1.0665  bal_acc=0.4740
  epoch  11/50  loss=1.0370  bal_acc=0.5174
  epoch  12/50  loss=1.0090  bal_acc=0.5000
  epoch  13/50  loss=0.9837  bal_acc=0.5399
  epoch  14/50  loss=0.9619  bal_acc=0.5347
  epoch  15/50  loss=0.9414  bal_acc=0.5243
  epoch  16/50  loss=0.9194  bal_acc=0.5260
  epoch  17/50  loss=0.9021  bal_acc=0.5434
  epoch  18/50  loss=0.8828  bal_acc=0.5469
  epoch  19/50  loss=0.8648  bal_acc=0.5312
  epoch  20/50  loss=0.8466  bal_acc=0.5417
  epoch  21/50  loss=0.8327  bal_acc=0.5556
  epoch  22/50  loss=0.8121  bal_acc=0.5833
  epoch  23/50  loss=0.8008  bal_acc=0.5469
  epoch  24/50  loss=0.7850  bal_acc=0.5625
  epoch  25/50  loss=0.7720  bal_acc=0.5764
  epoch  26/50  loss=0.7537  bal_acc=0.5590
  epoch  27/50  loss=0.7427  bal_acc=0.5625
  epoch  28/50  loss=0.7325  bal_acc=0.5365
  epoch  29/50  loss=0.7194  bal_acc=0.5608
  epoch  30/50  loss=0.7094  bal_acc=0.6024
  epoch  31/50  loss=0.6948  bal_acc=0.6024
  epoch  32/50  loss=0.6852  bal_acc=0.6059
  epoch  33/50  loss=0.6776  bal_acc=0.6111
  epoch  34/50  loss=0.6682  bal_acc=0.6337
  epoch  35/50  loss=0.6569  bal_acc=0.6615
  epoch  36/50  loss=0.6482  bal_acc=0.6233
  epoch  37/50  loss=0.6351  bal_acc=0.6580
  epoch  38/50  loss=0.6332  bal_acc=0.5920
  epoch  39/50  loss=0.6230  bal_acc=0.6372
  epoch  40/50  loss=0.6120  bal_acc=0.5747
  epoch  41/50  loss=0.6044  bal_acc=0.5920
  epoch  42/50  loss=0.5966  bal_acc=0.6233
  epoch  43/50  loss=0.5947  bal_acc=0.6198
  epoch  44/50  loss=0.5842  bal_acc=0.6233
  epoch  45/50  loss=0.5801  bal_acc=0.6389
  epoch  46/50  loss=0.5746  bal_acc=0.5660
  epoch  47/50  loss=0.5676  bal_acc=0.6042
  epoch  48/50  loss=0.5632  bal_acc=0.6493
  epoch  49/50  loss=0.5482  bal_acc=0.6372
  epoch  50/50  loss=0.5480  bal_acc=0.6146
  [LOSO 8/9] subject 7: acc=0.6146  running_mean=0.5397

=== LOSO (hold out subject 8) ===
  Train: 4608 trials  |  Test: 576 trials
  Model params: 14,442
  epoch   1/50  loss=1.3892  bal_acc=0.2691
  epoch   2/50  loss=1.3560  bal_acc=0.3299
  epoch   3/50  loss=1.3191  bal_acc=0.3142
  epoch   4/50  loss=1.2863  bal_acc=0.3576
  epoch   5/50  loss=1.2520  bal_acc=0.3785
  epoch   6/50  loss=1.2071  bal_acc=0.3906
  epoch   7/50  loss=1.1639  bal_acc=0.4062
  epoch   8/50  loss=1.1231  bal_acc=0.4201
  epoch   9/50  loss=1.0887  bal_acc=0.4392
  epoch  10/50  loss=1.0572  bal_acc=0.4462
  epoch  11/50  loss=1.0285  bal_acc=0.4670
  epoch  12/50  loss=1.0056  bal_acc=0.4462
  epoch  13/50  loss=0.9850  bal_acc=0.4688
  epoch  14/50  loss=0.9702  bal_acc=0.4566
  epoch  15/50  loss=0.9476  bal_acc=0.4792
  epoch  16/50  loss=0.9364  bal_acc=0.4931
  epoch  17/50  loss=0.9182  bal_acc=0.4670
  epoch  18/50  loss=0.9037  bal_acc=0.4826
  epoch  19/50  loss=0.8861  bal_acc=0.4983
  epoch  20/50  loss=0.8743  bal_acc=0.4861
  epoch  21/50  loss=0.8594  bal_acc=0.4878
  epoch  22/50  loss=0.8455  bal_acc=0.4931
  epoch  23/50  loss=0.8337  bal_acc=0.4965
  epoch  24/50  loss=0.8185  bal_acc=0.4931
  epoch  25/50  loss=0.8057  bal_acc=0.4965
  epoch  26/50  loss=0.7990  bal_acc=0.5052
  epoch  27/50  loss=0.7881  bal_acc=0.5052
  epoch  28/50  loss=0.7804  bal_acc=0.5069
  epoch  29/50  loss=0.7683  bal_acc=0.5122
  epoch  30/50  loss=0.7517  bal_acc=0.5052
  epoch  31/50  loss=0.7453  bal_acc=0.5087
  epoch  32/50  loss=0.7377  bal_acc=0.4861
  epoch  33/50  loss=0.7228  bal_acc=0.5122
  epoch  34/50  loss=0.7209  bal_acc=0.5035
  epoch  35/50  loss=0.7104  bal_acc=0.5035
  epoch  36/50  loss=0.6996  bal_acc=0.5000
  epoch  37/50  loss=0.6915  bal_acc=0.5156
  epoch  38/50  loss=0.6833  bal_acc=0.5174
  epoch  39/50  loss=0.6689  bal_acc=0.5087
  epoch  40/50  loss=0.6614  bal_acc=0.5017
  epoch  41/50  loss=0.6552  bal_acc=0.5243
  epoch  42/50  loss=0.6506  bal_acc=0.5295
  epoch  43/50  loss=0.6418  bal_acc=0.5278
  epoch  44/50  loss=0.6322  bal_acc=0.5139
  epoch  45/50  loss=0.6252  bal_acc=0.5312
  epoch  46/50  loss=0.6224  bal_acc=0.5017
  epoch  47/50  loss=0.6111  bal_acc=0.5174
  epoch  48/50  loss=0.6040  bal_acc=0.4948
  epoch  49/50  loss=0.6000  bal_acc=0.5191
  epoch  50/50  loss=0.5918  bal_acc=0.5191
  [LOSO 9/9] subject 8: acc=0.5191  running_mean=0.5374
Results saved to results/BNCI2014_001/results_trial_1.json
Trial logged to results/BNCI2014_001/trials.csv
[status] trial 1 done (state=COMPLETE, value=0.5374228395061729) -- 1 completed total
Device: cuda
[BNCI2014_001] loading from cache: /home/aleksander.berezowsk/.cache/spiking_eegnet/BNCI2014_001_af1ccf3e92f684d8a93c057082b654d7.npz
[BNCI2014_001] cache hit: (5184, 1, 22, 1001), classes=['feet', 'left_hand', 'right_hand', 'tongue'], subjects=9
Dataset meta: {'n_classes': 4, 'n_channels': 22, 'n_samples': 1001, 'class_names': ['feet', 'left_hand', 'right_hand', 'tongue'], 'subject_list': [1, 2, 3, 4, 5, 6, 7, 8, 9], 'n_subjects': 9, 'sfreq': 250.0}

=== LOSO (hold out subject 0) ===
  Train: 4608 trials  |  Test: 576 trials
  Model params: 11,596
  epoch   1/50  loss=1.3859  bal_acc=0.2795
  epoch   2/50  loss=1.3744  bal_acc=0.3229
  epoch   3/50  loss=1.3600  bal_acc=0.3594
  epoch   4/50  loss=1.3478  bal_acc=0.3559
  epoch   5/50  loss=1.3329  bal_acc=0.3507
  epoch   6/50  loss=1.3179  bal_acc=0.3646
  epoch   7/50  loss=1.3019  bal_acc=0.3663
  epoch   8/50  loss=1.2850  bal_acc=0.3819
  epoch   9/50  loss=1.2672  bal_acc=0.3750
  epoch  10/50  loss=1.2512  bal_acc=0.3854
  epoch  11/50  loss=1.2310  bal_acc=0.3767
  epoch  12/50  loss=1.2129  bal_acc=0.3837
  epoch  13/50  loss=1.1955  bal_acc=0.4184
  epoch  14/50  loss=1.1810  bal_acc=0.4132
  epoch  15/50  loss=1.1653  bal_acc=0.4149
  epoch  16/50  loss=1.1506  bal_acc=0.4062
  epoch  17/50  loss=1.1380  bal_acc=0.4167
  epoch  18/50  loss=1.1225  bal_acc=0.4358
  epoch  19/50  loss=1.1122  bal_acc=0.4236
  epoch  20/50  loss=1.1034  bal_acc=0.4288
  epoch  21/50  loss=1.0907  bal_acc=0.4340
  epoch  22/50  loss=1.0819  bal_acc=0.4462
  epoch  23/50  loss=1.0694  bal_acc=0.4531
  epoch  24/50  loss=1.0621  bal_acc=0.4722
  epoch  25/50  loss=1.0514  bal_acc=0.4635
  epoch  26/50  loss=1.0432  bal_acc=0.4670
  epoch  27/50  loss=1.0373  bal_acc=0.4531
  epoch  28/50  loss=1.0255  bal_acc=0.4705
  epoch  29/50  loss=1.0182  bal_acc=0.4844
  epoch  30/50  loss=1.0151  bal_acc=0.4844
  epoch  31/50  loss=1.0062  bal_acc=0.4896
  epoch  32/50  loss=0.9988  bal_acc=0.4931
  epoch  33/50  loss=0.9977  bal_acc=0.4948
  epoch  34/50  loss=0.9900  bal_acc=0.4844
  epoch  35/50  loss=0.9770  bal_acc=0.4844
  epoch  36/50  loss=0.9771  bal_acc=0.4948
  epoch  37/50  loss=0.9701  bal_acc=0.4931
  epoch  38/50  loss=0.9586  bal_acc=0.5087
  epoch  39/50  loss=0.9551  bal_acc=0.4878
  epoch  40/50  loss=0.9513  bal_acc=0.5000
  epoch  41/50  loss=0.9435  bal_acc=0.5122
  epoch  42/50  loss=0.9377  bal_acc=0.5191
  epoch  43/50  loss=0.9313  bal_acc=0.5069
  epoch  44/50  loss=0.9276  bal_acc=0.5104
  epoch  45/50  loss=0.9210  bal_acc=0.5000
  epoch  46/50  loss=0.9143  bal_acc=0.5087
  epoch  47/50  loss=0.9116  bal_acc=0.5035
  epoch  48/50  loss=0.9043  bal_acc=0.5000
  epoch  49/50  loss=0.9068  bal_acc=0.4965
  epoch  50/50  loss=0.8911  bal_acc=0.5087
  [LOSO 1/9] subject 0: acc=0.5087  running_mean=0.5087

=== LOSO (hold out subject 1) ===
  Train: 4608 trials  |  Test: 576 trials
  Model params: 11,596
  epoch   1/50  loss=1.3847  bal_acc=0.2934
  epoch   2/50  loss=1.3706  bal_acc=0.3125
  epoch   3/50  loss=1.3569  bal_acc=0.3247
  epoch   4/50  loss=1.3418  bal_acc=0.3455
  epoch   5/50  loss=1.3284  bal_acc=0.3472
  epoch   6/50  loss=1.3140  bal_acc=0.3524
  epoch   7/50  loss=1.3020  bal_acc=0.3750
  epoch   8/50  loss=1.2899  bal_acc=0.3785
  epoch   9/50  loss=1.2785  bal_acc=0.3872
  epoch  10/50  loss=1.2657  bal_acc=0.3802
  epoch  11/50  loss=1.2526  bal_acc=0.3750
  epoch  12/50  loss=1.2413  bal_acc=0.3611
  epoch  13/50  loss=1.2236  bal_acc=0.3715
  epoch  14/50  loss=1.2088  bal_acc=0.3611
  epoch  15/50  loss=1.1930  bal_acc=0.3733
  epoch  16/50  loss=1.1789  bal_acc=0.3576
  epoch  17/50  loss=1.1611  bal_acc=0.3698
  epoch  18/50  loss=1.1439  bal_acc=0.3733
  epoch  19/50  loss=1.1286  bal_acc=0.3837
  epoch  20/50  loss=1.1110  bal_acc=0.3715
  epoch  21/50  loss=1.0944  bal_acc=0.3594
  epoch  22/50  loss=1.0804  bal_acc=0.3715
  epoch  23/50  loss=1.0673  bal_acc=0.3594
  epoch  24/50  loss=1.0531  bal_acc=0.3663
  epoch  25/50  loss=1.0423  bal_acc=0.3420
  epoch  26/50  loss=1.0373  bal_acc=0.3368
  epoch  27/50  loss=1.0245  bal_acc=0.3507
  epoch  28/50  loss=1.0174  bal_acc=0.3507
  epoch  29/50  loss=1.0072  bal_acc=0.3490
  epoch  30/50  loss=0.9965  bal_acc=0.3490
  epoch  31/50  loss=0.9879  bal_acc=0.3576
  epoch  32/50  loss=0.9805  bal_acc=0.3576
  epoch  33/50  loss=0.9724  bal_acc=0.3576
  epoch  34/50  loss=0.9701  bal_acc=0.3316
  epoch  35/50  loss=0.9618  bal_acc=0.3507
  epoch  36/50  loss=0.9529  bal_acc=0.3438
  epoch  37/50  loss=0.9508  bal_acc=0.3351
  epoch  38/50  loss=0.9404  bal_acc=0.3594
  epoch  39/50  loss=0.9301  bal_acc=0.3333
  epoch  40/50  loss=0.9291  bal_acc=0.3559
  epoch  41/50  loss=0.9264  bal_acc=0.3524
  epoch  42/50  loss=0.9191  bal_acc=0.3507
  epoch  43/50  loss=0.9124  bal_acc=0.3438
  epoch  44/50  loss=0.9055  bal_acc=0.3524
  epoch  45/50  loss=0.9054  bal_acc=0.3194
  epoch  46/50  loss=0.8958  bal_acc=0.3733
  epoch  47/50  loss=0.8937  bal_acc=0.3750
  epoch  48/50  loss=0.8877  bal_acc=0.3385
  epoch  49/50  loss=0.8807  bal_acc=0.3611
  epoch  50/50  loss=0.8746  bal_acc=0.3663
  [LOSO 2/9] subject 1: acc=0.3663  running_mean=0.4375

=== LOSO (hold out subject 2) ===
  Train: 4608 trials  |  Test: 576 trials
  Model params: 11,596
  epoch   1/50  loss=1.3857  bal_acc=0.2830
  epoch   2/50  loss=1.3735  bal_acc=0.3212
  epoch   3/50  loss=1.3615  bal_acc=0.3628
  epoch   4/50  loss=1.3473  bal_acc=0.3507
  epoch   5/50  loss=1.3325  bal_acc=0.3785
  epoch   6/50  loss=1.3175  bal_acc=0.3906
  epoch   7/50  loss=1.3034  bal_acc=0.4045
  epoch   8/50  loss=1.2896  bal_acc=0.4097
  epoch   9/50  loss=1.2735  bal_acc=0.4375
  epoch  10/50  loss=1.2534  bal_acc=0.4514
  epoch  11/50  loss=1.2351  bal_acc=0.4653
  epoch  12/50  loss=1.2166  bal_acc=0.4722
  epoch  13/50  loss=1.1956  bal_acc=0.4705
  epoch  14/50  loss=1.1778  bal_acc=0.4688
  epoch  15/50  loss=1.1646  bal_acc=0.4566
  epoch  16/50  loss=1.1483  bal_acc=0.4844
  epoch  17/50  loss=1.1339  bal_acc=0.4948
  epoch  18/50  loss=1.1240  bal_acc=0.4896
  epoch  19/50  loss=1.1112  bal_acc=0.5017
  epoch  20/50  loss=1.0997  bal_acc=0.4965
  epoch  21/50  loss=1.0892  bal_acc=0.5035
  epoch  22/50  loss=1.0762  bal_acc=0.5052
  epoch  23/50  loss=1.0703  bal_acc=0.5017
  epoch  24/50  loss=1.0593  bal_acc=0.5122
  epoch  25/50  loss=1.0482  bal_acc=0.5347
  epoch  26/50  loss=1.0377  bal_acc=0.5035
  epoch  27/50  loss=1.0305  bal_acc=0.5226
  epoch  28/50  loss=1.0205  bal_acc=0.5434
  epoch  29/50  loss=1.0124  bal_acc=0.5486
  epoch  30/50  loss=0.9991  bal_acc=0.5469
  epoch  31/50  loss=0.9914  bal_acc=0.5451
  epoch  32/50  loss=0.9816  bal_acc=0.5573
  epoch  33/50  loss=0.9740  bal_acc=0.5712
  epoch  34/50  loss=0.9708  bal_acc=0.5382
  epoch  35/50  loss=0.9613  bal_acc=0.5191
  epoch  36/50  loss=0.9513  bal_acc=0.5764
  epoch  37/50  loss=0.9433  bal_acc=0.5781
  epoch  38/50  loss=0.9385  bal_acc=0.5885
  epoch  39/50  loss=0.9316  bal_acc=0.5868
  epoch  40/50  loss=0.9281  bal_acc=0.5556
  epoch  41/50  loss=0.9174  bal_acc=0.5938
  epoch  42/50  loss=0.9112  bal_acc=0.6007
  epoch  43/50  loss=0.9065  bal_acc=0.5972
  epoch  44/50  loss=0.8962  bal_acc=0.5920
  epoch  45/50  loss=0.8925  bal_acc=0.6163
  epoch  46/50  loss=0.8841  bal_acc=0.6042
  epoch  47/50  loss=0.8785  bal_acc=0.5955
  epoch  48/50  loss=0.8779  bal_acc=0.6128
  epoch  49/50  loss=0.8688  bal_acc=0.6059
  epoch  50/50  loss=0.8627  bal_acc=0.6007
  [LOSO 3/9] subject 2: acc=0.6007  running_mean=0.4919

=== LOSO (hold out subject 3) ===
  Train: 4608 trials  |  Test: 576 trials
  Model params: 11,596
  epoch   1/50  loss=1.3882  bal_acc=0.2743
  epoch   2/50  loss=1.3757  bal_acc=0.2847
  epoch   3/50  loss=1.3664  bal_acc=0.3160
  epoch   4/50  loss=1.3542  bal_acc=0.3316
  epoch   5/50  loss=1.3422  bal_acc=0.3247
  epoch   6/50  loss=1.3286  bal_acc=0.3472
  epoch   7/50  loss=1.3136  bal_acc=0.3403
  epoch   8/50  loss=1.2999  bal_acc=0.3316
  epoch   9/50  loss=1.2841  bal_acc=0.3420
  epoch  10/50  loss=1.2664  bal_acc=0.3333
  epoch  11/50  loss=1.2511  bal_acc=0.3368
  epoch  12/50  loss=1.2301  bal_acc=0.3785
  epoch  13/50  loss=1.2097  bal_acc=0.3819
  epoch  14/50  loss=1.1950  bal_acc=0.3819
  epoch  15/50  loss=1.1763  bal_acc=0.4149
  epoch  16/50  loss=1.1568  bal_acc=0.3889
  epoch  17/50  loss=1.1416  bal_acc=0.4323
  epoch  18/50  loss=1.1278  bal_acc=0.4167
  epoch  19/50  loss=1.1086  bal_acc=0.4236
  epoch  20/50  loss=1.0987  bal_acc=0.4097
  epoch  21/50  loss=1.0842  bal_acc=0.4236
  epoch  22/50  loss=1.0744  bal_acc=0.4236
  epoch  23/50  loss=1.0632  bal_acc=0.4149
  epoch  24/50  loss=1.0533  bal_acc=0.4392
  epoch  25/50  loss=1.0472  bal_acc=0.4201
  epoch  26/50  loss=1.0349  bal_acc=0.4375
  epoch  27/50  loss=1.0267  bal_acc=0.4392
  epoch  28/50  loss=1.0203  bal_acc=0.4323
  epoch  29/50  loss=1.0127  bal_acc=0.4410
  epoch  30/50  loss=1.0032  bal_acc=0.4444
  epoch  31/50  loss=0.9946  bal_acc=0.4323
  epoch  32/50  loss=0.9850  bal_acc=0.4531
  epoch  33/50  loss=0.9787  bal_acc=0.4271
  epoch  34/50  loss=0.9724  bal_acc=0.4392
  epoch  35/50  loss=0.9667  bal_acc=0.4583
  epoch  36/50  loss=0.9561  bal_acc=0.4531
  epoch  37/50  loss=0.9486  bal_acc=0.4688
  epoch  38/50  loss=0.9434  bal_acc=0.4618
  epoch  39/50  loss=0.9421  bal_acc=0.4531
  epoch  40/50  loss=0.9307  bal_acc=0.4514
  epoch  41/50  loss=0.9245  bal_acc=0.4757
  epoch  42/50  loss=0.9210  bal_acc=0.4757
  epoch  43/50  loss=0.9142  bal_acc=0.4392
  epoch  44/50  loss=0.9106  bal_acc=0.4618
  epoch  45/50  loss=0.9002  bal_acc=0.4670
  epoch  46/50  loss=0.8939  bal_acc=0.4497
  epoch  47/50  loss=0.8880  bal_acc=0.4705
  epoch  48/50  loss=0.8849  bal_acc=0.4566
  epoch  49/50  loss=0.8740  bal_acc=0.4618
  epoch  50/50  loss=0.8748  bal_acc=0.4809
  [LOSO 4/9] subject 3: acc=0.4809  running_mean=0.4891

=== LOSO (hold out subject 4) ===
  Train: 4608 trials  |  Test: 576 trials
  Model params: 11,596
  epoch   1/50  loss=1.3867  bal_acc=0.2569
  epoch   2/50  loss=1.3788  bal_acc=0.2517
  epoch   3/50  loss=1.3690  bal_acc=0.2552
  epoch   4/50  loss=1.3590  bal_acc=0.3021
  epoch   5/50  loss=1.3459  bal_acc=0.2969
  epoch   6/50  loss=1.3336  bal_acc=0.3108
  epoch   7/50  loss=1.3193  bal_acc=0.3333
  epoch   8/50  loss=1.3051  bal_acc=0.3021
  epoch   9/50  loss=1.2926  bal_acc=0.3264
  epoch  10/50  loss=1.2798  bal_acc=0.3351
  epoch  11/50  loss=1.2666  bal_acc=0.3212
  epoch  12/50  loss=1.2523  bal_acc=0.3212
  epoch  13/50  loss=1.2384  bal_acc=0.3073
  epoch  14/50  loss=1.2212  bal_acc=0.3194
  epoch  15/50  loss=1.2058  bal_acc=0.3229
  epoch  16/50  loss=1.1892  bal_acc=0.3333
  epoch  17/50  loss=1.1746  bal_acc=0.3403
  epoch  18/50  loss=1.1592  bal_acc=0.3507
  epoch  19/50  loss=1.1482  bal_acc=0.3438
  epoch  20/50  loss=1.1341  bal_acc=0.3663
  epoch  21/50  loss=1.1242  bal_acc=0.3733
  epoch  22/50  loss=1.1082  bal_acc=0.3663
  epoch  23/50  loss=1.0992  bal_acc=0.3837
  epoch  24/50  loss=1.0872  bal_acc=0.3872
  epoch  25/50  loss=1.0759  bal_acc=0.4097
  epoch  26/50  loss=1.0679  bal_acc=0.3941
  epoch  27/50  loss=1.0545  bal_acc=0.4080
  epoch  28/50  loss=1.0451  bal_acc=0.4028
  epoch  29/50  loss=1.0343  bal_acc=0.4115
  epoch  30/50  loss=1.0304  bal_acc=0.4236
  epoch  31/50  loss=1.0240  bal_acc=0.4219
  epoch  32/50  loss=1.0130  bal_acc=0.4028
  epoch  33/50  loss=1.0019  bal_acc=0.4149
  epoch  34/50  loss=0.9953  bal_acc=0.4201
  epoch  35/50  loss=0.9915  bal_acc=0.4132
  epoch  36/50  loss=0.9808  bal_acc=0.4132
  epoch  37/50  loss=0.9745  bal_acc=0.4219
  epoch  38/50  loss=0.9671  bal_acc=0.4149
  epoch  39/50  loss=0.9587  bal_acc=0.4167
  epoch  40/50  loss=0.9568  bal_acc=0.3854
  epoch  41/50  loss=0.9513  bal_acc=0.4340
  epoch  42/50  loss=0.9445  bal_acc=0.3993
  epoch  43/50  loss=0.9353  bal_acc=0.4149
  epoch  44/50  loss=0.9299  bal_acc=0.4167
  epoch  45/50  loss=0.9256  bal_acc=0.3941
  epoch  46/50  loss=0.9193  bal_acc=0.3958
  epoch  47/50  loss=0.9171  bal_acc=0.3941
  epoch  48/50  loss=0.9073  bal_acc=0.3993
  epoch  49/50  loss=0.9004  bal_acc=0.3576
  epoch  50/50  loss=0.8973  bal_acc=0.4062
  [LOSO 5/9] subject 4: acc=0.4062  running_mean=0.4726

=== LOSO (hold out subject 5) ===
  Train: 4608 trials  |  Test: 576 trials
  Model params: 11,596
  epoch   1/50  loss=1.3769  bal_acc=0.3212
  epoch   2/50  loss=1.3606  bal_acc=0.3455
  epoch   3/50  loss=1.3478  bal_acc=0.3559
  epoch   4/50  loss=1.3340  bal_acc=0.3524
  epoch   5/50  loss=1.3207  bal_acc=0.3594
  epoch   6/50  loss=1.3094  bal_acc=0.3455
  epoch   7/50  loss=1.2994  bal_acc=0.3559
  epoch   8/50  loss=1.2885  bal_acc=0.3611
  epoch   9/50  loss=1.2784  bal_acc=0.3698
  epoch  10/50  loss=1.2698  bal_acc=0.3819
  epoch  11/50  loss=1.2552  bal_acc=0.3767
  epoch  12/50  loss=1.2413  bal_acc=0.3802
  epoch  13/50  loss=1.2221  bal_acc=0.3872
  epoch  14/50  loss=1.2045  bal_acc=0.3924
  epoch  15/50  loss=1.1910  bal_acc=0.3941
  epoch  16/50  loss=1.1710  bal_acc=0.3941
  epoch  17/50  loss=1.1538  bal_acc=0.4028
  epoch  18/50  loss=1.1352  bal_acc=0.4097
  epoch  19/50  loss=1.1211  bal_acc=0.4080
  epoch  20/50  loss=1.1058  bal_acc=0.4080
  epoch  21/50  loss=1.0895  bal_acc=0.4149
  epoch  22/50  loss=1.0758  bal_acc=0.4132
  epoch  23/50  loss=1.0615  bal_acc=0.4045
  epoch  24/50  loss=1.0491  bal_acc=0.3837
  epoch  25/50  loss=1.0350  bal_acc=0.4045
  epoch  26/50  loss=1.0205  bal_acc=0.3976
  epoch  27/50  loss=1.0082  bal_acc=0.4132
  epoch  28/50  loss=0.9920  bal_acc=0.4167
  epoch  29/50  loss=0.9794  bal_acc=0.4167
  epoch  30/50  loss=0.9664  bal_acc=0.4028
  epoch  31/50  loss=0.9508  bal_acc=0.4149
  epoch  32/50  loss=0.9404  bal_acc=0.4219
  epoch  33/50  loss=0.9273  bal_acc=0.4149
  epoch  34/50  loss=0.9178  bal_acc=0.4201
  epoch  35/50  loss=0.9038  bal_acc=0.4149
  epoch  36/50  loss=0.8896  bal_acc=0.4219
  epoch  37/50  loss=0.8777  bal_acc=0.4132
  epoch  38/50  loss=0.8676  bal_acc=0.4097
  epoch  39/50  loss=0.8651  bal_acc=0.4253
  epoch  40/50  loss=0.8515  bal_acc=0.4062
  epoch  41/50  loss=0.8422  bal_acc=0.4201
  epoch  42/50  loss=0.8321  bal_acc=0.4288
  epoch  43/50  loss=0.8291  bal_acc=0.3976
  epoch  44/50  loss=0.8184  bal_acc=0.4201
  epoch  45/50  loss=0.8132  bal_acc=0.4115
  epoch  46/50  loss=0.8045  bal_acc=0.4080
  epoch  47/50  loss=0.7942  bal_acc=0.4028
  epoch  48/50  loss=0.7869  bal_acc=0.4115
  epoch  49/50  loss=0.7826  bal_acc=0.4149
  epoch  50/50  loss=0.7769  bal_acc=0.3924
  [LOSO 6/9] subject 5: acc=0.3924  running_mean=0.4592

=== LOSO (hold out subject 6) ===
  Train: 4608 trials  |  Test: 576 trials
  Model params: 11,596
  epoch   1/50  loss=1.3894  bal_acc=0.2795
  epoch   2/50  loss=1.3771  bal_acc=0.3160
  epoch   3/50  loss=1.3682  bal_acc=0.3854
  epoch   4/50  loss=1.3563  bal_acc=0.3767
  epoch   5/50  loss=1.3441  bal_acc=0.4045
  epoch   6/50  loss=1.3304  bal_acc=0.4062
  epoch   7/50  loss=1.3164  bal_acc=0.4323
  epoch   8/50  loss=1.3054  bal_acc=0.4184
  epoch   9/50  loss=1.2918  bal_acc=0.4497
  epoch  10/50  loss=1.2815  bal_acc=0.4375
  epoch  11/50  loss=1.2669  bal_acc=0.4566
  epoch  12/50  loss=1.2528  bal_acc=0.4479
  epoch  13/50  loss=1.2374  bal_acc=0.4514
  epoch  14/50  loss=1.2243  bal_acc=0.4462
  epoch  15/50  loss=1.2092  bal_acc=0.4531
  epoch  16/50  loss=1.1960  bal_acc=0.4358
  epoch  17/50  loss=1.1847  bal_acc=0.4236
  epoch  18/50  loss=1.1721  bal_acc=0.4288
  epoch  19/50  loss=1.1598  bal_acc=0.4375
  epoch  20/50  loss=1.1453  bal_acc=0.4462
  epoch  21/50  loss=1.1357  bal_acc=0.4635
  epoch  22/50  loss=1.1229  bal_acc=0.4618
  epoch  23/50  loss=1.1127  bal_acc=0.4601
  epoch  24/50  loss=1.1015  bal_acc=0.4861
  epoch  25/50  loss=1.0904  bal_acc=0.4774
  epoch  26/50  loss=1.0753  bal_acc=0.4965
  epoch  27/50  loss=1.0692  bal_acc=0.4757
  epoch  28/50  loss=1.0580  bal_acc=0.4722
  epoch  29/50  loss=1.0447  bal_acc=0.5000
  epoch  30/50  loss=1.0357  bal_acc=0.4792
  epoch  31/50  loss=1.0259  bal_acc=0.4826
  epoch  32/50  loss=1.0212  bal_acc=0.4913
  epoch  33/50  loss=1.0080  bal_acc=0.4931
  epoch  34/50  loss=1.0019  bal_acc=0.5122
  epoch  35/50  loss=0.9885  bal_acc=0.4826
  epoch  36/50  loss=0.9856  bal_acc=0.4844
  epoch  37/50  loss=0.9716  bal_acc=0.4757
  epoch  38/50  loss=0.9664  bal_acc=0.4427
  epoch  39/50  loss=0.9566  bal_acc=0.4514
  epoch  40/50  loss=0.9503  bal_acc=0.4653
  epoch  41/50  loss=0.9447  bal_acc=0.4618
  epoch  42/50  loss=0.9341  bal_acc=0.4497
  epoch  43/50  loss=0.9269  bal_acc=0.5191
  epoch  44/50  loss=0.9185  bal_acc=0.4653
  epoch  45/50  loss=0.9089  bal_acc=0.4080
  epoch  46/50  loss=0.9112  bal_acc=0.4479
  epoch  47/50  loss=0.9070  bal_acc=0.4462
  epoch  48/50  loss=0.8966  bal_acc=0.5069
  epoch  49/50  loss=0.8863  bal_acc=0.4531
  epoch  50/50  loss=0.8859  bal_acc=0.4410
  [LOSO 7/9] subject 6: acc=0.4410  running_mean=0.4566

=== LOSO (hold out subject 7) ===
  Train: 4608 trials  |  Test: 576 trials
  Model params: 11,596
  epoch   1/50  loss=1.3787  bal_acc=0.3056
  epoch   2/50  loss=1.3669  bal_acc=0.3333
  epoch   3/50  loss=1.3520  bal_acc=0.3247
  epoch   4/50  loss=1.3377  bal_acc=0.3299
  epoch   5/50  loss=1.3226  bal_acc=0.3542
  epoch   6/50  loss=1.3112  bal_acc=0.3628
  epoch   7/50  loss=1.3006  bal_acc=0.3698
  epoch   8/50  loss=1.2896  bal_acc=0.3819
  epoch   9/50  loss=1.2787  bal_acc=0.3941
  epoch  10/50  loss=1.2665  bal_acc=0.3924
  epoch  11/50  loss=1.2522  bal_acc=0.4132
  epoch  12/50  loss=1.2389  bal_acc=0.4323
  epoch  13/50  loss=1.2255  bal_acc=0.4392
  epoch  14/50  loss=1.2118  bal_acc=0.4479
  epoch  15/50  loss=1.1942  bal_acc=0.4514
  epoch  16/50  loss=1.1798  bal_acc=0.4722
  epoch  17/50  loss=1.1658  bal_acc=0.4740
  epoch  18/50  loss=1.1483  bal_acc=0.4722
  epoch  19/50  loss=1.1377  bal_acc=0.4913
  epoch  20/50  loss=1.1255  bal_acc=0.4983
  epoch  21/50  loss=1.1117  bal_acc=0.5069
  epoch  22/50  loss=1.0996  bal_acc=0.5000
  epoch  23/50  loss=1.0899  bal_acc=0.5017
  epoch  24/50  loss=1.0777  bal_acc=0.5139
  epoch  25/50  loss=1.0665  bal_acc=0.5069
  epoch  26/50  loss=1.0572  bal_acc=0.5191
  epoch  27/50  loss=1.0502  bal_acc=0.5174
  epoch  28/50  loss=1.0390  bal_acc=0.5295
  epoch  29/50  loss=1.0314  bal_acc=0.5208
  epoch  30/50  loss=1.0211  bal_acc=0.5278
  epoch  31/50  loss=1.0168  bal_acc=0.5312
  epoch  32/50  loss=1.0062  bal_acc=0.5312
  epoch  33/50  loss=1.0019  bal_acc=0.5260
  epoch  34/50  loss=0.9909  bal_acc=0.5451
  epoch  35/50  loss=0.9847  bal_acc=0.5469
  epoch  36/50  loss=0.9770  bal_acc=0.5365
  epoch  37/50  loss=0.9727  bal_acc=0.5660
  epoch  38/50  loss=0.9670  bal_acc=0.5503
  epoch  39/50  loss=0.9551  bal_acc=0.5608
  epoch  40/50  loss=0.9456  bal_acc=0.5590
  epoch  41/50  loss=0.9487  bal_acc=0.5781
  epoch  42/50  loss=0.9375  bal_acc=0.5642
  epoch  43/50  loss=0.9346  bal_acc=0.5556
  epoch  44/50  loss=0.9266  bal_acc=0.5712
  epoch  45/50  loss=0.9195  bal_acc=0.5625
  epoch  46/50  loss=0.9152  bal_acc=0.5799
  epoch  47/50  loss=0.9076  bal_acc=0.5885
  epoch  48/50  loss=0.9017  bal_acc=0.5642
  epoch  49/50  loss=0.8956  bal_acc=0.5816
  epoch  50/50  loss=0.8928  bal_acc=0.5851
  [LOSO 8/9] subject 7: acc=0.5851  running_mean=0.4727

=== LOSO (hold out subject 8) ===
  Train: 4608 trials  |  Test: 576 trials
  Model params: 11,596
  epoch   1/50  loss=1.3861  bal_acc=0.2552
  epoch   2/50  loss=1.3785  bal_acc=0.3090
  epoch   3/50  loss=1.3659  bal_acc=0.3264
  epoch   4/50  loss=1.3551  bal_acc=0.3472
  epoch   5/50  loss=1.3408  bal_acc=0.3507
  epoch   6/50  loss=1.3260  bal_acc=0.3611
  epoch   7/50  loss=1.3109  bal_acc=0.3698
  epoch   8/50  loss=1.2971  bal_acc=0.3698
  epoch   9/50  loss=1.2853  bal_acc=0.3542
  epoch  10/50  loss=1.2717  bal_acc=0.3628
  epoch  11/50  loss=1.2561  bal_acc=0.3681
  epoch  12/50  loss=1.2416  bal_acc=0.3715
  epoch  13/50  loss=1.2258  bal_acc=0.3924
  epoch  14/50  loss=1.2102  bal_acc=0.4010
  epoch  15/50  loss=1.1897  bal_acc=0.4219
  epoch  16/50  loss=1.1725  bal_acc=0.4097
  epoch  17/50  loss=1.1559  bal_acc=0.4271
  epoch  18/50  loss=1.1393  bal_acc=0.4358
  epoch  19/50  loss=1.1229  bal_acc=0.4323
  epoch  20/50  loss=1.1124  bal_acc=0.4219
  epoch  21/50  loss=1.1004  bal_acc=0.4427
  epoch  22/50  loss=1.0867  bal_acc=0.4497
  epoch  23/50  loss=1.0752  bal_acc=0.4444
  epoch  24/50  loss=1.0694  bal_acc=0.4427
  epoch  25/50  loss=1.0567  bal_acc=0.4392
  epoch  26/50  loss=1.0458  bal_acc=0.4462
  epoch  27/50  loss=1.0405  bal_acc=0.4531
  epoch  28/50  loss=1.0318  bal_acc=0.4410
  epoch  29/50  loss=1.0211  bal_acc=0.4566
  epoch  30/50  loss=1.0157  bal_acc=0.4635
  epoch  31/50  loss=1.0061  bal_acc=0.4653
  epoch  32/50  loss=0.9934  bal_acc=0.4722
  epoch  33/50  loss=0.9893  bal_acc=0.4705
  epoch  34/50  loss=0.9797  bal_acc=0.4757
  epoch  35/50  loss=0.9730  bal_acc=0.4792
  epoch  36/50  loss=0.9673  bal_acc=0.4740
  epoch  37/50  loss=0.9609  bal_acc=0.4809
  epoch  38/50  loss=0.9524  bal_acc=0.4705
  epoch  39/50  loss=0.9451  bal_acc=0.4826
  epoch  40/50  loss=0.9370  bal_acc=0.4792
  epoch  41/50  loss=0.9305  bal_acc=0.4740
  epoch  42/50  loss=0.9264  bal_acc=0.4740
  epoch  43/50  loss=0.9229  bal_acc=0.4757
  epoch  44/50  loss=0.9170  bal_acc=0.4826
  epoch  45/50  loss=0.9101  bal_acc=0.4861
  epoch  46/50  loss=0.9021  bal_acc=0.4861
  epoch  47/50  loss=0.8912  bal_acc=0.4913
  epoch  48/50  loss=0.8938  bal_acc=0.4913
  epoch  49/50  loss=0.8821  bal_acc=0.4896
  epoch  50/50  loss=0.8835  bal_acc=0.4705
  [LOSO 9/9] subject 8: acc=0.4705  running_mean=0.4724
Results saved to results/BNCI2014_001/results_trial_3.json
Trial logged to results/BNCI2014_001/trials.csv
[status] trial 3 done (state=COMPLETE, value=0.4724151234567901) -- 4 completed total
Device: cuda
[BNCI2014_001] loading from cache: /home/aleksander.berezowsk/.cache/spiking_eegnet/BNCI2014_001_af1ccf3e92f684d8a93c057082b654d7.npz
[BNCI2014_001] cache hit: (5184, 1, 22, 1001), classes=['feet', 'left_hand', 'right_hand', 'tongue'], subjects=9
Dataset meta: {'n_classes': 4, 'n_channels': 22, 'n_samples': 1001, 'class_names': ['feet', 'left_hand', 'right_hand', 'tongue'], 'subject_list': [1, 2, 3, 4, 5, 6, 7, 8, 9], 'n_subjects': 9, 'sfreq': 250.0}

=== LOSO (hold out subject 0) ===
  Train: 4608 trials  |  Test: 576 trials
  Model params: 10,612
  epoch   1/50  loss=1.3682  bal_acc=0.3837
  epoch   2/50  loss=1.1797  bal_acc=0.4462
  epoch   3/50  loss=1.0833  bal_acc=0.4635
  epoch   4/50  loss=1.0309  bal_acc=0.4306
  epoch   5/50  loss=0.9422  bal_acc=0.4809
  epoch   6/50  loss=0.8958  bal_acc=0.4792
  epoch   7/50  loss=0.8628  bal_acc=0.4844
  epoch   8/50  loss=0.8249  bal_acc=0.5035
  epoch   9/50  loss=0.7664  bal_acc=0.5122
  epoch  10/50  loss=0.7439  bal_acc=0.5712
  epoch  11/50  loss=0.7248  bal_acc=0.4844
  epoch  12/50  loss=0.7127  bal_acc=0.4722
  epoch  13/50  loss=0.6695  bal_acc=0.5139
  epoch  14/50  loss=0.6579  bal_acc=0.5573
  epoch  15/50  loss=0.6486  bal_acc=0.5208
  epoch  16/50  loss=0.6237  bal_acc=0.4062
  epoch  17/50  loss=0.6355  bal_acc=0.5139
  epoch  18/50  loss=0.6081  bal_acc=0.4167
  epoch  19/50  loss=0.5869  bal_acc=0.5191
  epoch  20/50  loss=0.5698  bal_acc=0.4601
  epoch  21/50  loss=0.5894  bal_acc=0.4531
  epoch  22/50  loss=0.5512  bal_acc=0.4566
  epoch  23/50  loss=0.5483  bal_acc=0.4531
  epoch  24/50  loss=0.5378  bal_acc=0.4931
  epoch  25/50  loss=0.5149  bal_acc=0.4375
  epoch  26/50  loss=0.5480  bal_acc=0.4583
  epoch  27/50  loss=0.5087  bal_acc=0.4931
  epoch  28/50  loss=0.4951  bal_acc=0.4219
  epoch  29/50  loss=0.4852  bal_acc=0.4306
  epoch  30/50  loss=0.4740  bal_acc=0.4531
  epoch  31/50  loss=0.4521  bal_acc=0.4375
  epoch  32/50  loss=0.4588  bal_acc=0.4358
  epoch  33/50  loss=0.4605  bal_acc=0.4705
  epoch  34/50  loss=0.4793  bal_acc=0.4688
  epoch  35/50  loss=0.4606  bal_acc=0.4323
  epoch  36/50  loss=0.4491  bal_acc=0.4479
  epoch  37/50  loss=0.4428  bal_acc=0.4705
  epoch  38/50  loss=0.4171  bal_acc=0.5017
  epoch  39/50  loss=0.4464  bal_acc=0.4983
  epoch  40/50  loss=0.4232  bal_acc=0.4375
  epoch  41/50  loss=0.4298  bal_acc=0.4306
  epoch  42/50  loss=0.4442  bal_acc=0.4722
  epoch  43/50  loss=0.4086  bal_acc=0.4635
  epoch  44/50  loss=0.4127  bal_acc=0.4236
  epoch  45/50  loss=0.4389  bal_acc=0.3976
  epoch  46/50  loss=0.4205  bal_acc=0.4115
  epoch  47/50  loss=0.4315  bal_acc=0.4670
  epoch  48/50  loss=0.3777  bal_acc=0.4323
  epoch  49/50  loss=0.3991  bal_acc=0.3715
  epoch  50/50  loss=0.4226  bal_acc=0.4462
  [LOSO 1/9] subject 0: acc=0.4462  running_mean=0.4462

=== LOSO (hold out subject 1) ===
  Train: 4608 trials  |  Test: 576 trials
  Model params: 10,612
  epoch   1/50  loss=1.3813  bal_acc=0.3333
  epoch   2/50  loss=1.1661  bal_acc=0.3993
  epoch   3/50  loss=1.0276  bal_acc=0.4444
  epoch   4/50  loss=0.9623  bal_acc=0.3924
  epoch   5/50  loss=0.9130  bal_acc=0.4149
  epoch   6/50  loss=0.8438  bal_acc=0.4097
  epoch   7/50  loss=0.7918  bal_acc=0.4306
  epoch   8/50  loss=0.7798  bal_acc=0.4132
  epoch   9/50  loss=0.7580  bal_acc=0.3802
  epoch  10/50  loss=0.7378  bal_acc=0.3837
  epoch  11/50  loss=0.7014  bal_acc=0.4549
  epoch  12/50  loss=0.6569  bal_acc=0.3993
  epoch  13/50  loss=0.6740  bal_acc=0.3559
  epoch  14/50  loss=0.6342  bal_acc=0.4062
  epoch  15/50  loss=0.6128  bal_acc=0.3872
  epoch  16/50  loss=0.5816  bal_acc=0.4080
  epoch  17/50  loss=0.5912  bal_acc=0.4132
  epoch  18/50  loss=0.5749  bal_acc=0.4115
  epoch  19/50  loss=0.5471  bal_acc=0.3906
  epoch  20/50  loss=0.5398  bal_acc=0.3958
  epoch  21/50  loss=0.5363  bal_acc=0.3976
  epoch  22/50  loss=0.5010  bal_acc=0.3819
  epoch  23/50  loss=0.4884  bal_acc=0.3837
  epoch  24/50  loss=0.4818  bal_acc=0.3837
  epoch  25/50  loss=0.4662  bal_acc=0.3889
  epoch  26/50  loss=0.4574  bal_acc=0.3924
  epoch  27/50  loss=0.4319  bal_acc=0.3941
  epoch  28/50  loss=0.4474  bal_acc=0.4115
  epoch  29/50  loss=0.4249  bal_acc=0.3958
  epoch  30/50  loss=0.4365  bal_acc=0.3646
  epoch  31/50  loss=0.4521  bal_acc=0.4010
  epoch  32/50  loss=0.4300  bal_acc=0.3767
  epoch  33/50  loss=0.4074  bal_acc=0.3733
  epoch  34/50  loss=0.4030  bal_acc=0.3611
  epoch  35/50  loss=0.3826  bal_acc=0.3750
  epoch  36/50  loss=0.3889  bal_acc=0.4132
  epoch  37/50  loss=0.4223  bal_acc=0.3924
  epoch  38/50  loss=0.3978  bal_acc=0.4028
  epoch  39/50  loss=0.3730  bal_acc=0.4184
  epoch  40/50  loss=0.3629  bal_acc=0.3906
  epoch  41/50  loss=0.3781  bal_acc=0.4097
  epoch  42/50  loss=0.3694  bal_acc=0.3802
  epoch  43/50  loss=0.3547  bal_acc=0.3906
  epoch  44/50  loss=0.3497  bal_acc=0.4201
  epoch  45/50  loss=0.3667  bal_acc=0.4080
  epoch  46/50  loss=0.3320  bal_acc=0.4045
  epoch  47/50  loss=0.3491  bal_acc=0.4062
  epoch  48/50  loss=0.3605  bal_acc=0.4184
  epoch  49/50  loss=0.3318  bal_acc=0.4132
  epoch  50/50  loss=0.3397  bal_acc=0.4167
  [LOSO 2/9] subject 1: acc=0.4167  running_mean=0.4314

=== LOSO (hold out subject 2) ===
  Train: 4608 trials  |  Test: 576 trials
  Model params: 10,612
  epoch   1/50  loss=1.3673  bal_acc=0.4549
  epoch   2/50  loss=1.2081  bal_acc=0.5000
  epoch   3/50  loss=1.1231  bal_acc=0.4931
  epoch   4/50  loss=1.0582  bal_acc=0.6337
  epoch   5/50  loss=1.0174  bal_acc=0.4983
  epoch   6/50  loss=0.9507  bal_acc=0.4722
  epoch   7/50  loss=0.9111  bal_acc=0.6024
  epoch   8/50  loss=0.8643  bal_acc=0.4583
  epoch   9/50  loss=0.8636  bal_acc=0.5382
  epoch  10/50  loss=0.8546  bal_acc=0.5608
  epoch  11/50  loss=0.8538  bal_acc=0.5347
  epoch  12/50  loss=0.8056  bal_acc=0.5677
  epoch  13/50  loss=0.7822  bal_acc=0.5191
  epoch  14/50  loss=0.7680  bal_acc=0.5312
  epoch  15/50  loss=0.7453  bal_acc=0.5295
  epoch  16/50  loss=0.7239  bal_acc=0.5608
  epoch  17/50  loss=0.7100  bal_acc=0.5538
  epoch  18/50  loss=0.6901  bal_acc=0.5938
  epoch  19/50  loss=0.6715  bal_acc=0.4965
  epoch  20/50  loss=0.6894  bal_acc=0.5486
  epoch  21/50  loss=0.6692  bal_acc=0.5712
  epoch  22/50  loss=0.6558  bal_acc=0.5833
  epoch  23/50  loss=0.6461  bal_acc=0.5833
  epoch  24/50  loss=0.6163  bal_acc=0.5191
  epoch  25/50  loss=0.6383  bal_acc=0.4601
  epoch  26/50  loss=0.6130  bal_acc=0.5660
  epoch  27/50  loss=0.6162  bal_acc=0.5625
  epoch  28/50  loss=0.5818  bal_acc=0.6076
  epoch  29/50  loss=0.5862  bal_acc=0.6302
  epoch  30/50  loss=0.5542  bal_acc=0.6163
  epoch  31/50  loss=0.5436  bal_acc=0.6233
  epoch  32/50  loss=0.5689  bal_acc=0.5938
  epoch  33/50  loss=0.5513  bal_acc=0.6354
  epoch  34/50  loss=0.5436  bal_acc=0.6615
  epoch  35/50  loss=0.5080  bal_acc=0.6389
  epoch  36/50  loss=0.5214  bal_acc=0.6076
  epoch  37/50  loss=0.5202  bal_acc=0.6528
  epoch  38/50  loss=0.4945  bal_acc=0.6094
  epoch  39/50  loss=0.5354  bal_acc=0.5729
  epoch  40/50  loss=0.5189  bal_acc=0.6285
  epoch  41/50  loss=0.4878  bal_acc=0.6493
  epoch  42/50  loss=0.4617  bal_acc=0.6250
  epoch  43/50  loss=0.4458  bal_acc=0.6719
  epoch  44/50  loss=0.4637  bal_acc=0.6389
  epoch  45/50  loss=0.4573  bal_acc=0.5625
  epoch  46/50  loss=0.4397  bal_acc=0.6111
  epoch  47/50  loss=0.4481  bal_acc=0.6007
  epoch  48/50  loss=0.4478  bal_acc=0.6181
  epoch  49/50  loss=0.4581  bal_acc=0.6094
  epoch  50/50  loss=0.4548  bal_acc=0.5851
  [LOSO 3/9] subject 2: acc=0.5851  running_mean=0.4826

=== LOSO (hold out subject 3) ===
  Train: 4608 trials  |  Test: 576 trials
  Model params: 10,612
  epoch   1/50  loss=1.3966  bal_acc=0.3802
  epoch   2/50  loss=1.1784  bal_acc=0.3767
  epoch   3/50  loss=1.1028  bal_acc=0.3628
  epoch   4/50  loss=1.0297  bal_acc=0.4306
  epoch   5/50  loss=0.9805  bal_acc=0.3559
  epoch   6/50  loss=0.9566  bal_acc=0.3802
  epoch   7/50  loss=0.9361  bal_acc=0.3993
  epoch   8/50  loss=0.8731  bal_acc=0.3785
  epoch   9/50  loss=0.8402  bal_acc=0.4097
  epoch  10/50  loss=0.8334  bal_acc=0.4427
  epoch  11/50  loss=0.8015  bal_acc=0.4566
  epoch  12/50  loss=0.8199  bal_acc=0.3854
  epoch  13/50  loss=0.7628  bal_acc=0.4080
  epoch  14/50  loss=0.7448  bal_acc=0.4271
  epoch  15/50  loss=0.7277  bal_acc=0.4462
  epoch  16/50  loss=0.7051  bal_acc=0.3941
  epoch  17/50  loss=0.6708  bal_acc=0.4392
  epoch  18/50  loss=0.6719  bal_acc=0.4080
  epoch  19/50  loss=0.6684  bal_acc=0.4427
  epoch  20/50  loss=0.6761  bal_acc=0.3819
  epoch  21/50  loss=0.6432  bal_acc=0.4375
  epoch  22/50  loss=0.6254  bal_acc=0.4184
  epoch  23/50  loss=0.6196  bal_acc=0.4514
  epoch  24/50  loss=0.6049  bal_acc=0.4358
  epoch  25/50  loss=0.6272  bal_acc=0.4358
  epoch  26/50  loss=0.6009  bal_acc=0.4375
  epoch  27/50  loss=0.5983  bal_acc=0.4444
  epoch  28/50  loss=0.5919  bal_acc=0.4427
  epoch  29/50  loss=0.5947  bal_acc=0.3924
  epoch  30/50  loss=0.5702  bal_acc=0.4115
  epoch  31/50  loss=0.5582  bal_acc=0.4167
  epoch  32/50  loss=0.5822  bal_acc=0.4583
  epoch  33/50  loss=0.5520  bal_acc=0.4271
  epoch  34/50  loss=0.5657  bal_acc=0.4392
  epoch  35/50  loss=0.5701  bal_acc=0.4288
  epoch  36/50  loss=0.5470  bal_acc=0.4201
  epoch  37/50  loss=0.5328  bal_acc=0.4462
  epoch  38/50  loss=0.5330  bal_acc=0.4375
  epoch  39/50  loss=0.5299  bal_acc=0.4184
  epoch  40/50  loss=0.5640  bal_acc=0.3976
  epoch  41/50  loss=0.5396  bal_acc=0.4358
  epoch  42/50  loss=0.5253  bal_acc=0.3976
  epoch  43/50  loss=0.5074  bal_acc=0.4132
  epoch  44/50  loss=0.5357  bal_acc=0.4149
  epoch  45/50  loss=0.5138  bal_acc=0.4062
  epoch  46/50  loss=0.5303  bal_acc=0.4410
  epoch  47/50  loss=0.4997  bal_acc=0.4132
  epoch  48/50  loss=0.4956  bal_acc=0.3941
  epoch  49/50  loss=0.4897  bal_acc=0.4062
  epoch  50/50  loss=0.5361  bal_acc=0.4549
  [LOSO 4/9] subject 3: acc=0.4549  running_mean=0.4757

=== LOSO (hold out subject 4) ===
  Train: 4608 trials  |  Test: 576 trials
  Model params: 10,612
  epoch   1/50  loss=1.3270  bal_acc=0.3247
  epoch   2/50  loss=1.1497  bal_acc=0.3264
  epoch   3/50  loss=1.0767  bal_acc=0.3264
  epoch   4/50  loss=1.0167  bal_acc=0.3524
  epoch   5/50  loss=0.9392  bal_acc=0.4740
  epoch   6/50  loss=0.9185  bal_acc=0.3924
  epoch   7/50  loss=0.8838  bal_acc=0.3976
  epoch   8/50  loss=0.8252  bal_acc=0.3611
  epoch   9/50  loss=0.8239  bal_acc=0.3663
  epoch  10/50  loss=0.7823  bal_acc=0.4306
  epoch  11/50  loss=0.7771  bal_acc=0.3490
  epoch  12/50  loss=0.7311  bal_acc=0.4271
  epoch  13/50  loss=0.7080  bal_acc=0.3542
  epoch  14/50  loss=0.6854  bal_acc=0.4010
  epoch  15/50  loss=0.6697  bal_acc=0.4149
  epoch  16/50  loss=0.6678  bal_acc=0.3941
  epoch  17/50  loss=0.6481  bal_acc=0.4323
  epoch  18/50  loss=0.6372  bal_acc=0.4097
  epoch  19/50  loss=0.6129  bal_acc=0.3767
  epoch  20/50  loss=0.5982  bal_acc=0.4479
  epoch  21/50  loss=0.5960  bal_acc=0.4149
  epoch  22/50  loss=0.5730  bal_acc=0.3681
  epoch  23/50  loss=0.5732  bal_acc=0.4618
  epoch  24/50  loss=0.5598  bal_acc=0.4167
  epoch  25/50  loss=0.5558  bal_acc=0.3108
  epoch  26/50  loss=0.5641  bal_acc=0.4479
  epoch  27/50  loss=0.5399  bal_acc=0.4462
  epoch  28/50  loss=0.5172  bal_acc=0.4913
  epoch  29/50  loss=0.5061  bal_acc=0.4306
  epoch  30/50  loss=0.5224  bal_acc=0.4566
  epoch  31/50  loss=0.5028  bal_acc=0.4323
  epoch  32/50  loss=0.4930  bal_acc=0.5191
  epoch  33/50  loss=0.4698  bal_acc=0.4444
  epoch  34/50  loss=0.4664  bal_acc=0.5017
  epoch  35/50  loss=0.4525  bal_acc=0.4774
  epoch  36/50  loss=0.4567  bal_acc=0.4618
  epoch  37/50  loss=0.4488  bal_acc=0.3576
  epoch  38/50  loss=0.4567  bal_acc=0.4149
  epoch  39/50  loss=0.4374  bal_acc=0.4531
  epoch  40/50  loss=0.4585  bal_acc=0.3281
  epoch  41/50  loss=0.4497  bal_acc=0.4236
  epoch  42/50  loss=0.4079  bal_acc=0.4427
  epoch  43/50  loss=0.4271  bal_acc=0.4149
  epoch  44/50  loss=0.4107  bal_acc=0.4462
  epoch  45/50  loss=0.3841  bal_acc=0.4323
  epoch  46/50  loss=0.3820  bal_acc=0.4618
  epoch  47/50  loss=0.3767  bal_acc=0.4375
  epoch  48/50  loss=0.3985  bal_acc=0.5139
  epoch  49/50  loss=0.3859  bal_acc=0.4705
  epoch  50/50  loss=0.3911  bal_acc=0.4444
  [LOSO 5/9] subject 4: acc=0.4444  running_mean=0.4694

=== LOSO (hold out subject 5) ===
  Train: 4608 trials  |  Test: 576 trials
  Model params: 10,612
  epoch   1/50  loss=1.3751  bal_acc=0.4201
  epoch   2/50  loss=1.2125  bal_acc=0.4392
  epoch   3/50  loss=1.1470  bal_acc=0.3837
  epoch   4/50  loss=1.0774  bal_acc=0.4497
  epoch   5/50  loss=1.0288  bal_acc=0.4219
  epoch   6/50  loss=0.9628  bal_acc=0.4236
  epoch   7/50  loss=0.9144  bal_acc=0.4097
  epoch   8/50  loss=0.8636  bal_acc=0.3646
  epoch   9/50  loss=0.8352  bal_acc=0.4375
  epoch  10/50  loss=0.7943  bal_acc=0.4062
  epoch  11/50  loss=0.7887  bal_acc=0.4132
  epoch  12/50  loss=0.7592  bal_acc=0.4132
  epoch  13/50  loss=0.7339  bal_acc=0.3750
  epoch  14/50  loss=0.7145  bal_acc=0.3767
  epoch  15/50  loss=0.6999  bal_acc=0.4219
  epoch  16/50  loss=0.7144  bal_acc=0.4115
  epoch  17/50  loss=0.6759  bal_acc=0.4340
  epoch  18/50  loss=0.6493  bal_acc=0.3958
  epoch  19/50  loss=0.6287  bal_acc=0.4271
  epoch  20/50  loss=0.6130  bal_acc=0.3819
  epoch  21/50  loss=0.6175  bal_acc=0.3785
  epoch  22/50  loss=0.5879  bal_acc=0.3681
  epoch  23/50  loss=0.5806  bal_acc=0.3819
  epoch  24/50  loss=0.5588  bal_acc=0.4062
  epoch  25/50  loss=0.5597  bal_acc=0.3837
  epoch  26/50  loss=0.5584  bal_acc=0.3976
  epoch  27/50  loss=0.5407  bal_acc=0.4028
  epoch  28/50  loss=0.5480  bal_acc=0.3472
  epoch  29/50  loss=0.4994  bal_acc=0.3750
  epoch  30/50  loss=0.5010  bal_acc=0.3559
  epoch  31/50  loss=0.4952  bal_acc=0.3976
  epoch  32/50  loss=0.4733  bal_acc=0.3889
  epoch  33/50  loss=0.4789  bal_acc=0.4062
  epoch  34/50  loss=0.4854  bal_acc=0.3715
  epoch  35/50  loss=0.4629  bal_acc=0.3802
  epoch  36/50  loss=0.4434  bal_acc=0.3750
  epoch  37/50  loss=0.4554  bal_acc=0.3802
  epoch  38/50  loss=0.4385  bal_acc=0.3785
  epoch  39/50  loss=0.4136  bal_acc=0.3681
  epoch  40/50  loss=0.4317  bal_acc=0.3472
  epoch  41/50  loss=0.4149  bal_acc=0.3854
  epoch  42/50  loss=0.4143  bal_acc=0.4028
  epoch  43/50  loss=0.4099  bal_acc=0.3906
  epoch  44/50  loss=0.3975  bal_acc=0.3941
  epoch  45/50  loss=0.3864  bal_acc=0.4358
  epoch  46/50  loss=0.3998  bal_acc=0.3993
  epoch  47/50  loss=0.4114  bal_acc=0.4167
  epoch  48/50  loss=0.3640  bal_acc=0.3889
  epoch  49/50  loss=0.3808  bal_acc=0.3767
  epoch  50/50  loss=0.3894  bal_acc=0.3750
  [LOSO 6/9] subject 5: acc=0.3750  running_mean=0.4537

=== LOSO (hold out subject 6) ===
  Train: 4608 trials  |  Test: 576 trials
  Model params: 10,612
  epoch   1/50  loss=1.4003  bal_acc=0.3785
  epoch   2/50  loss=1.2220  bal_acc=0.4479
  epoch   3/50  loss=1.1125  bal_acc=0.4479
  epoch   4/50  loss=1.0375  bal_acc=0.5226
  epoch   5/50  loss=0.9709  bal_acc=0.4931
  epoch   6/50  loss=0.9417  bal_acc=0.4931
  epoch   7/50  loss=0.9030  bal_acc=0.5486
  epoch   8/50  loss=0.8773  bal_acc=0.5191
  epoch   9/50  loss=0.8560  bal_acc=0.5729
  epoch  10/50  loss=0.8263  bal_acc=0.5573
  epoch  11/50  loss=0.8112  bal_acc=0.5625
  epoch  12/50  loss=0.8041  bal_acc=0.4878
  epoch  13/50  loss=0.7737  bal_acc=0.5434
  epoch  14/50  loss=0.7804  bal_acc=0.5226
  epoch  15/50  loss=0.7767  bal_acc=0.5260
  epoch  16/50  loss=0.7586  bal_acc=0.5104
  epoch  17/50  loss=0.7528  bal_acc=0.5260
  epoch  18/50  loss=0.7305  bal_acc=0.5521
  epoch  19/50  loss=0.7329  bal_acc=0.5191
  epoch  20/50  loss=0.7170  bal_acc=0.4896
  epoch  21/50  loss=0.7191  bal_acc=0.5851
  epoch  22/50  loss=0.6972  bal_acc=0.5833
  epoch  23/50  loss=0.6784  bal_acc=0.4983
  epoch  24/50  loss=0.6704  bal_acc=0.4983
  epoch  25/50  loss=0.6660  bal_acc=0.5799
  epoch  26/50  loss=0.6447  bal_acc=0.5347
  epoch  27/50  loss=0.6323  bal_acc=0.5538
  epoch  28/50  loss=0.6525  bal_acc=0.5312
  epoch  29/50  loss=0.6062  bal_acc=0.5330
  epoch  30/50  loss=0.6114  bal_acc=0.5278
  epoch  31/50  loss=0.6199  bal_acc=0.5608
  epoch  32/50  loss=0.6019  bal_acc=0.5208
  epoch  33/50  loss=0.5907  bal_acc=0.5503
  epoch  34/50  loss=0.5934  bal_acc=0.5556
  epoch  35/50  loss=0.5748  bal_acc=0.5069
  epoch  36/50  loss=0.6120  bal_acc=0.5729
  epoch  37/50  loss=0.6060  bal_acc=0.5243
  epoch  38/50  loss=0.5589  bal_acc=0.5573
  epoch  39/50  loss=0.5446  bal_acc=0.5052
  epoch  40/50  loss=0.5683  bal_acc=0.5417
  epoch  41/50  loss=0.5713  bal_acc=0.4826
  epoch  42/50  loss=0.5639  bal_acc=0.4444
  epoch  43/50  loss=0.5382  bal_acc=0.5156
  epoch  44/50  loss=0.5771  bal_acc=0.5087
  epoch  45/50  loss=0.5543  bal_acc=0.4497
  epoch  46/50  loss=0.5434  bal_acc=0.4722
  epoch  47/50  loss=0.5393  bal_acc=0.5191
  epoch  48/50  loss=0.5170  bal_acc=0.5503
  epoch  49/50  loss=0.5791  bal_acc=0.4948
  epoch  50/50  loss=0.5363  bal_acc=0.5868
  [LOSO 7/9] subject 6: acc=0.5868  running_mean=0.4727

=== LOSO (hold out subject 7) ===
  Train: 4608 trials  |  Test: 576 trials
  Model params: 10,612
  epoch   1/50  loss=1.3598  bal_acc=0.4167
  epoch   2/50  loss=1.1888  bal_acc=0.4688
  epoch   3/50  loss=1.1035  bal_acc=0.4583
  epoch   4/50  loss=1.0424  bal_acc=0.4132
  epoch   5/50  loss=1.0023  bal_acc=0.4844
  epoch   6/50  loss=0.9808  bal_acc=0.4913
  epoch   7/50  loss=0.9292  bal_acc=0.5017
  epoch   8/50  loss=0.9054  bal_acc=0.5434
  epoch   9/50  loss=0.8684  bal_acc=0.5000
  epoch  10/50  loss=0.8202  bal_acc=0.5069
  epoch  11/50  loss=0.8058  bal_acc=0.5174
  epoch  12/50  loss=0.7994  bal_acc=0.5295
  epoch  13/50  loss=0.7468  bal_acc=0.5243
  epoch  14/50  loss=0.7475  bal_acc=0.5052
  epoch  15/50  loss=0.7085  bal_acc=0.5260
  epoch  16/50  loss=0.7105  bal_acc=0.4774
  epoch  17/50  loss=0.6561  bal_acc=0.4149
  epoch  18/50  loss=0.6576  bal_acc=0.5052
  epoch  19/50  loss=0.6498  bal_acc=0.5174
  epoch  20/50  loss=0.6402  bal_acc=0.5764
  epoch  21/50  loss=0.6209  bal_acc=0.5330
  epoch  22/50  loss=0.6010  bal_acc=0.5312
  epoch  23/50  loss=0.5997  bal_acc=0.5122
  epoch  24/50  loss=0.5689  bal_acc=0.4931
  epoch  25/50  loss=0.5685  bal_acc=0.5226
  epoch  26/50  loss=0.5904  bal_acc=0.5556
  epoch  27/50  loss=0.5434  bal_acc=0.5590
  epoch  28/50  loss=0.5308  bal_acc=0.4722
  epoch  29/50  loss=0.5331  bal_acc=0.4826
  epoch  30/50  loss=0.5263  bal_acc=0.5191
  epoch  31/50  loss=0.4836  bal_acc=0.5191
  epoch  32/50  loss=0.4829  bal_acc=0.5122
  epoch  33/50  loss=0.4990  bal_acc=0.4983
  epoch  34/50  loss=0.4832  bal_acc=0.5347
  epoch  35/50  loss=0.4727  bal_acc=0.5278
  epoch  36/50  loss=0.4656  bal_acc=0.5035
  epoch  37/50  loss=0.4726  bal_acc=0.5017
  epoch  38/50  loss=0.4697  bal_acc=0.4688
  epoch  39/50  loss=0.4568  bal_acc=0.5243
  epoch  40/50  loss=0.4559  bal_acc=0.5139
  epoch  41/50  loss=0.4475  bal_acc=0.4965
  epoch  42/50  loss=0.4282  bal_acc=0.5243
  epoch  43/50  loss=0.4515  bal_acc=0.5104
  epoch  44/50  loss=0.4385  bal_acc=0.4878
  epoch  45/50  loss=0.4150  bal_acc=0.5365
  epoch  46/50  loss=0.4250  bal_acc=0.5174
  epoch  47/50  loss=0.4410  bal_acc=0.5104
  epoch  48/50  loss=0.4215  bal_acc=0.5000
  epoch  49/50  loss=0.4574  bal_acc=0.5122
  epoch  50/50  loss=0.3870  bal_acc=0.4965
  [LOSO 8/9] subject 7: acc=0.4965  running_mean=0.4757

=== LOSO (hold out subject 8) ===
  Train: 4608 trials  |  Test: 576 trials
  Model params: 10,612
  epoch   1/50  loss=1.3879  bal_acc=0.3594
  epoch   2/50  loss=1.2226  bal_acc=0.3733
  epoch   3/50  loss=1.1451  bal_acc=0.4115
  epoch   4/50  loss=1.0804  bal_acc=0.4427
  epoch   5/50  loss=1.0183  bal_acc=0.4410
  epoch   6/50  loss=0.9697  bal_acc=0.4253
  epoch   7/50  loss=0.9261  bal_acc=0.4809
  epoch   8/50  loss=0.8918  bal_acc=0.4635
  epoch   9/50  loss=0.8521  bal_acc=0.5087
  epoch  10/50  loss=0.8346  bal_acc=0.5417
  epoch  11/50  loss=0.7818  bal_acc=0.5243
  epoch  12/50  loss=0.7519  bal_acc=0.5139
  epoch  13/50  loss=0.7374  bal_acc=0.5087
  epoch  14/50  loss=0.7078  bal_acc=0.5035
  epoch  15/50  loss=0.6960  bal_acc=0.5590
  epoch  16/50  loss=0.6873  bal_acc=0.5399
  epoch  17/50  loss=0.6884  bal_acc=0.4983
  epoch  18/50  loss=0.6681  bal_acc=0.5312
  epoch  19/50  loss=0.6693  bal_acc=0.4792
  epoch  20/50  loss=0.6499  bal_acc=0.5052
  epoch  21/50  loss=0.6134  bal_acc=0.5347
  epoch  22/50  loss=0.5949  bal_acc=0.4965
  epoch  23/50  loss=0.6050  bal_acc=0.4792
  epoch  24/50  loss=0.5511  bal_acc=0.5243
  epoch  25/50  loss=0.5551  bal_acc=0.4913
  epoch  26/50  loss=0.5470  bal_acc=0.4896
  epoch  27/50  loss=0.5433  bal_acc=0.5017
  epoch  28/50  loss=0.5296  bal_acc=0.5017
  epoch  29/50  loss=0.5322  bal_acc=0.5000
  epoch  30/50  loss=0.5051  bal_acc=0.4566
  epoch  31/50  loss=0.5011  bal_acc=0.4861
  epoch  32/50  loss=0.5181  bal_acc=0.4913
  epoch  33/50  loss=0.4891  bal_acc=0.4566
  epoch  34/50  loss=0.4901  bal_acc=0.5000
  epoch  35/50  loss=0.4786  bal_acc=0.5052
  epoch  36/50  loss=0.4797  bal_acc=0.4774
  epoch  37/50  loss=0.4544  bal_acc=0.4931
  epoch  38/50  loss=0.4312  bal_acc=0.4896
  epoch  39/50  loss=0.4498  bal_acc=0.4931
  epoch  40/50  loss=0.4361  bal_acc=0.5382
  epoch  41/50  loss=0.4366  bal_acc=0.4375
  epoch  42/50  loss=0.4517  bal_acc=0.5035
  epoch  43/50  loss=0.4493  bal_acc=0.5087
  epoch  44/50  loss=0.4343  bal_acc=0.4913
  epoch  45/50  loss=0.4138  bal_acc=0.4878
  epoch  46/50  loss=0.4158  bal_acc=0.4861
  epoch  47/50  loss=0.4212  bal_acc=0.4896
  epoch  48/50  loss=0.4507  bal_acc=0.4705
  epoch  49/50  loss=0.4407  bal_acc=0.4740
  epoch  50/50  loss=0.4222  bal_acc=0.5000
  [LOSO 9/9] subject 8: acc=0.5000  running_mean=0.4784
Results saved to results/BNCI2014_001/results_trial_6.json
Trial logged to results/BNCI2014_001/trials.csv
[status] trial 6 done (state=COMPLETE, value=0.478395061728395) -- 6 completed total
Device: cuda
[BNCI2014_001] loading from cache: /home/aleksander.berezowsk/.cache/spiking_eegnet/BNCI2014_001_af1ccf3e92f684d8a93c057082b654d7.npz
[BNCI2014_001] cache hit: (5184, 1, 22, 1001), classes=['feet', 'left_hand', 'right_hand', 'tongue'], subjects=9
Dataset meta: {'n_classes': 4, 'n_channels': 22, 'n_samples': 1001, 'class_names': ['feet', 'left_hand', 'right_hand', 'tongue'], 'subject_list': [1, 2, 3, 4, 5, 6, 7, 8, 9], 'n_subjects': 9, 'sfreq': 250.0}

=== LOSO (hold out subject 0) ===
  Train: 4608 trials  |  Test: 576 trials
  Model params: 25,934
  epoch   1/50  loss=1.3441  bal_acc=0.4010
  epoch   2/50  loss=1.1860  bal_acc=0.4618
  epoch   3/50  loss=1.0741  bal_acc=0.4618
  epoch   4/50  loss=1.0111  bal_acc=0.5000
  epoch   5/50  loss=0.9426  bal_acc=0.5226
  epoch   6/50  loss=0.9080  bal_acc=0.5035
  epoch   7/50  loss=0.8893  bal_acc=0.5191
  epoch   8/50  loss=0.8197  bal_acc=0.5399
  epoch   9/50  loss=0.8001  bal_acc=0.5052
  epoch  10/50  loss=0.7604  bal_acc=0.5295
  epoch  11/50  loss=0.7506  bal_acc=0.5312
  epoch  12/50  loss=0.7349  bal_acc=0.5538
  epoch  13/50  loss=0.7105  bal_acc=0.5729
  epoch  14/50  loss=0.6725  bal_acc=0.5382
  epoch  15/50  loss=0.6367  bal_acc=0.5451
  epoch  16/50  loss=0.6326  bal_acc=0.5590
  epoch  17/50  loss=0.6263  bal_acc=0.5799
  epoch  18/50  loss=0.5859  bal_acc=0.5816
  epoch  19/50  loss=0.5894  bal_acc=0.6007
  epoch  20/50  loss=0.5690  bal_acc=0.5642
  epoch  21/50  loss=0.5615  bal_acc=0.5486
  epoch  22/50  loss=0.5380  bal_acc=0.5434
  epoch  23/50  loss=0.5346  bal_acc=0.5781
  epoch  24/50  loss=0.5209  bal_acc=0.5330
  epoch  25/50  loss=0.5123  bal_acc=0.5816
  epoch  26/50  loss=0.5091  bal_acc=0.5764
  epoch  27/50  loss=0.4860  bal_acc=0.5781
  epoch  28/50  loss=0.4644  bal_acc=0.5694
  epoch  29/50  loss=0.4521  bal_acc=0.5955
  epoch  30/50  loss=0.4630  bal_acc=0.5972
  epoch  31/50  loss=0.4603  bal_acc=0.5868
  epoch  32/50  loss=0.4456  bal_acc=0.5816
  epoch  33/50  loss=0.4280  bal_acc=0.5938
  epoch  34/50  loss=0.4212  bal_acc=0.6042
  epoch  35/50  loss=0.4168  bal_acc=0.5781
  epoch  36/50  loss=0.3988  bal_acc=0.5868
  epoch  37/50  loss=0.3951  bal_acc=0.6059
  epoch  38/50  loss=0.3861  bal_acc=0.5399
  epoch  39/50  loss=0.3988  bal_acc=0.5608
  epoch  40/50  loss=0.3725  bal_acc=0.5573
  epoch  41/50  loss=0.3693  bal_acc=0.5833
  epoch  42/50  loss=0.3636  bal_acc=0.5903
  epoch  43/50  loss=0.3556  bal_acc=0.5972
  epoch  44/50  loss=0.3560  bal_acc=0.6094
  epoch  45/50  loss=0.3692  bal_acc=0.5816
  epoch  46/50  loss=0.3631  bal_acc=0.5851
  epoch  47/50  loss=0.3439  bal_acc=0.5781
  epoch  48/50  loss=0.3354  bal_acc=0.6128
  epoch  49/50  loss=0.3390  bal_acc=0.6198
  epoch  50/50  loss=0.3299  bal_acc=0.6128
  [LOSO 1/9] subject 0: acc=0.6128  running_mean=0.6128

=== LOSO (hold out subject 1) ===
  Train: 4608 trials  |  Test: 576 trials
  Model params: 25,934
  epoch   1/50  loss=1.3562  bal_acc=0.3316
  epoch   2/50  loss=1.2159  bal_acc=0.3924
  epoch   3/50  loss=1.0956  bal_acc=0.3872
  epoch   4/50  loss=0.9835  bal_acc=0.4549
  epoch   5/50  loss=0.9189  bal_acc=0.4236
  epoch   6/50  loss=0.8596  bal_acc=0.4167
  epoch   7/50  loss=0.8304  bal_acc=0.5052
  epoch   8/50  loss=0.7847  bal_acc=0.4757
  epoch   9/50  loss=0.7469  bal_acc=0.4601
  epoch  10/50  loss=0.7176  bal_acc=0.4566
  epoch  11/50  loss=0.6825  bal_acc=0.5069
  epoch  12/50  loss=0.6617  bal_acc=0.4740
  epoch  13/50  loss=0.6498  bal_acc=0.4635
  epoch  14/50  loss=0.6334  bal_acc=0.4722
  epoch  15/50  loss=0.6106  bal_acc=0.5017
  epoch  16/50  loss=0.5924  bal_acc=0.5052
  epoch  17/50  loss=0.5937  bal_acc=0.4826
  epoch  18/50  loss=0.5686  bal_acc=0.4410
  epoch  19/50  loss=0.5465  bal_acc=0.4531
  epoch  20/50  loss=0.5269  bal_acc=0.4392
  epoch  21/50  loss=0.5362  bal_acc=0.4618
  epoch  22/50  loss=0.5076  bal_acc=0.4670
  epoch  23/50  loss=0.4992  bal_acc=0.4566
  epoch  24/50  loss=0.4798  bal_acc=0.4497
  epoch  25/50  loss=0.4905  bal_acc=0.4688
  epoch  26/50  loss=0.4761  bal_acc=0.4948
  epoch  27/50  loss=0.4765  bal_acc=0.4635
  epoch  28/50  loss=0.4458  bal_acc=0.4583
  epoch  29/50  loss=0.4304  bal_acc=0.4705
  epoch  30/50  loss=0.4288  bal_acc=0.4878
  epoch  31/50  loss=0.4171  bal_acc=0.4653
  epoch  32/50  loss=0.4081  bal_acc=0.4913
  epoch  33/50  loss=0.4133  bal_acc=0.4913
  epoch  34/50  loss=0.4019  bal_acc=0.4740
  epoch  35/50  loss=0.3830  bal_acc=0.4722
  epoch  36/50  loss=0.3695  bal_acc=0.5139
  epoch  37/50  loss=0.3806  bal_acc=0.4688
  epoch  38/50  loss=0.3738  bal_acc=0.4913
  epoch  39/50  loss=0.3698  bal_acc=0.4826
  epoch  40/50  loss=0.3498  bal_acc=0.4878
  epoch  41/50  loss=0.3525  bal_acc=0.4323
  epoch  42/50  loss=0.3310  bal_acc=0.4757
  epoch  43/50  loss=0.3298  bal_acc=0.4618
  epoch  44/50  loss=0.3192  bal_acc=0.4514
  epoch  45/50  loss=0.3252  bal_acc=0.4740
  epoch  46/50  loss=0.3276  bal_acc=0.4670
  epoch  47/50  loss=0.3023  bal_acc=0.4149
  epoch  48/50  loss=0.3033  bal_acc=0.4618
  epoch  49/50  loss=0.3065  bal_acc=0.4531
  epoch  50/50  loss=0.2963  bal_acc=0.4722
  [LOSO 2/9] subject 1: acc=0.4722  running_mean=0.5425

=== LOSO (hold out subject 2) ===
  Train: 4608 trials  |  Test: 576 trials
  Model params: 25,934
  epoch   1/50  loss=1.3459  bal_acc=0.4410
  epoch   2/50  loss=1.2216  bal_acc=0.4566
  epoch   3/50  loss=1.1053  bal_acc=0.4948
  epoch   4/50  loss=1.0280  bal_acc=0.5851
  epoch   5/50  loss=0.9751  bal_acc=0.5590
  epoch   6/50  loss=0.9286  bal_acc=0.6059
  epoch   7/50  loss=0.8799  bal_acc=0.6007
  epoch   8/50  loss=0.8456  bal_acc=0.6076
  epoch   9/50  loss=0.8174  bal_acc=0.6406
  epoch  10/50  loss=0.7815  bal_acc=0.6858
  epoch  11/50  loss=0.7714  bal_acc=0.6458
  epoch  12/50  loss=0.7457  bal_acc=0.6719
  epoch  13/50  loss=0.7222  bal_acc=0.7101
  epoch  14/50  loss=0.6872  bal_acc=0.6667
  epoch  15/50  loss=0.6756  bal_acc=0.7083
  epoch  16/50  loss=0.6553  bal_acc=0.6597
  epoch  17/50  loss=0.6362  bal_acc=0.6562
  epoch  18/50  loss=0.6187  bal_acc=0.6163
  epoch  19/50  loss=0.6070  bal_acc=0.6458
  epoch  20/50  loss=0.5939  bal_acc=0.6823
  epoch  21/50  loss=0.5692  bal_acc=0.5885
  epoch  22/50  loss=0.5771  bal_acc=0.5938
  epoch  23/50  loss=0.5506  bal_acc=0.6892
  epoch  24/50  loss=0.5395  bal_acc=0.6736
  epoch  25/50  loss=0.5305  bal_acc=0.6580
  epoch  26/50  loss=0.5203  bal_acc=0.6580
  epoch  27/50  loss=0.5034  bal_acc=0.6649
  epoch  28/50  loss=0.4882  bal_acc=0.7049
  epoch  29/50  loss=0.4769  bal_acc=0.7205
  epoch  30/50  loss=0.4871  bal_acc=0.6580
  epoch  31/50  loss=0.4680  bal_acc=0.6389
  epoch  32/50  loss=0.4540  bal_acc=0.7257
  epoch  33/50  loss=0.4487  bal_acc=0.6615
  epoch  34/50  loss=0.4394  bal_acc=0.6233
  epoch  35/50  loss=0.4248  bal_acc=0.6944
  epoch  36/50  loss=0.4375  bal_acc=0.6806
  epoch  37/50  loss=0.4256  bal_acc=0.6892
  epoch  38/50  loss=0.4030  bal_acc=0.6632
  epoch  39/50  loss=0.4251  bal_acc=0.6944
  epoch  40/50  loss=0.3958  bal_acc=0.6389
  epoch  41/50  loss=0.4051  bal_acc=0.6024
  epoch  42/50  loss=0.3927  bal_acc=0.6944
  epoch  43/50  loss=0.3829  bal_acc=0.5799
  epoch  44/50  loss=0.3774  bal_acc=0.6944
  epoch  45/50  loss=0.3853  bal_acc=0.6667
  epoch  46/50  loss=0.3885  bal_acc=0.6424
  epoch  47/50  loss=0.3548  bal_acc=0.6615
  epoch  48/50  loss=0.3755  bal_acc=0.6076
  epoch  49/50  loss=0.3494  bal_acc=0.6823
  epoch  50/50  loss=0.3560  bal_acc=0.6389
  [LOSO 3/9] subject 2: acc=0.6389  running_mean=0.5747

=== LOSO (hold out subject 3) ===
  Train: 4608 trials  |  Test: 576 trials
  Model params: 25,934
  epoch   1/50  loss=1.3472  bal_acc=0.3403
  epoch   2/50  loss=1.1881  bal_acc=0.4375
  epoch   3/50  loss=1.0708  bal_acc=0.4167
  epoch   4/50  loss=0.9947  bal_acc=0.4601
  epoch   5/50  loss=0.9364  bal_acc=0.4774
  epoch   6/50  loss=0.8744  bal_acc=0.4635
  epoch   7/50  loss=0.8391  bal_acc=0.4566
  epoch   8/50  loss=0.8118  bal_acc=0.4097
  epoch   9/50  loss=0.7867  bal_acc=0.4583
  epoch  10/50  loss=0.7562  bal_acc=0.3889
  epoch  11/50  loss=0.7375  bal_acc=0.4479
  epoch  12/50  loss=0.7090  bal_acc=0.4896
  epoch  13/50  loss=0.6885  bal_acc=0.4497
  epoch  14/50  loss=0.6444  bal_acc=0.4583
  epoch  15/50  loss=0.6382  bal_acc=0.3854
  epoch  16/50  loss=0.6111  bal_acc=0.4531
  epoch  17/50  loss=0.5858  bal_acc=0.4653
  epoch  18/50  loss=0.5702  bal_acc=0.4583
  epoch  19/50  loss=0.5509  bal_acc=0.4983
  epoch  20/50  loss=0.5347  bal_acc=0.4844
  epoch  21/50  loss=0.5212  bal_acc=0.4913
  epoch  22/50  loss=0.5015  bal_acc=0.4861
  epoch  23/50  loss=0.5101  bal_acc=0.4792
  epoch  24/50  loss=0.5015  bal_acc=0.4497
  epoch  25/50  loss=0.4896  bal_acc=0.4132
  epoch  26/50  loss=0.4594  bal_acc=0.5174
  epoch  27/50  loss=0.4507  bal_acc=0.4410
  epoch  28/50  loss=0.4464  bal_acc=0.4635
  epoch  29/50  loss=0.4331  bal_acc=0.4444
  epoch  30/50  loss=0.4517  bal_acc=0.4774
  epoch  31/50  loss=0.3962  bal_acc=0.5139
  epoch  32/50  loss=0.4354  bal_acc=0.4861
  epoch  33/50  loss=0.4100  bal_acc=0.4306
  epoch  34/50  loss=0.4045  bal_acc=0.4618
  epoch  35/50  loss=0.3876  bal_acc=0.4878
  epoch  36/50  loss=0.3881  bal_acc=0.4323
  epoch  37/50  loss=0.3784  bal_acc=0.4583
  epoch  38/50  loss=0.3896  bal_acc=0.4306
  epoch  39/50  loss=0.3735  bal_acc=0.4705
  epoch  40/50  loss=0.3724  bal_acc=0.4635
  epoch  41/50  loss=0.3594  bal_acc=0.4809
  epoch  42/50  loss=0.3405  bal_acc=0.5156
  epoch  43/50  loss=0.3351  bal_acc=0.4653
  epoch  44/50  loss=0.3215  bal_acc=0.4965
  epoch  45/50  loss=0.3410  bal_acc=0.4670
  epoch  46/50  loss=0.3149  bal_acc=0.4653
  epoch  47/50  loss=0.3079  bal_acc=0.4792
  epoch  48/50  loss=0.3125  bal_acc=0.4826
  epoch  49/50  loss=0.2992  bal_acc=0.4601
  epoch  50/50  loss=0.2935  bal_acc=0.4375
  [LOSO 4/9] subject 3: acc=0.4375  running_mean=0.5404

=== LOSO (hold out subject 4) ===
  Train: 4608 trials  |  Test: 576 trials
  Model params: 25,934
  epoch   1/50  loss=1.3351  bal_acc=0.3941
  epoch   2/50  loss=1.1719  bal_acc=0.4705
  epoch   3/50  loss=1.0640  bal_acc=0.4444
  epoch   4/50  loss=0.9677  bal_acc=0.4514
  epoch   5/50  loss=0.9089  bal_acc=0.4115
  epoch   6/50  loss=0.8496  bal_acc=0.4861
  epoch   7/50  loss=0.8253  bal_acc=0.5069
  epoch   8/50  loss=0.8205  bal_acc=0.5191
  epoch   9/50  loss=0.7540  bal_acc=0.5104
  epoch  10/50  loss=0.7510  bal_acc=0.5486
  epoch  11/50  loss=0.7085  bal_acc=0.5243
  epoch  12/50  loss=0.7240  bal_acc=0.4688
  epoch  13/50  loss=0.6832  bal_acc=0.5538
  epoch  14/50  loss=0.6779  bal_acc=0.5139
  epoch  15/50  loss=0.6379  bal_acc=0.5035
  epoch  16/50  loss=0.6608  bal_acc=0.5382
  epoch  17/50  loss=0.6262  bal_acc=0.5417
  epoch  18/50  loss=0.6028  bal_acc=0.5642
  epoch  19/50  loss=0.5809  bal_acc=0.5625
  epoch  20/50  loss=0.5844  bal_acc=0.5000
  epoch  21/50  loss=0.5608  bal_acc=0.5226
  epoch  22/50  loss=0.5611  bal_acc=0.5764
  epoch  23/50  loss=0.5459  bal_acc=0.5764
  epoch  24/50  loss=0.5400  bal_acc=0.5260
  epoch  25/50  loss=0.5287  bal_acc=0.5156
  epoch  26/50  loss=0.5290  bal_acc=0.5208
  epoch  27/50  loss=0.5100  bal_acc=0.5382
  epoch  28/50  loss=0.5099  bal_acc=0.5625
  epoch  29/50  loss=0.4772  bal_acc=0.5538
  epoch  30/50  loss=0.4602  bal_acc=0.4792
  epoch  31/50  loss=0.4639  bal_acc=0.5660
  epoch  32/50  loss=0.4500  bal_acc=0.5312
  epoch  33/50  loss=0.4648  bal_acc=0.5417
  epoch  34/50  loss=0.4328  bal_acc=0.5764
  epoch  35/50  loss=0.4347  bal_acc=0.5816
  epoch  36/50  loss=0.4242  bal_acc=0.5764
  epoch  37/50  loss=0.4140  bal_acc=0.5382
  epoch  38/50  loss=0.3965  bal_acc=0.5642
  epoch  39/50  loss=0.3989  bal_acc=0.5712
  epoch  40/50  loss=0.4091  bal_acc=0.5503
  epoch  41/50  loss=0.4047  bal_acc=0.5851
  epoch  42/50  loss=0.3807  bal_acc=0.5747
  epoch  43/50  loss=0.3755  bal_acc=0.5451
  epoch  44/50  loss=0.3636  bal_acc=0.6076
  epoch  45/50  loss=0.3643  bal_acc=0.5938
  epoch  46/50  loss=0.3563  bal_acc=0.5694
  epoch  47/50  loss=0.3582  bal_acc=0.5729
  epoch  48/50  loss=0.3338  bal_acc=0.6111
  epoch  49/50  loss=0.3516  bal_acc=0.5885
  epoch  50/50  loss=0.3475  bal_acc=0.5799
  [LOSO 5/9] subject 4: acc=0.5799  running_mean=0.5483

=== LOSO (hold out subject 5) ===
  Train: 4608 trials  |  Test: 576 trials
  Model params: 25,934
  epoch   1/50  loss=1.3132  bal_acc=0.3767
  epoch   2/50  loss=1.1275  bal_acc=0.3767
  epoch   3/50  loss=1.0169  bal_acc=0.4340
  epoch   4/50  loss=0.9678  bal_acc=0.4583
  epoch   5/50  loss=0.8925  bal_acc=0.4549
  epoch   6/50  loss=0.8392  bal_acc=0.4809
  epoch   7/50  loss=0.8098  bal_acc=0.4201
  epoch   8/50  loss=0.7768  bal_acc=0.4531
  epoch   9/50  loss=0.7489  bal_acc=0.4427
  epoch  10/50  loss=0.7297  bal_acc=0.4948
  epoch  11/50  loss=0.6853  bal_acc=0.4844
  epoch  12/50  loss=0.6668  bal_acc=0.4497
  epoch  13/50  loss=0.6424  bal_acc=0.4462
  epoch  14/50  loss=0.6242  bal_acc=0.4306
  epoch  15/50  loss=0.6126  bal_acc=0.4288
  epoch  16/50  loss=0.5823  bal_acc=0.5000
  epoch  17/50  loss=0.5756  bal_acc=0.4427
  epoch  18/50  loss=0.5860  bal_acc=0.4531
  epoch  19/50  loss=0.5568  bal_acc=0.4757
  epoch  20/50  loss=0.5434  bal_acc=0.3872
  epoch  21/50  loss=0.5321  bal_acc=0.4688
  epoch  22/50  loss=0.4994  bal_acc=0.4288
  epoch  23/50  loss=0.4919  bal_acc=0.5087
  epoch  24/50  loss=0.5188  bal_acc=0.4809
  epoch  25/50  loss=0.4810  bal_acc=0.4931
  epoch  26/50  loss=0.4751  bal_acc=0.4323
  epoch  27/50  loss=0.4708  bal_acc=0.4931
  epoch  28/50  loss=0.4495  bal_acc=0.4878
  epoch  29/50  loss=0.4350  bal_acc=0.4236
  epoch  30/50  loss=0.4301  bal_acc=0.4774
  epoch  31/50  loss=0.4420  bal_acc=0.4740
  epoch  32/50  loss=0.4005  bal_acc=0.4635
  epoch  33/50  loss=0.3917  bal_acc=0.3976
  epoch  34/50  loss=0.4041  bal_acc=0.5035
  epoch  35/50  loss=0.3935  bal_acc=0.4375
  epoch  36/50  loss=0.3699  bal_acc=0.4271
  epoch  37/50  loss=0.3670  bal_acc=0.4115
  epoch  38/50  loss=0.3617  bal_acc=0.4549
  epoch  39/50  loss=0.3721  bal_acc=0.4201
  epoch  40/50  loss=0.3522  bal_acc=0.4792
  epoch  41/50  loss=0.3410  bal_acc=0.4583
  epoch  42/50  loss=0.3582  bal_acc=0.4375
  epoch  43/50  loss=0.3313  bal_acc=0.4635
  epoch  44/50  loss=0.3320  bal_acc=0.4757
  epoch  45/50  loss=0.3262  bal_acc=0.4306
  epoch  46/50  loss=0.3196  bal_acc=0.4566
  epoch  47/50  loss=0.3216  bal_acc=0.4323
  epoch  48/50  loss=0.3071  bal_acc=0.4392
  epoch  49/50  loss=0.2976  bal_acc=0.4132
  epoch  50/50  loss=0.3050  bal_acc=0.4514
  [LOSO 6/9] subject 5: acc=0.4514  running_mean=0.5321

=== LOSO (hold out subject 6) ===
  Train: 4608 trials  |  Test: 576 trials
  Model params: 25,934
  epoch   1/50  loss=1.3344  bal_acc=0.3889
  epoch   2/50  loss=1.1905  bal_acc=0.4427
  epoch   3/50  loss=1.0851  bal_acc=0.5295
  epoch   4/50  loss=0.9968  bal_acc=0.5521
  epoch   5/50  loss=0.9260  bal_acc=0.5469
  epoch   6/50  loss=0.8786  bal_acc=0.6146
  epoch   7/50  loss=0.8387  bal_acc=0.5816
  epoch   8/50  loss=0.8105  bal_acc=0.6458
  epoch   9/50  loss=0.7784  bal_acc=0.6024
  epoch  10/50  loss=0.7475  bal_acc=0.6111
  epoch  11/50  loss=0.7110  bal_acc=0.6076
  epoch  12/50  loss=0.7038  bal_acc=0.5990
  epoch  13/50  loss=0.6718  bal_acc=0.5677
  epoch  14/50  loss=0.6672  bal_acc=0.6076
  epoch  15/50  loss=0.6401  bal_acc=0.5278
  epoch  16/50  loss=0.6490  bal_acc=0.5677
  epoch  17/50  loss=0.6265  bal_acc=0.6406
  epoch  18/50  loss=0.6140  bal_acc=0.6354
  epoch  19/50  loss=0.5895  bal_acc=0.6285
  epoch  20/50  loss=0.5613  bal_acc=0.6250
  epoch  21/50  loss=0.5720  bal_acc=0.6215
  epoch  22/50  loss=0.5540  bal_acc=0.6441
  epoch  23/50  loss=0.5218  bal_acc=0.6406
  epoch  24/50  loss=0.5177  bal_acc=0.6302
  epoch  25/50  loss=0.4996  bal_acc=0.6215
  epoch  26/50  loss=0.4803  bal_acc=0.6128
  epoch  27/50  loss=0.4938  bal_acc=0.6302
  epoch  28/50  loss=0.4754  bal_acc=0.6198
  epoch  29/50  loss=0.4596  bal_acc=0.6059
  epoch  30/50  loss=0.4455  bal_acc=0.5990
  epoch  31/50  loss=0.4510  bal_acc=0.5990
  epoch  32/50  loss=0.4369  bal_acc=0.5712
  epoch  33/50  loss=0.4413  bal_acc=0.6007
  epoch  34/50  loss=0.4310  bal_acc=0.6007
  epoch  35/50  loss=0.4252  bal_acc=0.6146
  epoch  36/50  loss=0.4299  bal_acc=0.6007
  epoch  37/50  loss=0.4152  bal_acc=0.6424
  epoch  38/50  loss=0.3920  bal_acc=0.5972
  epoch  39/50  loss=0.4059  bal_acc=0.5712
  epoch  40/50  loss=0.3817  bal_acc=0.6128
  epoch  41/50  loss=0.3844  bal_acc=0.6146
  epoch  42/50  loss=0.3806  bal_acc=0.6007
  epoch  43/50  loss=0.3661  bal_acc=0.6337
  epoch  44/50  loss=0.3542  bal_acc=0.6181
  epoch  45/50  loss=0.3539  bal_acc=0.6215
  epoch  46/50  loss=0.3651  bal_acc=0.6302
  epoch  47/50  loss=0.3659  bal_acc=0.5955
  epoch  48/50  loss=0.3458  bal_acc=0.6302
  epoch  49/50  loss=0.3464  bal_acc=0.6458
  epoch  50/50  loss=0.3254  bal_acc=0.5833
  [LOSO 7/9] subject 6: acc=0.5833  running_mean=0.5394

=== LOSO (hold out subject 7) ===
  Train: 4608 trials  |  Test: 576 trials
  Model params: 25,934
  epoch   1/50  loss=1.3256  bal_acc=0.4253
  epoch   2/50  loss=1.1862  bal_acc=0.4809
  epoch   3/50  loss=1.0847  bal_acc=0.4896
  epoch   4/50  loss=1.0296  bal_acc=0.5434
  epoch   5/50  loss=0.9745  bal_acc=0.5069
  epoch   6/50  loss=0.9295  bal_acc=0.5833
  epoch   7/50  loss=0.8872  bal_acc=0.5799
  epoch   8/50  loss=0.8506  bal_acc=0.6302
  epoch   9/50  loss=0.8329  bal_acc=0.5955
  epoch  10/50  loss=0.7929  bal_acc=0.6406
  epoch  11/50  loss=0.7693  bal_acc=0.6476
  epoch  12/50  loss=0.7420  bal_acc=0.6510
  epoch  13/50  loss=0.7244  bal_acc=0.6389
  epoch  14/50  loss=0.6877  bal_acc=0.6649
  epoch  15/50  loss=0.6754  bal_acc=0.6701
  epoch  16/50  loss=0.6651  bal_acc=0.6562
  epoch  17/50  loss=0.6286  bal_acc=0.6493
  epoch  18/50  loss=0.6209  bal_acc=0.6910
  epoch  19/50  loss=0.5911  bal_acc=0.6649
  epoch  20/50  loss=0.5713  bal_acc=0.6493
  epoch  21/50  loss=0.5785  bal_acc=0.6736
  epoch  22/50  loss=0.5614  bal_acc=0.6615
  epoch  23/50  loss=0.5389  bal_acc=0.6545
  epoch  24/50  loss=0.5157  bal_acc=0.6771
  epoch  25/50  loss=0.5063  bal_acc=0.6649
  epoch  26/50  loss=0.4896  bal_acc=0.6406
  epoch  27/50  loss=0.4827  bal_acc=0.6788
  epoch  28/50  loss=0.4760  bal_acc=0.6823
  epoch  29/50  loss=0.4642  bal_acc=0.6736
  epoch  30/50  loss=0.4443  bal_acc=0.6510
  epoch  31/50  loss=0.4445  bal_acc=0.6632
  epoch  32/50  loss=0.4328  bal_acc=0.6701
  epoch  33/50  loss=0.4252  bal_acc=0.6701
  epoch  34/50  loss=0.4355  bal_acc=0.6302
  epoch  35/50  loss=0.4022  bal_acc=0.6771
  epoch  36/50  loss=0.4102  bal_acc=0.6580
  epoch  37/50  loss=0.4026  bal_acc=0.6771
  epoch  38/50  loss=0.3892  bal_acc=0.6736
  epoch  39/50  loss=0.3869  bal_acc=0.6441
  epoch  40/50  loss=0.3987  bal_acc=0.6771
  epoch  41/50  loss=0.3766  bal_acc=0.6597
  epoch  42/50  loss=0.3865  bal_acc=0.6840
  epoch  43/50  loss=0.3735  bal_acc=0.6458
  epoch  44/50  loss=0.3587  bal_acc=0.6667
  epoch  45/50  loss=0.3558  bal_acc=0.6458
  epoch  46/50  loss=0.3601  bal_acc=0.6615
  epoch  47/50  loss=0.3542  bal_acc=0.6892
  epoch  48/50  loss=0.3468  bal_acc=0.6545
  epoch  49/50  loss=0.3339  bal_acc=0.6476
  epoch  50/50  loss=0.3192  bal_acc=0.6823
  [LOSO 8/9] subject 7: acc=0.6823  running_mean=0.5573

=== LOSO (hold out subject 8) ===
  Train: 4608 trials  |  Test: 576 trials
  Model params: 25,934
  epoch   1/50  loss=1.3386  bal_acc=0.4392
  epoch   2/50  loss=1.1689  bal_acc=0.4358
  epoch   3/50  loss=1.0797  bal_acc=0.4983
  epoch   4/50  loss=1.0238  bal_acc=0.4722
  epoch   5/50  loss=0.9839  bal_acc=0.4635
  epoch   6/50  loss=0.9248  bal_acc=0.4844
  epoch   7/50  loss=0.8698  bal_acc=0.4722
  epoch   8/50  loss=0.8540  bal_acc=0.5104
  epoch   9/50  loss=0.8129  bal_acc=0.4757
  epoch  10/50  loss=0.7806  bal_acc=0.5035
  epoch  11/50  loss=0.7410  bal_acc=0.4635
  epoch  12/50  loss=0.7390  bal_acc=0.5191
  epoch  13/50  loss=0.7198  bal_acc=0.5208
  epoch  14/50  loss=0.6968  bal_acc=0.5000
  epoch  15/50  loss=0.6719  bal_acc=0.4566
  epoch  16/50  loss=0.6678  bal_acc=0.4531
  epoch  17/50  loss=0.6447  bal_acc=0.5365
  epoch  18/50  loss=0.6071  bal_acc=0.5330
  epoch  19/50  loss=0.6047  bal_acc=0.5122
  epoch  20/50  loss=0.5970  bal_acc=0.5399
  epoch  21/50  loss=0.5880  bal_acc=0.5590
  epoch  22/50  loss=0.5625  bal_acc=0.5764
  epoch  23/50  loss=0.5656  bal_acc=0.5417
  epoch  24/50  loss=0.5374  bal_acc=0.5816
  epoch  25/50  loss=0.5503  bal_acc=0.5434
  epoch  26/50  loss=0.5359  bal_acc=0.5069
  epoch  27/50  loss=0.5124  bal_acc=0.5260
  epoch  28/50  loss=0.4920  bal_acc=0.4705
  epoch  29/50  loss=0.4940  bal_acc=0.5434
  epoch  30/50  loss=0.4826  bal_acc=0.5556
  epoch  31/50  loss=0.4716  bal_acc=0.5434
  epoch  32/50  loss=0.4572  bal_acc=0.5694
  epoch  33/50  loss=0.4668  bal_acc=0.5069
  epoch  34/50  loss=0.4414  bal_acc=0.4913
  epoch  35/50  loss=0.4427  bal_acc=0.4844
  epoch  36/50  loss=0.4118  bal_acc=0.5278
  epoch  37/50  loss=0.4195  bal_acc=0.5087
  epoch  38/50  loss=0.4361  bal_acc=0.5330
  epoch  39/50  loss=0.4016  bal_acc=0.4931
  epoch  40/50  loss=0.3899  bal_acc=0.4965
  epoch  41/50  loss=0.4120  bal_acc=0.5156
  epoch  42/50  loss=0.3886  bal_acc=0.5243
  epoch  43/50  loss=0.3724  bal_acc=0.5000
  epoch  44/50  loss=0.3738  bal_acc=0.5052
  epoch  45/50  loss=0.3686  bal_acc=0.5694
  epoch  46/50  loss=0.3611  bal_acc=0.4861
  epoch  47/50  loss=0.3496  bal_acc=0.5087
  epoch  48/50  loss=0.3562  bal_acc=0.5104
  epoch  49/50  loss=0.3614  bal_acc=0.4774
  epoch  50/50  loss=0.3347  bal_acc=0.5208
  [LOSO 9/9] subject 8: acc=0.5208  running_mean=0.5532
Results saved to results/BNCI2014_001/results_trial_8.json
Trial logged to results/BNCI2014_001/trials.csv
[status] trial 8 done (state=COMPLETE, value=0.5532407407407408) -- 9 completed total
Device: cuda
[BNCI2014_001] loading from cache: /home/aleksander.berezowsk/.cache/spiking_eegnet/BNCI2014_001_af1ccf3e92f684d8a93c057082b654d7.npz
[BNCI2014_001] cache hit: (5184, 1, 22, 1001), classes=['feet', 'left_hand', 'right_hand', 'tongue'], subjects=9
Dataset meta: {'n_classes': 4, 'n_channels': 22, 'n_samples': 1001, 'class_names': ['feet', 'left_hand', 'right_hand', 'tongue'], 'subject_list': [1, 2, 3, 4, 5, 6, 7, 8, 9], 'n_subjects': 9, 'sfreq': 250.0}

=== LOSO (hold out subject 0) ===
  Train: 4608 trials  |  Test: 576 trials
  Model params: 38,614
  epoch   1/50  loss=1.3040  bal_acc=0.4410
  epoch   2/50  loss=1.0869  bal_acc=0.5017
  epoch   3/50  loss=0.9604  bal_acc=0.4479
  epoch   4/50  loss=0.8622  bal_acc=0.5399
  epoch   5/50  loss=0.7884  bal_acc=0.5069
  epoch   6/50  loss=0.7141  bal_acc=0.4601
  epoch   7/50  loss=0.6767  bal_acc=0.5417
  epoch   8/50  loss=0.6191  bal_acc=0.5625
  epoch   9/50  loss=0.5880  bal_acc=0.5469
  epoch  10/50  loss=0.5447  bal_acc=0.5938
  epoch  11/50  loss=0.5038  bal_acc=0.5851
  epoch  12/50  loss=0.4703  bal_acc=0.5451
  epoch  13/50  loss=0.4390  bal_acc=0.5538
  epoch  14/50  loss=0.4155  bal_acc=0.5434
  epoch  15/50  loss=0.4032  bal_acc=0.6024
  epoch  16/50  loss=0.3612  bal_acc=0.5799
  epoch  17/50  loss=0.3369  bal_acc=0.5972
  epoch  18/50  loss=0.3186  bal_acc=0.5660
  epoch  19/50  loss=0.2958  bal_acc=0.5503
  epoch  20/50  loss=0.2700  bal_acc=0.5747
  epoch  21/50  loss=0.2409  bal_acc=0.5712
  epoch  22/50  loss=0.2232  bal_acc=0.5538
  epoch  23/50  loss=0.2219  bal_acc=0.6076
  epoch  24/50  loss=0.1931  bal_acc=0.5851
  epoch  25/50  loss=0.1755  bal_acc=0.5191
  epoch  26/50  loss=0.1675  bal_acc=0.6094
  epoch  27/50  loss=0.1643  bal_acc=0.5851
  epoch  28/50  loss=0.1428  bal_acc=0.5712
  epoch  29/50  loss=0.1238  bal_acc=0.5677
  epoch  30/50  loss=0.1242  bal_acc=0.5677
  epoch  31/50  loss=0.1203  bal_acc=0.5399
  epoch  32/50  loss=0.1236  bal_acc=0.5451
  epoch  33/50  loss=0.1015  bal_acc=0.5694
  epoch  34/50  loss=0.0923  bal_acc=0.5764
  epoch  35/50  loss=0.0808  bal_acc=0.5503
  epoch  36/50  loss=0.0879  bal_acc=0.5625
  epoch  37/50  loss=0.0801  bal_acc=0.5503
  epoch  38/50  loss=0.0773  bal_acc=0.5556
  epoch  39/50  loss=0.0689  bal_acc=0.5625
  epoch  40/50  loss=0.0709  bal_acc=0.5451
  epoch  41/50  loss=0.0773  bal_acc=0.5677
  epoch  42/50  loss=0.0798  bal_acc=0.5799
  epoch  43/50  loss=0.0778  bal_acc=0.5573
  epoch  44/50  loss=0.0881  bal_acc=0.5868
  epoch  45/50  loss=0.0944  bal_acc=0.5625
  epoch  46/50  loss=0.0739  bal_acc=0.5712
  epoch  47/50  loss=0.0685  bal_acc=0.5938
  epoch  48/50  loss=0.0636  bal_acc=0.5747
  epoch  49/50  loss=0.0509  bal_acc=0.5990
  epoch  50/50  loss=0.0489  bal_acc=0.5799
  [LOSO 1/9] subject 0: acc=0.5799  running_mean=0.5799

=== LOSO (hold out subject 1) ===
  Train: 4608 trials  |  Test: 576 trials
  Model params: 38,614
  epoch   1/50  loss=1.3051  bal_acc=0.3646
  epoch   2/50  loss=1.0568  bal_acc=0.3681
  epoch   3/50  loss=0.9098  bal_acc=0.4062
  epoch   4/50  loss=0.7985  bal_acc=0.4514
  epoch   5/50  loss=0.7329  bal_acc=0.4479
  epoch   6/50  loss=0.6686  bal_acc=0.4462
  epoch   7/50  loss=0.6396  bal_acc=0.3924
  epoch   8/50  loss=0.5754  bal_acc=0.4514
  epoch   9/50  loss=0.5428  bal_acc=0.4635
  epoch  10/50  loss=0.4999  bal_acc=0.4740
  epoch  11/50  loss=0.4756  bal_acc=0.4514
  epoch  12/50  loss=0.4314  bal_acc=0.4670
  epoch  13/50  loss=0.4039  bal_acc=0.3958
  epoch  14/50  loss=0.3618  bal_acc=0.4497
  epoch  15/50  loss=0.3356  bal_acc=0.4844
  epoch  16/50  loss=0.3001  bal_acc=0.4722
  epoch  17/50  loss=0.2771  bal_acc=0.4688
  epoch  18/50  loss=0.2602  bal_acc=0.4705
  epoch  19/50  loss=0.2482  bal_acc=0.4462
  epoch  20/50  loss=0.2308  bal_acc=0.4670
  epoch  21/50  loss=0.2007  bal_acc=0.4792
  epoch  22/50  loss=0.1940  bal_acc=0.4844
  epoch  23/50  loss=0.1811  bal_acc=0.4896
  epoch  24/50  loss=0.1514  bal_acc=0.4410
  epoch  25/50  loss=0.1506  bal_acc=0.4583
  epoch  26/50  loss=0.1474  bal_acc=0.4080
  epoch  27/50  loss=0.1447  bal_acc=0.4358
  epoch  28/50  loss=0.1269  bal_acc=0.4583
  epoch  29/50  loss=0.1246  bal_acc=0.4635
  epoch  30/50  loss=0.1092  bal_acc=0.4792
  epoch  31/50  loss=0.1018  bal_acc=0.4809
  epoch  32/50  loss=0.0825  bal_acc=0.4826
  epoch  33/50  loss=0.0772  bal_acc=0.4618
  epoch  34/50  loss=0.0817  bal_acc=0.4844
  epoch  35/50  loss=0.0776  bal_acc=0.4844
  epoch  36/50  loss=0.0826  bal_acc=0.4878
  epoch  37/50  loss=0.0755  bal_acc=0.4497
  epoch  38/50  loss=0.0858  bal_acc=0.4583
  epoch  39/50  loss=0.0899  bal_acc=0.4583
  epoch  40/50  loss=0.0819  bal_acc=0.4635
  epoch  41/50  loss=0.0724  bal_acc=0.4618
  epoch  42/50  loss=0.0612  bal_acc=0.4826
  epoch  43/50  loss=0.0476  bal_acc=0.4809
  epoch  44/50  loss=0.0471  bal_acc=0.4323
  epoch  45/50  loss=0.0516  bal_acc=0.4913
  epoch  46/50  loss=0.0456  bal_acc=0.4809
  epoch  47/50  loss=0.0387  bal_acc=0.4757
  epoch  48/50  loss=0.0415  bal_acc=0.4844
  epoch  49/50  loss=0.0437  bal_acc=0.4792
  epoch  50/50  loss=0.0455  bal_acc=0.4931
  [LOSO 2/9] subject 1: acc=0.4931  running_mean=0.5365

=== LOSO (hold out subject 2) ===
  Train: 4608 trials  |  Test: 576 trials
  Model params: 38,614
  epoch   1/50  loss=1.3237  bal_acc=0.4358
  epoch   2/50  loss=1.1204  bal_acc=0.5642
  epoch   3/50  loss=0.9868  bal_acc=0.4965
  epoch   4/50  loss=0.9107  bal_acc=0.4948
  epoch   5/50  loss=0.8252  bal_acc=0.5556
  epoch   6/50  loss=0.7834  bal_acc=0.5660
  epoch   7/50  loss=0.7161  bal_acc=0.5764
  epoch   8/50  loss=0.6691  bal_acc=0.6215
  epoch   9/50  loss=0.6285  bal_acc=0.5608
  epoch  10/50  loss=0.5926  bal_acc=0.6181
  epoch  11/50  loss=0.5610  bal_acc=0.5764
  epoch  12/50  loss=0.5059  bal_acc=0.5990
  epoch  13/50  loss=0.4718  bal_acc=0.7031
  epoch  14/50  loss=0.4536  bal_acc=0.6771
  epoch  15/50  loss=0.4257  bal_acc=0.5312
  epoch  16/50  loss=0.3986  bal_acc=0.6424
  epoch  17/50  loss=0.3586  bal_acc=0.5590
  epoch  18/50  loss=0.3402  bal_acc=0.5365
  epoch  19/50  loss=0.3193  bal_acc=0.5451
  epoch  20/50  loss=0.2849  bal_acc=0.6076
  epoch  21/50  loss=0.2651  bal_acc=0.6146
  epoch  22/50  loss=0.2596  bal_acc=0.5781
  epoch  23/50  loss=0.2272  bal_acc=0.6441
  epoch  24/50  loss=0.2146  bal_acc=0.6111
  epoch  25/50  loss=0.2074  bal_acc=0.5573
  epoch  26/50  loss=0.1759  bal_acc=0.5955
  epoch  27/50  loss=0.1654  bal_acc=0.6215
  epoch  28/50  loss=0.1497  bal_acc=0.5608
  epoch  29/50  loss=0.1419  bal_acc=0.6354
  epoch  30/50  loss=0.1538  bal_acc=0.5573
  epoch  31/50  loss=0.1316  bal_acc=0.5955
  epoch  32/50  loss=0.1300  bal_acc=0.5556
  epoch  33/50  loss=0.1199  bal_acc=0.6181
  epoch  34/50  loss=0.1176  bal_acc=0.6198
  epoch  35/50  loss=0.1073  bal_acc=0.6146
  epoch  36/50  loss=0.0980  bal_acc=0.5903
  epoch  37/50  loss=0.0891  bal_acc=0.6372
  epoch  38/50  loss=0.0913  bal_acc=0.6372
  epoch  39/50  loss=0.0882  bal_acc=0.6024
  epoch  40/50  loss=0.0911  bal_acc=0.6545
  epoch  41/50  loss=0.0809  bal_acc=0.6701
  epoch  42/50  loss=0.0865  bal_acc=0.6128
  epoch  43/50  loss=0.0845  bal_acc=0.6406
  epoch  44/50  loss=0.0874  bal_acc=0.6094
  epoch  45/50  loss=0.0781  bal_acc=0.5747
  epoch  46/50  loss=0.0632  bal_acc=0.5330
  epoch  47/50  loss=0.0653  bal_acc=0.5955
  epoch  48/50  loss=0.0577  bal_acc=0.5868
  epoch  49/50  loss=0.0625  bal_acc=0.5938
  epoch  50/50  loss=0.0518  bal_acc=0.6649
  [LOSO 3/9] subject 2: acc=0.6649  running_mean=0.5793

=== LOSO (hold out subject 3) ===
  Train: 4608 trials  |  Test: 576 trials
  Model params: 38,614
  epoch   1/50  loss=1.2816  bal_acc=0.4323
  epoch   2/50  loss=1.0473  bal_acc=0.4201
  epoch   3/50  loss=0.9216  bal_acc=0.3976
  epoch   4/50  loss=0.8252  bal_acc=0.4184
  epoch   5/50  loss=0.7371  bal_acc=0.4601
  epoch   6/50  loss=0.6790  bal_acc=0.4288
  epoch   7/50  loss=0.6382  bal_acc=0.4861
  epoch   8/50  loss=0.5919  bal_acc=0.4253
  epoch   9/50  loss=0.5416  bal_acc=0.4444
  epoch  10/50  loss=0.5079  bal_acc=0.4878
  epoch  11/50  loss=0.4841  bal_acc=0.4479
  epoch  12/50  loss=0.4324  bal_acc=0.4462
  epoch  13/50  loss=0.4108  bal_acc=0.4757
  epoch  14/50  loss=0.3728  bal_acc=0.4531
  epoch  15/50  loss=0.3516  bal_acc=0.4028
  epoch  16/50  loss=0.3239  bal_acc=0.4306
  epoch  17/50  loss=0.3113  bal_acc=0.4306
  epoch  18/50  loss=0.2825  bal_acc=0.4722
  epoch  19/50  loss=0.2682  bal_acc=0.4826
  epoch  20/50  loss=0.2445  bal_acc=0.4583
  epoch  21/50  loss=0.2315  bal_acc=0.4444
  epoch  22/50  loss=0.2068  bal_acc=0.4601
  epoch  23/50  loss=0.1967  bal_acc=0.4948
  epoch  24/50  loss=0.1792  bal_acc=0.4549
  epoch  25/50  loss=0.1672  bal_acc=0.4427
  epoch  26/50  loss=0.1549  bal_acc=0.4427
  epoch  27/50  loss=0.1433  bal_acc=0.4688
  epoch  28/50  loss=0.1381  bal_acc=0.4740
  epoch  29/50  loss=0.1304  bal_acc=0.4653
  epoch  30/50  loss=0.1221  bal_acc=0.4583
  epoch  31/50  loss=0.1112  bal_acc=0.4219
  epoch  32/50  loss=0.1076  bal_acc=0.5017
  epoch  33/50  loss=0.1027  bal_acc=0.4792
  epoch  34/50  loss=0.1113  bal_acc=0.4340
  epoch  35/50  loss=0.1026  bal_acc=0.4826
  epoch  36/50  loss=0.0817  bal_acc=0.4931
  epoch  37/50  loss=0.0745  bal_acc=0.4792
  epoch  38/50  loss=0.0761  bal_acc=0.4514
  epoch  39/50  loss=0.0671  bal_acc=0.4531
  epoch  40/50  loss=0.0737  bal_acc=0.5035
  epoch  41/50  loss=0.0790  bal_acc=0.4826
  epoch  42/50  loss=0.0787  bal_acc=0.4340
  epoch  43/50  loss=0.0838  bal_acc=0.4410
  epoch  44/50  loss=0.0745  bal_acc=0.4444
  epoch  45/50  loss=0.0662  bal_acc=0.4531
  epoch  46/50  loss=0.0606  bal_acc=0.4618
  epoch  47/50  loss=0.0704  bal_acc=0.4549
  epoch  48/50  loss=0.0644  bal_acc=0.4271
  epoch  49/50  loss=0.0615  bal_acc=0.4618
  epoch  50/50  loss=0.0520  bal_acc=0.4462
  [LOSO 4/9] subject 3: acc=0.4462  running_mean=0.5460

=== LOSO (hold out subject 4) ===
  Train: 4608 trials  |  Test: 576 trials
  Model params: 38,614
  epoch   1/50  loss=1.3214  bal_acc=0.3976
  epoch   2/50  loss=1.0964  bal_acc=0.4809
  epoch   3/50  loss=0.9372  bal_acc=0.5052
  epoch   4/50  loss=0.8251  bal_acc=0.4653
  epoch   5/50  loss=0.7458  bal_acc=0.5694
  epoch   6/50  loss=0.7047  bal_acc=0.5330
  epoch   7/50  loss=0.6408  bal_acc=0.3785
  epoch   8/50  loss=0.5932  bal_acc=0.4566
  epoch   9/50  loss=0.5354  bal_acc=0.4323
  epoch  10/50  loss=0.5109  bal_acc=0.4722
  epoch  11/50  loss=0.4706  bal_acc=0.4913
  epoch  12/50  loss=0.4493  bal_acc=0.4670
  epoch  13/50  loss=0.4289  bal_acc=0.4878
  epoch  14/50  loss=0.3787  bal_acc=0.5417
  epoch  15/50  loss=0.3483  bal_acc=0.5660
  epoch  16/50  loss=0.3176  bal_acc=0.5122
  epoch  17/50  loss=0.3024  bal_acc=0.5278
  epoch  18/50  loss=0.2843  bal_acc=0.5312
  epoch  19/50  loss=0.2633  bal_acc=0.5573
  epoch  20/50  loss=0.2400  bal_acc=0.5052
  epoch  21/50  loss=0.2171  bal_acc=0.5174
  epoch  22/50  loss=0.2135  bal_acc=0.5174
  epoch  23/50  loss=0.1948  bal_acc=0.5226
  epoch  24/50  loss=0.1800  bal_acc=0.5694
  epoch  25/50  loss=0.1622  bal_acc=0.5590
  epoch  26/50  loss=0.1510  bal_acc=0.5104
  epoch  27/50  loss=0.1471  bal_acc=0.5122
  epoch  28/50  loss=0.1243  bal_acc=0.5469
  epoch  29/50  loss=0.1298  bal_acc=0.5000
  epoch  30/50  loss=0.1185  bal_acc=0.5642
  epoch  31/50  loss=0.1147  bal_acc=0.5295
  epoch  32/50  loss=0.0968  bal_acc=0.5330
  epoch  33/50  loss=0.1043  bal_acc=0.4826
  epoch  34/50  loss=0.1141  bal_acc=0.5365
  epoch  35/50  loss=0.1043  bal_acc=0.5556
  epoch  36/50  loss=0.0907  bal_acc=0.4931
  epoch  37/50  loss=0.0896  bal_acc=0.5191
  epoch  38/50  loss=0.0879  bal_acc=0.5156
  epoch  39/50  loss=0.0798  bal_acc=0.5521
  epoch  40/50  loss=0.0815  bal_acc=0.5069
  epoch  41/50  loss=0.0693  bal_acc=0.5104
  epoch  42/50  loss=0.0586  bal_acc=0.4844
  epoch  43/50  loss=0.0529  bal_acc=0.5087
  epoch  44/50  loss=0.0533  bal_acc=0.5156
  epoch  45/50  loss=0.0574  bal_acc=0.5104
  epoch  46/50  loss=0.0570  bal_acc=0.5295
  epoch  47/50  loss=0.0715  bal_acc=0.5069
  epoch  48/50  loss=0.0785  bal_acc=0.4462
  epoch  49/50  loss=0.0899  bal_acc=0.5365
  epoch  50/50  loss=0.0707  bal_acc=0.5295
  [LOSO 5/9] subject 4: acc=0.5295  running_mean=0.5427

=== LOSO (hold out subject 5) ===
  Train: 4608 trials  |  Test: 576 trials
  Model params: 38,614
  epoch   1/50  loss=1.3003  bal_acc=0.3663
  epoch   2/50  loss=1.0761  bal_acc=0.4549
  epoch   3/50  loss=0.9081  bal_acc=0.3854
  epoch   4/50  loss=0.7966  bal_acc=0.3889
  epoch   5/50  loss=0.7284  bal_acc=0.4514
  epoch   6/50  loss=0.6569  bal_acc=0.4983
  epoch   7/50  loss=0.6000  bal_acc=0.5087
  epoch   8/50  loss=0.5504  bal_acc=0.3958
  epoch   9/50  loss=0.5215  bal_acc=0.4149
  epoch  10/50  loss=0.4793  bal_acc=0.4201
  epoch  11/50  loss=0.4469  bal_acc=0.4271
  epoch  12/50  loss=0.4247  bal_acc=0.4288
  epoch  13/50  loss=0.3914  bal_acc=0.4358
  epoch  14/50  loss=0.3589  bal_acc=0.5156
  epoch  15/50  loss=0.3273  bal_acc=0.3698
  epoch  16/50  loss=0.3164  bal_acc=0.3594
  epoch  17/50  loss=0.2915  bal_acc=0.3542
  epoch  18/50  loss=0.2731  bal_acc=0.3889
  epoch  19/50  loss=0.2420  bal_acc=0.3889
  epoch  20/50  loss=0.2280  bal_acc=0.3976
  epoch  21/50  loss=0.2093  bal_acc=0.3941
  epoch  22/50  loss=0.2007  bal_acc=0.4219
  epoch  23/50  loss=0.1797  bal_acc=0.3976
  epoch  24/50  loss=0.1648  bal_acc=0.4045
  epoch  25/50  loss=0.1513  bal_acc=0.4253
  epoch  26/50  loss=0.1312  bal_acc=0.4236
  epoch  27/50  loss=0.1316  bal_acc=0.3802
  epoch  28/50  loss=0.1273  bal_acc=0.4236
  epoch  29/50  loss=0.1160  bal_acc=0.4444
  epoch  30/50  loss=0.1110  bal_acc=0.4219
  epoch  31/50  loss=0.1052  bal_acc=0.4601
  epoch  32/50  loss=0.1035  bal_acc=0.4167
  epoch  33/50  loss=0.0859  bal_acc=0.4774
  epoch  34/50  loss=0.0816  bal_acc=0.4549
  epoch  35/50  loss=0.0821  bal_acc=0.4757
  epoch  36/50  loss=0.0829  bal_acc=0.4358
  epoch  37/50  loss=0.0878  bal_acc=0.4896
  epoch  38/50  loss=0.0772  bal_acc=0.4444
  epoch  39/50  loss=0.0754  bal_acc=0.4392
  epoch  40/50  loss=0.0537  bal_acc=0.3819
  epoch  41/50  loss=0.0601  bal_acc=0.4601
  epoch  42/50  loss=0.0656  bal_acc=0.4670
  epoch  43/50  loss=0.0757  bal_acc=0.4340
  epoch  44/50  loss=0.0660  bal_acc=0.4097
  epoch  45/50  loss=0.0552  bal_acc=0.4566
  epoch  46/50  loss=0.0472  bal_acc=0.4045
  epoch  47/50  loss=0.0491  bal_acc=0.3889
  epoch  48/50  loss=0.0534  bal_acc=0.3767
  epoch  49/50  loss=0.0687  bal_acc=0.3490
  epoch  50/50  loss=0.0631  bal_acc=0.3976
  [LOSO 6/9] subject 5: acc=0.3976  running_mean=0.5185

=== LOSO (hold out subject 6) ===
  Train: 4608 trials  |  Test: 576 trials
  Model params: 38,614
  epoch   1/50  loss=1.3283  bal_acc=0.5174
  epoch   2/50  loss=1.1079  bal_acc=0.4618
  epoch   3/50  loss=0.9491  bal_acc=0.5920
  epoch   4/50  loss=0.8676  bal_acc=0.6111
  epoch   5/50  loss=0.7728  bal_acc=0.5990
  epoch   6/50  loss=0.7073  bal_acc=0.5590
  epoch   7/50  loss=0.6562  bal_acc=0.5781
  epoch   8/50  loss=0.6043  bal_acc=0.5972
  epoch   9/50  loss=0.5627  bal_acc=0.5920
  epoch  10/50  loss=0.5257  bal_acc=0.5729
  epoch  11/50  loss=0.4850  bal_acc=0.5781
  epoch  12/50  loss=0.4702  bal_acc=0.5781
  epoch  13/50  loss=0.4324  bal_acc=0.5903
  epoch  14/50  loss=0.3960  bal_acc=0.5938
  epoch  15/50  loss=0.3730  bal_acc=0.6111
  epoch  16/50  loss=0.3425  bal_acc=0.6094
  epoch  17/50  loss=0.3309  bal_acc=0.5764
  epoch  18/50  loss=0.2920  bal_acc=0.5851
  epoch  19/50  loss=0.2770  bal_acc=0.6267
  epoch  20/50  loss=0.2554  bal_acc=0.5816
  epoch  21/50  loss=0.2228  bal_acc=0.5781
  epoch  22/50  loss=0.2057  bal_acc=0.5972
  epoch  23/50  loss=0.2056  bal_acc=0.5972
  epoch  24/50  loss=0.1799  bal_acc=0.5538
  epoch  25/50  loss=0.1714  bal_acc=0.6076
  epoch  26/50  loss=0.1628  bal_acc=0.5503
  epoch  27/50  loss=0.1488  bal_acc=0.6128
  epoch  28/50  loss=0.1381  bal_acc=0.6042
  epoch  29/50  loss=0.1365  bal_acc=0.5903
  epoch  30/50  loss=0.1266  bal_acc=0.6042
  epoch  31/50  loss=0.1144  bal_acc=0.5677
  epoch  32/50  loss=0.1029  bal_acc=0.5851
  epoch  33/50  loss=0.0902  bal_acc=0.5781
  epoch  34/50  loss=0.0830  bal_acc=0.6007
  epoch  35/50  loss=0.0947  bal_acc=0.6076
  epoch  36/50  loss=0.0977  bal_acc=0.5590
  epoch  37/50  loss=0.0843  bal_acc=0.5833
  epoch  38/50  loss=0.0848  bal_acc=0.5538
  epoch  39/50  loss=0.0744  bal_acc=0.5642
  epoch  40/50  loss=0.0682  bal_acc=0.5417
  epoch  41/50  loss=0.0628  bal_acc=0.6007
  epoch  42/50  loss=0.0682  bal_acc=0.5382
  epoch  43/50  loss=0.0771  bal_acc=0.6111
  epoch  44/50  loss=0.0627  bal_acc=0.5677
  epoch  45/50  loss=0.0723  bal_acc=0.5851
  epoch  46/50  loss=0.0672  bal_acc=0.5417
  epoch  47/50  loss=0.0665  bal_acc=0.5764
  epoch  48/50  loss=0.0647  bal_acc=0.5903
  epoch  49/50  loss=0.0741  bal_acc=0.5851
  epoch  50/50  loss=0.0665  bal_acc=0.5295
  [LOSO 7/9] subject 6: acc=0.5295  running_mean=0.5201

=== LOSO (hold out subject 7) ===
  Train: 4608 trials  |  Test: 576 trials
  Model params: 38,614
  epoch   1/50  loss=1.3060  bal_acc=0.4253
  epoch   2/50  loss=1.1222  bal_acc=0.4323
  epoch   3/50  loss=0.9889  bal_acc=0.5122
  epoch   4/50  loss=0.9032  bal_acc=0.5330
  epoch   5/50  loss=0.8388  bal_acc=0.5347
  epoch   6/50  loss=0.7829  bal_acc=0.4688
  epoch   7/50  loss=0.7206  bal_acc=0.5278
  epoch   8/50  loss=0.6626  bal_acc=0.5764
  epoch   9/50  loss=0.6161  bal_acc=0.5399
  epoch  10/50  loss=0.5626  bal_acc=0.5938
  epoch  11/50  loss=0.5392  bal_acc=0.5712
  epoch  12/50  loss=0.4898  bal_acc=0.5816
  epoch  13/50  loss=0.4633  bal_acc=0.6319
  epoch  14/50  loss=0.4370  bal_acc=0.6024
  epoch  15/50  loss=0.3986  bal_acc=0.6076
  epoch  16/50  loss=0.3731  bal_acc=0.6354
  epoch  17/50  loss=0.3455  bal_acc=0.6337
  epoch  18/50  loss=0.3192  bal_acc=0.6285
  epoch  19/50  loss=0.2937  bal_acc=0.6319
  epoch  20/50  loss=0.2764  bal_acc=0.6319
  epoch  21/50  loss=0.2490  bal_acc=0.6389
  epoch  22/50  loss=0.2318  bal_acc=0.6354
  epoch  23/50  loss=0.2093  bal_acc=0.6424
  epoch  24/50  loss=0.1978  bal_acc=0.6198
  epoch  25/50  loss=0.1727  bal_acc=0.6302
  epoch  26/50  loss=0.1561  bal_acc=0.6146
  epoch  27/50  loss=0.1444  bal_acc=0.6007
  epoch  28/50  loss=0.1442  bal_acc=0.6198
  epoch  29/50  loss=0.1312  bal_acc=0.5851
  epoch  30/50  loss=0.1164  bal_acc=0.6042
  epoch  31/50  loss=0.1102  bal_acc=0.6354
  epoch  32/50  loss=0.1015  bal_acc=0.6250
  epoch  33/50  loss=0.1059  bal_acc=0.6354
  epoch  34/50  loss=0.0942  bal_acc=0.6128
  epoch  35/50  loss=0.0886  bal_acc=0.6285
  epoch  36/50  loss=0.0859  bal_acc=0.6250
  epoch  37/50  loss=0.0909  bal_acc=0.6337
  epoch  38/50  loss=0.0915  bal_acc=0.6076
  epoch  39/50  loss=0.0883  bal_acc=0.6042
  epoch  40/50  loss=0.0870  bal_acc=0.6059
  epoch  41/50  loss=0.0782  bal_acc=0.6198
  epoch  42/50  loss=0.0706  bal_acc=0.6302
  epoch  43/50  loss=0.0713  bal_acc=0.6441
  epoch  44/50  loss=0.0619  bal_acc=0.6302
  epoch  45/50  loss=0.0576  bal_acc=0.6215
  epoch  46/50  loss=0.0513  bal_acc=0.6285
  epoch  47/50  loss=0.0487  bal_acc=0.5903
  epoch  48/50  loss=0.0499  bal_acc=0.6007
  epoch  49/50  loss=0.0541  bal_acc=0.6163
  epoch  50/50  loss=0.0610  bal_acc=0.6233
  [LOSO 8/9] subject 7: acc=0.6233  running_mean=0.5330

=== LOSO (hold out subject 8) ===
  Train: 4608 trials  |  Test: 576 trials
  Model params: 38,614
  epoch   1/50  loss=1.3154  bal_acc=0.3663
  epoch   2/50  loss=1.1066  bal_acc=0.4844
  epoch   3/50  loss=0.9817  bal_acc=0.4323
  epoch   4/50  loss=0.8666  bal_acc=0.4514
  epoch   5/50  loss=0.7917  bal_acc=0.5069
  epoch   6/50  loss=0.7322  bal_acc=0.4340
  epoch   7/50  loss=0.6874  bal_acc=0.5069
  epoch   8/50  loss=0.6319  bal_acc=0.5017
  epoch   9/50  loss=0.5929  bal_acc=0.5660
  epoch  10/50  loss=0.5381  bal_acc=0.5260
  epoch  11/50  loss=0.5049  bal_acc=0.5538
  epoch  12/50  loss=0.4693  bal_acc=0.5226
  epoch  13/50  loss=0.4396  bal_acc=0.5382
  epoch  14/50  loss=0.4248  bal_acc=0.5642
  epoch  15/50  loss=0.3900  bal_acc=0.5191
  epoch  16/50  loss=0.3568  bal_acc=0.5382
  epoch  17/50  loss=0.3357  bal_acc=0.5365
  epoch  18/50  loss=0.2921  bal_acc=0.4983
  epoch  19/50  loss=0.2775  bal_acc=0.5260
  epoch  20/50  loss=0.2567  bal_acc=0.5365
  epoch  21/50  loss=0.2372  bal_acc=0.5556
  epoch  22/50  loss=0.2128  bal_acc=0.5556
  epoch  23/50  loss=0.2050  bal_acc=0.5312
  epoch  24/50  loss=0.1853  bal_acc=0.5503
  epoch  25/50  loss=0.1725  bal_acc=0.5573
  epoch  26/50  loss=0.1646  bal_acc=0.5122
  epoch  27/50  loss=0.1445  bal_acc=0.4740
  epoch  28/50  loss=0.1336  bal_acc=0.5764
  epoch  29/50  loss=0.1241  bal_acc=0.5486
  epoch  30/50  loss=0.1121  bal_acc=0.5174
  epoch  31/50  loss=0.0970  bal_acc=0.5017
  epoch  32/50  loss=0.1011  bal_acc=0.5642
  epoch  33/50  loss=0.1012  bal_acc=0.5295
  epoch  34/50  loss=0.0924  bal_acc=0.5278
  epoch  35/50  loss=0.1005  bal_acc=0.5399
  epoch  36/50  loss=0.1021  bal_acc=0.5191
  epoch  37/50  loss=0.0912  bal_acc=0.5278
  epoch  38/50  loss=0.0880  bal_acc=0.5312
  epoch  39/50  loss=0.0730  bal_acc=0.5747
  epoch  40/50  loss=0.0658  bal_acc=0.5608
  epoch  41/50  loss=0.0660  bal_acc=0.4948
  epoch  42/50  loss=0.0709  bal_acc=0.4948
  epoch  43/50  loss=0.0598  bal_acc=0.5486
  epoch  44/50  loss=0.0590  bal_acc=0.5295
  epoch  45/50  loss=0.0664  bal_acc=0.4931
  epoch  46/50  loss=0.0738  bal_acc=0.4774
  epoch  47/50  loss=0.0720  bal_acc=0.5208
  epoch  48/50  loss=0.0584  bal_acc=0.5330
  epoch  49/50  loss=0.0573  bal_acc=0.5069
  epoch  50/50  loss=0.0597  bal_acc=0.5642
  [LOSO 9/9] subject 8: acc=0.5642  running_mean=0.5365
Results saved to results/BNCI2014_001/results_trial_11.json
Trial logged to results/BNCI2014_001/trials.csv
[status] trial 11 done (state=COMPLETE, value=0.5364583333333334) -- 14 completed total
Device: cuda
[BNCI2014_001] loading from cache: /home/aleksander.berezowsk/.cache/spiking_eegnet/BNCI2014_001_af1ccf3e92f684d8a93c057082b654d7.npz
[BNCI2014_001] cache hit: (5184, 1, 22, 1001), classes=['feet', 'left_hand', 'right_hand', 'tongue'], subjects=9
Dataset meta: {'n_classes': 4, 'n_channels': 22, 'n_samples': 1001, 'class_names': ['feet', 'left_hand', 'right_hand', 'tongue'], 'subject_list': [1, 2, 3, 4, 5, 6, 7, 8, 9], 'n_subjects': 9, 'sfreq': 250.0}

=== LOSO (hold out subject 0) ===
  Train: 4608 trials  |  Test: 576 trials
  Model params: 22,085
  epoch   1/50  loss=1.3768  bal_acc=0.3299
  epoch   2/50  loss=1.3321  bal_acc=0.3715
  epoch   3/50  loss=1.2844  bal_acc=0.3663
  epoch   4/50  loss=1.2409  bal_acc=0.3854
  epoch   5/50  loss=1.1936  bal_acc=0.4410
  epoch   6/50  loss=1.1429  bal_acc=0.4566
  epoch   7/50  loss=1.0810  bal_acc=0.4323
  epoch   8/50  loss=1.0296  bal_acc=0.4497
  epoch   9/50  loss=0.9862  bal_acc=0.4653
  epoch  10/50  loss=0.9433  bal_acc=0.4635
  epoch  11/50  loss=0.9095  bal_acc=0.5556
  epoch  12/50  loss=0.8742  bal_acc=0.4948
  epoch  13/50  loss=0.8455  bal_acc=0.4444
  epoch  14/50  loss=0.8234  bal_acc=0.4688
  epoch  15/50  loss=0.7918  bal_acc=0.4931
  epoch  16/50  loss=0.7730  bal_acc=0.5243
  epoch  17/50  loss=0.7535  bal_acc=0.5764
  epoch  18/50  loss=0.7359  bal_acc=0.5573
  epoch  19/50  loss=0.7154  bal_acc=0.5174
  epoch  20/50  loss=0.7017  bal_acc=0.4983
  epoch  21/50  loss=0.6943  bal_acc=0.4896
  epoch  22/50  loss=0.6713  bal_acc=0.5191
  epoch  23/50  loss=0.6584  bal_acc=0.5156
  epoch  24/50  loss=0.6499  bal_acc=0.4965
  epoch  25/50  loss=0.6370  bal_acc=0.5590
  epoch  26/50  loss=0.6254  bal_acc=0.5625
  epoch  27/50  loss=0.6142  bal_acc=0.5069
  epoch  28/50  loss=0.6039  bal_acc=0.5469
  epoch  29/50  loss=0.6000  bal_acc=0.5174
  epoch  30/50  loss=0.5795  bal_acc=0.5521
  epoch  31/50  loss=0.5826  bal_acc=0.4774
  epoch  32/50  loss=0.5635  bal_acc=0.5330
  epoch  33/50  loss=0.5643  bal_acc=0.5174
  epoch  34/50  loss=0.5470  bal_acc=0.5017
  epoch  35/50  loss=0.5329  bal_acc=0.5486
  epoch  36/50  loss=0.5315  bal_acc=0.5069
  epoch  37/50  loss=0.5164  bal_acc=0.5729
  epoch  38/50  loss=0.5129  bal_acc=0.5365
  epoch  39/50  loss=0.5047  bal_acc=0.5434
  epoch  40/50  loss=0.4975  bal_acc=0.4948
  epoch  41/50  loss=0.4843  bal_acc=0.5729
  epoch  42/50  loss=0.4845  bal_acc=0.5087
  epoch  43/50  loss=0.4732  bal_acc=0.5955
  epoch  44/50  loss=0.4715  bal_acc=0.5833
  epoch  45/50  loss=0.4653  bal_acc=0.5556
  epoch  46/50  loss=0.4500  bal_acc=0.5226
  epoch  47/50  loss=0.4489  bal_acc=0.4774
  epoch  48/50  loss=0.4381  bal_acc=0.4983
  epoch  49/50  loss=0.4316  bal_acc=0.5590
  epoch  50/50  loss=0.4296  bal_acc=0.5156
  [LOSO 1/9] subject 0: acc=0.5156  running_mean=0.5156

=== LOSO (hold out subject 1) ===
  Train: 4608 trials  |  Test: 576 trials
  Model params: 22,085
  epoch   1/50  loss=1.3647  bal_acc=0.3594
  epoch   2/50  loss=1.2984  bal_acc=0.3628
  epoch   3/50  loss=1.2432  bal_acc=0.3681
  epoch   4/50  loss=1.1822  bal_acc=0.3976
  epoch   5/50  loss=1.1122  bal_acc=0.3958
  epoch   6/50  loss=1.0525  bal_acc=0.4115
  epoch   7/50  loss=0.9956  bal_acc=0.3958
  epoch   8/50  loss=0.9490  bal_acc=0.4167
  epoch   9/50  loss=0.9044  bal_acc=0.4427
  epoch  10/50  loss=0.8687  bal_acc=0.4358
  epoch  11/50  loss=0.8373  bal_acc=0.4444
  epoch  12/50  loss=0.8062  bal_acc=0.3958
  epoch  13/50  loss=0.7751  bal_acc=0.4236
  epoch  14/50  loss=0.7509  bal_acc=0.4062
  epoch  15/50  loss=0.7327  bal_acc=0.4323
  epoch  16/50  loss=0.7073  bal_acc=0.4410
  epoch  17/50  loss=0.6924  bal_acc=0.4410
  epoch  18/50  loss=0.6762  bal_acc=0.4358
  epoch  19/50  loss=0.6520  bal_acc=0.4201
  epoch  20/50  loss=0.6419  bal_acc=0.4062
  epoch  21/50  loss=0.6284  bal_acc=0.4236
  epoch  22/50  loss=0.6118  bal_acc=0.4288
  epoch  23/50  loss=0.6032  bal_acc=0.4306
  epoch  24/50  loss=0.5929  bal_acc=0.4097
  epoch  25/50  loss=0.5763  bal_acc=0.3924
  epoch  26/50  loss=0.5713  bal_acc=0.4097
  epoch  27/50  loss=0.5531  bal_acc=0.4201
  epoch  28/50  loss=0.5463  bal_acc=0.4062
  epoch  29/50  loss=0.5340  bal_acc=0.4601
  epoch  30/50  loss=0.5197  bal_acc=0.4566
  epoch  31/50  loss=0.5214  bal_acc=0.4253
  epoch  32/50  loss=0.5043  bal_acc=0.4306
  epoch  33/50  loss=0.5016  bal_acc=0.4201
  epoch  34/50  loss=0.4897  bal_acc=0.4323
  epoch  35/50  loss=0.4784  bal_acc=0.4306
  epoch  36/50  loss=0.4740  bal_acc=0.4184
  epoch  37/50  loss=0.4664  bal_acc=0.4462
  epoch  38/50  loss=0.4535  bal_acc=0.4427
  epoch  39/50  loss=0.4496  bal_acc=0.4601
  epoch  40/50  loss=0.4434  bal_acc=0.4323
  epoch  41/50  loss=0.4360  bal_acc=0.4653
  epoch  42/50  loss=0.4329  bal_acc=0.4410
  epoch  43/50  loss=0.4264  bal_acc=0.4410
  epoch  44/50  loss=0.4141  bal_acc=0.4792
  epoch  45/50  loss=0.4083  bal_acc=0.4670
  epoch  46/50  loss=0.4029  bal_acc=0.4549
  epoch  47/50  loss=0.3965  bal_acc=0.4583
  epoch  48/50  loss=0.3857  bal_acc=0.4444
  epoch  49/50  loss=0.3816  bal_acc=0.4253
  epoch  50/50  loss=0.3716  bal_acc=0.4497
  [LOSO 2/9] subject 1: acc=0.4497  running_mean=0.4826

=== LOSO (hold out subject 2) ===
  Train: 4608 trials  |  Test: 576 trials
  Model params: 22,085
  epoch   1/50  loss=1.3713  bal_acc=0.4010
  epoch   2/50  loss=1.3204  bal_acc=0.4219
  epoch   3/50  loss=1.2710  bal_acc=0.4722
  epoch   4/50  loss=1.2273  bal_acc=0.4861
  epoch   5/50  loss=1.1797  bal_acc=0.5226
  epoch   6/50  loss=1.1245  bal_acc=0.5451
  epoch   7/50  loss=1.0737  bal_acc=0.5851
  epoch   8/50  loss=1.0357  bal_acc=0.5521
  epoch   9/50  loss=1.0007  bal_acc=0.5833
  epoch  10/50  loss=0.9718  bal_acc=0.5469
  epoch  11/50  loss=0.9404  bal_acc=0.5903
  epoch  12/50  loss=0.9050  bal_acc=0.6094
  epoch  13/50  loss=0.8774  bal_acc=0.5833
  epoch  14/50  loss=0.8534  bal_acc=0.5660
  epoch  15/50  loss=0.8215  bal_acc=0.6372
  epoch  16/50  loss=0.8000  bal_acc=0.5712
  epoch  17/50  loss=0.7750  bal_acc=0.5799
  epoch  18/50  loss=0.7598  bal_acc=0.5781
  epoch  19/50  loss=0.7407  bal_acc=0.5833
  epoch  20/50  loss=0.7315  bal_acc=0.5486
  epoch  21/50  loss=0.7120  bal_acc=0.6163
  epoch  22/50  loss=0.6963  bal_acc=0.6875
  epoch  23/50  loss=0.6815  bal_acc=0.6823
  epoch  24/50  loss=0.6695  bal_acc=0.7292
  epoch  25/50  loss=0.6674  bal_acc=0.6667
  epoch  26/50  loss=0.6519  bal_acc=0.6840
  epoch  27/50  loss=0.6390  bal_acc=0.7014
  epoch  28/50  loss=0.6274  bal_acc=0.6944
  epoch  29/50  loss=0.6166  bal_acc=0.7118
  epoch  30/50  loss=0.6047  bal_acc=0.6476
  epoch  31/50  loss=0.5954  bal_acc=0.7014
  epoch  32/50  loss=0.5911  bal_acc=0.6649
  epoch  33/50  loss=0.5706  bal_acc=0.7500
  epoch  34/50  loss=0.5686  bal_acc=0.6528
  epoch  35/50  loss=0.5598  bal_acc=0.7049
  epoch  36/50  loss=0.5491  bal_acc=0.7431
  epoch  37/50  loss=0.5484  bal_acc=0.7274
  epoch  38/50  loss=0.5370  bal_acc=0.7274
  epoch  39/50  loss=0.5303  bal_acc=0.7170
  epoch  40/50  loss=0.5208  bal_acc=0.7257
  epoch  41/50  loss=0.5151  bal_acc=0.6997
  epoch  42/50  loss=0.5109  bal_acc=0.6615
  epoch  43/50  loss=0.4963  bal_acc=0.6510
  epoch  44/50  loss=0.4891  bal_acc=0.7222
  epoch  45/50  loss=0.4827  bal_acc=0.7326
  epoch  46/50  loss=0.4808  bal_acc=0.7205
  epoch  47/50  loss=0.4779  bal_acc=0.6910
  epoch  48/50  loss=0.4703  bal_acc=0.7031
  epoch  49/50  loss=0.4591  bal_acc=0.7031
  epoch  50/50  loss=0.4593  bal_acc=0.7361
  [LOSO 3/9] subject 2: acc=0.7361  running_mean=0.5671

=== LOSO (hold out subject 3) ===
  Train: 4608 trials  |  Test: 576 trials
  Model params: 22,085
  epoch   1/50  loss=1.3728  bal_acc=0.3976
  epoch   2/50  loss=1.3186  bal_acc=0.3906
  epoch   3/50  loss=1.2654  bal_acc=0.4306
  epoch   4/50  loss=1.2081  bal_acc=0.4826
  epoch   5/50  loss=1.1526  bal_acc=0.4896
  epoch   6/50  loss=1.1022  bal_acc=0.4913
  epoch   7/50  loss=1.0516  bal_acc=0.5069
  epoch   8/50  loss=0.9993  bal_acc=0.4983
  epoch   9/50  loss=0.9532  bal_acc=0.5243
  epoch  10/50  loss=0.9129  bal_acc=0.5243
  epoch  11/50  loss=0.8782  bal_acc=0.5208
  epoch  12/50  loss=0.8510  bal_acc=0.5087
  epoch  13/50  loss=0.8125  bal_acc=0.5174
  epoch  14/50  loss=0.7887  bal_acc=0.4757
  epoch  15/50  loss=0.7628  bal_acc=0.5174
  epoch  16/50  loss=0.7433  bal_acc=0.5139
  epoch  17/50  loss=0.7197  bal_acc=0.4826
  epoch  18/50  loss=0.6983  bal_acc=0.5000
  epoch  19/50  loss=0.6836  bal_acc=0.4878
  epoch  20/50  loss=0.6681  bal_acc=0.4774
  epoch  21/50  loss=0.6535  bal_acc=0.4809
  epoch  22/50  loss=0.6377  bal_acc=0.4670
  epoch  23/50  loss=0.6238  bal_acc=0.4514
  epoch  24/50  loss=0.6123  bal_acc=0.4809
  epoch  25/50  loss=0.6002  bal_acc=0.4740
  epoch  26/50  loss=0.5938  bal_acc=0.5156
  epoch  27/50  loss=0.5774  bal_acc=0.4844
  epoch  28/50  loss=0.5657  bal_acc=0.4878
  epoch  29/50  loss=0.5643  bal_acc=0.4896
  epoch  30/50  loss=0.5505  bal_acc=0.4375
  epoch  31/50  loss=0.5402  bal_acc=0.4618
  epoch  32/50  loss=0.5324  bal_acc=0.4323
  epoch  33/50  loss=0.5275  bal_acc=0.4774
  epoch  34/50  loss=0.5210  bal_acc=0.5260
  epoch  35/50  loss=0.5020  bal_acc=0.4948
  epoch  36/50  loss=0.5047  bal_acc=0.4410
  epoch  37/50  loss=0.4882  bal_acc=0.4757
  epoch  38/50  loss=0.4806  bal_acc=0.4219
  epoch  39/50  loss=0.4765  bal_acc=0.4705
  epoch  40/50  loss=0.4629  bal_acc=0.4583
  epoch  41/50  loss=0.4673  bal_acc=0.4323
  epoch  42/50  loss=0.4533  bal_acc=0.4184
  epoch  43/50  loss=0.4438  bal_acc=0.4514
  epoch  44/50  loss=0.4457  bal_acc=0.4601
  epoch  45/50  loss=0.4367  bal_acc=0.4635
  epoch  46/50  loss=0.4338  bal_acc=0.4115
  epoch  47/50  loss=0.4209  bal_acc=0.4444
  epoch  48/50  loss=0.4166  bal_acc=0.4392
  epoch  49/50  loss=0.4128  bal_acc=0.4236
  epoch  50/50  loss=0.4028  bal_acc=0.4323
  [LOSO 4/9] subject 3: acc=0.4323  running_mean=0.5334

=== LOSO (hold out subject 4) ===
  Train: 4608 trials  |  Test: 576 trials
  Model params: 22,085
  epoch   1/50  loss=1.3694  bal_acc=0.3212
  epoch   2/50  loss=1.3130  bal_acc=0.3524
  epoch   3/50  loss=1.2630  bal_acc=0.3733
  epoch   4/50  loss=1.2150  bal_acc=0.4132
  epoch   5/50  loss=1.1637  bal_acc=0.4340
  epoch   6/50  loss=1.1118  bal_acc=0.4236
  epoch   7/50  loss=1.0568  bal_acc=0.4861
  epoch   8/50  loss=1.0169  bal_acc=0.5017
  epoch   9/50  loss=0.9680  bal_acc=0.5608
  epoch  10/50  loss=0.9355  bal_acc=0.5035
  epoch  11/50  loss=0.8880  bal_acc=0.4896
  epoch  12/50  loss=0.8561  bal_acc=0.5521
  epoch  13/50  loss=0.8143  bal_acc=0.4358
  epoch  14/50  loss=0.7920  bal_acc=0.5903
  epoch  15/50  loss=0.7622  bal_acc=0.5538
  epoch  16/50  loss=0.7348  bal_acc=0.5833
  epoch  17/50  loss=0.7150  bal_acc=0.6215
  epoch  18/50  loss=0.7017  bal_acc=0.6007
  epoch  19/50  loss=0.6769  bal_acc=0.5608
  epoch  20/50  loss=0.6622  bal_acc=0.5955
  epoch  21/50  loss=0.6494  bal_acc=0.5017
  epoch  22/50  loss=0.6337  bal_acc=0.5000
  epoch  23/50  loss=0.6201  bal_acc=0.5781
  epoch  24/50  loss=0.6011  bal_acc=0.6059
  epoch  25/50  loss=0.6006  bal_acc=0.5764
  epoch  26/50  loss=0.5785  bal_acc=0.5764
  epoch  27/50  loss=0.5740  bal_acc=0.6146
  epoch  28/50  loss=0.5601  bal_acc=0.6163
  epoch  29/50  loss=0.5413  bal_acc=0.5920
  epoch  30/50  loss=0.5373  bal_acc=0.5590
  epoch  31/50  loss=0.5357  bal_acc=0.5851
  epoch  32/50  loss=0.5228  bal_acc=0.5573
  epoch  33/50  loss=0.5121  bal_acc=0.5642
  epoch  34/50  loss=0.5065  bal_acc=0.5816
  epoch  35/50  loss=0.4932  bal_acc=0.5938
  epoch  36/50  loss=0.4799  bal_acc=0.6198
  epoch  37/50  loss=0.4737  bal_acc=0.6094
  epoch  38/50  loss=0.4683  bal_acc=0.5833
  epoch  39/50  loss=0.4658  bal_acc=0.5608
  epoch  40/50  loss=0.4567  bal_acc=0.6024
  epoch  41/50  loss=0.4567  bal_acc=0.6042
  epoch  42/50  loss=0.4452  bal_acc=0.5747
  epoch  43/50  loss=0.4322  bal_acc=0.5590
  epoch  44/50  loss=0.4321  bal_acc=0.5469
  epoch  45/50  loss=0.4205  bal_acc=0.5139
  epoch  46/50  loss=0.4112  bal_acc=0.5312
  epoch  47/50  loss=0.4051  bal_acc=0.5556
  epoch  48/50  loss=0.3924  bal_acc=0.5556
  epoch  49/50  loss=0.3911  bal_acc=0.5434
  epoch  50/50  loss=0.3831  bal_acc=0.5712
  [LOSO 5/9] subject 4: acc=0.5712  running_mean=0.5410

=== LOSO (hold out subject 5) ===
  Train: 4608 trials  |  Test: 576 trials
  Model params: 22,085
  epoch   1/50  loss=1.3671  bal_acc=0.3281
  epoch   2/50  loss=1.3096  bal_acc=0.3576
  epoch   3/50  loss=1.2582  bal_acc=0.3646
  epoch   4/50  loss=1.2080  bal_acc=0.3490
  epoch   5/50  loss=1.1532  bal_acc=0.3889
  epoch   6/50  loss=1.0906  bal_acc=0.4080
  epoch   7/50  loss=1.0236  bal_acc=0.3906
  epoch   8/50  loss=0.9696  bal_acc=0.3889
  epoch   9/50  loss=0.9270  bal_acc=0.3785
  epoch  10/50  loss=0.8903  bal_acc=0.3750
  epoch  11/50  loss=0.8599  bal_acc=0.3507
  epoch  12/50  loss=0.8283  bal_acc=0.3872
  epoch  13/50  loss=0.7940  bal_acc=0.3542
  epoch  14/50  loss=0.7676  bal_acc=0.4010
  epoch  15/50  loss=0.7398  bal_acc=0.3854
  epoch  16/50  loss=0.7209  bal_acc=0.3507
  epoch  17/50  loss=0.7054  bal_acc=0.3455
  epoch  18/50  loss=0.6851  bal_acc=0.3420
  epoch  19/50  loss=0.6697  bal_acc=0.3889
  epoch  20/50  loss=0.6573  bal_acc=0.3681
  epoch  21/50  loss=0.6432  bal_acc=0.3906
  epoch  22/50  loss=0.6245  bal_acc=0.3090
  epoch  23/50  loss=0.6129  bal_acc=0.3351
  epoch  24/50  loss=0.5919  bal_acc=0.3438
  epoch  25/50  loss=0.5822  bal_acc=0.3646
  epoch  26/50  loss=0.5761  bal_acc=0.3299
  epoch  27/50  loss=0.5657  bal_acc=0.3142
  epoch  28/50  loss=0.5555  bal_acc=0.3212
  epoch  29/50  loss=0.5488  bal_acc=0.3576
  epoch  30/50  loss=0.5446  bal_acc=0.3681
  epoch  31/50  loss=0.5339  bal_acc=0.3056
  epoch  32/50  loss=0.5229  bal_acc=0.3333
  epoch  33/50  loss=0.5124  bal_acc=0.3038
  epoch  34/50  loss=0.4945  bal_acc=0.3003
  epoch  35/50  loss=0.4923  bal_acc=0.3316
  epoch  36/50  loss=0.4765  bal_acc=0.3229
  epoch  37/50  loss=0.4801  bal_acc=0.3160
  epoch  38/50  loss=0.4682  bal_acc=0.3472
  epoch  39/50  loss=0.4638  bal_acc=0.3212
  epoch  40/50  loss=0.4528  bal_acc=0.3333
  epoch  41/50  loss=0.4464  bal_acc=0.3090
  epoch  42/50  loss=0.4329  bal_acc=0.3281
  epoch  43/50  loss=0.4393  bal_acc=0.3090
  epoch  44/50  loss=0.4241  bal_acc=0.3160
  epoch  45/50  loss=0.4237  bal_acc=0.3160
  epoch  46/50  loss=0.4154  bal_acc=0.3194
  epoch  47/50  loss=0.4042  bal_acc=0.3316
  epoch  48/50  loss=0.3935  bal_acc=0.3194
  epoch  49/50  loss=0.3921  bal_acc=0.3351
  epoch  50/50  loss=0.3891  bal_acc=0.3247
  [LOSO 6/9] subject 5: acc=0.3247  running_mean=0.5049

=== LOSO (hold out subject 6) ===
  Train: 4608 trials  |  Test: 576 trials
  Model params: 22,085
  epoch   1/50  loss=1.3718  bal_acc=0.3611
  epoch   2/50  loss=1.3281  bal_acc=0.3802
  epoch   3/50  loss=1.2858  bal_acc=0.4375
  epoch   4/50  loss=1.2454  bal_acc=0.4497
  epoch   5/50  loss=1.2038  bal_acc=0.4618
  epoch   6/50  loss=1.1596  bal_acc=0.5139
  epoch   7/50  loss=1.1144  bal_acc=0.5399
  epoch   8/50  loss=1.0716  bal_acc=0.5608
  epoch   9/50  loss=1.0305  bal_acc=0.5920
  epoch  10/50  loss=0.9914  bal_acc=0.5938
  epoch  11/50  loss=0.9589  bal_acc=0.5990
  epoch  12/50  loss=0.9297  bal_acc=0.6059
  epoch  13/50  loss=0.8988  bal_acc=0.5903
  epoch  14/50  loss=0.8697  bal_acc=0.5955
  epoch  15/50  loss=0.8395  bal_acc=0.6163
  epoch  16/50  loss=0.8114  bal_acc=0.6198
  epoch  17/50  loss=0.7827  bal_acc=0.6163
  epoch  18/50  loss=0.7635  bal_acc=0.6146
  epoch  19/50  loss=0.7448  bal_acc=0.6146
  epoch  20/50  loss=0.7242  bal_acc=0.6163
  epoch  21/50  loss=0.7052  bal_acc=0.5833
  epoch  22/50  loss=0.6900  bal_acc=0.5799
  epoch  23/50  loss=0.6824  bal_acc=0.6076
  epoch  24/50  loss=0.6669  bal_acc=0.6094
  epoch  25/50  loss=0.6508  bal_acc=0.5972
  epoch  26/50  loss=0.6434  bal_acc=0.6111
  epoch  27/50  loss=0.6224  bal_acc=0.5920
  epoch  28/50  loss=0.6110  bal_acc=0.5938
  epoch  29/50  loss=0.5995  bal_acc=0.6042
  epoch  30/50  loss=0.5916  bal_acc=0.6007
  epoch  31/50  loss=0.5778  bal_acc=0.5851
  epoch  32/50  loss=0.5707  bal_acc=0.5573
  epoch  33/50  loss=0.5663  bal_acc=0.5521
  epoch  34/50  loss=0.5524  bal_acc=0.5885
  epoch  35/50  loss=0.5393  bal_acc=0.5972
  epoch  36/50  loss=0.5258  bal_acc=0.5712
  epoch  37/50  loss=0.5159  bal_acc=0.6389
  epoch  38/50  loss=0.5212  bal_acc=0.6354
  epoch  39/50  loss=0.5069  bal_acc=0.6476
  epoch  40/50  loss=0.5070  bal_acc=0.6372
  epoch  41/50  loss=0.4936  bal_acc=0.6198
  epoch  42/50  loss=0.4835  bal_acc=0.6424
  epoch  43/50  loss=0.4843  bal_acc=0.6250
  epoch  44/50  loss=0.4766  bal_acc=0.6181
  epoch  45/50  loss=0.4779  bal_acc=0.6233
  epoch  46/50  loss=0.4656  bal_acc=0.6146
  epoch  47/50  loss=0.4555  bal_acc=0.6319
  epoch  48/50  loss=0.4476  bal_acc=0.6597
  epoch  49/50  loss=0.4364  bal_acc=0.6215
  epoch  50/50  loss=0.4383  bal_acc=0.6493
  [LOSO 7/9] subject 6: acc=0.6493  running_mean=0.5255

=== LOSO (hold out subject 7) ===
  Train: 4608 trials  |  Test: 576 trials
  Model params: 22,085
  epoch   1/50  loss=1.3806  bal_acc=0.3194
  epoch   2/50  loss=1.3391  bal_acc=0.3472
  epoch   3/50  loss=1.2958  bal_acc=0.3733
  epoch   4/50  loss=1.2568  bal_acc=0.4271
  epoch   5/50  loss=1.2102  bal_acc=0.4236
  epoch   6/50  loss=1.1601  bal_acc=0.4427
  epoch   7/50  loss=1.1077  bal_acc=0.4983
  epoch   8/50  loss=1.0579  bal_acc=0.5278
  epoch   9/50  loss=1.0154  bal_acc=0.5312
  epoch  10/50  loss=0.9811  bal_acc=0.5694
  epoch  11/50  loss=0.9480  bal_acc=0.5712
  epoch  12/50  loss=0.9179  bal_acc=0.5347
  epoch  13/50  loss=0.9004  bal_acc=0.5764
  epoch  14/50  loss=0.8816  bal_acc=0.5451
  epoch  15/50  loss=0.8558  bal_acc=0.5590
  epoch  16/50  loss=0.8348  bal_acc=0.5122
  epoch  17/50  loss=0.8136  bal_acc=0.5139
  epoch  18/50  loss=0.7985  bal_acc=0.5174
  epoch  19/50  loss=0.7723  bal_acc=0.5243
  epoch  20/50  loss=0.7588  bal_acc=0.4896
  epoch  21/50  loss=0.7410  bal_acc=0.5538
  epoch  22/50  loss=0.7215  bal_acc=0.5139
  epoch  23/50  loss=0.7072  bal_acc=0.5226
  epoch  24/50  loss=0.6892  bal_acc=0.4688
  epoch  25/50  loss=0.6786  bal_acc=0.5347
  epoch  26/50  loss=0.6664  bal_acc=0.5295
  epoch  27/50  loss=0.6532  bal_acc=0.6007
  epoch  28/50  loss=0.6430  bal_acc=0.5694
  epoch  29/50  loss=0.6357  bal_acc=0.4861
  epoch  30/50  loss=0.6230  bal_acc=0.6163
  epoch  31/50  loss=0.6119  bal_acc=0.4931
  epoch  32/50  loss=0.6021  bal_acc=0.5000
  epoch  33/50  loss=0.5895  bal_acc=0.5503
  epoch  34/50  loss=0.5772  bal_acc=0.4618
  epoch  35/50  loss=0.5642  bal_acc=0.5104
  epoch  36/50  loss=0.5599  bal_acc=0.4583
  epoch  37/50  loss=0.5585  bal_acc=0.4931
  epoch  38/50  loss=0.5441  bal_acc=0.5174
  epoch  39/50  loss=0.5356  bal_acc=0.5417
  epoch  40/50  loss=0.5243  bal_acc=0.5035
  epoch  41/50  loss=0.5155  bal_acc=0.5990
  epoch  42/50  loss=0.5115  bal_acc=0.5312
  epoch  43/50  loss=0.5033  bal_acc=0.5625
  epoch  44/50  loss=0.4826  bal_acc=0.5260
  epoch  45/50  loss=0.4814  bal_acc=0.5590
  epoch  46/50  loss=0.4785  bal_acc=0.5399
  epoch  47/50  loss=0.4746  bal_acc=0.5851
  epoch  48/50  loss=0.4532  bal_acc=0.5938
  epoch  49/50  loss=0.4574  bal_acc=0.5451
  epoch  50/50  loss=0.4462  bal_acc=0.5538
  [LOSO 8/9] subject 7: acc=0.5538  running_mean=0.5291

=== LOSO (hold out subject 8) ===
  Train: 4608 trials  |  Test: 576 trials
  Model params: 22,085
  epoch   1/50  loss=1.3700  bal_acc=0.3090
  epoch   2/50  loss=1.3171  bal_acc=0.3142
  epoch   3/50  loss=1.2771  bal_acc=0.3142
  epoch   4/50  loss=1.2412  bal_acc=0.3090
  epoch   5/50  loss=1.2003  bal_acc=0.3316
  epoch   6/50  loss=1.1534  bal_acc=0.3472
  epoch   7/50  loss=1.1069  bal_acc=0.3750
  epoch   8/50  loss=1.0608  bal_acc=0.4271
  epoch   9/50  loss=1.0227  bal_acc=0.4375
  epoch  10/50  loss=0.9875  bal_acc=0.4531
  epoch  11/50  loss=0.9529  bal_acc=0.4601
  epoch  12/50  loss=0.9236  bal_acc=0.4549
  epoch  13/50  loss=0.9036  bal_acc=0.4288
  epoch  14/50  loss=0.8745  bal_acc=0.4236
  epoch  15/50  loss=0.8516  bal_acc=0.5139
  epoch  16/50  loss=0.8294  bal_acc=0.4983
  epoch  17/50  loss=0.8058  bal_acc=0.4826
  epoch  18/50  loss=0.7821  bal_acc=0.4896
  epoch  19/50  loss=0.7695  bal_acc=0.4896
  epoch  20/50  loss=0.7438  bal_acc=0.4531
  epoch  21/50  loss=0.7233  bal_acc=0.4931
  epoch  22/50  loss=0.7092  bal_acc=0.5000
  epoch  23/50  loss=0.6940  bal_acc=0.5000
  epoch  24/50  loss=0.6808  bal_acc=0.5191
  epoch  25/50  loss=0.6613  bal_acc=0.5156
  epoch  26/50  loss=0.6508  bal_acc=0.5139
  epoch  27/50  loss=0.6409  bal_acc=0.4844
  epoch  28/50  loss=0.6302  bal_acc=0.5069
  epoch  29/50  loss=0.6241  bal_acc=0.5139
  epoch  30/50  loss=0.6084  bal_acc=0.4913
  epoch  31/50  loss=0.5952  bal_acc=0.5052
  epoch  32/50  loss=0.5873  bal_acc=0.5000
  epoch  33/50  loss=0.5815  bal_acc=0.4826
  epoch  34/50  loss=0.5674  bal_acc=0.4375
  epoch  35/50  loss=0.5591  bal_acc=0.4826
  epoch  36/50  loss=0.5600  bal_acc=0.5191
  epoch  37/50  loss=0.5383  bal_acc=0.5017
  epoch  38/50  loss=0.5376  bal_acc=0.4861
  epoch  39/50  loss=0.5313  bal_acc=0.5000
  epoch  40/50  loss=0.5229  bal_acc=0.5156
  epoch  41/50  loss=0.5155  bal_acc=0.5052
  epoch  42/50  loss=0.4957  bal_acc=0.5104
  epoch  43/50  loss=0.4853  bal_acc=0.5122
  epoch  44/50  loss=0.4942  bal_acc=0.5087
  epoch  45/50  loss=0.4855  bal_acc=0.5139
  epoch  46/50  loss=0.4813  bal_acc=0.5208
  epoch  47/50  loss=0.4753  bal_acc=0.5278
  epoch  48/50  loss=0.4720  bal_acc=0.4931
  epoch  49/50  loss=0.4597  bal_acc=0.4878
  epoch  50/50  loss=0.4473  bal_acc=0.5052
  [LOSO 9/9] subject 8: acc=0.5052  running_mean=0.5264
Results saved to results/BNCI2014_001/results_trial_16.json
Trial logged to results/BNCI2014_001/trials.csv
[status] trial 16 done (state=COMPLETE, value=0.5264274691358025) -- 16 completed total
Device: cuda
[BNCI2014_001] loading from cache: /home/aleksander.berezowsk/.cache/spiking_eegnet/BNCI2014_001_af1ccf3e92f684d8a93c057082b654d7.npz
[BNCI2014_001] cache hit: (5184, 1, 22, 1001), classes=['feet', 'left_hand', 'right_hand', 'tongue'], subjects=9
Dataset meta: {'n_classes': 4, 'n_channels': 22, 'n_samples': 1001, 'class_names': ['feet', 'left_hand', 'right_hand', 'tongue'], 'subject_list': [1, 2, 3, 4, 5, 6, 7, 8, 9], 'n_subjects': 9, 'sfreq': 250.0}

=== LOSO (hold out subject 0) ===
  Train: 4608 trials  |  Test: 576 trials
  Model params: 13,720
  epoch   1/50  loss=1.3891  bal_acc=0.2951
  epoch   2/50  loss=1.3837  bal_acc=0.2882
  epoch   3/50  loss=1.3817  bal_acc=0.3003
  epoch   4/50  loss=1.3790  bal_acc=0.3038
  epoch   5/50  loss=1.3758  bal_acc=0.3247
  epoch   6/50  loss=1.3735  bal_acc=0.3351
  epoch   7/50  loss=1.3703  bal_acc=0.3385
  epoch   8/50  loss=1.3680  bal_acc=0.3368
  epoch   9/50  loss=1.3665  bal_acc=0.3524
  epoch  10/50  loss=1.3613  bal_acc=0.3576
  epoch  11/50  loss=1.3590  bal_acc=0.3681
  epoch  12/50  loss=1.3545  bal_acc=0.3785
  epoch  13/50  loss=1.3517  bal_acc=0.3681
  epoch  14/50  loss=1.3485  bal_acc=0.3906
  epoch  15/50  loss=1.3455  bal_acc=0.3941
  epoch  16/50  loss=1.3405  bal_acc=0.4010
  epoch  17/50  loss=1.3360  bal_acc=0.3941
  epoch  18/50  loss=1.3315  bal_acc=0.4080
  epoch  19/50  loss=1.3277  bal_acc=0.4062
  epoch  20/50  loss=1.3247  bal_acc=0.4184
  epoch  21/50  loss=1.3194  bal_acc=0.4062
  epoch  22/50  loss=1.3154  bal_acc=0.4184
  epoch  23/50  loss=1.3117  bal_acc=0.4271
  epoch  24/50  loss=1.3065  bal_acc=0.4253
  epoch  25/50  loss=1.3018  bal_acc=0.4323
  epoch  26/50  loss=1.2983  bal_acc=0.4271
  epoch  27/50  loss=1.2948  bal_acc=0.4375
  epoch  28/50  loss=1.2908  bal_acc=0.4392
  epoch  29/50  loss=1.2851  bal_acc=0.4444
  epoch  30/50  loss=1.2785  bal_acc=0.4444
  epoch  31/50  loss=1.2750  bal_acc=0.4375
  epoch  32/50  loss=1.2710  bal_acc=0.4444
  epoch  33/50  loss=1.2684  bal_acc=0.4410
  epoch  34/50  loss=1.2645  bal_acc=0.4583
  epoch  35/50  loss=1.2582  bal_acc=0.4462
  epoch  36/50  loss=1.2531  bal_acc=0.4514
  epoch  37/50  loss=1.2480  bal_acc=0.4566
  epoch  38/50  loss=1.2443  bal_acc=0.4566
  epoch  39/50  loss=1.2379  bal_acc=0.4531
  epoch  40/50  loss=1.2328  bal_acc=0.4635
  epoch  41/50  loss=1.2274  bal_acc=0.4618
  epoch  42/50  loss=1.2239  bal_acc=0.4635
  epoch  43/50  loss=1.2179  bal_acc=0.4479
  epoch  44/50  loss=1.2127  bal_acc=0.4566
  epoch  45/50  loss=1.2042  bal_acc=0.4722
  epoch  46/50  loss=1.2008  bal_acc=0.4740
  epoch  47/50  loss=1.1947  bal_acc=0.4740
  epoch  48/50  loss=1.1855  bal_acc=0.4722
  epoch  49/50  loss=1.1810  bal_acc=0.4826
  epoch  50/50  loss=1.1731  bal_acc=0.4774
  [LOSO 1/9] subject 0: acc=0.4774  running_mean=0.4774

=== LOSO (hold out subject 1) ===
  Train: 4608 trials  |  Test: 576 trials
  Model params: 13,720
Finished : Fri Jul  3 21:06:44 MDT 2026
Exit code: 0
