Job ID   : 44392956
Node     : fg7
Started  : Sat Jul  4 05:59:04 MDT 2026
Directory: /home/aleksander.berezowsk/spiking-eegnet
Requirement already satisfied: setuptools==69.5.1 in /home/aleksander.berezowsk/venv/lib/python3.12/site-packages (69.5.1)
Requirement already satisfied: torch==2.4.0 in /home/aleksander.berezowsk/venv/lib/python3.12/site-packages (2.4.0)
Requirement already satisfied: torchvision==0.19.0 in /home/aleksander.berezowsk/venv/lib/python3.12/site-packages (0.19.0)
Requirement already satisfied: torchaudio==2.4.0 in /home/aleksander.berezowsk/venv/lib/python3.12/site-packages (2.4.0)
Requirement already satisfied: torchmetrics in /home/aleksander.berezowsk/venv/lib/python3.12/site-packages (1.9.0)
Requirement already satisfied: filelock in /home/aleksander.berezowsk/venv/lib/python3.12/site-packages (from torch==2.4.0) (3.29.0)
Requirement already satisfied: typing-extensions>=4.8.0 in /home/aleksander.berezowsk/venv/lib/python3.12/site-packages (from torch==2.4.0) (4.15.0)
Requirement already satisfied: sympy in /home/aleksander.berezowsk/venv/lib/python3.12/site-packages (from torch==2.4.0) (1.14.0)
Requirement already satisfied: networkx in /home/aleksander.berezowsk/venv/lib/python3.12/site-packages (from torch==2.4.0) (3.6.1)
Requirement already satisfied: jinja2 in /home/aleksander.berezowsk/venv/lib/python3.12/site-packages (from torch==2.4.0) (3.1.6)
Requirement already satisfied: fsspec in /home/aleksander.berezowsk/venv/lib/python3.12/site-packages (from torch==2.4.0) (2026.4.0)
Requirement already satisfied: setuptools in /home/aleksander.berezowsk/venv/lib/python3.12/site-packages (from torch==2.4.0) (69.5.1)
Requirement already satisfied: nvidia-cuda-nvrtc-cu12==12.1.105 in /home/aleksander.berezowsk/venv/lib/python3.12/site-packages (from torch==2.4.0) (12.1.105)
Requirement already satisfied: nvidia-cuda-runtime-cu12==12.1.105 in /home/aleksander.berezowsk/venv/lib/python3.12/site-packages (from torch==2.4.0) (12.1.105)
Requirement already satisfied: nvidia-cuda-cupti-cu12==12.1.105 in /home/aleksander.berezowsk/venv/lib/python3.12/site-packages (from torch==2.4.0) (12.1.105)
Requirement already satisfied: nvidia-cudnn-cu12==9.1.0.70 in /home/aleksander.berezowsk/venv/lib/python3.12/site-packages (from torch==2.4.0) (9.1.0.70)
Requirement already satisfied: nvidia-cublas-cu12==12.1.3.1 in /home/aleksander.berezowsk/venv/lib/python3.12/site-packages (from torch==2.4.0) (12.1.3.1)
Requirement already satisfied: nvidia-cufft-cu12==11.0.2.54 in /home/aleksander.berezowsk/venv/lib/python3.12/site-packages (from torch==2.4.0) (11.0.2.54)
Requirement already satisfied: nvidia-curand-cu12==10.3.2.106 in /home/aleksander.berezowsk/venv/lib/python3.12/site-packages (from torch==2.4.0) (10.3.2.106)
Requirement already satisfied: nvidia-cusolver-cu12==11.4.5.107 in /home/aleksander.berezowsk/venv/lib/python3.12/site-packages (from torch==2.4.0) (11.4.5.107)
Requirement already satisfied: nvidia-cusparse-cu12==12.1.0.106 in /home/aleksander.berezowsk/venv/lib/python3.12/site-packages (from torch==2.4.0) (12.1.0.106)
Requirement already satisfied: nvidia-nccl-cu12==2.20.5 in /home/aleksander.berezowsk/venv/lib/python3.12/site-packages (from torch==2.4.0) (2.20.5)
Requirement already satisfied: nvidia-nvtx-cu12==12.1.105 in /home/aleksander.berezowsk/venv/lib/python3.12/site-packages (from torch==2.4.0) (12.1.105)
Requirement already satisfied: triton==3.0.0 in /home/aleksander.berezowsk/venv/lib/python3.12/site-packages (from torch==2.4.0) (3.0.0)
Requirement already satisfied: numpy in /home/aleksander.berezowsk/venv/lib/python3.12/site-packages (from torchvision==0.19.0) (2.4.6)
Requirement already satisfied: pillow!=8.3.*,>=5.3.0 in /home/aleksander.berezowsk/venv/lib/python3.12/site-packages (from torchvision==0.19.0) (12.2.0)
Requirement already satisfied: nvidia-nvjitlink-cu12 in /home/aleksander.berezowsk/venv/lib/python3.12/site-packages (from nvidia-cusolver-cu12==11.4.5.107->torch==2.4.0) (12.9.86)
Requirement already satisfied: packaging>17.1 in /home/aleksander.berezowsk/venv/lib/python3.12/site-packages (from torchmetrics) (26.2)
Requirement already satisfied: lightning-utilities>=0.15.3 in /home/aleksander.berezowsk/venv/lib/python3.12/site-packages (from torchmetrics) (0.15.3)
Requirement already satisfied: MarkupSafe>=2.0 in /home/aleksander.berezowsk/venv/lib/python3.12/site-packages (from jinja2->torch==2.4.0) (3.0.3)
Requirement already satisfied: mpmath<1.4,>=1.1.0 in /home/aleksander.berezowsk/venv/lib/python3.12/site-packages (from sympy->torch==2.4.0) (1.3.0)
Requirement already satisfied: optuna in /home/aleksander.berezowsk/venv/lib/python3.12/site-packages (4.9.0)
Requirement already satisfied: snntorch in /home/aleksander.berezowsk/venv/lib/python3.12/site-packages (0.9.4)
Requirement already satisfied: alembic>=1.5.0 in /home/aleksander.berezowsk/venv/lib/python3.12/site-packages (from optuna) (1.18.4)
Requirement already satisfied: colorlog in /home/aleksander.berezowsk/venv/lib/python3.12/site-packages (from optuna) (6.10.1)
Requirement already satisfied: numpy in /home/aleksander.berezowsk/venv/lib/python3.12/site-packages (from optuna) (2.4.6)
Requirement already satisfied: packaging>=20.0 in /home/aleksander.berezowsk/venv/lib/python3.12/site-packages (from optuna) (26.2)
Requirement already satisfied: sqlalchemy>=1.4.2 in /home/aleksander.berezowsk/venv/lib/python3.12/site-packages (from optuna) (2.0.50)
Requirement already satisfied: tqdm in /home/aleksander.berezowsk/venv/lib/python3.12/site-packages (from optuna) (4.67.3)
Requirement already satisfied: PyYAML in /home/aleksander.berezowsk/venv/lib/python3.12/site-packages (from optuna) (6.0.3)
Requirement already satisfied: Mako in /home/aleksander.berezowsk/venv/lib/python3.12/site-packages (from alembic>=1.5.0->optuna) (1.3.12)
Requirement already satisfied: typing-extensions>=4.12 in /home/aleksander.berezowsk/venv/lib/python3.12/site-packages (from alembic>=1.5.0->optuna) (4.15.0)
Requirement already satisfied: greenlet>=1 in /home/aleksander.berezowsk/venv/lib/python3.12/site-packages (from sqlalchemy>=1.4.2->optuna) (3.5.1)
Requirement already satisfied: MarkupSafe>=0.9.2 in /home/aleksander.berezowsk/venv/lib/python3.12/site-packages (from Mako->alembic>=1.5.0->optuna) (3.0.3)
Device: cuda
[BNCI2014_001] loading from cache: /home/aleksander.berezowsk/.cache/spiking_eegnet/BNCI2014_001_af1ccf3e92f684d8a93c057082b654d7.npz
[BNCI2014_001] cache hit: (5184, 1, 22, 1001), classes=['feet', 'left_hand', 'right_hand', 'tongue'], subjects=9
Dataset meta: {'n_classes': 4, 'n_channels': 22, 'n_samples': 1001, 'class_names': ['feet', 'left_hand', 'right_hand', 'tongue'], 'subject_list': [1, 2, 3, 4, 5, 6, 7, 8, 9], 'n_subjects': 9, 'sfreq': 250.0}

=== LOSO (hold out subject 0) ===
  Train: 4608 trials  |  Test: 576 trials
  Model params: 25,225
  epoch   1/50  loss=1.3682  bal_acc=0.3524
  epoch   2/50  loss=1.3135  bal_acc=0.3733
  epoch   3/50  loss=1.2632  bal_acc=0.3889
  epoch   4/50  loss=1.2086  bal_acc=0.3941
  epoch   5/50  loss=1.1510  bal_acc=0.3958
  epoch   6/50  loss=1.0998  bal_acc=0.4253
  epoch   7/50  loss=1.0555  bal_acc=0.4288
  epoch   8/50  loss=1.0169  bal_acc=0.4427
  epoch   9/50  loss=0.9810  bal_acc=0.4583
  epoch  10/50  loss=0.9463  bal_acc=0.4653
  epoch  11/50  loss=0.9133  bal_acc=0.4740
  epoch  12/50  loss=0.8856  bal_acc=0.4774
  epoch  13/50  loss=0.8566  bal_acc=0.4757
  epoch  14/50  loss=0.8312  bal_acc=0.4861
  epoch  15/50  loss=0.8041  bal_acc=0.5174
  epoch  16/50  loss=0.7811  bal_acc=0.5208
  epoch  17/50  loss=0.7564  bal_acc=0.5017
  epoch  18/50  loss=0.7351  bal_acc=0.5347
  epoch  19/50  loss=0.7148  bal_acc=0.5312
  epoch  20/50  loss=0.7008  bal_acc=0.5226
  epoch  21/50  loss=0.6822  bal_acc=0.5139
  epoch  22/50  loss=0.6642  bal_acc=0.5469
  epoch  23/50  loss=0.6495  bal_acc=0.5503
  epoch  24/50  loss=0.6319  bal_acc=0.5451
  epoch  25/50  loss=0.6160  bal_acc=0.5295
  epoch  26/50  loss=0.6046  bal_acc=0.5556
  epoch  27/50  loss=0.5961  bal_acc=0.5469
  epoch  28/50  loss=0.5781  bal_acc=0.5278
  epoch  29/50  loss=0.5665  bal_acc=0.5503
  epoch  30/50  loss=0.5546  bal_acc=0.5590
  epoch  31/50  loss=0.5489  bal_acc=0.5677
  epoch  32/50  loss=0.5311  bal_acc=0.5781
  epoch  33/50  loss=0.5215  bal_acc=0.5660
  epoch  34/50  loss=0.5167  bal_acc=0.5521
  epoch  35/50  loss=0.5017  bal_acc=0.5538
  epoch  36/50  loss=0.4988  bal_acc=0.5608
  epoch  37/50  loss=0.4936  bal_acc=0.5608
  epoch  38/50  loss=0.4764  bal_acc=0.5799
  epoch  39/50  loss=0.4665  bal_acc=0.5729
  epoch  40/50  loss=0.4622  bal_acc=0.5590
  epoch  41/50  loss=0.4490  bal_acc=0.5573
  epoch  42/50  loss=0.4443  bal_acc=0.5677
  epoch  43/50  loss=0.4330  bal_acc=0.5729
  epoch  44/50  loss=0.4292  bal_acc=0.5799
  epoch  45/50  loss=0.4229  bal_acc=0.5764
  epoch  46/50  loss=0.4071  bal_acc=0.5781
  epoch  47/50  loss=0.4042  bal_acc=0.5625
  epoch  48/50  loss=0.4030  bal_acc=0.5938
  epoch  49/50  loss=0.3916  bal_acc=0.5851
  epoch  50/50  loss=0.3875  bal_acc=0.5694
  [LOSO 1/9] subject 0: acc=0.5694  running_mean=0.5694

=== LOSO (hold out subject 1) ===
  Train: 4608 trials  |  Test: 576 trials
  Model params: 25,225
  epoch   1/50  loss=1.3686  bal_acc=0.3628
  epoch   2/50  loss=1.3150  bal_acc=0.3663
  epoch   3/50  loss=1.2589  bal_acc=0.3837
  epoch   4/50  loss=1.1939  bal_acc=0.4010
  epoch   5/50  loss=1.1241  bal_acc=0.3698
  epoch   6/50  loss=1.0603  bal_acc=0.3924
  epoch   7/50  loss=1.0093  bal_acc=0.3924
  epoch   8/50  loss=0.9683  bal_acc=0.3993
  epoch   9/50  loss=0.9235  bal_acc=0.4062
  epoch  10/50  loss=0.8852  bal_acc=0.3889
  epoch  11/50  loss=0.8484  bal_acc=0.4045
  epoch  12/50  loss=0.8083  bal_acc=0.4010
  epoch  13/50  loss=0.7811  bal_acc=0.4184
  epoch  14/50  loss=0.7481  bal_acc=0.4028
  epoch  15/50  loss=0.7194  bal_acc=0.4097
  epoch  16/50  loss=0.6970  bal_acc=0.3993
  epoch  17/50  loss=0.6755  bal_acc=0.4115
  epoch  18/50  loss=0.6537  bal_acc=0.3889
  epoch  19/50  loss=0.6340  bal_acc=0.3993
  epoch  20/50  loss=0.6150  bal_acc=0.4080
  epoch  21/50  loss=0.6047  bal_acc=0.4132
  epoch  22/50  loss=0.5876  bal_acc=0.4201
  epoch  23/50  loss=0.5716  bal_acc=0.4410
  epoch  24/50  loss=0.5566  bal_acc=0.4201
  epoch  25/50  loss=0.5486  bal_acc=0.4236
  epoch  26/50  loss=0.5263  bal_acc=0.4358
  epoch  27/50  loss=0.5176  bal_acc=0.4080
  epoch  28/50  loss=0.4991  bal_acc=0.4358
  epoch  29/50  loss=0.4976  bal_acc=0.4479
  epoch  30/50  loss=0.4847  bal_acc=0.4149
  epoch  31/50  loss=0.4690  bal_acc=0.4253
  epoch  32/50  loss=0.4651  bal_acc=0.4253
  epoch  33/50  loss=0.4550  bal_acc=0.4271
  epoch  34/50  loss=0.4420  bal_acc=0.4062
  epoch  35/50  loss=0.4370  bal_acc=0.3941
  epoch  36/50  loss=0.4245  bal_acc=0.4358
  epoch  37/50  loss=0.4130  bal_acc=0.4201
  epoch  38/50  loss=0.4088  bal_acc=0.4392
  epoch  39/50  loss=0.4020  bal_acc=0.4306
  epoch  40/50  loss=0.3967  bal_acc=0.4080
  epoch  41/50  loss=0.3844  bal_acc=0.4080
  epoch  42/50  loss=0.3794  bal_acc=0.4271
  epoch  43/50  loss=0.3654  bal_acc=0.4288
  epoch  44/50  loss=0.3596  bal_acc=0.4045
  epoch  45/50  loss=0.3627  bal_acc=0.4323
  epoch  46/50  loss=0.3461  bal_acc=0.4219
  epoch  47/50  loss=0.3304  bal_acc=0.4236
  epoch  48/50  loss=0.3359  bal_acc=0.4028
  epoch  49/50  loss=0.3345  bal_acc=0.3941
  epoch  50/50  loss=0.3280  bal_acc=0.4167
  [LOSO 2/9] subject 1: acc=0.4167  running_mean=0.4931

=== LOSO (hold out subject 2) ===
  Train: 4608 trials  |  Test: 576 trials
  Model params: 25,225
  epoch   1/50  loss=1.3747  bal_acc=0.3785
  epoch   2/50  loss=1.3234  bal_acc=0.4167
  epoch   3/50  loss=1.2681  bal_acc=0.4410
  epoch   4/50  loss=1.2118  bal_acc=0.4913
  epoch   5/50  loss=1.1547  bal_acc=0.5174
  epoch   6/50  loss=1.1117  bal_acc=0.5365
  epoch   7/50  loss=1.0655  bal_acc=0.5486
  epoch   8/50  loss=1.0322  bal_acc=0.5330
  epoch   9/50  loss=0.9932  bal_acc=0.5434
  epoch  10/50  loss=0.9630  bal_acc=0.5556
  epoch  11/50  loss=0.9305  bal_acc=0.5729
  epoch  12/50  loss=0.9023  bal_acc=0.6181
  epoch  13/50  loss=0.8753  bal_acc=0.6198
  epoch  14/50  loss=0.8408  bal_acc=0.6372
  epoch  15/50  loss=0.8181  bal_acc=0.6528
  epoch  16/50  loss=0.7984  bal_acc=0.6562
  epoch  17/50  loss=0.7720  bal_acc=0.6701
  epoch  18/50  loss=0.7548  bal_acc=0.6753
  epoch  19/50  loss=0.7324  bal_acc=0.6892
  epoch  20/50  loss=0.7140  bal_acc=0.6997
  epoch  21/50  loss=0.6940  bal_acc=0.7031
  epoch  22/50  loss=0.6804  bal_acc=0.6597
  epoch  23/50  loss=0.6659  bal_acc=0.6979
  epoch  24/50  loss=0.6565  bal_acc=0.6997
  epoch  25/50  loss=0.6414  bal_acc=0.6597
  epoch  26/50  loss=0.6268  bal_acc=0.6944
  epoch  27/50  loss=0.6131  bal_acc=0.7240
  epoch  28/50  loss=0.5972  bal_acc=0.6875
  epoch  29/50  loss=0.5920  bal_acc=0.6476
  epoch  30/50  loss=0.5769  bal_acc=0.6997
  epoch  31/50  loss=0.5691  bal_acc=0.6580
  epoch  32/50  loss=0.5638  bal_acc=0.7274
  epoch  33/50  loss=0.5490  bal_acc=0.6858
  epoch  34/50  loss=0.5341  bal_acc=0.6892
  epoch  35/50  loss=0.5255  bal_acc=0.6840
  epoch  36/50  loss=0.5254  bal_acc=0.6615
  epoch  37/50  loss=0.5144  bal_acc=0.6997
  epoch  38/50  loss=0.5022  bal_acc=0.7292
  epoch  39/50  loss=0.4926  bal_acc=0.7014
  epoch  40/50  loss=0.4778  bal_acc=0.6875
  epoch  41/50  loss=0.4662  bal_acc=0.7170
  epoch  42/50  loss=0.4636  bal_acc=0.7257
  epoch  43/50  loss=0.4588  bal_acc=0.7274
  epoch  44/50  loss=0.4486  bal_acc=0.7257
  epoch  45/50  loss=0.4477  bal_acc=0.7049
  epoch  46/50  loss=0.4403  bal_acc=0.7101
  epoch  47/50  loss=0.4244  bal_acc=0.6510
  epoch  48/50  loss=0.4253  bal_acc=0.7448
  epoch  49/50  loss=0.4217  bal_acc=0.7031
  epoch  50/50  loss=0.4064  bal_acc=0.7240
  [LOSO 3/9] subject 2: acc=0.7240  running_mean=0.5700

=== LOSO (hold out subject 3) ===
  Train: 4608 trials  |  Test: 576 trials
  Model params: 25,225
  epoch   1/50  loss=1.3734  bal_acc=0.3247
  epoch   2/50  loss=1.3255  bal_acc=0.3264
  epoch   3/50  loss=1.2841  bal_acc=0.3594
  epoch   4/50  loss=1.2334  bal_acc=0.3837
  epoch   5/50  loss=1.1655  bal_acc=0.4167
  epoch   6/50  loss=1.0906  bal_acc=0.4323
  epoch   7/50  loss=1.0315  bal_acc=0.4514
  epoch   8/50  loss=0.9722  bal_acc=0.4358
  epoch   9/50  loss=0.9242  bal_acc=0.4757
  epoch  10/50  loss=0.8807  bal_acc=0.4792
  epoch  11/50  loss=0.8440  bal_acc=0.4931
  epoch  12/50  loss=0.8125  bal_acc=0.5104
  epoch  13/50  loss=0.7825  bal_acc=0.4618
  epoch  14/50  loss=0.7512  bal_acc=0.4913
  epoch  15/50  loss=0.7224  bal_acc=0.4861
  epoch  16/50  loss=0.7090  bal_acc=0.4948
  epoch  17/50  loss=0.6898  bal_acc=0.4774
  epoch  18/50  loss=0.6674  bal_acc=0.4792
  epoch  19/50  loss=0.6482  bal_acc=0.5104
  epoch  20/50  loss=0.6316  bal_acc=0.4740
  epoch  21/50  loss=0.6141  bal_acc=0.4757
  epoch  22/50  loss=0.5972  bal_acc=0.4965
  epoch  23/50  loss=0.5815  bal_acc=0.5035
  epoch  24/50  loss=0.5715  bal_acc=0.4896
  epoch  25/50  loss=0.5591  bal_acc=0.4583
  epoch  26/50  loss=0.5516  bal_acc=0.5139
  epoch  27/50  loss=0.5355  bal_acc=0.4896
  epoch  28/50  loss=0.5273  bal_acc=0.4896
  epoch  29/50  loss=0.5105  bal_acc=0.4878
  epoch  30/50  loss=0.5042  bal_acc=0.4948
  epoch  31/50  loss=0.4870  bal_acc=0.4983
  epoch  32/50  loss=0.4825  bal_acc=0.4844
  epoch  33/50  loss=0.4734  bal_acc=0.4948
  epoch  34/50  loss=0.4621  bal_acc=0.5156
  epoch  35/50  loss=0.4532  bal_acc=0.4913
  epoch  36/50  loss=0.4383  bal_acc=0.4878
  epoch  37/50  loss=0.4379  bal_acc=0.4774
  epoch  38/50  loss=0.4301  bal_acc=0.5139
  epoch  39/50  loss=0.4245  bal_acc=0.5000
  epoch  40/50  loss=0.4155  bal_acc=0.4462
  epoch  41/50  loss=0.4124  bal_acc=0.5069
  epoch  42/50  loss=0.3999  bal_acc=0.5000
  epoch  43/50  loss=0.3908  bal_acc=0.4670
  epoch  44/50  loss=0.3846  bal_acc=0.5035
  epoch  45/50  loss=0.3760  bal_acc=0.4878
  epoch  46/50  loss=0.3725  bal_acc=0.5000
  epoch  47/50  loss=0.3578  bal_acc=0.4722
  epoch  48/50  loss=0.3563  bal_acc=0.5156
  epoch  49/50  loss=0.3514  bal_acc=0.5052
  epoch  50/50  loss=0.3446  bal_acc=0.4826
  [LOSO 4/9] subject 3: acc=0.4826  running_mean=0.5482

=== LOSO (hold out subject 4) ===
  Train: 4608 trials  |  Test: 576 trials
  Model params: 25,225
  epoch   1/50  loss=1.3699  bal_acc=0.3229
  epoch   2/50  loss=1.3269  bal_acc=0.3194
  epoch   3/50  loss=1.2848  bal_acc=0.3559
  epoch   4/50  loss=1.2380  bal_acc=0.3507
  epoch   5/50  loss=1.1807  bal_acc=0.3889
  epoch   6/50  loss=1.1240  bal_acc=0.4167
  epoch   7/50  loss=1.0690  bal_acc=0.4288
  epoch   8/50  loss=1.0213  bal_acc=0.4497
  epoch   9/50  loss=0.9831  bal_acc=0.4740
  epoch  10/50  loss=0.9375  bal_acc=0.4948
  epoch  11/50  loss=0.8987  bal_acc=0.4861
  epoch  12/50  loss=0.8613  bal_acc=0.4896
  epoch  13/50  loss=0.8254  bal_acc=0.4809
  epoch  14/50  loss=0.8010  bal_acc=0.5052
  epoch  15/50  loss=0.7725  bal_acc=0.5035
  epoch  16/50  loss=0.7437  bal_acc=0.4948
  epoch  17/50  loss=0.7240  bal_acc=0.4740
  epoch  18/50  loss=0.7041  bal_acc=0.4878
  epoch  19/50  loss=0.6826  bal_acc=0.5104
  epoch  20/50  loss=0.6690  bal_acc=0.5035
  epoch  21/50  loss=0.6501  bal_acc=0.5052
  epoch  22/50  loss=0.6342  bal_acc=0.5208
  epoch  23/50  loss=0.6173  bal_acc=0.4792
  epoch  24/50  loss=0.6057  bal_acc=0.4948
  epoch  25/50  loss=0.5893  bal_acc=0.4861
  epoch  26/50  loss=0.5858  bal_acc=0.4844
  epoch  27/50  loss=0.5673  bal_acc=0.5122
  epoch  28/50  loss=0.5507  bal_acc=0.4861
  epoch  29/50  loss=0.5397  bal_acc=0.5191
  epoch  30/50  loss=0.5290  bal_acc=0.5122
  epoch  31/50  loss=0.5247  bal_acc=0.4531
  epoch  32/50  loss=0.5064  bal_acc=0.4549
  epoch  33/50  loss=0.5053  bal_acc=0.4844
  epoch  34/50  loss=0.4878  bal_acc=0.4740
  epoch  35/50  loss=0.4785  bal_acc=0.4948
  epoch  36/50  loss=0.4764  bal_acc=0.4809
  epoch  37/50  loss=0.4623  bal_acc=0.4931
  epoch  38/50  loss=0.4458  bal_acc=0.4479
  epoch  39/50  loss=0.4477  bal_acc=0.4896
  epoch  40/50  loss=0.4323  bal_acc=0.4809
  epoch  41/50  loss=0.4237  bal_acc=0.4757
  epoch  42/50  loss=0.4141  bal_acc=0.4653
  epoch  43/50  loss=0.4101  bal_acc=0.4618
  epoch  44/50  loss=0.4060  bal_acc=0.4670
  epoch  45/50  loss=0.3913  bal_acc=0.4809
  epoch  46/50  loss=0.3848  bal_acc=0.4757
  epoch  47/50  loss=0.3861  bal_acc=0.4479
  epoch  48/50  loss=0.3807  bal_acc=0.4722
  epoch  49/50  loss=0.3771  bal_acc=0.4792
  epoch  50/50  loss=0.3679  bal_acc=0.4826
  [LOSO 5/9] subject 4: acc=0.4826  running_mean=0.5351

=== LOSO (hold out subject 5) ===
  Train: 4608 trials  |  Test: 576 trials
  Model params: 25,225
  epoch   1/50  loss=1.3713  bal_acc=0.3455
  epoch   2/50  loss=1.3186  bal_acc=0.3438
  epoch   3/50  loss=1.2676  bal_acc=0.3785
  epoch   4/50  loss=1.2088  bal_acc=0.4219
  epoch   5/50  loss=1.1483  bal_acc=0.4392
  epoch   6/50  loss=1.0931  bal_acc=0.4288
  epoch   7/50  loss=1.0401  bal_acc=0.4253
  epoch   8/50  loss=0.9917  bal_acc=0.4358
  epoch   9/50  loss=0.9359  bal_acc=0.4149
  epoch  10/50  loss=0.8887  bal_acc=0.4236
  epoch  11/50  loss=0.8496  bal_acc=0.4271
  epoch  12/50  loss=0.8171  bal_acc=0.3941
  epoch  13/50  loss=0.7807  bal_acc=0.4115
  epoch  14/50  loss=0.7559  bal_acc=0.4097
  epoch  15/50  loss=0.7310  bal_acc=0.4219
  epoch  16/50  loss=0.7093  bal_acc=0.4444
  epoch  17/50  loss=0.6917  bal_acc=0.4358
  epoch  18/50  loss=0.6691  bal_acc=0.4167
  epoch  19/50  loss=0.6432  bal_acc=0.3958
  epoch  20/50  loss=0.6280  bal_acc=0.4201
  epoch  21/50  loss=0.6223  bal_acc=0.4115
  epoch  22/50  loss=0.5962  bal_acc=0.4167
  epoch  23/50  loss=0.5857  bal_acc=0.3958
  epoch  24/50  loss=0.5681  bal_acc=0.4045
  epoch  25/50  loss=0.5635  bal_acc=0.4132
  epoch  26/50  loss=0.5403  bal_acc=0.4010
  epoch  27/50  loss=0.5362  bal_acc=0.4132
  epoch  28/50  loss=0.5214  bal_acc=0.3941
  epoch  29/50  loss=0.5174  bal_acc=0.3976
  epoch  30/50  loss=0.5004  bal_acc=0.4045
  epoch  31/50  loss=0.4886  bal_acc=0.3872
  epoch  32/50  loss=0.4703  bal_acc=0.4115
  epoch  33/50  loss=0.4634  bal_acc=0.4010
  epoch  34/50  loss=0.4552  bal_acc=0.4115
  epoch  35/50  loss=0.4486  bal_acc=0.4132
  epoch  36/50  loss=0.4449  bal_acc=0.4115
  epoch  37/50  loss=0.4308  bal_acc=0.3993
  epoch  38/50  loss=0.4201  bal_acc=0.4132
  epoch  39/50  loss=0.4171  bal_acc=0.4167
  epoch  40/50  loss=0.4068  bal_acc=0.3941
  epoch  41/50  loss=0.3964  bal_acc=0.4010
  epoch  42/50  loss=0.3940  bal_acc=0.3941
  epoch  43/50  loss=0.3862  bal_acc=0.4132
  epoch  44/50  loss=0.3847  bal_acc=0.3785
  epoch  45/50  loss=0.3725  bal_acc=0.3976
  epoch  46/50  loss=0.3668  bal_acc=0.4028
  epoch  47/50  loss=0.3486  bal_acc=0.4410
  epoch  48/50  loss=0.3538  bal_acc=0.4080
  epoch  49/50  loss=0.3427  bal_acc=0.4010
  epoch  50/50  loss=0.3358  bal_acc=0.4010
  [LOSO 6/9] subject 5: acc=0.4010  running_mean=0.5127

=== LOSO (hold out subject 6) ===
  Train: 4608 trials  |  Test: 576 trials
  Model params: 25,225
  epoch   1/50  loss=1.3712  bal_acc=0.3889
  epoch   2/50  loss=1.3294  bal_acc=0.4219
  epoch   3/50  loss=1.2876  bal_acc=0.4479
  epoch   4/50  loss=1.2436  bal_acc=0.4948
  epoch   5/50  loss=1.1920  bal_acc=0.5174
  epoch   6/50  loss=1.1425  bal_acc=0.5312
  epoch   7/50  loss=1.0953  bal_acc=0.5503
  epoch   8/50  loss=1.0582  bal_acc=0.5920
  epoch   9/50  loss=1.0182  bal_acc=0.5885
  epoch  10/50  loss=0.9810  bal_acc=0.5903
  epoch  11/50  loss=0.9470  bal_acc=0.6042
  epoch  12/50  loss=0.9158  bal_acc=0.6094
  epoch  13/50  loss=0.8794  bal_acc=0.6059
  epoch  14/50  loss=0.8461  bal_acc=0.6128
  epoch  15/50  loss=0.8236  bal_acc=0.6215
  epoch  16/50  loss=0.7919  bal_acc=0.5972
  epoch  17/50  loss=0.7662  bal_acc=0.6024
  epoch  18/50  loss=0.7392  bal_acc=0.6181
  epoch  19/50  loss=0.7169  bal_acc=0.6319
  epoch  20/50  loss=0.6968  bal_acc=0.6181
  epoch  21/50  loss=0.6773  bal_acc=0.6372
  epoch  22/50  loss=0.6621  bal_acc=0.6215
  epoch  23/50  loss=0.6516  bal_acc=0.6128
  epoch  24/50  loss=0.6395  bal_acc=0.6250
  epoch  25/50  loss=0.6255  bal_acc=0.6007
  epoch  26/50  loss=0.6037  bal_acc=0.6233
  epoch  27/50  loss=0.5940  bal_acc=0.6267
  epoch  28/50  loss=0.5759  bal_acc=0.6094
  epoch  29/50  loss=0.5658  bal_acc=0.6233
  epoch  30/50  loss=0.5542  bal_acc=0.6163
  epoch  31/50  loss=0.5428  bal_acc=0.6094
  epoch  32/50  loss=0.5318  bal_acc=0.6389
  epoch  33/50  loss=0.5195  bal_acc=0.6059
  epoch  34/50  loss=0.5093  bal_acc=0.6181
  epoch  35/50  loss=0.5012  bal_acc=0.6267
  epoch  36/50  loss=0.4877  bal_acc=0.5955
  epoch  37/50  loss=0.4813  bal_acc=0.6146
  epoch  38/50  loss=0.4806  bal_acc=0.5660
  epoch  39/50  loss=0.4651  bal_acc=0.6146
  epoch  40/50  loss=0.4541  bal_acc=0.6076
  epoch  41/50  loss=0.4536  bal_acc=0.5920
  epoch  42/50  loss=0.4410  bal_acc=0.6024
  epoch  43/50  loss=0.4354  bal_acc=0.6215
  epoch  44/50  loss=0.4238  bal_acc=0.5990
  epoch  45/50  loss=0.4139  bal_acc=0.6094
  epoch  46/50  loss=0.4067  bal_acc=0.6198
  epoch  47/50  loss=0.3943  bal_acc=0.6267
  epoch  48/50  loss=0.3932  bal_acc=0.5972
  epoch  49/50  loss=0.3933  bal_acc=0.6007
  epoch  50/50  loss=0.3802  bal_acc=0.5938
  [LOSO 7/9] subject 6: acc=0.5938  running_mean=0.5243

=== LOSO (hold out subject 7) ===
  Train: 4608 trials  |  Test: 576 trials
  Model params: 25,225
  epoch   1/50  loss=1.3692  bal_acc=0.3160
  epoch   2/50  loss=1.3215  bal_acc=0.3576
  epoch   3/50  loss=1.2738  bal_acc=0.4010
  epoch   4/50  loss=1.2238  bal_acc=0.4514
  epoch   5/50  loss=1.1625  bal_acc=0.4653
  epoch   6/50  loss=1.1033  bal_acc=0.4948
  epoch   7/50  loss=1.0543  bal_acc=0.4757
  epoch   8/50  loss=1.0071  bal_acc=0.4844
  epoch   9/50  loss=0.9738  bal_acc=0.5156
  epoch  10/50  loss=0.9366  bal_acc=0.5208
  epoch  11/50  loss=0.9070  bal_acc=0.5694
  epoch  12/50  loss=0.8810  bal_acc=0.5017
  epoch  13/50  loss=0.8492  bal_acc=0.5312
  epoch  14/50  loss=0.8258  bal_acc=0.5486
  epoch  15/50  loss=0.8068  bal_acc=0.5608
  epoch  16/50  loss=0.7827  bal_acc=0.5642
  epoch  17/50  loss=0.7611  bal_acc=0.5642
  epoch  18/50  loss=0.7426  bal_acc=0.6233
  epoch  19/50  loss=0.7250  bal_acc=0.5694
  epoch  20/50  loss=0.7081  bal_acc=0.5833
  epoch  21/50  loss=0.6957  bal_acc=0.6181
  epoch  22/50  loss=0.6744  bal_acc=0.6267
  epoch  23/50  loss=0.6638  bal_acc=0.5885
  epoch  24/50  loss=0.6499  bal_acc=0.6163
  epoch  25/50  loss=0.6386  bal_acc=0.6163
  epoch  26/50  loss=0.6174  bal_acc=0.6319
  epoch  27/50  loss=0.6033  bal_acc=0.6441
  epoch  28/50  loss=0.5913  bal_acc=0.6267
  epoch  29/50  loss=0.5802  bal_acc=0.6163
  epoch  30/50  loss=0.5670  bal_acc=0.6094
  epoch  31/50  loss=0.5536  bal_acc=0.6163
  epoch  32/50  loss=0.5483  bal_acc=0.6181
  epoch  33/50  loss=0.5356  bal_acc=0.6076
  epoch  34/50  loss=0.5262  bal_acc=0.6389
  epoch  35/50  loss=0.5189  bal_acc=0.6163
  epoch  36/50  loss=0.5041  bal_acc=0.6076
  epoch  37/50  loss=0.4987  bal_acc=0.5799
  epoch  38/50  loss=0.4876  bal_acc=0.6215
  epoch  39/50  loss=0.4782  bal_acc=0.6250
  epoch  40/50  loss=0.4671  bal_acc=0.6372
  epoch  41/50  loss=0.4691  bal_acc=0.6458
  epoch  42/50  loss=0.4571  bal_acc=0.6372
  epoch  43/50  loss=0.4454  bal_acc=0.6146
  epoch  44/50  loss=0.4304  bal_acc=0.6302
  epoch  45/50  loss=0.4330  bal_acc=0.6146
  epoch  46/50  loss=0.4284  bal_acc=0.6458
  epoch  47/50  loss=0.4173  bal_acc=0.6354
  epoch  48/50  loss=0.4127  bal_acc=0.6406
  epoch  49/50  loss=0.4002  bal_acc=0.6250
  epoch  50/50  loss=0.3986  bal_acc=0.6267
  [LOSO 8/9] subject 7: acc=0.6267  running_mean=0.5371

=== LOSO (hold out subject 8) ===
  Train: 4608 trials  |  Test: 576 trials
  Model params: 25,225
  epoch   1/50  loss=1.3676  bal_acc=0.3056
  epoch   2/50  loss=1.3127  bal_acc=0.3403
  epoch   3/50  loss=1.2747  bal_acc=0.3299
  epoch   4/50  loss=1.2228  bal_acc=0.3542
  epoch   5/50  loss=1.1631  bal_acc=0.3507
  epoch   6/50  loss=1.1026  bal_acc=0.3524
  epoch   7/50  loss=1.0591  bal_acc=0.3576
  epoch   8/50  loss=1.0203  bal_acc=0.3698
  epoch   9/50  loss=0.9834  bal_acc=0.3785
  epoch  10/50  loss=0.9455  bal_acc=0.4375
  epoch  11/50  loss=0.9084  bal_acc=0.4497
  epoch  12/50  loss=0.8742  bal_acc=0.4497
  epoch  13/50  loss=0.8409  bal_acc=0.4740
  epoch  14/50  loss=0.8118  bal_acc=0.4722
  epoch  15/50  loss=0.7892  bal_acc=0.4861
  epoch  16/50  loss=0.7679  bal_acc=0.4601
  epoch  17/50  loss=0.7534  bal_acc=0.4844
  epoch  18/50  loss=0.7280  bal_acc=0.4878
  epoch  19/50  loss=0.7098  bal_acc=0.4705
  epoch  20/50  loss=0.6878  bal_acc=0.4931
  epoch  21/50  loss=0.6721  bal_acc=0.4913
  epoch  22/50  loss=0.6548  bal_acc=0.4462
  epoch  23/50  loss=0.6416  bal_acc=0.5174
  epoch  24/50  loss=0.6317  bal_acc=0.5243
  epoch  25/50  loss=0.6155  bal_acc=0.5174
  epoch  26/50  loss=0.6014  bal_acc=0.5122
  epoch  27/50  loss=0.5887  bal_acc=0.5104
  epoch  28/50  loss=0.5810  bal_acc=0.5417
  epoch  29/50  loss=0.5690  bal_acc=0.5503
  epoch  30/50  loss=0.5550  bal_acc=0.5295
  epoch  31/50  loss=0.5522  bal_acc=0.5382
  epoch  32/50  loss=0.5431  bal_acc=0.5521
  epoch  33/50  loss=0.5198  bal_acc=0.5278
  epoch  34/50  loss=0.5123  bal_acc=0.5330
  epoch  35/50  loss=0.5085  bal_acc=0.5191
  epoch  36/50  loss=0.4989  bal_acc=0.5347
  epoch  37/50  loss=0.4875  bal_acc=0.5156
  epoch  38/50  loss=0.4746  bal_acc=0.5451
  epoch  39/50  loss=0.4640  bal_acc=0.5208
  epoch  40/50  loss=0.4539  bal_acc=0.5208
  epoch  41/50  loss=0.4506  bal_acc=0.5035
  epoch  42/50  loss=0.4342  bal_acc=0.5278
  epoch  43/50  loss=0.4370  bal_acc=0.5451
  epoch  44/50  loss=0.4207  bal_acc=0.5573
  epoch  45/50  loss=0.4229  bal_acc=0.5503
  epoch  46/50  loss=0.4086  bal_acc=0.5382
  epoch  47/50  loss=0.3930  bal_acc=0.5399
  epoch  48/50  loss=0.3891  bal_acc=0.5295
  epoch  49/50  loss=0.3854  bal_acc=0.5312
  epoch  50/50  loss=0.3783  bal_acc=0.5226
  [LOSO 9/9] subject 8: acc=0.5226  running_mean=0.5355
Results saved to results/BNCI2014_001/results_trial_21.json
Trial logged to results/BNCI2014_001/trials.csv
[status] trial 21 done (state=COMPLETE, value=0.5354938271604939) -- 19 completed total
Device: cuda
[BNCI2014_001] loading from cache: /home/aleksander.berezowsk/.cache/spiking_eegnet/BNCI2014_001_af1ccf3e92f684d8a93c057082b654d7.npz
[BNCI2014_001] cache hit: (5184, 1, 22, 1001), classes=['feet', 'left_hand', 'right_hand', 'tongue'], subjects=9
Dataset meta: {'n_classes': 4, 'n_channels': 22, 'n_samples': 1001, 'class_names': ['feet', 'left_hand', 'right_hand', 'tongue'], 'subject_list': [1, 2, 3, 4, 5, 6, 7, 8, 9], 'n_subjects': 9, 'sfreq': 250.0}

=== LOSO (hold out subject 0) ===
  Train: 4608 trials  |  Test: 576 trials
  Model params: 45,954
  epoch   1/50  loss=1.3082  bal_acc=0.4010
  epoch   2/50  loss=1.0776  bal_acc=0.4323
  epoch   3/50  loss=0.9101  bal_acc=0.4861
  epoch   4/50  loss=0.7944  bal_acc=0.4826
  epoch   5/50  loss=0.6779  bal_acc=0.5260
  epoch   6/50  loss=0.6044  bal_acc=0.5017
  epoch   7/50  loss=0.5278  bal_acc=0.4774
  epoch   8/50  loss=0.4693  bal_acc=0.5399
  epoch   9/50  loss=0.4166  bal_acc=0.5191
  epoch  10/50  loss=0.3700  bal_acc=0.4913
  epoch  11/50  loss=0.3270  bal_acc=0.5330
  epoch  12/50  loss=0.2881  bal_acc=0.5538
  epoch  13/50  loss=0.2517  bal_acc=0.5451
  epoch  14/50  loss=0.2262  bal_acc=0.5399
  epoch  15/50  loss=0.1983  bal_acc=0.5451
  epoch  16/50  loss=0.1797  bal_acc=0.5747
  epoch  17/50  loss=0.1577  bal_acc=0.5486
  epoch  18/50  loss=0.1375  bal_acc=0.5347
  epoch  19/50  loss=0.1176  bal_acc=0.5556
  epoch  20/50  loss=0.1057  bal_acc=0.5469
  epoch  21/50  loss=0.0988  bal_acc=0.5625
  epoch  22/50  loss=0.0897  bal_acc=0.5312
  epoch  23/50  loss=0.0773  bal_acc=0.5729
  epoch  24/50  loss=0.0742  bal_acc=0.5295
  epoch  25/50  loss=0.0657  bal_acc=0.5625
  epoch  26/50  loss=0.0533  bal_acc=0.5573
  epoch  27/50  loss=0.0511  bal_acc=0.5625
  epoch  28/50  loss=0.0479  bal_acc=0.5625
  epoch  29/50  loss=0.0408  bal_acc=0.5330
  epoch  30/50  loss=0.0411  bal_acc=0.5503
  epoch  31/50  loss=0.0332  bal_acc=0.5451
  epoch  32/50  loss=0.0353  bal_acc=0.5608
  epoch  33/50  loss=0.0314  bal_acc=0.5625
  epoch  34/50  loss=0.0313  bal_acc=0.5764
  epoch  35/50  loss=0.0254  bal_acc=0.5312
  epoch  36/50  loss=0.0249  bal_acc=0.5608
  epoch  37/50  loss=0.0195  bal_acc=0.5764
  epoch  38/50  loss=0.0219  bal_acc=0.5885
  epoch  39/50  loss=0.0231  bal_acc=0.5694
  epoch  40/50  loss=0.0182  bal_acc=0.5590
  epoch  41/50  loss=0.0171  bal_acc=0.5781
  epoch  42/50  loss=0.0143  bal_acc=0.5573
  epoch  43/50  loss=0.0133  bal_acc=0.5694
  epoch  44/50  loss=0.0116  bal_acc=0.5816
  epoch  45/50  loss=0.0118  bal_acc=0.5799
  epoch  46/50  loss=0.0126  bal_acc=0.5608
  epoch  47/50  loss=0.0184  bal_acc=0.5764
  epoch  48/50  loss=0.0964  bal_acc=0.5330
  epoch  49/50  loss=0.0416  bal_acc=0.5556
  epoch  50/50  loss=0.0204  bal_acc=0.5503
  [LOSO 1/9] subject 0: acc=0.5503  running_mean=0.5503

=== LOSO (hold out subject 1) ===
  Train: 4608 trials  |  Test: 576 trials
  Model params: 45,954
  epoch   1/50  loss=1.3204  bal_acc=0.3542
  epoch   2/50  loss=1.0698  bal_acc=0.3819
  epoch   3/50  loss=0.9063  bal_acc=0.3785
  epoch   4/50  loss=0.7802  bal_acc=0.3802
  epoch   5/50  loss=0.6707  bal_acc=0.4115
  epoch   6/50  loss=0.5839  bal_acc=0.3819
  epoch   7/50  loss=0.5220  bal_acc=0.3889
  epoch   8/50  loss=0.4532  bal_acc=0.3767
  epoch   9/50  loss=0.3913  bal_acc=0.3837
  epoch  10/50  loss=0.3561  bal_acc=0.3576
  epoch  11/50  loss=0.3140  bal_acc=0.4462
  epoch  12/50  loss=0.2790  bal_acc=0.4236
  epoch  13/50  loss=0.2438  bal_acc=0.4340
  epoch  14/50  loss=0.2171  bal_acc=0.4201
  epoch  15/50  loss=0.1847  bal_acc=0.4063
  epoch  16/50  loss=0.1635  bal_acc=0.4149
  epoch  17/50  loss=0.1509  bal_acc=0.4184
  epoch  18/50  loss=0.1310  bal_acc=0.4358
  epoch  19/50  loss=0.1166  bal_acc=0.4115
  epoch  20/50  loss=0.1022  bal_acc=0.4167
  epoch  21/50  loss=0.0987  bal_acc=0.4271
  epoch  22/50  loss=0.0857  bal_acc=0.4080
  epoch  23/50  loss=0.0749  bal_acc=0.4219
  epoch  24/50  loss=0.0695  bal_acc=0.4358
  epoch  25/50  loss=0.0625  bal_acc=0.4427
  epoch  26/50  loss=0.0520  bal_acc=0.4149
  epoch  27/50  loss=0.0494  bal_acc=0.4167
  epoch  28/50  loss=0.0458  bal_acc=0.4410
  epoch  29/50  loss=0.0384  bal_acc=0.4097
  epoch  30/50  loss=0.0376  bal_acc=0.4497
  epoch  31/50  loss=0.0339  bal_acc=0.4323
  epoch  32/50  loss=0.0329  bal_acc=0.4219
  epoch  33/50  loss=0.0287  bal_acc=0.4358
  epoch  34/50  loss=0.0261  bal_acc=0.4288
  epoch  35/50  loss=0.0258  bal_acc=0.4323
  epoch  36/50  loss=0.0225  bal_acc=0.4271
  epoch  37/50  loss=0.0205  bal_acc=0.4427
  epoch  38/50  loss=0.0228  bal_acc=0.4288
  epoch  39/50  loss=0.0279  bal_acc=0.4219
  epoch  40/50  loss=0.0195  bal_acc=0.4323
  epoch  41/50  loss=0.0223  bal_acc=0.4184
  epoch  42/50  loss=0.0170  bal_acc=0.4288
  epoch  43/50  loss=0.0151  bal_acc=0.4479
  epoch  44/50  loss=0.0163  bal_acc=0.4566
  epoch  45/50  loss=0.0122  bal_acc=0.4306
  epoch  46/50  loss=0.0099  bal_acc=0.4375
  epoch  47/50  loss=0.0099  bal_acc=0.4444
  epoch  48/50  loss=0.0092  bal_acc=0.4479
  epoch  49/50  loss=0.0097  bal_acc=0.4167
  epoch  50/50  loss=0.0110  bal_acc=0.4219
  [LOSO 2/9] subject 1: acc=0.4219  running_mean=0.4861

=== LOSO (hold out subject 2) ===
  Train: 4608 trials  |  Test: 576 trials
  Model params: 45,954
  epoch   1/50  loss=1.3213  bal_acc=0.4323
  epoch   2/50  loss=1.1097  bal_acc=0.5295
  epoch   3/50  loss=0.9395  bal_acc=0.5573
  epoch   4/50  loss=0.8229  bal_acc=0.5747
  epoch   5/50  loss=0.7221  bal_acc=0.5903
  epoch   6/50  loss=0.6347  bal_acc=0.6215
  epoch   7/50  loss=0.5615  bal_acc=0.6476
  epoch   8/50  loss=0.4958  bal_acc=0.6441
  epoch   9/50  loss=0.4449  bal_acc=0.6510
  epoch  10/50  loss=0.3948  bal_acc=0.6198
  epoch  11/50  loss=0.3592  bal_acc=0.6233
  epoch  12/50  loss=0.3150  bal_acc=0.6753
  epoch  13/50  loss=0.2808  bal_acc=0.6615
  epoch  14/50  loss=0.2466  bal_acc=0.6111
  epoch  15/50  loss=0.2190  bal_acc=0.6528
  epoch  16/50  loss=0.1980  bal_acc=0.6649
  epoch  17/50  loss=0.1657  bal_acc=0.6684
  epoch  18/50  loss=0.1565  bal_acc=0.6285
  epoch  19/50  loss=0.1377  bal_acc=0.6528
  epoch  20/50  loss=0.1210  bal_acc=0.6285
  epoch  21/50  loss=0.1034  bal_acc=0.6476
  epoch  22/50  loss=0.0978  bal_acc=0.6667
  epoch  23/50  loss=0.0879  bal_acc=0.6858
  epoch  24/50  loss=0.0781  bal_acc=0.6233
  epoch  25/50  loss=0.0677  bal_acc=0.6215
  epoch  26/50  loss=0.0602  bal_acc=0.6597
  epoch  27/50  loss=0.0568  bal_acc=0.6389
  epoch  28/50  loss=0.0546  bal_acc=0.6597
  epoch  29/50  loss=0.0521  bal_acc=0.6424
  epoch  30/50  loss=0.0420  bal_acc=0.6267
  epoch  31/50  loss=0.0416  bal_acc=0.6528
  epoch  32/50  loss=0.0360  bal_acc=0.6406
  epoch  33/50  loss=0.0329  bal_acc=0.6389
  epoch  34/50  loss=0.0282  bal_acc=0.6128
  epoch  35/50  loss=0.0276  bal_acc=0.6493
  epoch  36/50  loss=0.0265  bal_acc=0.6406
  epoch  37/50  loss=0.0240  bal_acc=0.6476
  epoch  38/50  loss=0.0232  bal_acc=0.6128
  epoch  39/50  loss=0.0210  bal_acc=0.6250
  epoch  40/50  loss=0.0201  bal_acc=0.6319
  epoch  41/50  loss=0.0170  bal_acc=0.6771
  epoch  42/50  loss=0.0157  bal_acc=0.6684
  epoch  43/50  loss=0.0168  bal_acc=0.6406
  epoch  44/50  loss=0.0162  bal_acc=0.6806
  epoch  45/50  loss=0.0151  bal_acc=0.6562
  epoch  46/50  loss=0.0143  bal_acc=0.6476
  epoch  47/50  loss=0.0115  bal_acc=0.6233
  epoch  48/50  loss=0.0107  bal_acc=0.6615
  epoch  49/50  loss=0.0100  bal_acc=0.6233
  epoch  50/50  loss=0.0179  bal_acc=0.6597
  [LOSO 3/9] subject 2: acc=0.6597  running_mean=0.5440

=== LOSO (hold out subject 3) ===
  Train: 4608 trials  |  Test: 576 trials
  Model params: 45,954
  epoch   1/50  loss=1.3166  bal_acc=0.3976
  epoch   2/50  loss=1.0593  bal_acc=0.4722
  epoch   3/50  loss=0.8972  bal_acc=0.4653
  epoch   4/50  loss=0.7562  bal_acc=0.4601
  epoch   5/50  loss=0.6467  bal_acc=0.4549
  epoch   6/50  loss=0.5621  bal_acc=0.4358
  epoch   7/50  loss=0.4949  bal_acc=0.4549
  epoch   8/50  loss=0.4322  bal_acc=0.4549
  epoch   9/50  loss=0.3709  bal_acc=0.4514
  epoch  10/50  loss=0.3273  bal_acc=0.4809
  epoch  11/50  loss=0.2867  bal_acc=0.4774
  epoch  12/50  loss=0.2481  bal_acc=0.4861
  epoch  13/50  loss=0.2201  bal_acc=0.4757
  epoch  14/50  loss=0.1933  bal_acc=0.4844
  epoch  15/50  loss=0.1664  bal_acc=0.4896
  epoch  16/50  loss=0.1492  bal_acc=0.4861
  epoch  17/50  loss=0.1318  bal_acc=0.4479
  epoch  18/50  loss=0.1144  bal_acc=0.4583
  epoch  19/50  loss=0.1030  bal_acc=0.4653
  epoch  20/50  loss=0.0889  bal_acc=0.4774
  epoch  21/50  loss=0.0779  bal_acc=0.4514
  epoch  22/50  loss=0.0705  bal_acc=0.4948
  epoch  23/50  loss=0.0632  bal_acc=0.4757
  epoch  24/50  loss=0.0612  bal_acc=0.4757
  epoch  25/50  loss=0.0525  bal_acc=0.4792
  epoch  26/50  loss=0.0480  bal_acc=0.4844
  epoch  27/50  loss=0.0396  bal_acc=0.4618
  epoch  28/50  loss=0.0384  bal_acc=0.4878
  epoch  29/50  loss=0.0365  bal_acc=0.4826
  epoch  30/50  loss=0.0301  bal_acc=0.4635
  epoch  31/50  loss=0.0310  bal_acc=0.4844
  epoch  32/50  loss=0.0247  bal_acc=0.4965
  epoch  33/50  loss=0.0252  bal_acc=0.4809
  epoch  34/50  loss=0.0239  bal_acc=0.4740
  epoch  35/50  loss=0.0233  bal_acc=0.4844
  epoch  36/50  loss=0.0191  bal_acc=0.4635
  epoch  37/50  loss=0.0172  bal_acc=0.4740
  epoch  38/50  loss=0.0145  bal_acc=0.4705
  epoch  39/50  loss=0.0138  bal_acc=0.4635
  epoch  40/50  loss=0.0156  bal_acc=0.4635
  epoch  41/50  loss=0.0209  bal_acc=0.4670
  epoch  42/50  loss=0.0153  bal_acc=0.4722
  epoch  43/50  loss=0.0143  bal_acc=0.4635
  epoch  44/50  loss=0.0131  bal_acc=0.4688
  epoch  45/50  loss=0.0113  bal_acc=0.4688
  epoch  46/50  loss=0.0162  bal_acc=0.4531
  epoch  47/50  loss=0.0261  bal_acc=0.4740
  epoch  48/50  loss=0.0240  bal_acc=0.4323
  epoch  49/50  loss=0.0212  bal_acc=0.4566
  epoch  50/50  loss=0.0180  bal_acc=0.4809
  [LOSO 4/9] subject 3: acc=0.4809  running_mean=0.5282

=== LOSO (hold out subject 4) ===
  Train: 4608 trials  |  Test: 576 trials
  Model params: 45,954
  epoch   1/50  loss=1.3286  bal_acc=0.3889
  epoch   2/50  loss=1.1190  bal_acc=0.4028
  epoch   3/50  loss=0.9463  bal_acc=0.5087
  epoch   4/50  loss=0.8049  bal_acc=0.4375
  epoch   5/50  loss=0.6818  bal_acc=0.5556
  epoch   6/50  loss=0.5991  bal_acc=0.5833
  epoch   7/50  loss=0.5189  bal_acc=0.5642
  epoch   8/50  loss=0.4530  bal_acc=0.5573
  epoch   9/50  loss=0.4032  bal_acc=0.5885
  epoch  10/50  loss=0.3596  bal_acc=0.5642
  epoch  11/50  loss=0.3143  bal_acc=0.5312
  epoch  12/50  loss=0.2745  bal_acc=0.5660
  epoch  13/50  loss=0.2446  bal_acc=0.5434
  epoch  14/50  loss=0.2210  bal_acc=0.5781
  epoch  15/50  loss=0.1998  bal_acc=0.5382
  epoch  16/50  loss=0.1764  bal_acc=0.5538
  epoch  17/50  loss=0.1578  bal_acc=0.5608
  epoch  18/50  loss=0.1386  bal_acc=0.5712
  epoch  19/50  loss=0.1209  bal_acc=0.5503
  epoch  20/50  loss=0.1099  bal_acc=0.5503
  epoch  21/50  loss=0.0950  bal_acc=0.5521
  epoch  22/50  loss=0.0834  bal_acc=0.5278
  epoch  23/50  loss=0.0760  bal_acc=0.5486
  epoch  24/50  loss=0.0644  bal_acc=0.5469
  epoch  25/50  loss=0.0646  bal_acc=0.5521
  epoch  26/50  loss=0.0593  bal_acc=0.5521
  epoch  27/50  loss=0.0511  bal_acc=0.5434
  epoch  28/50  loss=0.0469  bal_acc=0.5330
  epoch  29/50  loss=0.0433  bal_acc=0.5330
  epoch  30/50  loss=0.0374  bal_acc=0.5451
  epoch  31/50  loss=0.0362  bal_acc=0.5382
  epoch  32/50  loss=0.0347  bal_acc=0.5469
  epoch  33/50  loss=0.0284  bal_acc=0.5399
  epoch  34/50  loss=0.0270  bal_acc=0.5538
  epoch  35/50  loss=0.0227  bal_acc=0.5434
  epoch  36/50  loss=0.0228  bal_acc=0.5538
  epoch  37/50  loss=0.0226  bal_acc=0.5434
  epoch  38/50  loss=0.0225  bal_acc=0.5434
  epoch  39/50  loss=0.0256  bal_acc=0.5503
  epoch  40/50  loss=0.0217  bal_acc=0.5503
  epoch  41/50  loss=0.0218  bal_acc=0.5417
  epoch  42/50  loss=0.0280  bal_acc=0.5469
  epoch  43/50  loss=0.0232  bal_acc=0.5573
  epoch  44/50  loss=0.0151  bal_acc=0.5434
  epoch  45/50  loss=0.0116  bal_acc=0.5469
  epoch  46/50  loss=0.0113  bal_acc=0.5469
  epoch  47/50  loss=0.0093  bal_acc=0.5399
  epoch  48/50  loss=0.0106  bal_acc=0.5521
  epoch  49/50  loss=0.0131  bal_acc=0.5521
  epoch  50/50  loss=0.0140  bal_acc=0.5399
  [LOSO 5/9] subject 4: acc=0.5399  running_mean=0.5306

=== LOSO (hold out subject 5) ===
  Train: 4608 trials  |  Test: 576 trials
  Model params: 45,954
  epoch   1/50  loss=1.3036  bal_acc=0.3906
  epoch   2/50  loss=1.0411  bal_acc=0.4444
  epoch   3/50  loss=0.8607  bal_acc=0.3872
  epoch   4/50  loss=0.7270  bal_acc=0.4375
  epoch   5/50  loss=0.6339  bal_acc=0.4722
  epoch   6/50  loss=0.5476  bal_acc=0.4236
  epoch   7/50  loss=0.4818  bal_acc=0.4757
  epoch   8/50  loss=0.4226  bal_acc=0.4861
  epoch   9/50  loss=0.3831  bal_acc=0.4531
  epoch  10/50  loss=0.3365  bal_acc=0.4392
  epoch  11/50  loss=0.2966  bal_acc=0.4531
  epoch  12/50  loss=0.2539  bal_acc=0.4618
  epoch  13/50  loss=0.2276  bal_acc=0.4514
  epoch  14/50  loss=0.2030  bal_acc=0.4670
  epoch  15/50  loss=0.1879  bal_acc=0.4462
  epoch  16/50  loss=0.1581  bal_acc=0.4531
  epoch  17/50  loss=0.1365  bal_acc=0.4566
  epoch  18/50  loss=0.1355  bal_acc=0.4549
  epoch  19/50  loss=0.1086  bal_acc=0.4583
  epoch  20/50  loss=0.0980  bal_acc=0.4236
  epoch  21/50  loss=0.0861  bal_acc=0.4740
  epoch  22/50  loss=0.0825  bal_acc=0.4583
  epoch  23/50  loss=0.0703  bal_acc=0.4427
  epoch  24/50  loss=0.0629  bal_acc=0.4722
  epoch  25/50  loss=0.0537  bal_acc=0.4601
  epoch  26/50  loss=0.0487  bal_acc=0.4618
  epoch  27/50  loss=0.0454  bal_acc=0.4462
  epoch  28/50  loss=0.0416  bal_acc=0.4844
  epoch  29/50  loss=0.0384  bal_acc=0.4497
  epoch  30/50  loss=0.0347  bal_acc=0.4601
  epoch  31/50  loss=0.0316  bal_acc=0.4410
  epoch  32/50  loss=0.0290  bal_acc=0.4392
  epoch  33/50  loss=0.0289  bal_acc=0.4740
  epoch  34/50  loss=0.0264  bal_acc=0.4844
  epoch  35/50  loss=0.0241  bal_acc=0.4722
  epoch  36/50  loss=0.0189  bal_acc=0.4531
  epoch  37/50  loss=0.0188  bal_acc=0.4601
  epoch  38/50  loss=0.0165  bal_acc=0.4740
  epoch  39/50  loss=0.0168  bal_acc=0.4618
  epoch  40/50  loss=0.0139  bal_acc=0.4566
  epoch  41/50  loss=0.0165  bal_acc=0.4740
  epoch  42/50  loss=0.0159  bal_acc=0.4427
  epoch  43/50  loss=0.0141  bal_acc=0.4358
  epoch  44/50  loss=0.0170  bal_acc=0.4288
  epoch  45/50  loss=0.0132  bal_acc=0.4462
  epoch  46/50  loss=0.0110  bal_acc=0.4601
  epoch  47/50  loss=0.0099  bal_acc=0.4705
  epoch  48/50  loss=0.0107  bal_acc=0.4809
  epoch  49/50  loss=0.0106  bal_acc=0.4653
  epoch  50/50  loss=0.0096  bal_acc=0.4323
  [LOSO 6/9] subject 5: acc=0.4323  running_mean=0.5142

=== LOSO (hold out subject 6) ===
  Train: 4608 trials  |  Test: 576 trials
  Model params: 45,954
  epoch   1/50  loss=1.3017  bal_acc=0.5417
  epoch   2/50  loss=1.0733  bal_acc=0.5938
  epoch   3/50  loss=0.9215  bal_acc=0.6354
  epoch   4/50  loss=0.7795  bal_acc=0.5694
  epoch   5/50  loss=0.6766  bal_acc=0.5920
  epoch   6/50  loss=0.5936  bal_acc=0.6059
  epoch   7/50  loss=0.5215  bal_acc=0.6128
  epoch   8/50  loss=0.4723  bal_acc=0.6337
  epoch   9/50  loss=0.4111  bal_acc=0.6319
  epoch  10/50  loss=0.3573  bal_acc=0.6094
  epoch  11/50  loss=0.3218  bal_acc=0.6267
  epoch  12/50  loss=0.2798  bal_acc=0.6250
  epoch  13/50  loss=0.2531  bal_acc=0.6215
  epoch  14/50  loss=0.2248  bal_acc=0.6128
  epoch  15/50  loss=0.2102  bal_acc=0.6111
  epoch  16/50  loss=0.1803  bal_acc=0.5885
  epoch  17/50  loss=0.1536  bal_acc=0.6094
  epoch  18/50  loss=0.1397  bal_acc=0.6059
  epoch  19/50  loss=0.1201  bal_acc=0.6128
  epoch  20/50  loss=0.1101  bal_acc=0.5851
  epoch  21/50  loss=0.0969  bal_acc=0.5816
  epoch  22/50  loss=0.0884  bal_acc=0.6042
  epoch  23/50  loss=0.0773  bal_acc=0.6007
  epoch  24/50  loss=0.0698  bal_acc=0.6128
  epoch  25/50  loss=0.0628  bal_acc=0.6024
  epoch  26/50  loss=0.0582  bal_acc=0.5990
  epoch  27/50  loss=0.0548  bal_acc=0.5920
  epoch  28/50  loss=0.0463  bal_acc=0.6024
  epoch  29/50  loss=0.0430  bal_acc=0.5712
  epoch  30/50  loss=0.0385  bal_acc=0.6111
  epoch  31/50  loss=0.0378  bal_acc=0.6007
  epoch  32/50  loss=0.0350  bal_acc=0.6198
  epoch  33/50  loss=0.0303  bal_acc=0.6094
  epoch  34/50  loss=0.0292  bal_acc=0.6059
  epoch  35/50  loss=0.0278  bal_acc=0.6007
  epoch  36/50  loss=0.0240  bal_acc=0.5729
  epoch  37/50  loss=0.0234  bal_acc=0.6024
  epoch  38/50  loss=0.0212  bal_acc=0.5799
  epoch  39/50  loss=0.0218  bal_acc=0.5816
  epoch  40/50  loss=0.0191  bal_acc=0.5955
  epoch  41/50  loss=0.0172  bal_acc=0.5816
  epoch  42/50  loss=0.0191  bal_acc=0.6094
  epoch  43/50  loss=0.0180  bal_acc=0.5903
  epoch  44/50  loss=0.0139  bal_acc=0.5851
  epoch  45/50  loss=0.0112  bal_acc=0.5955
  epoch  46/50  loss=0.0138  bal_acc=0.5764
  epoch  47/50  loss=0.0420  bal_acc=0.5920
  epoch  48/50  loss=0.0359  bal_acc=0.5503
  epoch  49/50  loss=0.0236  bal_acc=0.5851
  epoch  50/50  loss=0.0119  bal_acc=0.5694
  [LOSO 7/9] subject 6: acc=0.5694  running_mean=0.5221

=== LOSO (hold out subject 7) ===
  Train: 4608 trials  |  Test: 576 trials
  Model params: 45,954
  epoch   1/50  loss=1.3264  bal_acc=0.4167
  epoch   2/50  loss=1.0802  bal_acc=0.5642
  epoch   3/50  loss=0.9127  bal_acc=0.5434
  epoch   4/50  loss=0.7651  bal_acc=0.5868
  epoch   5/50  loss=0.6760  bal_acc=0.6024
  epoch   6/50  loss=0.5930  bal_acc=0.6285
  epoch   7/50  loss=0.5277  bal_acc=0.6267
  epoch   8/50  loss=0.4665  bal_acc=0.6163
  epoch   9/50  loss=0.4202  bal_acc=0.6441
  epoch  10/50  loss=0.3688  bal_acc=0.5972
  epoch  11/50  loss=0.3308  bal_acc=0.6250
  epoch  12/50  loss=0.2948  bal_acc=0.6285
  epoch  13/50  loss=0.2643  bal_acc=0.6250
  epoch  14/50  loss=0.2321  bal_acc=0.6458
  epoch  15/50  loss=0.2066  bal_acc=0.6337
  epoch  16/50  loss=0.1871  bal_acc=0.6042
  epoch  17/50  loss=0.1665  bal_acc=0.6094
  epoch  18/50  loss=0.1431  bal_acc=0.6250
  epoch  19/50  loss=0.1279  bal_acc=0.6354
  epoch  20/50  loss=0.1132  bal_acc=0.6215
  epoch  21/50  loss=0.1086  bal_acc=0.6302
  epoch  22/50  loss=0.0973  bal_acc=0.6319
  epoch  23/50  loss=0.0860  bal_acc=0.6198
  epoch  24/50  loss=0.0743  bal_acc=0.6198
  epoch  25/50  loss=0.0701  bal_acc=0.6354
  epoch  26/50  loss=0.0592  bal_acc=0.6285
  epoch  27/50  loss=0.0562  bal_acc=0.6372
  epoch  28/50  loss=0.0513  bal_acc=0.6267
  epoch  29/50  loss=0.0448  bal_acc=0.6372
  epoch  30/50  loss=0.0422  bal_acc=0.6354
  epoch  31/50  loss=0.0375  bal_acc=0.6250
  epoch  32/50  loss=0.0344  bal_acc=0.6389
  epoch  33/50  loss=0.0342  bal_acc=0.6389
  epoch  34/50  loss=0.0330  bal_acc=0.6319
  epoch  35/50  loss=0.0291  bal_acc=0.6302
  epoch  36/50  loss=0.0293  bal_acc=0.6406
  epoch  37/50  loss=0.0258  bal_acc=0.6302
  epoch  38/50  loss=0.0228  bal_acc=0.6354
  epoch  39/50  loss=0.0197  bal_acc=0.6337
  epoch  40/50  loss=0.0190  bal_acc=0.6302
  epoch  41/50  loss=0.0162  bal_acc=0.6354
  epoch  42/50  loss=0.0162  bal_acc=0.6302
  epoch  43/50  loss=0.0154  bal_acc=0.6233
  epoch  44/50  loss=0.0170  bal_acc=0.6354
  epoch  45/50  loss=0.0146  bal_acc=0.6163
  epoch  46/50  loss=0.0133  bal_acc=0.6372
  epoch  47/50  loss=0.0220  bal_acc=0.6146
  epoch  48/50  loss=0.0305  bal_acc=0.6302
  epoch  49/50  loss=0.0190  bal_acc=0.6285
  epoch  50/50  loss=0.0247  bal_acc=0.5990
  [LOSO 8/9] subject 7: acc=0.5990  running_mean=0.5317

=== LOSO (hold out subject 8) ===
  Train: 4608 trials  |  Test: 576 trials
  Model params: 45,954
  epoch   1/50  loss=1.3173  bal_acc=0.4062
  epoch   2/50  loss=1.1000  bal_acc=0.4392
  epoch   3/50  loss=0.9462  bal_acc=0.4410
  epoch   4/50  loss=0.8207  bal_acc=0.4583
  epoch   5/50  loss=0.7103  bal_acc=0.5399
  epoch   6/50  loss=0.6137  bal_acc=0.5191
  epoch   7/50  loss=0.5413  bal_acc=0.4983
  epoch   8/50  loss=0.4881  bal_acc=0.5469
  epoch   9/50  loss=0.4200  bal_acc=0.5451
  epoch  10/50  loss=0.3774  bal_acc=0.5226
  epoch  11/50  loss=0.3357  bal_acc=0.4861
  epoch  12/50  loss=0.2953  bal_acc=0.5608
  epoch  13/50  loss=0.2715  bal_acc=0.5104
  epoch  14/50  loss=0.2281  bal_acc=0.5226
  epoch  15/50  loss=0.2063  bal_acc=0.5226
  epoch  16/50  loss=0.1781  bal_acc=0.5330
  epoch  17/50  loss=0.1649  bal_acc=0.5903
  epoch  18/50  loss=0.1421  bal_acc=0.5677
  epoch  19/50  loss=0.1260  bal_acc=0.5677
  epoch  20/50  loss=0.1078  bal_acc=0.5764
  epoch  21/50  loss=0.0988  bal_acc=0.5521
  epoch  22/50  loss=0.0951  bal_acc=0.5486
  epoch  23/50  loss=0.0827  bal_acc=0.5399
  epoch  24/50  loss=0.0746  bal_acc=0.5434
  epoch  25/50  loss=0.0672  bal_acc=0.5382
  epoch  26/50  loss=0.0610  bal_acc=0.5747
  epoch  27/50  loss=0.0588  bal_acc=0.5590
  epoch  28/50  loss=0.0470  bal_acc=0.5677
  epoch  29/50  loss=0.0442  bal_acc=0.5486
  epoch  30/50  loss=0.0404  bal_acc=0.5556
  epoch  31/50  loss=0.0326  bal_acc=0.5573
  epoch  32/50  loss=0.0356  bal_acc=0.5434
  epoch  33/50  loss=0.0336  bal_acc=0.4913
  epoch  34/50  loss=0.0324  bal_acc=0.5347
  epoch  35/50  loss=0.0293  bal_acc=0.5868
  epoch  36/50  loss=0.0261  bal_acc=0.5486
  epoch  37/50  loss=0.0233  bal_acc=0.5747
  epoch  38/50  loss=0.0216  bal_acc=0.5417
  epoch  39/50  loss=0.0215  bal_acc=0.5434
  epoch  40/50  loss=0.0209  bal_acc=0.5556
  epoch  41/50  loss=0.0172  bal_acc=0.5677
  epoch  42/50  loss=0.0256  bal_acc=0.5330
  epoch  43/50  loss=0.0273  bal_acc=0.5243
  epoch  44/50  loss=0.0165  bal_acc=0.5677
  epoch  45/50  loss=0.0158  bal_acc=0.5556
  epoch  46/50  loss=0.0117  bal_acc=0.5694
  epoch  47/50  loss=0.0105  bal_acc=0.5469
  epoch  48/50  loss=0.0112  bal_acc=0.5434
  epoch  49/50  loss=0.0127  bal_acc=0.5469
  epoch  50/50  loss=0.0106  bal_acc=0.5642
  [LOSO 9/9] subject 8: acc=0.5642  running_mean=0.5353
Results saved to results/BNCI2014_001/results_trial_24.json
Trial logged to results/BNCI2014_001/trials.csv
[status] trial 24 done (state=COMPLETE, value=0.5353009259259259) -- 22 completed total
Device: cuda
[BNCI2014_001] loading from cache: /home/aleksander.berezowsk/.cache/spiking_eegnet/BNCI2014_001_af1ccf3e92f684d8a93c057082b654d7.npz
[BNCI2014_001] cache hit: (5184, 1, 22, 1001), classes=['feet', 'left_hand', 'right_hand', 'tongue'], subjects=9
Dataset meta: {'n_classes': 4, 'n_channels': 22, 'n_samples': 1001, 'class_names': ['feet', 'left_hand', 'right_hand', 'tongue'], 'subject_list': [1, 2, 3, 4, 5, 6, 7, 8, 9], 'n_subjects': 9, 'sfreq': 250.0}

=== LOSO (hold out subject 0) ===
  Train: 4608 trials  |  Test: 576 trials
  Model params: 40,740
  epoch   1/50  loss=1.3179  bal_acc=0.4132
  epoch   2/50  loss=1.0168  bal_acc=0.5122
  epoch   3/50  loss=0.8781  bal_acc=0.5712
  epoch   4/50  loss=0.7863  bal_acc=0.5451
  epoch   5/50  loss=0.7353  bal_acc=0.5208
  epoch   6/50  loss=0.6605  bal_acc=0.5330
  epoch   7/50  loss=0.6116  bal_acc=0.5312
  epoch   8/50  loss=0.5567  bal_acc=0.5000
  epoch   9/50  loss=0.5220  bal_acc=0.5278
  epoch  10/50  loss=0.4935  bal_acc=0.5399
  epoch  11/50  loss=0.5062  bal_acc=0.5764
  epoch  12/50  loss=0.4232  bal_acc=0.5920
  epoch  13/50  loss=0.4123  bal_acc=0.5538
  epoch  14/50  loss=0.4003  bal_acc=0.5833
  epoch  15/50  loss=0.3848  bal_acc=0.5747
  epoch  16/50  loss=0.3348  bal_acc=0.5938
  epoch  17/50  loss=0.3196  bal_acc=0.5573
  epoch  18/50  loss=0.3479  bal_acc=0.5781
  epoch  19/50  loss=0.3219  bal_acc=0.5469
  epoch  20/50  loss=0.3036  bal_acc=0.5538
  epoch  21/50  loss=0.2823  bal_acc=0.5851
  epoch  22/50  loss=0.2916  bal_acc=0.5660
  epoch  23/50  loss=0.2700  bal_acc=0.6059
  epoch  24/50  loss=0.2595  bal_acc=0.5677
  epoch  25/50  loss=0.2596  bal_acc=0.5365
  epoch  26/50  loss=0.2262  bal_acc=0.5451
  epoch  27/50  loss=0.2990  bal_acc=0.5781
  epoch  28/50  loss=0.2284  bal_acc=0.5938
  epoch  29/50  loss=0.2319  bal_acc=0.6128
  epoch  30/50  loss=0.2549  bal_acc=0.5642
  epoch  31/50  loss=0.2203  bal_acc=0.5851
  epoch  32/50  loss=0.2269  bal_acc=0.5451
  epoch  33/50  loss=0.2517  bal_acc=0.5278
  epoch  34/50  loss=0.2437  bal_acc=0.5556
  epoch  35/50  loss=0.2149  bal_acc=0.5660
  epoch  36/50  loss=0.2251  bal_acc=0.5208
  epoch  37/50  loss=0.2177  bal_acc=0.5729
  epoch  38/50  loss=0.2219  bal_acc=0.5625
  epoch  39/50  loss=0.2576  bal_acc=0.5712
  epoch  40/50  loss=0.2068  bal_acc=0.5851
  epoch  41/50  loss=0.1948  bal_acc=0.5347
  epoch  42/50  loss=0.2060  bal_acc=0.5781
  epoch  43/50  loss=0.1993  bal_acc=0.5712
  epoch  44/50  loss=0.2350  bal_acc=0.5920
  epoch  45/50  loss=0.2167  bal_acc=0.5799
  epoch  46/50  loss=0.1743  bal_acc=0.5590
  epoch  47/50  loss=0.1696  bal_acc=0.5833
  epoch  48/50  loss=0.1725  bal_acc=0.5434
  epoch  49/50  loss=0.2031  bal_acc=0.5503
  epoch  50/50  loss=0.1794  bal_acc=0.5365
  [LOSO 1/9] subject 0: acc=0.5365  running_mean=0.5365

=== LOSO (hold out subject 1) ===
  Train: 4608 trials  |  Test: 576 trials
  Model params: 40,740
  epoch   1/50  loss=1.3807  bal_acc=0.3872
  epoch   2/50  loss=1.0609  bal_acc=0.3472
  epoch   3/50  loss=0.9012  bal_acc=0.3924
  epoch   4/50  loss=0.8039  bal_acc=0.4618
  epoch   5/50  loss=0.7208  bal_acc=0.4809
  epoch   6/50  loss=0.6555  bal_acc=0.4618
  epoch   7/50  loss=0.6140  bal_acc=0.4913
  epoch   8/50  loss=0.5743  bal_acc=0.4253
  epoch   9/50  loss=0.5339  bal_acc=0.3854
  epoch  10/50  loss=0.4727  bal_acc=0.4097
  epoch  11/50  loss=0.4697  bal_acc=0.4271
  epoch  12/50  loss=0.4365  bal_acc=0.4288
  epoch  13/50  loss=0.3792  bal_acc=0.4462
  epoch  14/50  loss=0.3621  bal_acc=0.4253
  epoch  15/50  loss=0.3447  bal_acc=0.4097
  epoch  16/50  loss=0.3569  bal_acc=0.4722
  epoch  17/50  loss=0.3609  bal_acc=0.4323
  epoch  18/50  loss=0.3125  bal_acc=0.3993
  epoch  19/50  loss=0.2829  bal_acc=0.4531
  epoch  20/50  loss=0.3147  bal_acc=0.4479
  epoch  21/50  loss=0.2770  bal_acc=0.4497
  epoch  22/50  loss=0.2510  bal_acc=0.4132
  epoch  23/50  loss=0.2696  bal_acc=0.4323
  epoch  24/50  loss=0.2659  bal_acc=0.4149
  epoch  25/50  loss=0.2596  bal_acc=0.4479
  epoch  26/50  loss=0.2438  bal_acc=0.4375
  epoch  27/50  loss=0.2482  bal_acc=0.4444
  epoch  28/50  loss=0.2453  bal_acc=0.4514
  epoch  29/50  loss=0.2261  bal_acc=0.4219
  epoch  30/50  loss=0.2457  bal_acc=0.4774
  epoch  31/50  loss=0.2698  bal_acc=0.4722
  epoch  32/50  loss=0.2335  bal_acc=0.4635
  epoch  33/50  loss=0.2085  bal_acc=0.4497
  epoch  34/50  loss=0.2086  bal_acc=0.4236
  epoch  35/50  loss=0.1963  bal_acc=0.4497
  epoch  36/50  loss=0.2203  bal_acc=0.4878
  epoch  37/50  loss=0.2086  bal_acc=0.4306
  epoch  38/50  loss=0.2269  bal_acc=0.4809
  epoch  39/50  loss=0.2170  bal_acc=0.4531
  epoch  40/50  loss=0.2266  bal_acc=0.4566
  epoch  41/50  loss=0.2280  bal_acc=0.4375
  epoch  42/50  loss=0.1898  bal_acc=0.4323
  epoch  43/50  loss=0.2110  bal_acc=0.4462
  epoch  44/50  loss=0.2208  bal_acc=0.4462
  epoch  45/50  loss=0.2092  bal_acc=0.4201
  epoch  46/50  loss=0.2010  bal_acc=0.4288
  epoch  47/50  loss=0.1780  bal_acc=0.4358
  epoch  48/50  loss=0.1836  bal_acc=0.4566
  epoch  49/50  loss=0.1810  bal_acc=0.4549
  epoch  50/50  loss=0.2184  bal_acc=0.4444
  [LOSO 2/9] subject 1: acc=0.4444  running_mean=0.4905

=== LOSO (hold out subject 2) ===
  Train: 4608 trials  |  Test: 576 trials
  Model params: 40,740
  epoch   1/50  loss=1.3382  bal_acc=0.5226
  epoch   2/50  loss=1.1044  bal_acc=0.5677
  epoch   3/50  loss=0.9372  bal_acc=0.6632
  epoch   4/50  loss=0.8439  bal_acc=0.5625
  epoch   5/50  loss=0.7689  bal_acc=0.5851
  epoch   6/50  loss=0.7306  bal_acc=0.6389
  epoch   7/50  loss=0.6650  bal_acc=0.6128
  epoch   8/50  loss=0.6280  bal_acc=0.6562
  epoch   9/50  loss=0.5594  bal_acc=0.6823
  epoch  10/50  loss=0.5737  bal_acc=0.6042
  epoch  11/50  loss=0.5077  bal_acc=0.6684
  epoch  12/50  loss=0.4983  bal_acc=0.6250
  epoch  13/50  loss=0.4823  bal_acc=0.6007
  epoch  14/50  loss=0.4324  bal_acc=0.5781
  epoch  15/50  loss=0.4079  bal_acc=0.6875
  epoch  16/50  loss=0.4007  bal_acc=0.6285
  epoch  17/50  loss=0.3907  bal_acc=0.6597
  epoch  18/50  loss=0.3801  bal_acc=0.6597
  epoch  19/50  loss=0.3668  bal_acc=0.6684
  epoch  20/50  loss=0.3298  bal_acc=0.6146
  epoch  21/50  loss=0.3551  bal_acc=0.6354
  epoch  22/50  loss=0.3213  bal_acc=0.6667
  epoch  23/50  loss=0.3116  bal_acc=0.6059
  epoch  24/50  loss=0.3083  bal_acc=0.6545
  epoch  25/50  loss=0.3224  bal_acc=0.6319
  epoch  26/50  loss=0.2984  bal_acc=0.6771
  epoch  27/50  loss=0.2914  bal_acc=0.6649
  epoch  28/50  loss=0.2842  bal_acc=0.6649
  epoch  29/50  loss=0.2454  bal_acc=0.6337
  epoch  30/50  loss=0.2489  bal_acc=0.6667
  epoch  31/50  loss=0.2639  bal_acc=0.6528
  epoch  32/50  loss=0.2725  bal_acc=0.6215
  epoch  33/50  loss=0.2407  bal_acc=0.6128
  epoch  34/50  loss=0.2651  bal_acc=0.6719
  epoch  35/50  loss=0.3095  bal_acc=0.6250
  epoch  36/50  loss=0.3111  bal_acc=0.6267
  epoch  37/50  loss=0.2636  bal_acc=0.6580
  epoch  38/50  loss=0.2789  bal_acc=0.5955
  epoch  39/50  loss=0.2546  bal_acc=0.6615
  epoch  40/50  loss=0.2284  bal_acc=0.6285
  epoch  41/50  loss=0.2264  bal_acc=0.6771
  epoch  42/50  loss=0.2060  bal_acc=0.6424
  epoch  43/50  loss=0.2445  bal_acc=0.6667
  epoch  44/50  loss=0.2656  bal_acc=0.6753
  epoch  45/50  loss=0.2510  bal_acc=0.6372
  epoch  46/50  loss=0.2214  bal_acc=0.6632
  epoch  47/50  loss=0.2298  bal_acc=0.6042
  epoch  48/50  loss=0.1967  bal_acc=0.6719
  epoch  49/50  loss=0.2136  bal_acc=0.5955
  epoch  50/50  loss=0.2199  bal_acc=0.6510
  [LOSO 3/9] subject 2: acc=0.6510  running_mean=0.5440

=== LOSO (hold out subject 3) ===
  Train: 4608 trials  |  Test: 576 trials
  Model params: 40,740
  epoch   1/50  loss=1.3723  bal_acc=0.4184
  epoch   2/50  loss=1.0496  bal_acc=0.4531
  epoch   3/50  loss=0.8938  bal_acc=0.4549
  epoch   4/50  loss=0.8041  bal_acc=0.3646
  epoch   5/50  loss=0.7159  bal_acc=0.4566
  epoch   6/50  loss=0.6546  bal_acc=0.3924
  epoch   7/50  loss=0.5992  bal_acc=0.3854
  epoch   8/50  loss=0.5529  bal_acc=0.4688
  epoch   9/50  loss=0.5291  bal_acc=0.4462
  epoch  10/50  loss=0.4759  bal_acc=0.4323
  epoch  11/50  loss=0.4398  bal_acc=0.4479
  epoch  12/50  loss=0.4223  bal_acc=0.4444
  epoch  13/50  loss=0.3933  bal_acc=0.4705
  epoch  14/50  loss=0.3927  bal_acc=0.4688
  epoch  15/50  loss=0.3774  bal_acc=0.4774
  epoch  16/50  loss=0.3360  bal_acc=0.4410
  epoch  17/50  loss=0.3209  bal_acc=0.4444
  epoch  18/50  loss=0.3335  bal_acc=0.4306
  epoch  19/50  loss=0.3217  bal_acc=0.4392
  epoch  20/50  loss=0.3251  bal_acc=0.4167
  epoch  21/50  loss=0.3102  bal_acc=0.4965
  epoch  22/50  loss=0.3074  bal_acc=0.4444
  epoch  23/50  loss=0.2704  bal_acc=0.4410
  epoch  24/50  loss=0.2800  bal_acc=0.4097
  epoch  25/50  loss=0.2536  bal_acc=0.4167
  epoch  26/50  loss=0.2588  bal_acc=0.4635
  epoch  27/50  loss=0.2333  bal_acc=0.4045
  epoch  28/50  loss=0.2430  bal_acc=0.4583
  epoch  29/50  loss=0.2493  bal_acc=0.4497
  epoch  30/50  loss=0.2347  bal_acc=0.4549
  epoch  31/50  loss=0.2518  bal_acc=0.3715
  epoch  32/50  loss=0.2176  bal_acc=0.4253
  epoch  33/50  loss=0.2156  bal_acc=0.4635
  epoch  34/50  loss=0.2296  bal_acc=0.4167
  epoch  35/50  loss=0.2293  bal_acc=0.4149
  epoch  36/50  loss=0.2202  bal_acc=0.4236
  epoch  37/50  loss=0.2196  bal_acc=0.4132
  epoch  38/50  loss=0.2395  bal_acc=0.4115
  epoch  39/50  loss=0.2359  bal_acc=0.4253
  epoch  40/50  loss=0.1991  bal_acc=0.4392
  epoch  41/50  loss=0.2219  bal_acc=0.4201
  epoch  42/50  loss=0.1868  bal_acc=0.4670
  epoch  43/50  loss=0.1752  bal_acc=0.4306
  epoch  44/50  loss=0.2158  bal_acc=0.4531
  epoch  45/50  loss=0.2136  bal_acc=0.4358
  epoch  46/50  loss=0.2245  bal_acc=0.4444
  epoch  47/50  loss=0.1967  bal_acc=0.4514
  epoch  48/50  loss=0.1990  bal_acc=0.4375
  epoch  49/50  loss=0.1945  bal_acc=0.4149
  epoch  50/50  loss=0.1766  bal_acc=0.4688
  [LOSO 4/9] subject 3: acc=0.4688  running_mean=0.5252

=== LOSO (hold out subject 4) ===
  Train: 4608 trials  |  Test: 576 trials
  Model params: 40,740
  epoch   1/50  loss=1.3238  bal_acc=0.3403
  epoch   2/50  loss=0.9883  bal_acc=0.3854
  epoch   3/50  loss=0.8843  bal_acc=0.4097
  epoch   4/50  loss=0.7874  bal_acc=0.4757
  epoch   5/50  loss=0.6934  bal_acc=0.4566
  epoch   6/50  loss=0.6531  bal_acc=0.4861
  epoch   7/50  loss=0.6062  bal_acc=0.4861
  epoch   8/50  loss=0.5665  bal_acc=0.4410
  epoch   9/50  loss=0.5070  bal_acc=0.4549
  epoch  10/50  loss=0.4648  bal_acc=0.4358
  epoch  11/50  loss=0.4771  bal_acc=0.4080
  epoch  12/50  loss=0.4409  bal_acc=0.4236
  epoch  13/50  loss=0.4392  bal_acc=0.4948
  epoch  14/50  loss=0.3863  bal_acc=0.4931
  epoch  15/50  loss=0.3544  bal_acc=0.4931
  epoch  16/50  loss=0.3324  bal_acc=0.4201
  epoch  17/50  loss=0.3588  bal_acc=0.4826
  epoch  18/50  loss=0.3401  bal_acc=0.4983
  epoch  19/50  loss=0.3128  bal_acc=0.4549
  epoch  20/50  loss=0.3145  bal_acc=0.4323
  epoch  21/50  loss=0.2828  bal_acc=0.4861
  epoch  22/50  loss=0.3045  bal_acc=0.5017
  epoch  23/50  loss=0.2751  bal_acc=0.4410
  epoch  24/50  loss=0.2876  bal_acc=0.4757
  epoch  25/50  loss=0.2803  bal_acc=0.4618
  epoch  26/50  loss=0.2755  bal_acc=0.4687
  epoch  27/50  loss=0.2478  bal_acc=0.5191
  epoch  28/50  loss=0.2464  bal_acc=0.4566
  epoch  29/50  loss=0.2564  bal_acc=0.4653
  epoch  30/50  loss=0.2699  bal_acc=0.4132
  epoch  31/50  loss=0.2460  bal_acc=0.4514
  epoch  32/50  loss=0.2636  bal_acc=0.4514
  epoch  33/50  loss=0.2357  bal_acc=0.4427
  epoch  34/50  loss=0.2521  bal_acc=0.4479
  epoch  35/50  loss=0.2078  bal_acc=0.4236
  epoch  36/50  loss=0.2282  bal_acc=0.4253
  epoch  37/50  loss=0.2398  bal_acc=0.4497
  epoch  38/50  loss=0.2151  bal_acc=0.4635
  epoch  39/50  loss=0.2285  bal_acc=0.4444
  epoch  40/50  loss=0.1814  bal_acc=0.4861
  epoch  41/50  loss=0.2062  bal_acc=0.4323
  epoch  42/50  loss=0.2780  bal_acc=0.4340
  epoch  43/50  loss=0.2412  bal_acc=0.5243
  epoch  44/50  loss=0.2243  bal_acc=0.4670
  epoch  45/50  loss=0.2006  bal_acc=0.4722
  epoch  46/50  loss=0.1871  bal_acc=0.4861
  epoch  47/50  loss=0.1998  bal_acc=0.4497
  epoch  48/50  loss=0.1921  bal_acc=0.4896
  epoch  49/50  loss=0.2177  bal_acc=0.4549
  epoch  50/50  loss=0.2028  bal_acc=0.4965
  [LOSO 5/9] subject 4: acc=0.4965  running_mean=0.5194

=== LOSO (hold out subject 5) ===
  Train: 4608 trials  |  Test: 576 trials
  Model params: 40,740
  epoch   1/50  loss=1.3571  bal_acc=0.3958
  epoch   2/50  loss=0.9929  bal_acc=0.3698
  epoch   3/50  loss=0.8696  bal_acc=0.3941
  epoch   4/50  loss=0.7918  bal_acc=0.3733
  epoch   5/50  loss=0.7312  bal_acc=0.4340
  epoch   6/50  loss=0.6483  bal_acc=0.3698
  epoch   7/50  loss=0.5915  bal_acc=0.3872
  epoch   8/50  loss=0.5447  bal_acc=0.4549
  epoch   9/50  loss=0.5065  bal_acc=0.4219
  epoch  10/50  loss=0.4587  bal_acc=0.4288
  epoch  11/50  loss=0.4403  bal_acc=0.3889
  epoch  12/50  loss=0.4331  bal_acc=0.4323
  epoch  13/50  loss=0.3754  bal_acc=0.4323
  epoch  14/50  loss=0.3992  bal_acc=0.3628
  epoch  15/50  loss=0.3697  bal_acc=0.4583
  epoch  16/50  loss=0.3722  bal_acc=0.4479
  epoch  17/50  loss=0.3606  bal_acc=0.4340
  epoch  18/50  loss=0.3299  bal_acc=0.3872
  epoch  19/50  loss=0.3037  bal_acc=0.4236
  epoch  20/50  loss=0.2731  bal_acc=0.4497
  epoch  21/50  loss=0.2765  bal_acc=0.4531
  epoch  22/50  loss=0.2987  bal_acc=0.4375
  epoch  23/50  loss=0.2839  bal_acc=0.4410
  epoch  24/50  loss=0.2568  bal_acc=0.4618
  epoch  25/50  loss=0.2354  bal_acc=0.4271
  epoch  26/50  loss=0.2428  bal_acc=0.3993
  epoch  27/50  loss=0.2339  bal_acc=0.4427
  epoch  28/50  loss=0.2195  bal_acc=0.4462
  epoch  29/50  loss=0.2570  bal_acc=0.3906
  epoch  30/50  loss=0.2172  bal_acc=0.4288
  epoch  31/50  loss=0.2255  bal_acc=0.4184
  epoch  32/50  loss=0.2358  bal_acc=0.4375
  epoch  33/50  loss=0.1917  bal_acc=0.4618
  epoch  34/50  loss=0.2057  bal_acc=0.4080
  epoch  35/50  loss=0.2603  bal_acc=0.4479
  epoch  36/50  loss=0.2152  bal_acc=0.4566
  epoch  37/50  loss=0.2094  bal_acc=0.4392
  epoch  38/50  loss=0.2002  bal_acc=0.4670
  epoch  39/50  loss=0.1900  bal_acc=0.4462
  epoch  40/50  loss=0.1924  bal_acc=0.3941
  epoch  41/50  loss=0.2043  bal_acc=0.4462
  epoch  42/50  loss=0.1822  bal_acc=0.4444
  epoch  43/50  loss=0.1687  bal_acc=0.4444
  epoch  44/50  loss=0.2148  bal_acc=0.4306
  epoch  45/50  loss=0.1918  bal_acc=0.4306
  epoch  46/50  loss=0.1750  bal_acc=0.4583
  epoch  47/50  loss=0.2007  bal_acc=0.4323
  epoch  48/50  loss=0.1833  bal_acc=0.4115
  epoch  49/50  loss=0.2048  bal_acc=0.4010
  epoch  50/50  loss=0.1927  bal_acc=0.4288
  [LOSO 6/9] subject 5: acc=0.4288  running_mean=0.5043

=== LOSO (hold out subject 6) ===
  Train: 4608 trials  |  Test: 576 trials
  Model params: 40,740
  epoch   1/50  loss=1.3561  bal_acc=0.4809
  epoch   2/50  loss=1.0338  bal_acc=0.5278
  epoch   3/50  loss=0.9418  bal_acc=0.5399
  epoch   4/50  loss=0.8025  bal_acc=0.5521
  epoch   5/50  loss=0.7377  bal_acc=0.5469
  epoch   6/50  loss=0.6829  bal_acc=0.6094
  epoch   7/50  loss=0.6183  bal_acc=0.5972
  epoch   8/50  loss=0.5935  bal_acc=0.6510
  epoch   9/50  loss=0.5003  bal_acc=0.5816
  epoch  10/50  loss=0.4849  bal_acc=0.6372
  epoch  11/50  loss=0.4615  bal_acc=0.6059
  epoch  12/50  loss=0.4696  bal_acc=0.6111
  epoch  13/50  loss=0.3950  bal_acc=0.6111
  epoch  14/50  loss=0.3667  bal_acc=0.6215
  epoch  15/50  loss=0.3818  bal_acc=0.6128
  epoch  16/50  loss=0.3752  bal_acc=0.6354
  epoch  17/50  loss=0.3606  bal_acc=0.6337
  epoch  18/50  loss=0.3422  bal_acc=0.6076
  epoch  19/50  loss=0.3377  bal_acc=0.6285
  epoch  20/50  loss=0.3105  bal_acc=0.6198
  epoch  21/50  loss=0.3310  bal_acc=0.6181
  epoch  22/50  loss=0.3034  bal_acc=0.5920
  epoch  23/50  loss=0.2868  bal_acc=0.6337
  epoch  24/50  loss=0.3162  bal_acc=0.6458
  epoch  25/50  loss=0.3120  bal_acc=0.6424
  epoch  26/50  loss=0.2507  bal_acc=0.6441
  epoch  27/50  loss=0.2500  bal_acc=0.6094
  epoch  28/50  loss=0.2419  bal_acc=0.6233
  epoch  29/50  loss=0.2647  bal_acc=0.6146
  epoch  30/50  loss=0.2557  bal_acc=0.5868
  epoch  31/50  loss=0.2420  bal_acc=0.6181
  epoch  32/50  loss=0.2672  bal_acc=0.6042
  epoch  33/50  loss=0.2447  bal_acc=0.6024
  epoch  34/50  loss=0.2276  bal_acc=0.6128
  epoch  35/50  loss=0.2411  bal_acc=0.6059
  epoch  36/50  loss=0.2211  bal_acc=0.6198
  epoch  37/50  loss=0.2384  bal_acc=0.6198
  epoch  38/50  loss=0.2313  bal_acc=0.5851
  epoch  39/50  loss=0.2555  bal_acc=0.6181
  epoch  40/50  loss=0.2509  bal_acc=0.6319
  epoch  41/50  loss=0.1896  bal_acc=0.6302
  epoch  42/50  loss=0.2094  bal_acc=0.6094
  epoch  43/50  loss=0.2093  bal_acc=0.6285
  epoch  44/50  loss=0.2237  bal_acc=0.6059
  epoch  45/50  loss=0.2161  bal_acc=0.6372
  epoch  46/50  loss=0.1991  bal_acc=0.6076
  epoch  47/50  loss=0.1888  bal_acc=0.6267
  epoch  48/50  loss=0.1923  bal_acc=0.6163
  epoch  49/50  loss=0.2020  bal_acc=0.6007
  epoch  50/50  loss=0.1862  bal_acc=0.6302
  [LOSO 7/9] subject 6: acc=0.6302  running_mean=0.5223

=== LOSO (hold out subject 7) ===
  Train: 4608 trials  |  Test: 576 trials
  Model params: 40,740
  epoch   1/50  loss=1.3676  bal_acc=0.5035
  epoch   2/50  loss=1.0650  bal_acc=0.5799
  epoch   3/50  loss=0.9258  bal_acc=0.6059
  epoch   4/50  loss=0.8190  bal_acc=0.5660
  epoch   5/50  loss=0.7665  bal_acc=0.6597
  epoch   6/50  loss=0.7016  bal_acc=0.6302
  epoch   7/50  loss=0.6301  bal_acc=0.5503
  epoch   8/50  loss=0.5956  bal_acc=0.6302
  epoch   9/50  loss=0.5616  bal_acc=0.6059
  epoch  10/50  loss=0.5147  bal_acc=0.5990
  epoch  11/50  loss=0.5029  bal_acc=0.6215
  epoch  12/50  loss=0.4731  bal_acc=0.5920
  epoch  13/50  loss=0.4228  bal_acc=0.6319
  epoch  14/50  loss=0.4317  bal_acc=0.5938
  epoch  15/50  loss=0.3752  bal_acc=0.6233
  epoch  16/50  loss=0.3805  bal_acc=0.6545
  epoch  17/50  loss=0.3757  bal_acc=0.6441
  epoch  18/50  loss=0.3320  bal_acc=0.6285
  epoch  19/50  loss=0.3214  bal_acc=0.6076
  epoch  20/50  loss=0.3115  bal_acc=0.6146
  epoch  21/50  loss=0.2870  bal_acc=0.6111
  epoch  22/50  loss=0.3284  bal_acc=0.6302
  epoch  23/50  loss=0.2908  bal_acc=0.5972
  epoch  24/50  loss=0.2779  bal_acc=0.6076
  epoch  25/50  loss=0.3012  bal_acc=0.5712
  epoch  26/50  loss=0.2942  bal_acc=0.6042
  epoch  27/50  loss=0.2709  bal_acc=0.6389
  epoch  28/50  loss=0.2600  bal_acc=0.6441
  epoch  29/50  loss=0.2947  bal_acc=0.6510
  epoch  30/50  loss=0.2461  bal_acc=0.6528
  epoch  31/50  loss=0.2397  bal_acc=0.6528
  epoch  32/50  loss=0.2811  bal_acc=0.6493
  epoch  33/50  loss=0.2397  bal_acc=0.6024
  epoch  34/50  loss=0.2169  bal_acc=0.6406
  epoch  35/50  loss=0.2584  bal_acc=0.6354
  epoch  36/50  loss=0.2318  bal_acc=0.6007
  epoch  37/50  loss=0.2229  bal_acc=0.6233
  epoch  38/50  loss=0.2260  bal_acc=0.6267
  epoch  39/50  loss=0.2103  bal_acc=0.6181
  epoch  40/50  loss=0.2605  bal_acc=0.6441
  epoch  41/50  loss=0.2368  bal_acc=0.5816
  epoch  42/50  loss=0.2246  bal_acc=0.6024
  epoch  43/50  loss=0.2509  bal_acc=0.5938
  epoch  44/50  loss=0.2065  bal_acc=0.6076
  epoch  45/50  loss=0.2214  bal_acc=0.6094
  epoch  46/50  loss=0.2303  bal_acc=0.6076
  epoch  47/50  loss=0.2344  bal_acc=0.6215
  epoch  48/50  loss=0.1963  bal_acc=0.6302
  epoch  49/50  loss=0.1859  bal_acc=0.6406
  epoch  50/50  loss=0.1944  bal_acc=0.6424
  [LOSO 8/9] subject 7: acc=0.6424  running_mean=0.5373

=== LOSO (hold out subject 8) ===
  Train: 4608 trials  |  Test: 576 trials
  Model params: 40,740
  epoch   1/50  loss=1.3317  bal_acc=0.4201
  epoch   2/50  loss=1.0468  bal_acc=0.4722
  epoch   3/50  loss=0.9449  bal_acc=0.5156
  epoch   4/50  loss=0.8390  bal_acc=0.4983
  epoch   5/50  loss=0.7788  bal_acc=0.5694
  epoch   6/50  loss=0.7240  bal_acc=0.5764
  epoch   7/50  loss=0.6513  bal_acc=0.4896
  epoch   8/50  loss=0.6015  bal_acc=0.4878
  epoch   9/50  loss=0.5696  bal_acc=0.5538
  epoch  10/50  loss=0.5347  bal_acc=0.5017
  epoch  11/50  loss=0.5057  bal_acc=0.4913
  epoch  12/50  loss=0.4514  bal_acc=0.5104
  epoch  13/50  loss=0.4325  bal_acc=0.4410
  epoch  14/50  loss=0.4458  bal_acc=0.5521
  epoch  15/50  loss=0.4189  bal_acc=0.5000
  epoch  16/50  loss=0.3590  bal_acc=0.4792
  epoch  17/50  loss=0.3754  bal_acc=0.4878
  epoch  18/50  loss=0.3748  bal_acc=0.5174
  epoch  19/50  loss=0.3341  bal_acc=0.5434
  epoch  20/50  loss=0.3318  bal_acc=0.5260
  epoch  21/50  loss=0.3339  bal_acc=0.5122
  epoch  22/50  loss=0.3156  bal_acc=0.5469
  epoch  23/50  loss=0.2830  bal_acc=0.4948
  epoch  24/50  loss=0.2876  bal_acc=0.5312
  epoch  25/50  loss=0.2886  bal_acc=0.5399
  epoch  26/50  loss=0.2352  bal_acc=0.5521
  epoch  27/50  loss=0.3018  bal_acc=0.6042
  epoch  28/50  loss=0.2646  bal_acc=0.5677
  epoch  29/50  loss=0.2400  bal_acc=0.5382
  epoch  30/50  loss=0.2813  bal_acc=0.4913
  epoch  31/50  loss=0.2479  bal_acc=0.5399
  epoch  32/50  loss=0.2767  bal_acc=0.4740
  epoch  33/50  loss=0.2322  bal_acc=0.5764
  epoch  34/50  loss=0.2321  bal_acc=0.5608
  epoch  35/50  loss=0.2476  bal_acc=0.4705
  epoch  36/50  loss=0.2355  bal_acc=0.5382
  epoch  37/50  loss=0.2354  bal_acc=0.5226
  epoch  38/50  loss=0.2327  bal_acc=0.4705
  epoch  39/50  loss=0.2461  bal_acc=0.5035
  epoch  40/50  loss=0.2102  bal_acc=0.5174
  epoch  41/50  loss=0.2146  bal_acc=0.5538
  epoch  42/50  loss=0.2012  bal_acc=0.4809
  epoch  43/50  loss=0.2145  bal_acc=0.5330
  epoch  44/50  loss=0.1990  bal_acc=0.5556
  epoch  45/50  loss=0.1920  bal_acc=0.5729
  epoch  46/50  loss=0.2192  bal_acc=0.5174
  epoch  47/50  loss=0.2409  bal_acc=0.4931
  epoch  48/50  loss=0.2214  bal_acc=0.4497
  epoch  49/50  loss=0.2381  bal_acc=0.4931
  epoch  50/50  loss=0.2001  bal_acc=0.5521
  [LOSO 9/9] subject 8: acc=0.5521  running_mean=0.5390
Results saved to results/BNCI2014_001/results_trial_27.json
Trial logged to results/BNCI2014_001/trials.csv
[status] trial 27 done (state=COMPLETE, value=0.538966049382716) -- 26 completed total
Device: cuda
[BNCI2014_001] loading from cache: /home/aleksander.berezowsk/.cache/spiking_eegnet/BNCI2014_001_af1ccf3e92f684d8a93c057082b654d7.npz
[BNCI2014_001] cache hit: (5184, 1, 22, 1001), classes=['feet', 'left_hand', 'right_hand', 'tongue'], subjects=9
Dataset meta: {'n_classes': 4, 'n_channels': 22, 'n_samples': 1001, 'class_names': ['feet', 'left_hand', 'right_hand', 'tongue'], 'subject_list': [1, 2, 3, 4, 5, 6, 7, 8, 9], 'n_subjects': 9, 'sfreq': 250.0}

=== LOSO (hold out subject 0) ===
  Train: 4608 trials  |  Test: 576 trials
  Model params: 10,141
  epoch   1/50  loss=1.3394  bal_acc=0.4010
  epoch   2/50  loss=1.1953  bal_acc=0.4323
  epoch   3/50  loss=1.0731  bal_acc=0.4705
  epoch   4/50  loss=0.9708  bal_acc=0.4878
  epoch   5/50  loss=0.9076  bal_acc=0.5156
  epoch   6/50  loss=0.8544  bal_acc=0.4861
  epoch   7/50  loss=0.8032  bal_acc=0.4948
  epoch   8/50  loss=0.7696  bal_acc=0.5052
  epoch   9/50  loss=0.7336  bal_acc=0.5208
  epoch  10/50  loss=0.7083  bal_acc=0.5486
  epoch  11/50  loss=0.6811  bal_acc=0.5625
  epoch  12/50  loss=0.6434  bal_acc=0.5260
  epoch  13/50  loss=0.6251  bal_acc=0.5434
  epoch  14/50  loss=0.6190  bal_acc=0.5347
  epoch  15/50  loss=0.5941  bal_acc=0.5538
  epoch  16/50  loss=0.5873  bal_acc=0.5955
  epoch  17/50  loss=0.5792  bal_acc=0.5660
  epoch  18/50  loss=0.5485  bal_acc=0.5625
  epoch  19/50  loss=0.5388  bal_acc=0.5781
  epoch  20/50  loss=0.5214  bal_acc=0.5208
  epoch  21/50  loss=0.5190  bal_acc=0.5191
  epoch  22/50  loss=0.4984  bal_acc=0.5191
  epoch  23/50  loss=0.5062  bal_acc=0.5156
  epoch  24/50  loss=0.5009  bal_acc=0.5278
  epoch  25/50  loss=0.4787  bal_acc=0.4601
  epoch  26/50  loss=0.4715  bal_acc=0.5556
  epoch  27/50  loss=0.4762  bal_acc=0.4913
  epoch  28/50  loss=0.4543  bal_acc=0.4983
  epoch  29/50  loss=0.4392  bal_acc=0.5069
  epoch  30/50  loss=0.4429  bal_acc=0.5625
  epoch  31/50  loss=0.4220  bal_acc=0.5226
  epoch  32/50  loss=0.4270  bal_acc=0.5312
  epoch  33/50  loss=0.4206  bal_acc=0.5278
  epoch  34/50  loss=0.4337  bal_acc=0.5347
  epoch  35/50  loss=0.4053  bal_acc=0.5069
  epoch  36/50  loss=0.3943  bal_acc=0.5347
  epoch  37/50  loss=0.3980  bal_acc=0.5399
  epoch  38/50  loss=0.3888  bal_acc=0.5278
  epoch  39/50  loss=0.3879  bal_acc=0.5625
  epoch  40/50  loss=0.3781  bal_acc=0.5260
  epoch  41/50  loss=0.3803  bal_acc=0.5399
  epoch  42/50  loss=0.3676  bal_acc=0.5469
  epoch  43/50  loss=0.3557  bal_acc=0.5469
  epoch  44/50  loss=0.3607  bal_acc=0.5278
  epoch  45/50  loss=0.3634  bal_acc=0.5486
  epoch  46/50  loss=0.3593  bal_acc=0.5451
  epoch  47/50  loss=0.3409  bal_acc=0.5521
  epoch  48/50  loss=0.3405  bal_acc=0.5694
  epoch  49/50  loss=0.3465  bal_acc=0.5955
  epoch  50/50  loss=0.3350  bal_acc=0.5503
  [LOSO 1/9] subject 0: acc=0.5503  running_mean=0.5503

=== LOSO (hold out subject 1) ===
  Train: 4608 trials  |  Test: 576 trials
  Model params: 10,141
  epoch   1/50  loss=1.3382  bal_acc=0.3542
  epoch   2/50  loss=1.1175  bal_acc=0.3785
  epoch   3/50  loss=0.9744  bal_acc=0.4028
  epoch   4/50  loss=0.8907  bal_acc=0.4392
  epoch   5/50  loss=0.8275  bal_acc=0.4549
  epoch   6/50  loss=0.7713  bal_acc=0.4444
  epoch   7/50  loss=0.7246  bal_acc=0.4618
  epoch   8/50  loss=0.6956  bal_acc=0.4253
  epoch   9/50  loss=0.6607  bal_acc=0.4479
  epoch  10/50  loss=0.6407  bal_acc=0.4375
  epoch  11/50  loss=0.6128  bal_acc=0.4080
  epoch  12/50  loss=0.6051  bal_acc=0.4462
  epoch  13/50  loss=0.5741  bal_acc=0.4670
  epoch  14/50  loss=0.5489  bal_acc=0.4201
  epoch  15/50  loss=0.5543  bal_acc=0.4635
  epoch  16/50  loss=0.5298  bal_acc=0.4653
  epoch  17/50  loss=0.5209  bal_acc=0.4809
  epoch  18/50  loss=0.4955  bal_acc=0.4497
  epoch  19/50  loss=0.4992  bal_acc=0.4653
  epoch  20/50  loss=0.4769  bal_acc=0.4531
  epoch  21/50  loss=0.4546  bal_acc=0.4549
  epoch  22/50  loss=0.4491  bal_acc=0.4531
  epoch  23/50  loss=0.4450  bal_acc=0.4635
  epoch  24/50  loss=0.4347  bal_acc=0.4375
  epoch  25/50  loss=0.4248  bal_acc=0.4670
  epoch  26/50  loss=0.4093  bal_acc=0.4323
  epoch  27/50  loss=0.4005  bal_acc=0.4757
  epoch  28/50  loss=0.3921  bal_acc=0.4358
  epoch  29/50  loss=0.3919  bal_acc=0.4601
  epoch  30/50  loss=0.3735  bal_acc=0.4410
  epoch  31/50  loss=0.3866  bal_acc=0.4028
  epoch  32/50  loss=0.3824  bal_acc=0.4358
  epoch  33/50  loss=0.3708  bal_acc=0.4462
  epoch  34/50  loss=0.3574  bal_acc=0.4462
  epoch  35/50  loss=0.3708  bal_acc=0.4444
  epoch  36/50  loss=0.3415  bal_acc=0.4514
  epoch  37/50  loss=0.3370  bal_acc=0.4774
  epoch  38/50  loss=0.3376  bal_acc=0.4358
  epoch  39/50  loss=0.3374  bal_acc=0.4201
  epoch  40/50  loss=0.3304  bal_acc=0.4358
  epoch  41/50  loss=0.3221  bal_acc=0.4653
  epoch  42/50  loss=0.3099  bal_acc=0.4583
  epoch  43/50  loss=0.3080  bal_acc=0.4392
  epoch  44/50  loss=0.3086  bal_acc=0.4323
  epoch  45/50  loss=0.3120  bal_acc=0.4253
  epoch  46/50  loss=0.2950  bal_acc=0.4618
  epoch  47/50  loss=0.3000  bal_acc=0.4340
  epoch  48/50  loss=0.3093  bal_acc=0.4583
  epoch  49/50  loss=0.2872  bal_acc=0.4271
  epoch  50/50  loss=0.2743  bal_acc=0.4340
  [LOSO 2/9] subject 1: acc=0.4340  running_mean=0.4922

=== LOSO (hold out subject 2) ===
  Train: 4608 trials  |  Test: 576 trials
  Model params: 10,141
  epoch   1/50  loss=1.3615  bal_acc=0.4167
  epoch   2/50  loss=1.2011  bal_acc=0.5000
  epoch   3/50  loss=1.0579  bal_acc=0.5382
  epoch   4/50  loss=0.9741  bal_acc=0.5903
  epoch   5/50  loss=0.8942  bal_acc=0.6128
  epoch   6/50  loss=0.8358  bal_acc=0.6250
  epoch   7/50  loss=0.7933  bal_acc=0.6701
  epoch   8/50  loss=0.7444  bal_acc=0.6684
  epoch   9/50  loss=0.7203  bal_acc=0.7326
  epoch  10/50  loss=0.6967  bal_acc=0.6771
  epoch  11/50  loss=0.6693  bal_acc=0.6858
  epoch  12/50  loss=0.6421  bal_acc=0.7431
  epoch  13/50  loss=0.6089  bal_acc=0.6441
  epoch  14/50  loss=0.6031  bal_acc=0.7170
  epoch  15/50  loss=0.5844  bal_acc=0.6962
  epoch  16/50  loss=0.5743  bal_acc=0.6979
  epoch  17/50  loss=0.5518  bal_acc=0.6562
  epoch  18/50  loss=0.5462  bal_acc=0.6510
  epoch  19/50  loss=0.5257  bal_acc=0.7049
  epoch  20/50  loss=0.5157  bal_acc=0.6649
  epoch  21/50  loss=0.5086  bal_acc=0.6597
  epoch  22/50  loss=0.4982  bal_acc=0.7135
  epoch  23/50  loss=0.4867  bal_acc=0.6562
  epoch  24/50  loss=0.4693  bal_acc=0.6875
  epoch  25/50  loss=0.4629  bal_acc=0.6910
  epoch  26/50  loss=0.4682  bal_acc=0.6562
  epoch  27/50  loss=0.4506  bal_acc=0.6892
  epoch  28/50  loss=0.4274  bal_acc=0.7101
  epoch  29/50  loss=0.4381  bal_acc=0.6684
  epoch  30/50  loss=0.4313  bal_acc=0.6927
  epoch  31/50  loss=0.4230  bal_acc=0.6875
  epoch  32/50  loss=0.4176  bal_acc=0.6788
  epoch  33/50  loss=0.4095  bal_acc=0.6597
  epoch  34/50  loss=0.3998  bal_acc=0.6736
  epoch  35/50  loss=0.3962  bal_acc=0.6875
  epoch  36/50  loss=0.4000  bal_acc=0.6736
  epoch  37/50  loss=0.3775  bal_acc=0.6736
  epoch  38/50  loss=0.3719  bal_acc=0.6233
  epoch  39/50  loss=0.3802  bal_acc=0.6736
  epoch  40/50  loss=0.3681  bal_acc=0.7274
  epoch  41/50  loss=0.3687  bal_acc=0.7049
  epoch  42/50  loss=0.3662  bal_acc=0.6806
  epoch  43/50  loss=0.3407  bal_acc=0.6927
  epoch  44/50  loss=0.3497  bal_acc=0.7049
  epoch  45/50  loss=0.3370  bal_acc=0.6840
  epoch  46/50  loss=0.3360  bal_acc=0.6858
  epoch  47/50  loss=0.3349  bal_acc=0.6962
  epoch  48/50  loss=0.3333  bal_acc=0.7170
  epoch  49/50  loss=0.3322  bal_acc=0.7049
  epoch  50/50  loss=0.3256  bal_acc=0.6927
  [LOSO 3/9] subject 2: acc=0.6927  running_mean=0.5590

=== LOSO (hold out subject 3) ===
  Train: 4608 trials  |  Test: 576 trials
  Model params: 10,141
  epoch   1/50  loss=1.3411  bal_acc=0.3715
  epoch   2/50  loss=1.1748  bal_acc=0.4462
  epoch   3/50  loss=1.0417  bal_acc=0.4288
  epoch   4/50  loss=0.9468  bal_acc=0.3993
  epoch   5/50  loss=0.8602  bal_acc=0.3976
  epoch   6/50  loss=0.7899  bal_acc=0.4097
  epoch   7/50  loss=0.7611  bal_acc=0.4236
  epoch   8/50  loss=0.7101  bal_acc=0.4462
  epoch   9/50  loss=0.6842  bal_acc=0.4427
  epoch  10/50  loss=0.6517  bal_acc=0.3594
  epoch  11/50  loss=0.6243  bal_acc=0.4566
  epoch  12/50  loss=0.5970  bal_acc=0.3524
  epoch  13/50  loss=0.5812  bal_acc=0.4410
  epoch  14/50  loss=0.5643  bal_acc=0.3767
  epoch  15/50  loss=0.5444  bal_acc=0.3993
  epoch  16/50  loss=0.5275  bal_acc=0.4149
  epoch  17/50  loss=0.5182  bal_acc=0.4340
  epoch  18/50  loss=0.5127  bal_acc=0.4097
  epoch  19/50  loss=0.4885  bal_acc=0.4097
  epoch  20/50  loss=0.4768  bal_acc=0.3854
  epoch  21/50  loss=0.4764  bal_acc=0.4427
  epoch  22/50  loss=0.4570  bal_acc=0.4288
  epoch  23/50  loss=0.4483  bal_acc=0.4167
  epoch  24/50  loss=0.4532  bal_acc=0.4340
  epoch  25/50  loss=0.4312  bal_acc=0.4236
  epoch  26/50  loss=0.4273  bal_acc=0.4323
  epoch  27/50  loss=0.4260  bal_acc=0.4288
  epoch  28/50  loss=0.4163  bal_acc=0.4427
  epoch  29/50  loss=0.3915  bal_acc=0.4479
  epoch  30/50  loss=0.3974  bal_acc=0.4115
  epoch  31/50  loss=0.3804  bal_acc=0.4497
  epoch  32/50  loss=0.3758  bal_acc=0.4444
  epoch  33/50  loss=0.3772  bal_acc=0.4410
  epoch  34/50  loss=0.3739  bal_acc=0.4392
  epoch  35/50  loss=0.3550  bal_acc=0.4219
  epoch  36/50  loss=0.3503  bal_acc=0.4444
  epoch  37/50  loss=0.3585  bal_acc=0.4323
  epoch  38/50  loss=0.3373  bal_acc=0.4410
  epoch  39/50  loss=0.3534  bal_acc=0.4184
  epoch  40/50  loss=0.3443  bal_acc=0.4375
  epoch  41/50  loss=0.3419  bal_acc=0.4201
  epoch  42/50  loss=0.3265  bal_acc=0.4219
  epoch  43/50  loss=0.3333  bal_acc=0.4340
  epoch  44/50  loss=0.3231  bal_acc=0.4219
  epoch  45/50  loss=0.3154  bal_acc=0.4427
  epoch  46/50  loss=0.3216  bal_acc=0.4635
  epoch  47/50  loss=0.3036  bal_acc=0.4514
  epoch  48/50  loss=0.3044  bal_acc=0.4566
  epoch  49/50  loss=0.3061  bal_acc=0.4635
  epoch  50/50  loss=0.3017  bal_acc=0.4774
  [LOSO 4/9] subject 3: acc=0.4774  running_mean=0.5386

=== LOSO (hold out subject 4) ===
  Train: 4608 trials  |  Test: 576 trials
  Model params: 10,141
  epoch   1/50  loss=1.3356  bal_acc=0.3611
  epoch   2/50  loss=1.1565  bal_acc=0.4236
  epoch   3/50  loss=1.0261  bal_acc=0.3403
  epoch   4/50  loss=0.9129  bal_acc=0.3715
  epoch   5/50  loss=0.8350  bal_acc=0.3715
  epoch   6/50  loss=0.7916  bal_acc=0.3854
  epoch   7/50  loss=0.7387  bal_acc=0.3837
  epoch   8/50  loss=0.7222  bal_acc=0.4010
  epoch   9/50  loss=0.6739  bal_acc=0.3941
  epoch  10/50  loss=0.6592  bal_acc=0.4497
  epoch  11/50  loss=0.6216  bal_acc=0.4618
  epoch  12/50  loss=0.6024  bal_acc=0.5104
  epoch  13/50  loss=0.5873  bal_acc=0.5017
  epoch  14/50  loss=0.5590  bal_acc=0.5069
  epoch  15/50  loss=0.5482  bal_acc=0.4861
  epoch  16/50  loss=0.5355  bal_acc=0.4635
  epoch  17/50  loss=0.5223  bal_acc=0.4219
  epoch  18/50  loss=0.5089  bal_acc=0.4844
  epoch  19/50  loss=0.4877  bal_acc=0.4948
  epoch  20/50  loss=0.4726  bal_acc=0.4653
  epoch  21/50  loss=0.4799  bal_acc=0.4670
  epoch  22/50  loss=0.4677  bal_acc=0.4878
  epoch  23/50  loss=0.4485  bal_acc=0.4688
  epoch  24/50  loss=0.4461  bal_acc=0.4792
  epoch  25/50  loss=0.4438  bal_acc=0.4514
  epoch  26/50  loss=0.4195  bal_acc=0.4653
  epoch  27/50  loss=0.4086  bal_acc=0.4688
  epoch  28/50  loss=0.4181  bal_acc=0.4653
  epoch  29/50  loss=0.3973  bal_acc=0.4722
  epoch  30/50  loss=0.3927  bal_acc=0.4583
  epoch  31/50  loss=0.3822  bal_acc=0.4583
  epoch  32/50  loss=0.3778  bal_acc=0.4774
  epoch  33/50  loss=0.3779  bal_acc=0.4618
  epoch  34/50  loss=0.3725  bal_acc=0.4757
  epoch  35/50  loss=0.3574  bal_acc=0.4410
  epoch  36/50  loss=0.3654  bal_acc=0.4479
  epoch  37/50  loss=0.3558  bal_acc=0.4444
  epoch  38/50  loss=0.3498  bal_acc=0.4618
  epoch  39/50  loss=0.3358  bal_acc=0.4618
  epoch  40/50  loss=0.3368  bal_acc=0.4462
  epoch  41/50  loss=0.3356  bal_acc=0.4618
  epoch  42/50  loss=0.3450  bal_acc=0.4740
  epoch  43/50  loss=0.3147  bal_acc=0.4826
  epoch  44/50  loss=0.3177  bal_acc=0.4635
  epoch  45/50  loss=0.3136  bal_acc=0.4809
  epoch  46/50  loss=0.3075  bal_acc=0.4774
  epoch  47/50  loss=0.2960  bal_acc=0.4983
  epoch  48/50  loss=0.3069  bal_acc=0.4288
  epoch  49/50  loss=0.2946  bal_acc=0.4740
  epoch  50/50  loss=0.2867  bal_acc=0.4757
  [LOSO 5/9] subject 4: acc=0.4757  running_mean=0.5260

=== LOSO (hold out subject 5) ===
  Train: 4608 trials  |  Test: 576 trials
  Model params: 10,141
  epoch   1/50  loss=1.3265  bal_acc=0.3941
  epoch   2/50  loss=1.1410  bal_acc=0.4062
  epoch   3/50  loss=1.0113  bal_acc=0.4115
  epoch   4/50  loss=0.9280  bal_acc=0.4167
  epoch   5/50  loss=0.8702  bal_acc=0.4219
  epoch   6/50  loss=0.8044  bal_acc=0.3889
  epoch   7/50  loss=0.7541  bal_acc=0.3958
  epoch   8/50  loss=0.7220  bal_acc=0.4028
  epoch   9/50  loss=0.6767  bal_acc=0.3333
  epoch  10/50  loss=0.6501  bal_acc=0.4288
  epoch  11/50  loss=0.6293  bal_acc=0.3854
  epoch  12/50  loss=0.6072  bal_acc=0.4045
  epoch  13/50  loss=0.5760  bal_acc=0.3785
  epoch  14/50  loss=0.5782  bal_acc=0.4149
  epoch  15/50  loss=0.5445  bal_acc=0.4288
  epoch  16/50  loss=0.5318  bal_acc=0.4444
  epoch  17/50  loss=0.5124  bal_acc=0.4236
  epoch  18/50  loss=0.5049  bal_acc=0.3819
  epoch  19/50  loss=0.5071  bal_acc=0.3802
  epoch  20/50  loss=0.4808  bal_acc=0.4444
  epoch  21/50  loss=0.4742  bal_acc=0.4201
  epoch  22/50  loss=0.4651  bal_acc=0.4115
  epoch  23/50  loss=0.4401  bal_acc=0.4253
  epoch  24/50  loss=0.4372  bal_acc=0.4045
  epoch  25/50  loss=0.4243  bal_acc=0.4253
  epoch  26/50  loss=0.4265  bal_acc=0.4740
  epoch  27/50  loss=0.4106  bal_acc=0.4514
  epoch  28/50  loss=0.4080  bal_acc=0.4705
  epoch  29/50  loss=0.3962  bal_acc=0.3941
  epoch  30/50  loss=0.3992  bal_acc=0.4253
  epoch  31/50  loss=0.3862  bal_acc=0.4497
  epoch  32/50  loss=0.3829  bal_acc=0.4236
  epoch  33/50  loss=0.3747  bal_acc=0.4323
  epoch  34/50  loss=0.3594  bal_acc=0.4653
  epoch  35/50  loss=0.3580  bal_acc=0.4444
  epoch  36/50  loss=0.3420  bal_acc=0.4236
  epoch  37/50  loss=0.3409  bal_acc=0.3819
  epoch  38/50  loss=0.3283  bal_acc=0.4566
  epoch  39/50  loss=0.3325  bal_acc=0.4583
  epoch  40/50  loss=0.3460  bal_acc=0.3976
  epoch  41/50  loss=0.3287  bal_acc=0.3993
  epoch  42/50  loss=0.3165  bal_acc=0.4271
  epoch  43/50  loss=0.3226  bal_acc=0.4288
  epoch  44/50  loss=0.3091  bal_acc=0.4184
  epoch  45/50  loss=0.2976  bal_acc=0.4497
  epoch  46/50  loss=0.3045  bal_acc=0.4358
  epoch  47/50  loss=0.3140  bal_acc=0.3819
  epoch  48/50  loss=0.2961  bal_acc=0.4201
  epoch  49/50  loss=0.2816  bal_acc=0.4184
  epoch  50/50  loss=0.2916  bal_acc=0.4045
  [LOSO 6/9] subject 5: acc=0.4045  running_mean=0.5058

=== LOSO (hold out subject 6) ===
  Train: 4608 trials  |  Test: 576 trials
  Model params: 10,141
  epoch   1/50  loss=1.3396  bal_acc=0.3941
  epoch   2/50  loss=1.1791  bal_acc=0.4549
  epoch   3/50  loss=1.0526  bal_acc=0.5139
  epoch   4/50  loss=0.9413  bal_acc=0.5712
  epoch   5/50  loss=0.8630  bal_acc=0.5642
  epoch   6/50  loss=0.8003  bal_acc=0.5399
  epoch   7/50  loss=0.7545  bal_acc=0.5972
  epoch   8/50  loss=0.7262  bal_acc=0.5764
  epoch   9/50  loss=0.6815  bal_acc=0.6372
  epoch  10/50  loss=0.6608  bal_acc=0.6128
  epoch  11/50  loss=0.6235  bal_acc=0.6128
  epoch  12/50  loss=0.6107  bal_acc=0.6337
  epoch  13/50  loss=0.5871  bal_acc=0.6372
  epoch  14/50  loss=0.5740  bal_acc=0.5955
  epoch  15/50  loss=0.5655  bal_acc=0.6267
  epoch  16/50  loss=0.5498  bal_acc=0.6146
  epoch  17/50  loss=0.5326  bal_acc=0.5868
  epoch  18/50  loss=0.5194  bal_acc=0.6128
  epoch  19/50  loss=0.5048  bal_acc=0.6128
  epoch  20/50  loss=0.4839  bal_acc=0.5833
  epoch  21/50  loss=0.4744  bal_acc=0.6198
  epoch  22/50  loss=0.4808  bal_acc=0.6024
  epoch  23/50  loss=0.4565  bal_acc=0.5972
  epoch  24/50  loss=0.4509  bal_acc=0.5747
  epoch  25/50  loss=0.4461  bal_acc=0.5799
  epoch  26/50  loss=0.4324  bal_acc=0.5972
  epoch  27/50  loss=0.4300  bal_acc=0.6441
  epoch  28/50  loss=0.4162  bal_acc=0.6389
  epoch  29/50  loss=0.4254  bal_acc=0.5920
  epoch  30/50  loss=0.4149  bal_acc=0.5920
  epoch  31/50  loss=0.3978  bal_acc=0.6094
  epoch  32/50  loss=0.3985  bal_acc=0.6094
  epoch  33/50  loss=0.3942  bal_acc=0.5642
  epoch  34/50  loss=0.3909  bal_acc=0.6528
  epoch  35/50  loss=0.3824  bal_acc=0.6250
  epoch  36/50  loss=0.3765  bal_acc=0.6181
  epoch  37/50  loss=0.3568  bal_acc=0.6319
  epoch  38/50  loss=0.3650  bal_acc=0.6302
  epoch  39/50  loss=0.3591  bal_acc=0.6372
  epoch  40/50  loss=0.3506  bal_acc=0.6198
  epoch  41/50  loss=0.3449  bal_acc=0.6493
  epoch  42/50  loss=0.3440  bal_acc=0.6476
  epoch  43/50  loss=0.3448  bal_acc=0.6302
  epoch  44/50  loss=0.3364  bal_acc=0.5938
  epoch  45/50  loss=0.3320  bal_acc=0.6250
  epoch  46/50  loss=0.3361  bal_acc=0.6337
  epoch  47/50  loss=0.3251  bal_acc=0.6007
  epoch  48/50  loss=0.3245  bal_acc=0.6215
  epoch  49/50  loss=0.3178  bal_acc=0.6233
  epoch  50/50  loss=0.3181  bal_acc=0.6285
  [LOSO 7/9] subject 6: acc=0.6285  running_mean=0.5233

=== LOSO (hold out subject 7) ===
  Train: 4608 trials  |  Test: 576 trials
  Model params: 10,141
  epoch   1/50  loss=1.3238  bal_acc=0.4184
  epoch   2/50  loss=1.1582  bal_acc=0.5087
  epoch   3/50  loss=1.0468  bal_acc=0.5156
  epoch   4/50  loss=0.9749  bal_acc=0.5260
  epoch   5/50  loss=0.9089  bal_acc=0.5486
  epoch   6/50  loss=0.8602  bal_acc=0.5538
  epoch   7/50  loss=0.8225  bal_acc=0.5538
  epoch   8/50  loss=0.7894  bal_acc=0.5764
  epoch   9/50  loss=0.7632  bal_acc=0.5486
  epoch  10/50  loss=0.7368  bal_acc=0.5625
  epoch  11/50  loss=0.6983  bal_acc=0.5747
  epoch  12/50  loss=0.6761  bal_acc=0.5799
  epoch  13/50  loss=0.6531  bal_acc=0.5608
  epoch  14/50  loss=0.6407  bal_acc=0.6024
  epoch  15/50  loss=0.6186  bal_acc=0.5868
  epoch  16/50  loss=0.6012  bal_acc=0.5781
  epoch  17/50  loss=0.5829  bal_acc=0.5833
  epoch  18/50  loss=0.5629  bal_acc=0.6007
  epoch  19/50  loss=0.5535  bal_acc=0.5885
  epoch  20/50  loss=0.5530  bal_acc=0.5938
  epoch  21/50  loss=0.5330  bal_acc=0.6146
  epoch  22/50  loss=0.5300  bal_acc=0.6094
  epoch  23/50  loss=0.5147  bal_acc=0.6111
  epoch  24/50  loss=0.4990  bal_acc=0.6267
  epoch  25/50  loss=0.4923  bal_acc=0.5938
  epoch  26/50  loss=0.4754  bal_acc=0.5868
  epoch  27/50  loss=0.4681  bal_acc=0.6319
  epoch  28/50  loss=0.4671  bal_acc=0.6267
  epoch  29/50  loss=0.4567  bal_acc=0.6233
  epoch  30/50  loss=0.4485  bal_acc=0.5955
  epoch  31/50  loss=0.4526  bal_acc=0.6285
  epoch  32/50  loss=0.4318  bal_acc=0.6007
  epoch  33/50  loss=0.4344  bal_acc=0.6285
  epoch  34/50  loss=0.4177  bal_acc=0.5816
  epoch  35/50  loss=0.4129  bal_acc=0.6146
  epoch  36/50  loss=0.4136  bal_acc=0.6389
  epoch  37/50  loss=0.4033  bal_acc=0.6302
  epoch  38/50  loss=0.3895  bal_acc=0.6441
  epoch  39/50  loss=0.3857  bal_acc=0.6337
  epoch  40/50  loss=0.3893  bal_acc=0.6128
  epoch  41/50  loss=0.3758  bal_acc=0.5955
  epoch  42/50  loss=0.3808  bal_acc=0.5729
  epoch  43/50  loss=0.3763  bal_acc=0.5764
  epoch  44/50  loss=0.3586  bal_acc=0.6233
  epoch  45/50  loss=0.3781  bal_acc=0.6354
  epoch  46/50  loss=0.3603  bal_acc=0.6163
  epoch  47/50  loss=0.3539  bal_acc=0.6406
  epoch  48/50  loss=0.3488  bal_acc=0.6181
  epoch  49/50  loss=0.3423  bal_acc=0.5938
  epoch  50/50  loss=0.3541  bal_acc=0.6719
  [LOSO 8/9] subject 7: acc=0.6719  running_mean=0.5419

=== LOSO (hold out subject 8) ===
  Train: 4608 trials  |  Test: 576 trials
  Model params: 10,141
  epoch   1/50  loss=1.3383  bal_acc=0.3333
  epoch   2/50  loss=1.1646  bal_acc=0.4722
  epoch   3/50  loss=1.0264  bal_acc=0.5851
  epoch   4/50  loss=0.9358  bal_acc=0.6007
  epoch   5/50  loss=0.8813  bal_acc=0.5868
  epoch   6/50  loss=0.8234  bal_acc=0.5382
  epoch   7/50  loss=0.7746  bal_acc=0.6111
  epoch   8/50  loss=0.7397  bal_acc=0.6024
  epoch   9/50  loss=0.7121  bal_acc=0.5920
  epoch  10/50  loss=0.6889  bal_acc=0.5764
  epoch  11/50  loss=0.6631  bal_acc=0.6406
  epoch  12/50  loss=0.6451  bal_acc=0.6024
  epoch  13/50  loss=0.6111  bal_acc=0.6059
  epoch  14/50  loss=0.6073  bal_acc=0.5747
  epoch  15/50  loss=0.5830  bal_acc=0.6441
  epoch  16/50  loss=0.5676  bal_acc=0.6354
  epoch  17/50  loss=0.5456  bal_acc=0.5712
  epoch  18/50  loss=0.5541  bal_acc=0.5764
  epoch  19/50  loss=0.5330  bal_acc=0.6302
  epoch  20/50  loss=0.5141  bal_acc=0.6215
  epoch  21/50  loss=0.5081  bal_acc=0.6337
  epoch  22/50  loss=0.4930  bal_acc=0.6302
  epoch  23/50  loss=0.4960  bal_acc=0.6233
  epoch  24/50  loss=0.4630  bal_acc=0.6458
  epoch  25/50  loss=0.4656  bal_acc=0.6267
  epoch  26/50  loss=0.4597  bal_acc=0.6198
  epoch  27/50  loss=0.4486  bal_acc=0.5972
  epoch  28/50  loss=0.4445  bal_acc=0.6059
  epoch  29/50  loss=0.4161  bal_acc=0.6146
  epoch  30/50  loss=0.4247  bal_acc=0.6024
  epoch  31/50  loss=0.4218  bal_acc=0.5868
  epoch  32/50  loss=0.4046  bal_acc=0.6146
  epoch  33/50  loss=0.4007  bal_acc=0.5590
  epoch  34/50  loss=0.4173  bal_acc=0.6094
  epoch  35/50  loss=0.3909  bal_acc=0.5608
  epoch  36/50  loss=0.3876  bal_acc=0.5747
  epoch  37/50  loss=0.3713  bal_acc=0.6181
  epoch  38/50  loss=0.3725  bal_acc=0.6007
  epoch  39/50  loss=0.3734  bal_acc=0.6285
  epoch  40/50  loss=0.3729  bal_acc=0.5851
  epoch  41/50  loss=0.3719  bal_acc=0.6302
  epoch  42/50  loss=0.3529  bal_acc=0.6372
  epoch  43/50  loss=0.3595  bal_acc=0.5677
  epoch  44/50  loss=0.3579  bal_acc=0.5694
  epoch  45/50  loss=0.3522  bal_acc=0.6250
  epoch  46/50  loss=0.3504  bal_acc=0.6163
  epoch  47/50  loss=0.3342  bal_acc=0.6337
  epoch  48/50  loss=0.3343  bal_acc=0.6128
  epoch  49/50  loss=0.3315  bal_acc=0.6337
  epoch  50/50  loss=0.3269  bal_acc=0.5868
  [LOSO 9/9] subject 8: acc=0.5868  running_mean=0.5469
Results saved to results/BNCI2014_001/results_trial_32.json
Trial logged to results/BNCI2014_001/trials.csv
[status] trial 32 done (state=COMPLETE, value=0.546875) -- 28 completed total
Device: cuda
[BNCI2014_001] loading from cache: /home/aleksander.berezowsk/.cache/spiking_eegnet/BNCI2014_001_af1ccf3e92f684d8a93c057082b654d7.npz
[BNCI2014_001] cache hit: (5184, 1, 22, 1001), classes=['feet', 'left_hand', 'right_hand', 'tongue'], subjects=9
Dataset meta: {'n_classes': 4, 'n_channels': 22, 'n_samples': 1001, 'class_names': ['feet', 'left_hand', 'right_hand', 'tongue'], 'subject_list': [1, 2, 3, 4, 5, 6, 7, 8, 9], 'n_subjects': 9, 'sfreq': 250.0}

=== LOSO (hold out subject 0) ===
  Train: 4608 trials  |  Test: 576 trials
  Model params: 17,722
  epoch   1/50  loss=1.3852  bal_acc=0.2639
  epoch   2/50  loss=1.3764  bal_acc=0.2969
  epoch   3/50  loss=1.3674  bal_acc=0.3177
  epoch   4/50  loss=1.3577  bal_acc=0.3299
  epoch   5/50  loss=1.3474  bal_acc=0.3351
  epoch   6/50  loss=1.3360  bal_acc=0.3351
  epoch   7/50  loss=1.3273  bal_acc=0.3490
  epoch   8/50  loss=1.3172  bal_acc=0.3490
  epoch   9/50  loss=1.3078  bal_acc=0.3611
  epoch  10/50  loss=1.2969  bal_acc=0.3767
  epoch  11/50  loss=1.2891  bal_acc=0.3767
  epoch  12/50  loss=1.2817  bal_acc=0.3698
  epoch  13/50  loss=1.2727  bal_acc=0.3802
  epoch  14/50  loss=1.2642  bal_acc=0.3733
  epoch  15/50  loss=1.2554  bal_acc=0.3715
  epoch  16/50  loss=1.2456  bal_acc=0.3854
  epoch  17/50  loss=1.2353  bal_acc=0.3837
  epoch  18/50  loss=1.2231  bal_acc=0.3993
  epoch  19/50  loss=1.2123  bal_acc=0.3993
  epoch  20/50  loss=1.2014  bal_acc=0.4010
  epoch  21/50  loss=1.1872  bal_acc=0.3958
  epoch  22/50  loss=1.1755  bal_acc=0.4097
  epoch  23/50  loss=1.1656  bal_acc=0.4149
  epoch  24/50  loss=1.1516  bal_acc=0.4097
  epoch  25/50  loss=1.1400  bal_acc=0.4132
  epoch  26/50  loss=1.1276  bal_acc=0.4115
  epoch  27/50  loss=1.1208  bal_acc=0.4288
  epoch  28/50  loss=1.1067  bal_acc=0.4288
  epoch  29/50  loss=1.0952  bal_acc=0.4427
  epoch  30/50  loss=1.0872  bal_acc=0.4306
  epoch  31/50  loss=1.0783  bal_acc=0.4479
  epoch  32/50  loss=1.0694  bal_acc=0.4479
  epoch  33/50  loss=1.0591  bal_acc=0.4549
  epoch  34/50  loss=1.0513  bal_acc=0.4549
  epoch  35/50  loss=1.0410  bal_acc=0.4670
  epoch  36/50  loss=1.0334  bal_acc=0.4618
  epoch  37/50  loss=1.0270  bal_acc=0.4792
  epoch  38/50  loss=1.0200  bal_acc=0.4774
  epoch  39/50  loss=1.0130  bal_acc=0.4826
  epoch  40/50  loss=1.0016  bal_acc=0.4878
  epoch  41/50  loss=0.9950  bal_acc=0.4826
  epoch  42/50  loss=0.9902  bal_acc=0.4896
  epoch  43/50  loss=0.9783  bal_acc=0.4861
  epoch  44/50  loss=0.9739  bal_acc=0.4844
  epoch  45/50  loss=0.9684  bal_acc=0.4740
  epoch  46/50  loss=0.9609  bal_acc=0.4861
  epoch  47/50  loss=0.9537  bal_acc=0.4913
  epoch  48/50  loss=0.9467  bal_acc=0.4913
  epoch  49/50  loss=0.9393  bal_acc=0.4826
  epoch  50/50  loss=0.9289  bal_acc=0.4774
  [LOSO 1/9] subject 0: acc=0.4774  running_mean=0.4774

=== LOSO (hold out subject 1) ===
  Train: 4608 trials  |  Test: 576 trials
  Model params: 17,722
  epoch   1/50  loss=1.3877  bal_acc=0.2500
  epoch   2/50  loss=1.3787  bal_acc=0.2708
  epoch   3/50  loss=1.3693  bal_acc=0.2951
  epoch   4/50  loss=1.3601  bal_acc=0.3264
  epoch   5/50  loss=1.3492  bal_acc=0.3281
  epoch   6/50  loss=1.3398  bal_acc=0.3368
  epoch   7/50  loss=1.3279  bal_acc=0.3576
  epoch   8/50  loss=1.3182  bal_acc=0.3490
  epoch   9/50  loss=1.3078  bal_acc=0.3663
  epoch  10/50  loss=1.2977  bal_acc=0.3472
  epoch  11/50  loss=1.2878  bal_acc=0.3611
  epoch  12/50  loss=1.2790  bal_acc=0.3594
  epoch  13/50  loss=1.2695  bal_acc=0.3594
  epoch  14/50  loss=1.2617  bal_acc=0.3785
  epoch  15/50  loss=1.2493  bal_acc=0.3802
  epoch  16/50  loss=1.2381  bal_acc=0.3715
  epoch  17/50  loss=1.2280  bal_acc=0.3958
  epoch  18/50  loss=1.2144  bal_acc=0.3976
  epoch  19/50  loss=1.2036  bal_acc=0.4010
  epoch  20/50  loss=1.1934  bal_acc=0.3854
  epoch  21/50  loss=1.1780  bal_acc=0.3889
  epoch  22/50  loss=1.1670  bal_acc=0.3802
  epoch  23/50  loss=1.1520  bal_acc=0.3837
  epoch  24/50  loss=1.1386  bal_acc=0.3906
  epoch  25/50  loss=1.1294  bal_acc=0.3924
  epoch  26/50  loss=1.1187  bal_acc=0.3872
  epoch  27/50  loss=1.1062  bal_acc=0.3854
  epoch  28/50  loss=1.0963  bal_acc=0.3872
  epoch  29/50  loss=1.0849  bal_acc=0.3924
  epoch  30/50  loss=1.0755  bal_acc=0.3889
  epoch  31/50  loss=1.0630  bal_acc=0.3872
  epoch  32/50  loss=1.0521  bal_acc=0.3872
  epoch  33/50  loss=1.0408  bal_acc=0.3941
  epoch  34/50  loss=1.0321  bal_acc=0.3993
  epoch  35/50  loss=1.0210  bal_acc=0.3854
  epoch  36/50  loss=1.0109  bal_acc=0.3819
  epoch  37/50  loss=0.9970  bal_acc=0.3906
  epoch  38/50  loss=0.9889  bal_acc=0.3837
  epoch  39/50  loss=0.9784  bal_acc=0.3872
  epoch  40/50  loss=0.9715  bal_acc=0.3872
  epoch  41/50  loss=0.9615  bal_acc=0.3837
  epoch  42/50  loss=0.9533  bal_acc=0.3906
  epoch  43/50  loss=0.9415  bal_acc=0.3785
  epoch  44/50  loss=0.9330  bal_acc=0.3837
  epoch  45/50  loss=0.9271  bal_acc=0.3750
  epoch  46/50  loss=0.9182  bal_acc=0.3785
  epoch  47/50  loss=0.9133  bal_acc=0.3889
  epoch  48/50  loss=0.8987  bal_acc=0.3819
  epoch  49/50  loss=0.8921  bal_acc=0.3819
  epoch  50/50  loss=0.8817  bal_acc=0.3872
  [LOSO 2/9] subject 1: acc=0.3872  running_mean=0.4323

=== LOSO (hold out subject 2) ===
  Train: 4608 trials  |  Test: 576 trials
  Model params: 17,722
  epoch   1/50  loss=1.3871  bal_acc=0.2413
  epoch   2/50  loss=1.3768  bal_acc=0.3125
  epoch   3/50  loss=1.3690  bal_acc=0.3646
  epoch   4/50  loss=1.3614  bal_acc=0.3681
  epoch   5/50  loss=1.3508  bal_acc=0.3872
  epoch   6/50  loss=1.3420  bal_acc=0.3941
  epoch   7/50  loss=1.3310  bal_acc=0.4010
  epoch   8/50  loss=1.3209  bal_acc=0.4045
  epoch   9/50  loss=1.3102  bal_acc=0.4010
  epoch  10/50  loss=1.3021  bal_acc=0.4184
  epoch  11/50  loss=1.2937  bal_acc=0.4167
  epoch  12/50  loss=1.2857  bal_acc=0.4167
  epoch  13/50  loss=1.2757  bal_acc=0.4097
  epoch  14/50  loss=1.2677  bal_acc=0.4184
  epoch  15/50  loss=1.2590  bal_acc=0.4184
  epoch  16/50  loss=1.2519  bal_acc=0.4358
  epoch  17/50  loss=1.2415  bal_acc=0.4375
  epoch  18/50  loss=1.2332  bal_acc=0.4792
  epoch  19/50  loss=1.2212  bal_acc=0.4618
  epoch  20/50  loss=1.2110  bal_acc=0.4705
  epoch  21/50  loss=1.1997  bal_acc=0.4774
  epoch  22/50  loss=1.1884  bal_acc=0.4809
  epoch  23/50  loss=1.1777  bal_acc=0.4965
  epoch  24/50  loss=1.1636  bal_acc=0.5104
  epoch  25/50  loss=1.1557  bal_acc=0.5000
  epoch  26/50  loss=1.1410  bal_acc=0.4948
  epoch  27/50  loss=1.1328  bal_acc=0.5104
  epoch  28/50  loss=1.1222  bal_acc=0.5156
  epoch  29/50  loss=1.1101  bal_acc=0.5122
  epoch  30/50  loss=1.1016  bal_acc=0.5260
  epoch  31/50  loss=1.0924  bal_acc=0.5156
  epoch  32/50  loss=1.0818  bal_acc=0.5312
  epoch  33/50  loss=1.0744  bal_acc=0.4931
  epoch  34/50  loss=1.0665  bal_acc=0.5260
  epoch  35/50  loss=1.0573  bal_acc=0.5330
  epoch  36/50  loss=1.0491  bal_acc=0.5191
  epoch  37/50  loss=1.0412  bal_acc=0.5226
  epoch  38/50  loss=1.0325  bal_acc=0.5035
  epoch  39/50  loss=1.0247  bal_acc=0.5278
  epoch  40/50  loss=1.0202  bal_acc=0.5347
  epoch  41/50  loss=1.0115  bal_acc=0.5312
  epoch  42/50  loss=1.0022  bal_acc=0.5278
  epoch  43/50  loss=0.9944  bal_acc=0.5434
  epoch  44/50  loss=0.9889  bal_acc=0.5417
  epoch  45/50  loss=0.9847  bal_acc=0.5486
  epoch  46/50  loss=0.9756  bal_acc=0.5278
  epoch  47/50  loss=0.9688  bal_acc=0.5417
  epoch  48/50  loss=0.9619  bal_acc=0.5642
  epoch  49/50  loss=0.9539  bal_acc=0.5347
  epoch  50/50  loss=0.9496  bal_acc=0.5521
  [LOSO 3/9] subject 2: acc=0.5521  running_mean=0.4722

=== LOSO (hold out subject 3) ===
  Train: 4608 trials  |  Test: 576 trials
  Model params: 17,722
  epoch   1/50  loss=1.3859  bal_acc=0.2517
  epoch   2/50  loss=1.3779  bal_acc=0.3056
  epoch   3/50  loss=1.3689  bal_acc=0.3073
  epoch   4/50  loss=1.3604  bal_acc=0.3056
  epoch   5/50  loss=1.3504  bal_acc=0.3403
  epoch   6/50  loss=1.3421  bal_acc=0.3299
  epoch   7/50  loss=1.3316  bal_acc=0.3420
  epoch   8/50  loss=1.3200  bal_acc=0.3420
  epoch   9/50  loss=1.3093  bal_acc=0.3420
  epoch  10/50  loss=1.2991  bal_acc=0.3490
  epoch  11/50  loss=1.2917  bal_acc=0.3472
  epoch  12/50  loss=1.2808  bal_acc=0.3472
  epoch  13/50  loss=1.2725  bal_acc=0.3542
  epoch  14/50  loss=1.2613  bal_acc=0.3490
  epoch  15/50  loss=1.2520  bal_acc=0.3576
  epoch  16/50  loss=1.2418  bal_acc=0.3663
  epoch  17/50  loss=1.2308  bal_acc=0.3767
  epoch  18/50  loss=1.2197  bal_acc=0.3594
  epoch  19/50  loss=1.2069  bal_acc=0.3646
  epoch  20/50  loss=1.1960  bal_acc=0.3837
  epoch  21/50  loss=1.1844  bal_acc=0.3941
  epoch  22/50  loss=1.1713  bal_acc=0.3993
  epoch  23/50  loss=1.1618  bal_acc=0.4010
  epoch  24/50  loss=1.1494  bal_acc=0.4080
  epoch  25/50  loss=1.1334  bal_acc=0.4062
  epoch  26/50  loss=1.1217  bal_acc=0.3976
  epoch  27/50  loss=1.1107  bal_acc=0.3941
  epoch  28/50  loss=1.0973  bal_acc=0.4010
  epoch  29/50  loss=1.0828  bal_acc=0.3958
  epoch  30/50  loss=1.0744  bal_acc=0.3924
  epoch  31/50  loss=1.0639  bal_acc=0.4010
  epoch  32/50  loss=1.0515  bal_acc=0.4253
  epoch  33/50  loss=1.0394  bal_acc=0.4271
  epoch  34/50  loss=1.0343  bal_acc=0.4253
  epoch  35/50  loss=1.0236  bal_acc=0.4340
  epoch  36/50  loss=1.0091  bal_acc=0.4271
  epoch  37/50  loss=0.9999  bal_acc=0.4653
  epoch  38/50  loss=0.9924  bal_acc=0.4479
  epoch  39/50  loss=0.9838  bal_acc=0.4358
  epoch  40/50  loss=0.9741  bal_acc=0.4497
  epoch  41/50  loss=0.9634  bal_acc=0.4497
  epoch  42/50  loss=0.9582  bal_acc=0.4444
  epoch  43/50  loss=0.9492  bal_acc=0.4601
  epoch  44/50  loss=0.9430  bal_acc=0.4479
  epoch  45/50  loss=0.9313  bal_acc=0.4826
  epoch  46/50  loss=0.9238  bal_acc=0.4618
  epoch  47/50  loss=0.9192  bal_acc=0.4774
  epoch  48/50  loss=0.9098  bal_acc=0.4740
  epoch  49/50  loss=0.9039  bal_acc=0.4792
  epoch  50/50  loss=0.9007  bal_acc=0.4583
  [LOSO 4/9] subject 3: acc=0.4583  running_mean=0.4688

=== LOSO (hold out subject 4) ===
  Train: 4608 trials  |  Test: 576 trials
  Model params: 17,722
  epoch   1/50  loss=1.3887  bal_acc=0.3299
  epoch   2/50  loss=1.3786  bal_acc=0.3385
  epoch   3/50  loss=1.3694  bal_acc=0.3542
  epoch   4/50  loss=1.3607  bal_acc=0.3646
  epoch   5/50  loss=1.3515  bal_acc=0.3681
  epoch   6/50  loss=1.3392  bal_acc=0.3628
  epoch   7/50  loss=1.3293  bal_acc=0.3698
  epoch   8/50  loss=1.3171  bal_acc=0.3646
  epoch   9/50  loss=1.3073  bal_acc=0.3594
  epoch  10/50  loss=1.2970  bal_acc=0.3646
  epoch  11/50  loss=1.2858  bal_acc=0.3628
  epoch  12/50  loss=1.2748  bal_acc=0.3663
  epoch  13/50  loss=1.2655  bal_acc=0.3750
  epoch  14/50  loss=1.2539  bal_acc=0.3837
  epoch  15/50  loss=1.2438  bal_acc=0.3663
  epoch  16/50  loss=1.2318  bal_acc=0.3750
  epoch  17/50  loss=1.2232  bal_acc=0.3802
  epoch  18/50  loss=1.2122  bal_acc=0.3924
  epoch  19/50  loss=1.2023  bal_acc=0.4045
  epoch  20/50  loss=1.1924  bal_acc=0.4062
  epoch  21/50  loss=1.1800  bal_acc=0.4167
  epoch  22/50  loss=1.1712  bal_acc=0.4167
  epoch  23/50  loss=1.1617  bal_acc=0.4201
  epoch  24/50  loss=1.1502  bal_acc=0.4167
  epoch  25/50  loss=1.1433  bal_acc=0.4583
  epoch  26/50  loss=1.1309  bal_acc=0.4531
  epoch  27/50  loss=1.1192  bal_acc=0.4358
  epoch  28/50  loss=1.1112  bal_acc=0.4236
  epoch  29/50  loss=1.0983  bal_acc=0.4462
  epoch  30/50  loss=1.0888  bal_acc=0.4497
  epoch  31/50  loss=1.0799  bal_acc=0.4444
  epoch  32/50  loss=1.0671  bal_acc=0.4549
  epoch  33/50  loss=1.0571  bal_acc=0.4618
  epoch  34/50  loss=1.0469  bal_acc=0.4740
  epoch  35/50  loss=1.0363  bal_acc=0.4497
  epoch  36/50  loss=1.0248  bal_acc=0.4427
  epoch  37/50  loss=1.0159  bal_acc=0.4601
  epoch  38/50  loss=1.0059  bal_acc=0.4549
  epoch  39/50  loss=0.9954  bal_acc=0.4705
  epoch  40/50  loss=0.9935  bal_acc=0.4792
  epoch  41/50  loss=0.9824  bal_acc=0.4861
  epoch  42/50  loss=0.9721  bal_acc=0.4878
  epoch  43/50  loss=0.9604  bal_acc=0.4809
  epoch  44/50  loss=0.9593  bal_acc=0.5000
  epoch  45/50  loss=0.9456  bal_acc=0.4826
  epoch  46/50  loss=0.9381  bal_acc=0.4948
  epoch  47/50  loss=0.9302  bal_acc=0.4861
  epoch  48/50  loss=0.9245  bal_acc=0.5122
  epoch  49/50  loss=0.9169  bal_acc=0.5139
  epoch  50/50  loss=0.9082  bal_acc=0.5122
  [LOSO 5/9] subject 4: acc=0.5122  running_mean=0.4774

=== LOSO (hold out subject 5) ===
  Train: 4608 trials  |  Test: 576 trials
  Model params: 17,722
  epoch   1/50  loss=1.3843  bal_acc=0.2812
  epoch   2/50  loss=1.3765  bal_acc=0.3021
  epoch   3/50  loss=1.3682  bal_acc=0.3108
  epoch   4/50  loss=1.3615  bal_acc=0.3264
  epoch   5/50  loss=1.3519  bal_acc=0.3455
  epoch   6/50  loss=1.3434  bal_acc=0.3264
  epoch   7/50  loss=1.3336  bal_acc=0.3229
  epoch   8/50  loss=1.3248  bal_acc=0.3299
  epoch   9/50  loss=1.3136  bal_acc=0.3316
  epoch  10/50  loss=1.3051  bal_acc=0.3299
  epoch  11/50  loss=1.2965  bal_acc=0.3351
  epoch  12/50  loss=1.2870  bal_acc=0.3333
  epoch  13/50  loss=1.2745  bal_acc=0.3229
  epoch  14/50  loss=1.2670  bal_acc=0.3385
  epoch  15/50  loss=1.2549  bal_acc=0.3333
  epoch  16/50  loss=1.2465  bal_acc=0.3368
  epoch  17/50  loss=1.2347  bal_acc=0.3385
  epoch  18/50  loss=1.2220  bal_acc=0.3420
  epoch  19/50  loss=1.2117  bal_acc=0.3368
  epoch  20/50  loss=1.2002  bal_acc=0.3420
  epoch  21/50  loss=1.1852  bal_acc=0.3333
  epoch  22/50  loss=1.1769  bal_acc=0.3472
  epoch  23/50  loss=1.1600  bal_acc=0.3368
  epoch  24/50  loss=1.1487  bal_acc=0.3403
  epoch  25/50  loss=1.1354  bal_acc=0.3559
  epoch  26/50  loss=1.1242  bal_acc=0.3576
  epoch  27/50  loss=1.1128  bal_acc=0.3559
  epoch  28/50  loss=1.1016  bal_acc=0.3611
  epoch  29/50  loss=1.0927  bal_acc=0.3663
  epoch  30/50  loss=1.0798  bal_acc=0.3594
  epoch  31/50  loss=1.0673  bal_acc=0.3698
  epoch  32/50  loss=1.0580  bal_acc=0.3733
  epoch  33/50  loss=1.0494  bal_acc=0.3750
  epoch  34/50  loss=1.0415  bal_acc=0.3750
  epoch  35/50  loss=1.0312  bal_acc=0.3854
  epoch  36/50  loss=1.0225  bal_acc=0.3854
  epoch  37/50  loss=1.0169  bal_acc=0.3958
  epoch  38/50  loss=1.0082  bal_acc=0.3837
  epoch  39/50  loss=0.9960  bal_acc=0.4080
  epoch  40/50  loss=0.9910  bal_acc=0.3924
  epoch  41/50  loss=0.9848  bal_acc=0.3854
  epoch  42/50  loss=0.9732  bal_acc=0.4115
  epoch  43/50  loss=0.9669  bal_acc=0.4062
  epoch  44/50  loss=0.9548  bal_acc=0.4062
  epoch  45/50  loss=0.9507  bal_acc=0.4236
  epoch  46/50  loss=0.9426  bal_acc=0.4184
  epoch  47/50  loss=0.9373  bal_acc=0.4167
  epoch  48/50  loss=0.9296  bal_acc=0.4184
  epoch  49/50  loss=0.9223  bal_acc=0.4097
  epoch  50/50  loss=0.9152  bal_acc=0.4115
  [LOSO 6/9] subject 5: acc=0.4115  running_mean=0.4664

=== LOSO (hold out subject 6) ===
  Train: 4608 trials  |  Test: 576 trials
  Model params: 17,722
  epoch   1/50  loss=1.3876  bal_acc=0.2847
  epoch   2/50  loss=1.3743  bal_acc=0.3281
  epoch   3/50  loss=1.3639  bal_acc=0.3663
  epoch   4/50  loss=1.3529  bal_acc=0.3628
  epoch   5/50  loss=1.3444  bal_acc=0.4028
  epoch   6/50  loss=1.3336  bal_acc=0.4062
  epoch   7/50  loss=1.3251  bal_acc=0.4149
  epoch   8/50  loss=1.3160  bal_acc=0.4201
  epoch   9/50  loss=1.3078  bal_acc=0.4271
  epoch  10/50  loss=1.2997  bal_acc=0.4566
  epoch  11/50  loss=1.2905  bal_acc=0.4497
  epoch  12/50  loss=1.2837  bal_acc=0.4653
  epoch  13/50  loss=1.2722  bal_acc=0.4809
  epoch  14/50  loss=1.2615  bal_acc=0.4844
  epoch  15/50  loss=1.2522  bal_acc=0.4931
  epoch  16/50  loss=1.2399  bal_acc=0.5069
  epoch  17/50  loss=1.2284  bal_acc=0.5104
  epoch  18/50  loss=1.2171  bal_acc=0.5191
  epoch  19/50  loss=1.2062  bal_acc=0.5278
  epoch  20/50  loss=1.1948  bal_acc=0.5347
  epoch  21/50  loss=1.1809  bal_acc=0.5347
  epoch  22/50  loss=1.1698  bal_acc=0.5538
  epoch  23/50  loss=1.1595  bal_acc=0.5469
  epoch  24/50  loss=1.1526  bal_acc=0.5486
  epoch  25/50  loss=1.1386  bal_acc=0.5503
  epoch  26/50  loss=1.1287  bal_acc=0.5521
  epoch  27/50  loss=1.1191  bal_acc=0.5694
  epoch  28/50  loss=1.1085  bal_acc=0.5694
  epoch  29/50  loss=1.1015  bal_acc=0.5694
  epoch  30/50  loss=1.0903  bal_acc=0.5747
  epoch  31/50  loss=1.0823  bal_acc=0.5677
  epoch  32/50  loss=1.0759  bal_acc=0.5833
  epoch  33/50  loss=1.0665  bal_acc=0.5764
  epoch  34/50  loss=1.0597  bal_acc=0.5885
  epoch  35/50  loss=1.0463  bal_acc=0.5903
  epoch  36/50  loss=1.0447  bal_acc=0.5903
  epoch  37/50  loss=1.0310  bal_acc=0.5833
  epoch  38/50  loss=1.0275  bal_acc=0.5972
  epoch  39/50  loss=1.0196  bal_acc=0.5885
  epoch  40/50  loss=1.0118  bal_acc=0.6076
  epoch  41/50  loss=1.0119  bal_acc=0.5955
  epoch  42/50  loss=0.9968  bal_acc=0.6059
  epoch  43/50  loss=0.9925  bal_acc=0.6111
  epoch  44/50  loss=0.9862  bal_acc=0.6094
  epoch  45/50  loss=0.9815  bal_acc=0.6094
  epoch  46/50  loss=0.9710  bal_acc=0.6076
  epoch  47/50  loss=0.9690  bal_acc=0.6111
  epoch  48/50  loss=0.9643  bal_acc=0.6076
  epoch  49/50  loss=0.9567  bal_acc=0.6007
  epoch  50/50  loss=0.9503  bal_acc=0.6111
  [LOSO 7/9] subject 6: acc=0.6111  running_mean=0.4871

=== LOSO (hold out subject 7) ===
  Train: 4608 trials  |  Test: 576 trials
  Model params: 17,722
  epoch   1/50  loss=1.3905  bal_acc=0.2708
  epoch   2/50  loss=1.3807  bal_acc=0.3108
  epoch   3/50  loss=1.3734  bal_acc=0.3594
  epoch   4/50  loss=1.3663  bal_acc=0.3681
  epoch   5/50  loss=1.3572  bal_acc=0.3594
  epoch   6/50  loss=1.3470  bal_acc=0.3733
  epoch   7/50  loss=1.3354  bal_acc=0.3802
  epoch   8/50  loss=1.3237  bal_acc=0.3854
  epoch   9/50  loss=1.3114  bal_acc=0.3819
  epoch  10/50  loss=1.2996  bal_acc=0.4010
  epoch  11/50  loss=1.2860  bal_acc=0.3993
  epoch  12/50  loss=1.2743  bal_acc=0.4184
  epoch  13/50  loss=1.2627  bal_acc=0.4149
  epoch  14/50  loss=1.2488  bal_acc=0.4253
  epoch  15/50  loss=1.2375  bal_acc=0.4236
  epoch  16/50  loss=1.2256  bal_acc=0.4253
  epoch  17/50  loss=1.2134  bal_acc=0.4444
  epoch  18/50  loss=1.1981  bal_acc=0.4635
  epoch  19/50  loss=1.1863  bal_acc=0.4497
  epoch  20/50  loss=1.1715  bal_acc=0.4670
  epoch  21/50  loss=1.1607  bal_acc=0.4774
  epoch  22/50  loss=1.1492  bal_acc=0.4757
  epoch  23/50  loss=1.1370  bal_acc=0.4792
  epoch  24/50  loss=1.1273  bal_acc=0.4948
  epoch  25/50  loss=1.1135  bal_acc=0.4983
  epoch  26/50  loss=1.1053  bal_acc=0.4931
  epoch  27/50  loss=1.0928  bal_acc=0.5000
  epoch  28/50  loss=1.0841  bal_acc=0.5087
  epoch  29/50  loss=1.0772  bal_acc=0.5087
  epoch  30/50  loss=1.0661  bal_acc=0.5087
  epoch  31/50  loss=1.0571  bal_acc=0.5122
  epoch  32/50  loss=1.0462  bal_acc=0.5122
  epoch  33/50  loss=1.0413  bal_acc=0.5156
  epoch  34/50  loss=1.0315  bal_acc=0.5174
  epoch  35/50  loss=1.0244  bal_acc=0.5156
  epoch  36/50  loss=1.0168  bal_acc=0.5226
  epoch  37/50  loss=1.0089  bal_acc=0.5156
  epoch  38/50  loss=0.9994  bal_acc=0.5191
  epoch  39/50  loss=0.9921  bal_acc=0.5226
  epoch  40/50  loss=0.9861  bal_acc=0.5243
  epoch  41/50  loss=0.9761  bal_acc=0.5382
  epoch  42/50  loss=0.9713  bal_acc=0.5347
  epoch  43/50  loss=0.9680  bal_acc=0.5330
  epoch  44/50  loss=0.9588  bal_acc=0.5312
  epoch  45/50  loss=0.9497  bal_acc=0.5451
  epoch  46/50  loss=0.9471  bal_acc=0.5469
  epoch  47/50  loss=0.9383  bal_acc=0.5521
  epoch  48/50  loss=0.9319  bal_acc=0.5608
  epoch  49/50  loss=0.9257  bal_acc=0.5556
  epoch  50/50  loss=0.9168  bal_acc=0.5642
  [LOSO 8/9] subject 7: acc=0.5642  running_mean=0.4967

=== LOSO (hold out subject 8) ===
  Train: 4608 trials  |  Test: 576 trials
  Model params: 17,722
  epoch   1/50  loss=1.3895  bal_acc=0.2448
  epoch   2/50  loss=1.3786  bal_acc=0.2708
  epoch   3/50  loss=1.3686  bal_acc=0.2969
  epoch   4/50  loss=1.3580  bal_acc=0.3038
  epoch   5/50  loss=1.3470  bal_acc=0.3160
  epoch   6/50  loss=1.3360  bal_acc=0.2934
  epoch   7/50  loss=1.3233  bal_acc=0.2934
  epoch   8/50  loss=1.3128  bal_acc=0.3090
  epoch   9/50  loss=1.3023  bal_acc=0.3125
  epoch  10/50  loss=1.2938  bal_acc=0.3212
  epoch  11/50  loss=1.2849  bal_acc=0.3333
  epoch  12/50  loss=1.2766  bal_acc=0.3264
  epoch  13/50  loss=1.2687  bal_acc=0.3316
  epoch  14/50  loss=1.2592  bal_acc=0.3385
  epoch  15/50  loss=1.2501  bal_acc=0.3333
  epoch  16/50  loss=1.2410  bal_acc=0.3472
  epoch  17/50  loss=1.2295  bal_acc=0.3507
  epoch  18/50  loss=1.2209  bal_acc=0.3385
  epoch  19/50  loss=1.2080  bal_acc=0.3594
  epoch  20/50  loss=1.1962  bal_acc=0.3594
  epoch  21/50  loss=1.1861  bal_acc=0.3646
  epoch  22/50  loss=1.1770  bal_acc=0.3611
  epoch  23/50  loss=1.1655  bal_acc=0.3681
  epoch  24/50  loss=1.1568  bal_acc=0.3681
  epoch  25/50  loss=1.1471  bal_acc=0.3889
  epoch  26/50  loss=1.1376  bal_acc=0.3785
  epoch  27/50  loss=1.1275  bal_acc=0.3889
  epoch  28/50  loss=1.1192  bal_acc=0.3837
  epoch  29/50  loss=1.1116  bal_acc=0.3872
  epoch  30/50  loss=1.1018  bal_acc=0.3854
  epoch  31/50  loss=1.0931  bal_acc=0.3854
  epoch  32/50  loss=1.0842  bal_acc=0.4062
  epoch  33/50  loss=1.0808  bal_acc=0.4115
  epoch  34/50  loss=1.0728  bal_acc=0.4028
  epoch  35/50  loss=1.0643  bal_acc=0.4149
  epoch  36/50  loss=1.0581  bal_acc=0.4184
  epoch  37/50  loss=1.0486  bal_acc=0.4167
  epoch  38/50  loss=1.0461  bal_acc=0.4236
  epoch  39/50  loss=1.0356  bal_acc=0.4288
  epoch  40/50  loss=1.0324  bal_acc=0.4288
  epoch  41/50  loss=1.0244  bal_acc=0.4149
  epoch  42/50  loss=1.0212  bal_acc=0.4323
  epoch  43/50  loss=1.0179  bal_acc=0.4427
  epoch  44/50  loss=1.0074  bal_acc=0.4323
  epoch  45/50  loss=1.0040  bal_acc=0.4323
  epoch  46/50  loss=0.9971  bal_acc=0.4462
  epoch  47/50  loss=0.9936  bal_acc=0.4410
  epoch  48/50  loss=0.9884  bal_acc=0.4358
  epoch  49/50  loss=0.9801  bal_acc=0.4392
  epoch  50/50  loss=0.9743  bal_acc=0.4271
  [LOSO 9/9] subject 8: acc=0.4271  running_mean=0.4890
Results saved to results/BNCI2014_001/results_trial_34.json
Trial logged to results/BNCI2014_001/trials.csv
[status] trial 34 done (state=COMPLETE, value=0.48900462962962965) -- 30 completed total
Device: cuda
[BNCI2014_001] loading from cache: /home/aleksander.berezowsk/.cache/spiking_eegnet/BNCI2014_001_af1ccf3e92f684d8a93c057082b654d7.npz
[BNCI2014_001] cache hit: (5184, 1, 22, 1001), classes=['feet', 'left_hand', 'right_hand', 'tongue'], subjects=9
Dataset meta: {'n_classes': 4, 'n_channels': 22, 'n_samples': 1001, 'class_names': ['feet', 'left_hand', 'right_hand', 'tongue'], 'subject_list': [1, 2, 3, 4, 5, 6, 7, 8, 9], 'n_subjects': 9, 'sfreq': 250.0}

=== LOSO (hold out subject 0) ===
  Train: 4608 trials  |  Test: 576 trials
  Model params: 7,849
  epoch   1/50  loss=1.3914  bal_acc=0.2569
  epoch   2/50  loss=1.3836  bal_acc=0.2760
  epoch   3/50  loss=1.3765  bal_acc=0.2951
  epoch   4/50  loss=1.3705  bal_acc=0.3003
  epoch   5/50  loss=1.3633  bal_acc=0.3125
  epoch   6/50  loss=1.3571  bal_acc=0.3351
  epoch   7/50  loss=1.3494  bal_acc=0.3472
  epoch   8/50  loss=1.3429  bal_acc=0.3455
  epoch   9/50  loss=1.3366  bal_acc=0.3524
  epoch  10/50  loss=1.3292  bal_acc=0.3542
  epoch  11/50  loss=1.3228  bal_acc=0.3542
  epoch  12/50  loss=1.3163  bal_acc=0.3507
  epoch  13/50  loss=1.3121  bal_acc=0.3542
  epoch  14/50  loss=1.3056  bal_acc=0.3524
  epoch  15/50  loss=1.3008  bal_acc=0.3507
  epoch  16/50  loss=1.2961  bal_acc=0.3524
  epoch  17/50  loss=1.2903  bal_acc=0.3524
  epoch  18/50  loss=1.2855  bal_acc=0.3542
  epoch  19/50  loss=1.2797  bal_acc=0.3559
  epoch  20/50  loss=1.2744  bal_acc=0.3611
  epoch  21/50  loss=1.2680  bal_acc=0.3628
  epoch  22/50  loss=1.2617  bal_acc=0.3785
  epoch  23/50  loss=1.2544  bal_acc=0.3698
  epoch  24/50  loss=1.2481  bal_acc=0.3750
  epoch  25/50  loss=1.2415  bal_acc=0.3837
  epoch  26/50  loss=1.2339  bal_acc=0.3941
  epoch  27/50  loss=1.2260  bal_acc=0.3872
  epoch  28/50  loss=1.2199  bal_acc=0.3924
  epoch  29/50  loss=1.2136  bal_acc=0.4115
  epoch  30/50  loss=1.2065  bal_acc=0.4045
  epoch  31/50  loss=1.1978  bal_acc=0.4115
  epoch  32/50  loss=1.1901  bal_acc=0.4306
  epoch  33/50  loss=1.1831  bal_acc=0.4288
  epoch  34/50  loss=1.1760  bal_acc=0.4340
  epoch  35/50  loss=1.1667  bal_acc=0.4358
  epoch  36/50  loss=1.1590  bal_acc=0.4410
  epoch  37/50  loss=1.1552  bal_acc=0.4323
  epoch  38/50  loss=1.1479  bal_acc=0.4340
  epoch  39/50  loss=1.1399  bal_acc=0.4271
  epoch  40/50  loss=1.1343  bal_acc=0.4410
  epoch  41/50  loss=1.1263  bal_acc=0.4375
  epoch  42/50  loss=1.1182  bal_acc=0.4497
  epoch  43/50  loss=1.1140  bal_acc=0.4427
  epoch  44/50  loss=1.1065  bal_acc=0.4601
  epoch  45/50  loss=1.1007  bal_acc=0.4549
  epoch  46/50  loss=1.0933  bal_acc=0.4618
  epoch  47/50  loss=1.0877  bal_acc=0.4601
  epoch  48/50  loss=1.0798  bal_acc=0.4566
  epoch  49/50  loss=1.0760  bal_acc=0.4566
  epoch  50/50  loss=1.0695  bal_acc=0.4549
  [LOSO 1/9] subject 0: acc=0.4549  running_mean=0.4549

=== LOSO (hold out subject 1) ===
  Train: 4608 trials  |  Test: 576 trials
  Model params: 7,849
  epoch   1/50  loss=1.3930  bal_acc=0.2569
  epoch   2/50  loss=1.3840  bal_acc=0.2795
  epoch   3/50  loss=1.3787  bal_acc=0.2899
  epoch   4/50  loss=1.3721  bal_acc=0.3125
  epoch   5/50  loss=1.3659  bal_acc=0.3056
  epoch   6/50  loss=1.3604  bal_acc=0.3160
  epoch   7/50  loss=1.3544  bal_acc=0.3142
  epoch   8/50  loss=1.3477  bal_acc=0.3142
  epoch   9/50  loss=1.3400  bal_acc=0.3160
  epoch  10/50  loss=1.3334  bal_acc=0.3281
  epoch  11/50  loss=1.3262  bal_acc=0.3247
  epoch  12/50  loss=1.3205  bal_acc=0.3281
  epoch  13/50  loss=1.3138  bal_acc=0.3420
  epoch  14/50  loss=1.3077  bal_acc=0.3351
  epoch  15/50  loss=1.3024  bal_acc=0.3351
  epoch  16/50  loss=1.2966  bal_acc=0.3455
  epoch  17/50  loss=1.2917  bal_acc=0.3542
  epoch  18/50  loss=1.2864  bal_acc=0.3559
  epoch  19/50  loss=1.2813  bal_acc=0.3420
  epoch  20/50  loss=1.2766  bal_acc=0.3576
  epoch  21/50  loss=1.2702  bal_acc=0.3611
  epoch  22/50  loss=1.2657  bal_acc=0.3542
  epoch  23/50  loss=1.2598  bal_acc=0.3576
  epoch  24/50  loss=1.2543  bal_acc=0.3559
  epoch  25/50  loss=1.2483  bal_acc=0.3576
  epoch  26/50  loss=1.2420  bal_acc=0.3628
  epoch  27/50  loss=1.2373  bal_acc=0.3559
  epoch  28/50  loss=1.2316  bal_acc=0.3646
  epoch  29/50  loss=1.2249  bal_acc=0.3628
  epoch  30/50  loss=1.2197  bal_acc=0.3819
  epoch  31/50  loss=1.2129  bal_acc=0.3906
  epoch  32/50  loss=1.2063  bal_acc=0.3785
  epoch  33/50  loss=1.2002  bal_acc=0.3733
  epoch  34/50  loss=1.1919  bal_acc=0.3785
  epoch  35/50  loss=1.1846  bal_acc=0.3993
  epoch  36/50  loss=1.1770  bal_acc=0.3767
  epoch  37/50  loss=1.1704  bal_acc=0.3785
  epoch  38/50  loss=1.1638  bal_acc=0.3958
  epoch  39/50  loss=1.1566  bal_acc=0.3854
  epoch  40/50  loss=1.1491  bal_acc=0.3958
  epoch  41/50  loss=1.1416  bal_acc=0.3958
  epoch  42/50  loss=1.1347  bal_acc=0.3941
  epoch  43/50  loss=1.1287  bal_acc=0.3837
  epoch  44/50  loss=1.1228  bal_acc=0.3889
  epoch  45/50  loss=1.1159  bal_acc=0.3785
  epoch  46/50  loss=1.1106  bal_acc=0.3906
  epoch  47/50  loss=1.1038  bal_acc=0.3872
  epoch  48/50  loss=1.0967  bal_acc=0.3924
  epoch  49/50  loss=1.0898  bal_acc=0.4010
  epoch  50/50  loss=1.0850  bal_acc=0.3802
  [LOSO 2/9] subject 1: acc=0.3802  running_mean=0.4175

=== LOSO (hold out subject 2) ===
  Train: 4608 trials  |  Test: 576 trials
  Model params: 7,849
  epoch   1/50  loss=1.3890  bal_acc=0.3021
  epoch   2/50  loss=1.3802  bal_acc=0.3455
  epoch   3/50  loss=1.3729  bal_acc=0.3559
  epoch   4/50  loss=1.3660  bal_acc=0.3663
  epoch   5/50  loss=1.3587  bal_acc=0.3698
  epoch   6/50  loss=1.3521  bal_acc=0.3715
  epoch   7/50  loss=1.3448  bal_acc=0.3715
  epoch   8/50  loss=1.3379  bal_acc=0.3698
  epoch   9/50  loss=1.3303  bal_acc=0.3698
  epoch  10/50  loss=1.3253  bal_acc=0.3802
  epoch  11/50  loss=1.3179  bal_acc=0.3854
  epoch  12/50  loss=1.3114  bal_acc=0.3889
  epoch  13/50  loss=1.3058  bal_acc=0.3976
  epoch  14/50  loss=1.2999  bal_acc=0.3941
  epoch  15/50  loss=1.2942  bal_acc=0.4010
  epoch  16/50  loss=1.2889  bal_acc=0.3976
  epoch  17/50  loss=1.2829  bal_acc=0.4010
  epoch  18/50  loss=1.2787  bal_acc=0.4028
  epoch  19/50  loss=1.2718  bal_acc=0.4097
  epoch  20/50  loss=1.2667  bal_acc=0.4062
  epoch  21/50  loss=1.2614  bal_acc=0.4115
  epoch  22/50  loss=1.2553  bal_acc=0.4080
  epoch  23/50  loss=1.2500  bal_acc=0.4184
  epoch  24/50  loss=1.2453  bal_acc=0.4253
  epoch  25/50  loss=1.2383  bal_acc=0.4219
  epoch  26/50  loss=1.2333  bal_acc=0.4323
  epoch  27/50  loss=1.2275  bal_acc=0.4306
  epoch  28/50  loss=1.2221  bal_acc=0.4340
  epoch  29/50  loss=1.2164  bal_acc=0.4306
  epoch  30/50  loss=1.2118  bal_acc=0.4410
  epoch  31/50  loss=1.2061  bal_acc=0.4427
  epoch  32/50  loss=1.1992  bal_acc=0.4514
  epoch  33/50  loss=1.1940  bal_acc=0.4531
  epoch  34/50  loss=1.1879  bal_acc=0.4514
  epoch  35/50  loss=1.1838  bal_acc=0.4635
  epoch  36/50  loss=1.1787  bal_acc=0.4635
  epoch  37/50  loss=1.1728  bal_acc=0.4618
  epoch  38/50  loss=1.1678  bal_acc=0.4792
  epoch  39/50  loss=1.1623  bal_acc=0.4635
  epoch  40/50  loss=1.1584  bal_acc=0.4757
  epoch  41/50  loss=1.1526  bal_acc=0.4722
  epoch  42/50  loss=1.1493  bal_acc=0.4792
  epoch  43/50  loss=1.1437  bal_acc=0.4809
  epoch  44/50  loss=1.1385  bal_acc=0.4809
  epoch  45/50  loss=1.1339  bal_acc=0.4826
  epoch  46/50  loss=1.1297  bal_acc=0.4931
  epoch  47/50  loss=1.1254  bal_acc=0.5000
  epoch  48/50  loss=1.1195  bal_acc=0.4983
  epoch  49/50  loss=1.1162  bal_acc=0.4965
  epoch  50/50  loss=1.1099  bal_acc=0.4965
  [LOSO 3/9] subject 2: acc=0.4965  running_mean=0.4439

=== LOSO (hold out subject 3) ===
  Train: 4608 trials  |  Test: 576 trials
  Model params: 7,849
  epoch   1/50  loss=1.3935  bal_acc=0.2587
  epoch   2/50  loss=1.3800  bal_acc=0.2674
  epoch   3/50  loss=1.3721  bal_acc=0.2882
  epoch   4/50  loss=1.3646  bal_acc=0.3194
  epoch   5/50  loss=1.3561  bal_acc=0.3212
  epoch   6/50  loss=1.3485  bal_acc=0.3299
  epoch   7/50  loss=1.3401  bal_acc=0.3316
  epoch   8/50  loss=1.3307  bal_acc=0.3281
  epoch   9/50  loss=1.3234  bal_acc=0.3281
  epoch  10/50  loss=1.3148  bal_acc=0.3385
  epoch  11/50  loss=1.3085  bal_acc=0.3333
  epoch  12/50  loss=1.3006  bal_acc=0.3333
  epoch  13/50  loss=1.2929  bal_acc=0.3351
  epoch  14/50  loss=1.2870  bal_acc=0.3368
  epoch  15/50  loss=1.2788  bal_acc=0.3403
  epoch  16/50  loss=1.2722  bal_acc=0.3385
  epoch  17/50  loss=1.2635  bal_acc=0.3490
  epoch  18/50  loss=1.2560  bal_acc=0.3611
  epoch  19/50  loss=1.2458  bal_acc=0.3750
  epoch  20/50  loss=1.2374  bal_acc=0.3663
  epoch  21/50  loss=1.2286  bal_acc=0.3872
  epoch  22/50  loss=1.2189  bal_acc=0.3941
  epoch  23/50  loss=1.2101  bal_acc=0.4028
  epoch  24/50  loss=1.2009  bal_acc=0.4097
  epoch  25/50  loss=1.1917  bal_acc=0.4115
  epoch  26/50  loss=1.1829  bal_acc=0.4236
  epoch  27/50  loss=1.1741  bal_acc=0.4306
  epoch  28/50  loss=1.1657  bal_acc=0.4271
  epoch  29/50  loss=1.1574  bal_acc=0.4219
  epoch  30/50  loss=1.1495  bal_acc=0.4358
  epoch  31/50  loss=1.1449  bal_acc=0.4306
  epoch  32/50  loss=1.1355  bal_acc=0.4323
  epoch  33/50  loss=1.1290  bal_acc=0.4323
  epoch  34/50  loss=1.1210  bal_acc=0.4375
  epoch  35/50  loss=1.1158  bal_acc=0.4392
  epoch  36/50  loss=1.1100  bal_acc=0.4427
  epoch  37/50  loss=1.1021  bal_acc=0.4410
  epoch  38/50  loss=1.0977  bal_acc=0.4601
  epoch  39/50  loss=1.0937  bal_acc=0.4410
  epoch  40/50  loss=1.0861  bal_acc=0.4514
  epoch  41/50  loss=1.0803  bal_acc=0.4427
  epoch  42/50  loss=1.0762  bal_acc=0.4444
  epoch  43/50  loss=1.0709  bal_acc=0.4497
  epoch  44/50  loss=1.0667  bal_acc=0.4583
  epoch  45/50  loss=1.0616  bal_acc=0.4462
  epoch  46/50  loss=1.0545  bal_acc=0.4531
  epoch  47/50  loss=1.0502  bal_acc=0.4462
  epoch  48/50  loss=1.0438  bal_acc=0.4427
  epoch  49/50  loss=1.0397  bal_acc=0.4462
  epoch  50/50  loss=1.0383  bal_acc=0.4549
  [LOSO 4/9] subject 3: acc=0.4549  running_mean=0.4466

=== LOSO (hold out subject 4) ===
  Train: 4608 trials  |  Test: 576 trials
  Model params: 7,849
  epoch   1/50  loss=1.3881  bal_acc=0.2951
  epoch   2/50  loss=1.3786  bal_acc=0.3073
  epoch   3/50  loss=1.3708  bal_acc=0.3212
  epoch   4/50  loss=1.3626  bal_acc=0.3229
  epoch   5/50  loss=1.3542  bal_acc=0.3229
  epoch   6/50  loss=1.3458  bal_acc=0.3177
  epoch   7/50  loss=1.3373  bal_acc=0.3368
  epoch   8/50  loss=1.3299  bal_acc=0.3455
  epoch   9/50  loss=1.3216  bal_acc=0.3333
  epoch  10/50  loss=1.3126  bal_acc=0.3455
  epoch  11/50  loss=1.3071  bal_acc=0.3368
  epoch  12/50  loss=1.2993  bal_acc=0.3351
  epoch  13/50  loss=1.2935  bal_acc=0.3438
  epoch  14/50  loss=1.2875  bal_acc=0.3455
  epoch  15/50  loss=1.2799  bal_acc=0.3472
  epoch  16/50  loss=1.2747  bal_acc=0.3455
  epoch  17/50  loss=1.2678  bal_acc=0.3472
  epoch  18/50  loss=1.2610  bal_acc=0.3576
  epoch  19/50  loss=1.2535  bal_acc=0.3472
  epoch  20/50  loss=1.2472  bal_acc=0.3628
  epoch  21/50  loss=1.2401  bal_acc=0.3646
  epoch  22/50  loss=1.2331  bal_acc=0.3681
  epoch  23/50  loss=1.2275  bal_acc=0.3681
  epoch  24/50  loss=1.2196  bal_acc=0.3663
  epoch  25/50  loss=1.2138  bal_acc=0.3368
  epoch  26/50  loss=1.2070  bal_acc=0.3472
  epoch  27/50  loss=1.1997  bal_acc=0.3715
  epoch  28/50  loss=1.1917  bal_acc=0.3854
  epoch  29/50  loss=1.1866  bal_acc=0.3628
  epoch  30/50  loss=1.1806  bal_acc=0.3924
  epoch  31/50  loss=1.1734  bal_acc=0.3993
  epoch  32/50  loss=1.1664  bal_acc=0.4010
  epoch  33/50  loss=1.1585  bal_acc=0.4080
  epoch  34/50  loss=1.1521  bal_acc=0.4080
  epoch  35/50  loss=1.1467  bal_acc=0.4097
  epoch  36/50  loss=1.1391  bal_acc=0.4149
  epoch  37/50  loss=1.1335  bal_acc=0.4149
  epoch  38/50  loss=1.1272  bal_acc=0.4184
  epoch  39/50  loss=1.1213  bal_acc=0.4080
  epoch  40/50  loss=1.1142  bal_acc=0.4410
  epoch  41/50  loss=1.1073  bal_acc=0.4253
  epoch  42/50  loss=1.1025  bal_acc=0.4323
  epoch  43/50  loss=1.0929  bal_acc=0.4410
  epoch  44/50  loss=1.0899  bal_acc=0.4340
  epoch  45/50  loss=1.0829  bal_acc=0.4427
  epoch  46/50  loss=1.0817  bal_acc=0.4375
  epoch  47/50  loss=1.0713  bal_acc=0.4375
  epoch  48/50  loss=1.0658  bal_acc=0.4358
  epoch  49/50  loss=1.0605  bal_acc=0.4340
  epoch  50/50  loss=1.0542  bal_acc=0.4375
  [LOSO 5/9] subject 4: acc=0.4375  running_mean=0.4448

=== LOSO (hold out subject 5) ===
  Train: 4608 trials  |  Test: 576 trials
  Model params: 7,849
  epoch   1/50  loss=1.3930  bal_acc=0.2517
  epoch   2/50  loss=1.3828  bal_acc=0.2552
  epoch   3/50  loss=1.3758  bal_acc=0.2622
  epoch   4/50  loss=1.3691  bal_acc=0.2865
  epoch   5/50  loss=1.3619  bal_acc=0.3177
  epoch   6/50  loss=1.3546  bal_acc=0.3247
  epoch   7/50  loss=1.3472  bal_acc=0.3368
  epoch   8/50  loss=1.3395  bal_acc=0.3559
  epoch   9/50  loss=1.3324  bal_acc=0.3507
  epoch  10/50  loss=1.3261  bal_acc=0.3472
  epoch  11/50  loss=1.3197  bal_acc=0.3472
  epoch  12/50  loss=1.3133  bal_acc=0.3542
  epoch  13/50  loss=1.3074  bal_acc=0.3542
  epoch  14/50  loss=1.3016  bal_acc=0.3698
  epoch  15/50  loss=1.2955  bal_acc=0.3698
  epoch  16/50  loss=1.2892  bal_acc=0.3698
  epoch  17/50  loss=1.2853  bal_acc=0.3628
  epoch  18/50  loss=1.2786  bal_acc=0.3715
  epoch  19/50  loss=1.2731  bal_acc=0.3767
  epoch  20/50  loss=1.2671  bal_acc=0.3767
  epoch  21/50  loss=1.2601  bal_acc=0.3802
  epoch  22/50  loss=1.2538  bal_acc=0.3872
  epoch  23/50  loss=1.2475  bal_acc=0.3941
  epoch  24/50  loss=1.2407  bal_acc=0.4080
  epoch  25/50  loss=1.2339  bal_acc=0.4080
  epoch  26/50  loss=1.2278  bal_acc=0.4062
  epoch  27/50  loss=1.2196  bal_acc=0.4062
  epoch  28/50  loss=1.2126  bal_acc=0.4184
  epoch  29/50  loss=1.2058  bal_acc=0.4149
  epoch  30/50  loss=1.1978  bal_acc=0.4271
  epoch  31/50  loss=1.1896  bal_acc=0.4306
  epoch  32/50  loss=1.1829  bal_acc=0.4236
  epoch  33/50  loss=1.1757  bal_acc=0.4271
  epoch  34/50  loss=1.1675  bal_acc=0.4288
  epoch  35/50  loss=1.1595  bal_acc=0.4271
  epoch  36/50  loss=1.1536  bal_acc=0.4323
  epoch  37/50  loss=1.1479  bal_acc=0.4410
  epoch  38/50  loss=1.1394  bal_acc=0.4358
  epoch  39/50  loss=1.1337  bal_acc=0.4392
  epoch  40/50  loss=1.1267  bal_acc=0.4392
  epoch  41/50  loss=1.1196  bal_acc=0.4392
  epoch  42/50  loss=1.1157  bal_acc=0.4462
  epoch  43/50  loss=1.1074  bal_acc=0.4392
  epoch  44/50  loss=1.1023  bal_acc=0.4497
  epoch  45/50  loss=1.0958  bal_acc=0.4497
  epoch  46/50  loss=1.0880  bal_acc=0.4427
  epoch  47/50  loss=1.0835  bal_acc=0.4497
  epoch  48/50  loss=1.0790  bal_acc=0.4549
  epoch  49/50  loss=1.0717  bal_acc=0.4497
  epoch  50/50  loss=1.0671  bal_acc=0.4549
  [LOSO 6/9] subject 5: acc=0.4549  running_mean=0.4465

=== LOSO (hold out subject 6) ===
  Train: 4608 trials  |  Test: 576 trials
  Model params: 7,849
  epoch   1/50  loss=1.3869  bal_acc=0.2847
  epoch   2/50  loss=1.3785  bal_acc=0.3142
  epoch   3/50  loss=1.3719  bal_acc=0.3264
  epoch   4/50  loss=1.3653  bal_acc=0.3542
  epoch   5/50  loss=1.3583  bal_acc=0.3559
  epoch   6/50  loss=1.3521  bal_acc=0.3646
  epoch   7/50  loss=1.3455  bal_acc=0.3819
  epoch   8/50  loss=1.3392  bal_acc=0.3889
  epoch   9/50  loss=1.3329  bal_acc=0.3976
  epoch  10/50  loss=1.3270  bal_acc=0.3958
  epoch  11/50  loss=1.3208  bal_acc=0.4028
  epoch  12/50  loss=1.3149  bal_acc=0.4184
  epoch  13/50  loss=1.3104  bal_acc=0.4097
  epoch  14/50  loss=1.3051  bal_acc=0.4219
  epoch  15/50  loss=1.3004  bal_acc=0.4115
  epoch  16/50  loss=1.2940  bal_acc=0.4358
  epoch  17/50  loss=1.2883  bal_acc=0.4392
  epoch  18/50  loss=1.2832  bal_acc=0.4410
  epoch  19/50  loss=1.2779  bal_acc=0.4566
  epoch  20/50  loss=1.2711  bal_acc=0.4583
  epoch  21/50  loss=1.2648  bal_acc=0.4583
  epoch  22/50  loss=1.2587  bal_acc=0.4566
  epoch  23/50  loss=1.2528  bal_acc=0.4583
  epoch  24/50  loss=1.2459  bal_acc=0.4722
  epoch  25/50  loss=1.2394  bal_acc=0.4792
  epoch  26/50  loss=1.2323  bal_acc=0.4740
  epoch  27/50  loss=1.2232  bal_acc=0.4844
  epoch  28/50  loss=1.2171  bal_acc=0.4861
  epoch  29/50  loss=1.2089  bal_acc=0.4844
  epoch  30/50  loss=1.2012  bal_acc=0.4913
  epoch  31/50  loss=1.1931  bal_acc=0.4948
  epoch  32/50  loss=1.1851  bal_acc=0.4948
  epoch  33/50  loss=1.1775  bal_acc=0.5052
  epoch  34/50  loss=1.1708  bal_acc=0.5000
  epoch  35/50  loss=1.1610  bal_acc=0.5191
  epoch  36/50  loss=1.1547  bal_acc=0.5174
  epoch  37/50  loss=1.1474  bal_acc=0.5278
  epoch  38/50  loss=1.1394  bal_acc=0.5226
  epoch  39/50  loss=1.1320  bal_acc=0.5208
  epoch  40/50  loss=1.1244  bal_acc=0.5156
  epoch  41/50  loss=1.1198  bal_acc=0.5191
  epoch  42/50  loss=1.1118  bal_acc=0.5208
  epoch  43/50  loss=1.1030  bal_acc=0.5330
  epoch  44/50  loss=1.0984  bal_acc=0.5208
  epoch  45/50  loss=1.0914  bal_acc=0.5347
  epoch  46/50  loss=1.0838  bal_acc=0.5365
  epoch  47/50  loss=1.0764  bal_acc=0.5382
  epoch  48/50  loss=1.0696  bal_acc=0.5382
  epoch  49/50  loss=1.0655  bal_acc=0.5295
  epoch  50/50  loss=1.0577  bal_acc=0.5451
  [LOSO 7/9] subject 6: acc=0.5451  running_mean=0.4606

=== LOSO (hold out subject 7) ===
  Train: 4608 trials  |  Test: 576 trials
  Model params: 7,849
  epoch   1/50  loss=1.3877  bal_acc=0.2899
  epoch   2/50  loss=1.3766  bal_acc=0.3021
  epoch   3/50  loss=1.3670  bal_acc=0.3142
  epoch   4/50  loss=1.3582  bal_acc=0.3299
  epoch   5/50  loss=1.3489  bal_acc=0.3490
  epoch   6/50  loss=1.3403  bal_acc=0.3420
  epoch   7/50  loss=1.3317  bal_acc=0.3524
  epoch   8/50  loss=1.3258  bal_acc=0.3559
  epoch   9/50  loss=1.3178  bal_acc=0.3594
  epoch  10/50  loss=1.3114  bal_acc=0.3628
  epoch  11/50  loss=1.3051  bal_acc=0.3663
  epoch  12/50  loss=1.2983  bal_acc=0.3819
  epoch  13/50  loss=1.2916  bal_acc=0.3767
  epoch  14/50  loss=1.2860  bal_acc=0.3767
  epoch  15/50  loss=1.2799  bal_acc=0.3906
  epoch  16/50  loss=1.2726  bal_acc=0.3889
  epoch  17/50  loss=1.2655  bal_acc=0.3924
  epoch  18/50  loss=1.2592  bal_acc=0.3837
  epoch  19/50  loss=1.2518  bal_acc=0.3924
  epoch  20/50  loss=1.2466  bal_acc=0.3941
  epoch  21/50  loss=1.2396  bal_acc=0.3993
  epoch  22/50  loss=1.2323  bal_acc=0.3993
  epoch  23/50  loss=1.2252  bal_acc=0.4115
  epoch  24/50  loss=1.2199  bal_acc=0.4097
  epoch  25/50  loss=1.2134  bal_acc=0.4167
  epoch  26/50  loss=1.2053  bal_acc=0.4201
  epoch  27/50  loss=1.2014  bal_acc=0.4115
  epoch  28/50  loss=1.1959  bal_acc=0.4149
  epoch  29/50  loss=1.1893  bal_acc=0.4288
  epoch  30/50  loss=1.1838  bal_acc=0.4201
  epoch  31/50  loss=1.1778  bal_acc=0.4236
  epoch  32/50  loss=1.1721  bal_acc=0.4201
  epoch  33/50  loss=1.1675  bal_acc=0.4219
  epoch  34/50  loss=1.1599  bal_acc=0.4288
  epoch  35/50  loss=1.1565  bal_acc=0.4358
  epoch  36/50  loss=1.1498  bal_acc=0.4306
  epoch  37/50  loss=1.1456  bal_acc=0.4392
  epoch  38/50  loss=1.1396  bal_acc=0.4427
  epoch  39/50  loss=1.1358  bal_acc=0.4479
  epoch  40/50  loss=1.1283  bal_acc=0.4549
  epoch  41/50  loss=1.1241  bal_acc=0.4566
  epoch  42/50  loss=1.1195  bal_acc=0.4566
  epoch  43/50  loss=1.1158  bal_acc=0.4427
  epoch  44/50  loss=1.1099  bal_acc=0.4392
  epoch  45/50  loss=1.1066  bal_acc=0.4514
  epoch  46/50  loss=1.1006  bal_acc=0.4601
  epoch  47/50  loss=1.0940  bal_acc=0.4497
  epoch  48/50  loss=1.0923  bal_acc=0.4618
  epoch  49/50  loss=1.0865  bal_acc=0.4653
  epoch  50/50  loss=1.0825  bal_acc=0.4722
  [LOSO 8/9] subject 7: acc=0.4722  running_mean=0.4620

=== LOSO (hold out subject 8) ===
  Train: 4608 trials  |  Test: 576 trials
  Model params: 7,849
  epoch   1/50  loss=1.3870  bal_acc=0.2535
  epoch   2/50  loss=1.3781  bal_acc=0.2569
  epoch   3/50  loss=1.3701  bal_acc=0.2760
  epoch   4/50  loss=1.3622  bal_acc=0.2760
  epoch   5/50  loss=1.3537  bal_acc=0.2969
  epoch   6/50  loss=1.3464  bal_acc=0.2951
  epoch   7/50  loss=1.3392  bal_acc=0.3108
  epoch   8/50  loss=1.3323  bal_acc=0.2986
  epoch   9/50  loss=1.3256  bal_acc=0.3003
  epoch  10/50  loss=1.3186  bal_acc=0.3073
  epoch  11/50  loss=1.3125  bal_acc=0.2951
  epoch  12/50  loss=1.3054  bal_acc=0.3073
  epoch  13/50  loss=1.2999  bal_acc=0.3142
  epoch  14/50  loss=1.2928  bal_acc=0.3160
  epoch  15/50  loss=1.2864  bal_acc=0.3194
  epoch  16/50  loss=1.2799  bal_acc=0.3212
  epoch  17/50  loss=1.2744  bal_acc=0.3299
  epoch  18/50  loss=1.2677  bal_acc=0.3160
  epoch  19/50  loss=1.2617  bal_acc=0.3281
  epoch  20/50  loss=1.2550  bal_acc=0.3368
  epoch  21/50  loss=1.2470  bal_acc=0.3247
  epoch  22/50  loss=1.2397  bal_acc=0.3351
  epoch  23/50  loss=1.2321  bal_acc=0.3351
  epoch  24/50  loss=1.2251  bal_acc=0.3351
  epoch  25/50  loss=1.2185  bal_acc=0.3299
  epoch  26/50  loss=1.2103  bal_acc=0.3576
  epoch  27/50  loss=1.2024  bal_acc=0.3438
  epoch  28/50  loss=1.1975  bal_acc=0.3576
  epoch  29/50  loss=1.1875  bal_acc=0.3576
  epoch  30/50  loss=1.1812  bal_acc=0.3611
  epoch  31/50  loss=1.1745  bal_acc=0.3611
  epoch  32/50  loss=1.1669  bal_acc=0.3663
  epoch  33/50  loss=1.1596  bal_acc=0.3819
  epoch  34/50  loss=1.1553  bal_acc=0.3750
  epoch  35/50  loss=1.1476  bal_acc=0.3733
  epoch  36/50  loss=1.1410  bal_acc=0.3819
  epoch  37/50  loss=1.1352  bal_acc=0.3785
  epoch  38/50  loss=1.1295  bal_acc=0.3715
  epoch  39/50  loss=1.1234  bal_acc=0.3906
  epoch  40/50  loss=1.1192  bal_acc=0.3976
  epoch  41/50  loss=1.1121  bal_acc=0.3889
  epoch  42/50  loss=1.1082  bal_acc=0.3854
  epoch  43/50  loss=1.1022  bal_acc=0.4080
  epoch  44/50  loss=1.0982  bal_acc=0.4062
  epoch  45/50  loss=1.0926  bal_acc=0.4062
  epoch  46/50  loss=1.0880  bal_acc=0.4028
  epoch  47/50  loss=1.0829  bal_acc=0.4045
  epoch  48/50  loss=1.0796  bal_acc=0.4253
  epoch  49/50  loss=1.0754  bal_acc=0.4045
  epoch  50/50  loss=1.0694  bal_acc=0.4132
  [LOSO 9/9] subject 8: acc=0.4132  running_mean=0.4566
Results saved to results/BNCI2014_001/results_trial_36.json
Trial logged to results/BNCI2014_001/trials.csv
[status] trial 36 done (state=COMPLETE, value=0.4565972222222222) -- 33 completed total
Device: cuda
[BNCI2014_001] loading from cache: /home/aleksander.berezowsk/.cache/spiking_eegnet/BNCI2014_001_af1ccf3e92f684d8a93c057082b654d7.npz
[BNCI2014_001] cache hit: (5184, 1, 22, 1001), classes=['feet', 'left_hand', 'right_hand', 'tongue'], subjects=9
Dataset meta: {'n_classes': 4, 'n_channels': 22, 'n_samples': 1001, 'class_names': ['feet', 'left_hand', 'right_hand', 'tongue'], 'subject_list': [1, 2, 3, 4, 5, 6, 7, 8, 9], 'n_subjects': 9, 'sfreq': 250.0}

=== LOSO (hold out subject 0) ===
  Train: 4608 trials  |  Test: 576 trials
  Model params: 24,470
Finished : Sat Jul  4 22:48:45 MDT 2026
Exit code: 0
