Job ID   : 44392962
Node     : fg6
Started  : Sun Jul  5 03:58:48 MDT 2026
Directory: /home/aleksander.berezowsk/spiking-eegnet
Requirement already satisfied: setuptools==69.5.1 in /home/aleksander.berezowsk/venv/lib/python3.12/site-packages (69.5.1)
Requirement already satisfied: torch==2.4.0 in /home/aleksander.berezowsk/venv/lib/python3.12/site-packages (2.4.0)
Requirement already satisfied: torchvision==0.19.0 in /home/aleksander.berezowsk/venv/lib/python3.12/site-packages (0.19.0)
Requirement already satisfied: torchaudio==2.4.0 in /home/aleksander.berezowsk/venv/lib/python3.12/site-packages (2.4.0)
Requirement already satisfied: torchmetrics in /home/aleksander.berezowsk/venv/lib/python3.12/site-packages (1.9.0)
Requirement already satisfied: filelock in /home/aleksander.berezowsk/venv/lib/python3.12/site-packages (from torch==2.4.0) (3.29.0)
Requirement already satisfied: typing-extensions>=4.8.0 in /home/aleksander.berezowsk/venv/lib/python3.12/site-packages (from torch==2.4.0) (4.15.0)
Requirement already satisfied: sympy in /home/aleksander.berezowsk/venv/lib/python3.12/site-packages (from torch==2.4.0) (1.14.0)
Requirement already satisfied: networkx in /home/aleksander.berezowsk/venv/lib/python3.12/site-packages (from torch==2.4.0) (3.6.1)
Requirement already satisfied: jinja2 in /home/aleksander.berezowsk/venv/lib/python3.12/site-packages (from torch==2.4.0) (3.1.6)
Requirement already satisfied: fsspec in /home/aleksander.berezowsk/venv/lib/python3.12/site-packages (from torch==2.4.0) (2026.4.0)
Requirement already satisfied: setuptools in /home/aleksander.berezowsk/venv/lib/python3.12/site-packages (from torch==2.4.0) (69.5.1)
Requirement already satisfied: nvidia-cuda-nvrtc-cu12==12.1.105 in /home/aleksander.berezowsk/venv/lib/python3.12/site-packages (from torch==2.4.0) (12.1.105)
Requirement already satisfied: nvidia-cuda-runtime-cu12==12.1.105 in /home/aleksander.berezowsk/venv/lib/python3.12/site-packages (from torch==2.4.0) (12.1.105)
Requirement already satisfied: nvidia-cuda-cupti-cu12==12.1.105 in /home/aleksander.berezowsk/venv/lib/python3.12/site-packages (from torch==2.4.0) (12.1.105)
Requirement already satisfied: nvidia-cudnn-cu12==9.1.0.70 in /home/aleksander.berezowsk/venv/lib/python3.12/site-packages (from torch==2.4.0) (9.1.0.70)
Requirement already satisfied: nvidia-cublas-cu12==12.1.3.1 in /home/aleksander.berezowsk/venv/lib/python3.12/site-packages (from torch==2.4.0) (12.1.3.1)
Requirement already satisfied: nvidia-cufft-cu12==11.0.2.54 in /home/aleksander.berezowsk/venv/lib/python3.12/site-packages (from torch==2.4.0) (11.0.2.54)
Requirement already satisfied: nvidia-curand-cu12==10.3.2.106 in /home/aleksander.berezowsk/venv/lib/python3.12/site-packages (from torch==2.4.0) (10.3.2.106)
Requirement already satisfied: nvidia-cusolver-cu12==11.4.5.107 in /home/aleksander.berezowsk/venv/lib/python3.12/site-packages (from torch==2.4.0) (11.4.5.107)
Requirement already satisfied: nvidia-cusparse-cu12==12.1.0.106 in /home/aleksander.berezowsk/venv/lib/python3.12/site-packages (from torch==2.4.0) (12.1.0.106)
Requirement already satisfied: nvidia-nccl-cu12==2.20.5 in /home/aleksander.berezowsk/venv/lib/python3.12/site-packages (from torch==2.4.0) (2.20.5)
Requirement already satisfied: nvidia-nvtx-cu12==12.1.105 in /home/aleksander.berezowsk/venv/lib/python3.12/site-packages (from torch==2.4.0) (12.1.105)
Requirement already satisfied: triton==3.0.0 in /home/aleksander.berezowsk/venv/lib/python3.12/site-packages (from torch==2.4.0) (3.0.0)
Requirement already satisfied: numpy in /home/aleksander.berezowsk/venv/lib/python3.12/site-packages (from torchvision==0.19.0) (2.4.6)
Requirement already satisfied: pillow!=8.3.*,>=5.3.0 in /home/aleksander.berezowsk/venv/lib/python3.12/site-packages (from torchvision==0.19.0) (12.2.0)
Requirement already satisfied: nvidia-nvjitlink-cu12 in /home/aleksander.berezowsk/venv/lib/python3.12/site-packages (from nvidia-cusolver-cu12==11.4.5.107->torch==2.4.0) (12.9.86)
Requirement already satisfied: packaging>17.1 in /home/aleksander.berezowsk/venv/lib/python3.12/site-packages (from torchmetrics) (26.2)
Requirement already satisfied: lightning-utilities>=0.15.3 in /home/aleksander.berezowsk/venv/lib/python3.12/site-packages (from torchmetrics) (0.15.3)
Requirement already satisfied: MarkupSafe>=2.0 in /home/aleksander.berezowsk/venv/lib/python3.12/site-packages (from jinja2->torch==2.4.0) (3.0.3)
Requirement already satisfied: mpmath<1.4,>=1.1.0 in /home/aleksander.berezowsk/venv/lib/python3.12/site-packages (from sympy->torch==2.4.0) (1.3.0)
Requirement already satisfied: optuna in /home/aleksander.berezowsk/venv/lib/python3.12/site-packages (4.9.0)
Requirement already satisfied: snntorch in /home/aleksander.berezowsk/venv/lib/python3.12/site-packages (0.9.4)
Requirement already satisfied: alembic>=1.5.0 in /home/aleksander.berezowsk/venv/lib/python3.12/site-packages (from optuna) (1.18.4)
Requirement already satisfied: colorlog in /home/aleksander.berezowsk/venv/lib/python3.12/site-packages (from optuna) (6.10.1)
Requirement already satisfied: numpy in /home/aleksander.berezowsk/venv/lib/python3.12/site-packages (from optuna) (2.4.6)
Requirement already satisfied: packaging>=20.0 in /home/aleksander.berezowsk/venv/lib/python3.12/site-packages (from optuna) (26.2)
Requirement already satisfied: sqlalchemy>=1.4.2 in /home/aleksander.berezowsk/venv/lib/python3.12/site-packages (from optuna) (2.0.50)
Requirement already satisfied: tqdm in /home/aleksander.berezowsk/venv/lib/python3.12/site-packages (from optuna) (4.67.3)
Requirement already satisfied: PyYAML in /home/aleksander.berezowsk/venv/lib/python3.12/site-packages (from optuna) (6.0.3)
Requirement already satisfied: Mako in /home/aleksander.berezowsk/venv/lib/python3.12/site-packages (from alembic>=1.5.0->optuna) (1.3.12)
Requirement already satisfied: typing-extensions>=4.12 in /home/aleksander.berezowsk/venv/lib/python3.12/site-packages (from alembic>=1.5.0->optuna) (4.15.0)
Requirement already satisfied: greenlet>=1 in /home/aleksander.berezowsk/venv/lib/python3.12/site-packages (from sqlalchemy>=1.4.2->optuna) (3.5.1)
Requirement already satisfied: MarkupSafe>=0.9.2 in /home/aleksander.berezowsk/venv/lib/python3.12/site-packages (from Mako->alembic>=1.5.0->optuna) (3.0.3)
Device: cuda
[BNCI2014_001] loading from cache: /home/aleksander.berezowsk/.cache/spiking_eegnet/BNCI2014_001_af1ccf3e92f684d8a93c057082b654d7.npz
[BNCI2014_001] cache hit: (5184, 1, 22, 1001), classes=['feet', 'left_hand', 'right_hand', 'tongue'], subjects=9
Dataset meta: {'n_classes': 4, 'n_channels': 22, 'n_samples': 1001, 'class_names': ['feet', 'left_hand', 'right_hand', 'tongue'], 'subject_list': [1, 2, 3, 4, 5, 6, 7, 8, 9], 'n_subjects': 9, 'sfreq': 250.0}

=== LOSO (hold out subject 0) ===
  Train: 4608 trials  |  Test: 576 trials
  Model params: 22,846
  epoch   1/50  loss=1.3111  bal_acc=0.4497
  epoch   2/50  loss=1.0657  bal_acc=0.4983
  epoch   3/50  loss=0.9095  bal_acc=0.5573
  epoch   4/50  loss=0.8354  bal_acc=0.5677
  epoch   5/50  loss=0.7309  bal_acc=0.5851
  epoch   6/50  loss=0.6826  bal_acc=0.5677
  epoch   7/50  loss=0.6287  bal_acc=0.5486
  epoch   8/50  loss=0.5872  bal_acc=0.5573
  epoch   9/50  loss=0.5353  bal_acc=0.5764
  epoch  10/50  loss=0.5154  bal_acc=0.5226
  epoch  11/50  loss=0.4836  bal_acc=0.5694
  epoch  12/50  loss=0.4452  bal_acc=0.5903
  epoch  13/50  loss=0.4132  bal_acc=0.5868
  epoch  14/50  loss=0.3785  bal_acc=0.5851
  epoch  15/50  loss=0.3767  bal_acc=0.5486
  epoch  16/50  loss=0.3440  bal_acc=0.5799
  epoch  17/50  loss=0.3293  bal_acc=0.5799
  epoch  18/50  loss=0.3148  bal_acc=0.5503
  epoch  19/50  loss=0.3180  bal_acc=0.5226
  epoch  20/50  loss=0.2823  bal_acc=0.5903
  epoch  21/50  loss=0.2679  bal_acc=0.5694
  epoch  22/50  loss=0.2538  bal_acc=0.5677
  epoch  23/50  loss=0.2448  bal_acc=0.5660
  epoch  24/50  loss=0.2449  bal_acc=0.5278
  epoch  25/50  loss=0.2273  bal_acc=0.5590
  epoch  26/50  loss=0.2201  bal_acc=0.5330
  epoch  27/50  loss=0.2187  bal_acc=0.5677
  epoch  28/50  loss=0.2042  bal_acc=0.5469
  epoch  29/50  loss=0.1957  bal_acc=0.5312
  epoch  30/50  loss=0.1903  bal_acc=0.5833
  epoch  31/50  loss=0.1808  bal_acc=0.5486
  epoch  32/50  loss=0.1778  bal_acc=0.5747
  epoch  33/50  loss=0.1667  bal_acc=0.5451
  epoch  34/50  loss=0.1568  bal_acc=0.5382
  epoch  35/50  loss=0.1458  bal_acc=0.5278
  epoch  36/50  loss=0.1536  bal_acc=0.5556
  epoch  37/50  loss=0.1548  bal_acc=0.5625
  epoch  38/50  loss=0.1694  bal_acc=0.5538
  epoch  39/50  loss=0.1825  bal_acc=0.5382
  epoch  40/50  loss=0.1351  bal_acc=0.5816
  epoch  41/50  loss=0.1500  bal_acc=0.5122
  epoch  42/50  loss=0.1365  bal_acc=0.5486
  epoch  43/50  loss=0.1369  bal_acc=0.5521
  epoch  44/50  loss=0.1387  bal_acc=0.5660
  epoch  45/50  loss=0.1434  bal_acc=0.5677
  epoch  46/50  loss=0.1226  bal_acc=0.5590
  epoch  47/50  loss=0.1312  bal_acc=0.5625
  epoch  48/50  loss=0.1221  bal_acc=0.5625
  epoch  49/50  loss=0.1113  bal_acc=0.5382
  epoch  50/50  loss=0.1112  bal_acc=0.5434
  [LOSO 1/9] subject 0: acc=0.5434  running_mean=0.5434

=== LOSO (hold out subject 1) ===
  Train: 4608 trials  |  Test: 576 trials
  Model params: 22,846
  epoch   1/50  loss=1.2868  bal_acc=0.3976
  epoch   2/50  loss=1.0471  bal_acc=0.4236
  epoch   3/50  loss=0.9019  bal_acc=0.4115
  epoch   4/50  loss=0.7984  bal_acc=0.4722
  epoch   5/50  loss=0.7171  bal_acc=0.4844
  epoch   6/50  loss=0.6594  bal_acc=0.5139
  epoch   7/50  loss=0.6058  bal_acc=0.4618
  epoch   8/50  loss=0.5281  bal_acc=0.5017
  epoch   9/50  loss=0.4885  bal_acc=0.4844
  epoch  10/50  loss=0.4670  bal_acc=0.5122
  epoch  11/50  loss=0.4411  bal_acc=0.5035
  epoch  12/50  loss=0.4030  bal_acc=0.4878
  epoch  13/50  loss=0.3732  bal_acc=0.5069
  epoch  14/50  loss=0.3527  bal_acc=0.4566
  epoch  15/50  loss=0.3280  bal_acc=0.4826
  epoch  16/50  loss=0.3071  bal_acc=0.4392
  epoch  17/50  loss=0.2951  bal_acc=0.5087
  epoch  18/50  loss=0.2828  bal_acc=0.4965
  epoch  19/50  loss=0.2611  bal_acc=0.5000
  epoch  20/50  loss=0.2483  bal_acc=0.4931
  epoch  21/50  loss=0.2380  bal_acc=0.4878
  epoch  22/50  loss=0.2289  bal_acc=0.4514
  epoch  23/50  loss=0.2214  bal_acc=0.4931
  epoch  24/50  loss=0.1937  bal_acc=0.4826
  epoch  25/50  loss=0.1961  bal_acc=0.4757
  epoch  26/50  loss=0.1912  bal_acc=0.4601
  epoch  27/50  loss=0.2042  bal_acc=0.4670
  epoch  28/50  loss=0.1700  bal_acc=0.4705
  epoch  29/50  loss=0.1716  bal_acc=0.4688
  epoch  30/50  loss=0.1703  bal_acc=0.4670
  epoch  31/50  loss=0.1674  bal_acc=0.4896
  epoch  32/50  loss=0.1577  bal_acc=0.4792
  epoch  33/50  loss=0.1570  bal_acc=0.4514
  epoch  34/50  loss=0.1483  bal_acc=0.4444
  epoch  35/50  loss=0.1630  bal_acc=0.4757
  epoch  36/50  loss=0.1487  bal_acc=0.4340
  epoch  37/50  loss=0.1387  bal_acc=0.4722
  epoch  38/50  loss=0.1299  bal_acc=0.4948
  epoch  39/50  loss=0.1402  bal_acc=0.4757
  epoch  40/50  loss=0.1342  bal_acc=0.4774
  epoch  41/50  loss=0.1309  bal_acc=0.4983
  epoch  42/50  loss=0.1279  bal_acc=0.4601
  epoch  43/50  loss=0.1209  bal_acc=0.4618
  epoch  44/50  loss=0.1328  bal_acc=0.4705
  epoch  45/50  loss=0.1200  bal_acc=0.4931
  epoch  46/50  loss=0.1153  bal_acc=0.5122
  epoch  47/50  loss=0.1185  bal_acc=0.4740
  epoch  48/50  loss=0.1276  bal_acc=0.4722
  epoch  49/50  loss=0.1217  bal_acc=0.5069
  epoch  50/50  loss=0.1075  bal_acc=0.4844
  [LOSO 2/9] subject 1: acc=0.4844  running_mean=0.5139

=== LOSO (hold out subject 2) ===
  Train: 4608 trials  |  Test: 576 trials
  Model params: 22,846
  epoch   1/50  loss=1.3087  bal_acc=0.5000
  epoch   2/50  loss=1.0647  bal_acc=0.5729
  epoch   3/50  loss=0.9468  bal_acc=0.6111
  epoch   4/50  loss=0.8348  bal_acc=0.7170
  epoch   5/50  loss=0.7559  bal_acc=0.7066
  epoch   6/50  loss=0.6995  bal_acc=0.6094
  epoch   7/50  loss=0.6477  bal_acc=0.7066
  epoch   8/50  loss=0.5971  bal_acc=0.6562
  epoch   9/50  loss=0.5652  bal_acc=0.6944
  epoch  10/50  loss=0.5244  bal_acc=0.6892
  epoch  11/50  loss=0.4762  bal_acc=0.6667
  epoch  12/50  loss=0.4551  bal_acc=0.6858
  epoch  13/50  loss=0.4177  bal_acc=0.6806
  epoch  14/50  loss=0.4029  bal_acc=0.6580
  epoch  15/50  loss=0.3667  bal_acc=0.6198
  epoch  16/50  loss=0.3513  bal_acc=0.6580
  epoch  17/50  loss=0.3376  bal_acc=0.7014
  epoch  18/50  loss=0.3206  bal_acc=0.6615
  epoch  19/50  loss=0.3048  bal_acc=0.6788
  epoch  20/50  loss=0.3040  bal_acc=0.6892
  epoch  21/50  loss=0.2845  bal_acc=0.6476
  epoch  22/50  loss=0.2689  bal_acc=0.7014
  epoch  23/50  loss=0.2639  bal_acc=0.6545
  epoch  24/50  loss=0.2513  bal_acc=0.6858
  epoch  25/50  loss=0.2534  bal_acc=0.6545
  epoch  26/50  loss=0.2326  bal_acc=0.6806
  epoch  27/50  loss=0.2292  bal_acc=0.6510
  epoch  28/50  loss=0.2304  bal_acc=0.6892
  epoch  29/50  loss=0.2067  bal_acc=0.6615
  epoch  30/50  loss=0.2156  bal_acc=0.6597
  epoch  31/50  loss=0.1967  bal_acc=0.6302
  epoch  32/50  loss=0.1863  bal_acc=0.6701
  epoch  33/50  loss=0.1799  bal_acc=0.6962
  epoch  34/50  loss=0.1838  bal_acc=0.6944
  epoch  35/50  loss=0.1837  bal_acc=0.6910
  epoch  36/50  loss=0.1871  bal_acc=0.6233
  epoch  37/50  loss=0.1639  bal_acc=0.6719
  epoch  38/50  loss=0.1672  bal_acc=0.6562
  epoch  39/50  loss=0.1606  bal_acc=0.6389
  epoch  40/50  loss=0.1643  bal_acc=0.6753
  epoch  41/50  loss=0.1490  bal_acc=0.6684
  epoch  42/50  loss=0.1474  bal_acc=0.6597
  epoch  43/50  loss=0.1745  bal_acc=0.6424
  epoch  44/50  loss=0.1356  bal_acc=0.6788
  epoch  45/50  loss=0.1281  bal_acc=0.6545
  epoch  46/50  loss=0.1252  bal_acc=0.6667
  epoch  47/50  loss=0.1394  bal_acc=0.6337
  epoch  48/50  loss=0.1520  bal_acc=0.6892
  epoch  49/50  loss=0.1322  bal_acc=0.6632
  epoch  50/50  loss=0.1361  bal_acc=0.6667
  [LOSO 3/9] subject 2: acc=0.6667  running_mean=0.5648

=== LOSO (hold out subject 3) ===
  Train: 4608 trials  |  Test: 576 trials
  Model params: 22,846
  epoch   1/50  loss=1.2696  bal_acc=0.3889
  epoch   2/50  loss=1.0278  bal_acc=0.4826
  epoch   3/50  loss=0.8928  bal_acc=0.4323
  epoch   4/50  loss=0.7924  bal_acc=0.4201
  epoch   5/50  loss=0.7234  bal_acc=0.4132
  epoch   6/50  loss=0.6458  bal_acc=0.4497
  epoch   7/50  loss=0.6225  bal_acc=0.4340
  epoch   8/50  loss=0.5597  bal_acc=0.4392
  epoch   9/50  loss=0.5261  bal_acc=0.4514
  epoch  10/50  loss=0.4972  bal_acc=0.4062
  epoch  11/50  loss=0.4574  bal_acc=0.4913
  epoch  12/50  loss=0.4220  bal_acc=0.4462
  epoch  13/50  loss=0.3982  bal_acc=0.4531
  epoch  14/50  loss=0.3676  bal_acc=0.4410
  epoch  15/50  loss=0.3788  bal_acc=0.4253
  epoch  16/50  loss=0.3370  bal_acc=0.4062
  epoch  17/50  loss=0.3253  bal_acc=0.4340
  epoch  18/50  loss=0.3096  bal_acc=0.4705
  epoch  19/50  loss=0.2725  bal_acc=0.4340
  epoch  20/50  loss=0.2769  bal_acc=0.4792
  epoch  21/50  loss=0.2607  bal_acc=0.4514
  epoch  22/50  loss=0.2429  bal_acc=0.4618
  epoch  23/50  loss=0.2509  bal_acc=0.4392
  epoch  24/50  loss=0.2446  bal_acc=0.4549
  epoch  25/50  loss=0.2142  bal_acc=0.4896
  epoch  26/50  loss=0.2025  bal_acc=0.4323
  epoch  27/50  loss=0.2187  bal_acc=0.4340
  epoch  28/50  loss=0.2090  bal_acc=0.4931
  epoch  29/50  loss=0.1823  bal_acc=0.4531
  epoch  30/50  loss=0.1828  bal_acc=0.4670
  epoch  31/50  loss=0.1764  bal_acc=0.4497
  epoch  32/50  loss=0.1641  bal_acc=0.4549
  epoch  33/50  loss=0.1564  bal_acc=0.4271
  epoch  34/50  loss=0.1663  bal_acc=0.4601
  epoch  35/50  loss=0.1650  bal_acc=0.4531
  epoch  36/50  loss=0.1485  bal_acc=0.4583
  epoch  37/50  loss=0.1509  bal_acc=0.4861
  epoch  38/50  loss=0.1548  bal_acc=0.4566
  epoch  39/50  loss=0.1608  bal_acc=0.4549
  epoch  40/50  loss=0.1522  bal_acc=0.4375
  epoch  41/50  loss=0.1439  bal_acc=0.4479
  epoch  42/50  loss=0.1280  bal_acc=0.4670
  epoch  43/50  loss=0.1321  bal_acc=0.4514
  epoch  44/50  loss=0.1330  bal_acc=0.4774
  epoch  45/50  loss=0.1392  bal_acc=0.4826
  epoch  46/50  loss=0.1150  bal_acc=0.4635
  epoch  47/50  loss=0.1258  bal_acc=0.4948
  epoch  48/50  loss=0.1286  bal_acc=0.4878
  epoch  49/50  loss=0.1360  bal_acc=0.4688
  epoch  50/50  loss=0.1277  bal_acc=0.4306
  [LOSO 4/9] subject 3: acc=0.4306  running_mean=0.5312

=== LOSO (hold out subject 4) ===
  Train: 4608 trials  |  Test: 576 trials
  Model params: 22,846
  epoch   1/50  loss=1.3036  bal_acc=0.4271
  epoch   2/50  loss=1.0428  bal_acc=0.4635
  epoch   3/50  loss=0.8836  bal_acc=0.4097
  epoch   4/50  loss=0.7795  bal_acc=0.5278
  epoch   5/50  loss=0.7002  bal_acc=0.4566
  epoch   6/50  loss=0.6321  bal_acc=0.5017
  epoch   7/50  loss=0.6027  bal_acc=0.4931
  epoch   8/50  loss=0.5600  bal_acc=0.5017
  epoch   9/50  loss=0.5303  bal_acc=0.5486
  epoch  10/50  loss=0.4745  bal_acc=0.5104
  epoch  11/50  loss=0.4428  bal_acc=0.4809
  epoch  12/50  loss=0.4112  bal_acc=0.5122
  epoch  13/50  loss=0.4283  bal_acc=0.5104
  epoch  14/50  loss=0.3808  bal_acc=0.5382
  epoch  15/50  loss=0.3493  bal_acc=0.5451
  epoch  16/50  loss=0.3228  bal_acc=0.5260
  epoch  17/50  loss=0.3178  bal_acc=0.5503
  epoch  18/50  loss=0.3081  bal_acc=0.5608
  epoch  19/50  loss=0.2704  bal_acc=0.5208
  epoch  20/50  loss=0.2695  bal_acc=0.5573
  epoch  21/50  loss=0.2498  bal_acc=0.4878
  epoch  22/50  loss=0.2561  bal_acc=0.5417
  epoch  23/50  loss=0.2268  bal_acc=0.5521
  epoch  24/50  loss=0.2181  bal_acc=0.5399
  epoch  25/50  loss=0.1962  bal_acc=0.4757
  epoch  26/50  loss=0.2051  bal_acc=0.5243
  epoch  27/50  loss=0.2047  bal_acc=0.5503
  epoch  28/50  loss=0.2002  bal_acc=0.5000
  epoch  29/50  loss=0.2069  bal_acc=0.5503
  epoch  30/50  loss=0.1711  bal_acc=0.4583
  epoch  31/50  loss=0.1749  bal_acc=0.4844
  epoch  32/50  loss=0.1660  bal_acc=0.5035
  epoch  33/50  loss=0.1535  bal_acc=0.5260
  epoch  34/50  loss=0.1392  bal_acc=0.5417
  epoch  35/50  loss=0.1552  bal_acc=0.5451
  epoch  36/50  loss=0.1680  bal_acc=0.5260
  epoch  37/50  loss=0.1493  bal_acc=0.5174
  epoch  38/50  loss=0.1443  bal_acc=0.5191
  epoch  39/50  loss=0.1510  bal_acc=0.5243
  epoch  40/50  loss=0.1313  bal_acc=0.5625
  epoch  41/50  loss=0.1405  bal_acc=0.5087
  epoch  42/50  loss=0.1240  bal_acc=0.5399
  epoch  43/50  loss=0.1187  bal_acc=0.5312
  epoch  44/50  loss=0.1280  bal_acc=0.5556
  epoch  45/50  loss=0.1365  bal_acc=0.5365
  epoch  46/50  loss=0.1311  bal_acc=0.5503
  epoch  47/50  loss=0.1472  bal_acc=0.5503
  epoch  48/50  loss=0.1367  bal_acc=0.5503
  epoch  49/50  loss=0.1216  bal_acc=0.5503
  epoch  50/50  loss=0.1068  bal_acc=0.5382
  [LOSO 5/9] subject 4: acc=0.5382  running_mean=0.5326

=== LOSO (hold out subject 5) ===
  Train: 4608 trials  |  Test: 576 trials
  Model params: 22,846
  epoch   1/50  loss=1.3113  bal_acc=0.4115
  epoch   2/50  loss=1.0568  bal_acc=0.4132
  epoch   3/50  loss=0.9117  bal_acc=0.4219
  epoch   4/50  loss=0.7894  bal_acc=0.3767
  epoch   5/50  loss=0.7031  bal_acc=0.4566
  epoch   6/50  loss=0.6597  bal_acc=0.4167
  epoch   7/50  loss=0.6027  bal_acc=0.4201
  epoch   8/50  loss=0.5736  bal_acc=0.3819
  epoch   9/50  loss=0.5166  bal_acc=0.4097
  epoch  10/50  loss=0.4767  bal_acc=0.4306
  epoch  11/50  loss=0.4744  bal_acc=0.4323
  epoch  12/50  loss=0.4268  bal_acc=0.4097
  epoch  13/50  loss=0.3900  bal_acc=0.4583
  epoch  14/50  loss=0.3697  bal_acc=0.3993
  epoch  15/50  loss=0.3529  bal_acc=0.4167
  epoch  16/50  loss=0.3339  bal_acc=0.4219
  epoch  17/50  loss=0.3244  bal_acc=0.3941
  epoch  18/50  loss=0.2874  bal_acc=0.4358
  epoch  19/50  loss=0.2792  bal_acc=0.4271
  epoch  20/50  loss=0.2846  bal_acc=0.4045
  epoch  21/50  loss=0.2559  bal_acc=0.4358
  epoch  22/50  loss=0.2520  bal_acc=0.4618
  epoch  23/50  loss=0.2465  bal_acc=0.4583
  epoch  24/50  loss=0.2257  bal_acc=0.4097
  epoch  25/50  loss=0.2240  bal_acc=0.4444
  epoch  26/50  loss=0.2066  bal_acc=0.4219
  epoch  27/50  loss=0.2222  bal_acc=0.4236
  epoch  28/50  loss=0.1861  bal_acc=0.3854
  epoch  29/50  loss=0.1766  bal_acc=0.4219
  epoch  30/50  loss=0.1709  bal_acc=0.4375
  epoch  31/50  loss=0.1825  bal_acc=0.4149
  epoch  32/50  loss=0.1750  bal_acc=0.4392
  epoch  33/50  loss=0.1675  bal_acc=0.4149
  epoch  34/50  loss=0.1792  bal_acc=0.4271
  epoch  35/50  loss=0.1681  bal_acc=0.4444
  epoch  36/50  loss=0.1704  bal_acc=0.3976
  epoch  37/50  loss=0.1542  bal_acc=0.3924
  epoch  38/50  loss=0.1620  bal_acc=0.4080
  epoch  39/50  loss=0.1650  bal_acc=0.4427
  epoch  40/50  loss=0.1465  bal_acc=0.4340
  epoch  41/50  loss=0.1522  bal_acc=0.4167
  epoch  42/50  loss=0.1512  bal_acc=0.4097
  epoch  43/50  loss=0.1459  bal_acc=0.4340
  epoch  44/50  loss=0.1346  bal_acc=0.4514
  epoch  45/50  loss=0.1309  bal_acc=0.4149
  epoch  46/50  loss=0.1205  bal_acc=0.4323
  epoch  47/50  loss=0.1223  bal_acc=0.4062
  epoch  48/50  loss=0.1200  bal_acc=0.4184
  epoch  49/50  loss=0.1192  bal_acc=0.4167
  epoch  50/50  loss=0.1197  bal_acc=0.3924
  [LOSO 6/9] subject 5: acc=0.3924  running_mean=0.5093

=== LOSO (hold out subject 6) ===
  Train: 4608 trials  |  Test: 576 trials
  Model params: 22,846
  epoch   1/50  loss=1.3037  bal_acc=0.4566
  epoch   2/50  loss=1.0889  bal_acc=0.5469
  epoch   3/50  loss=0.9422  bal_acc=0.5469
  epoch   4/50  loss=0.8346  bal_acc=0.5573
  epoch   5/50  loss=0.7596  bal_acc=0.5573
  epoch   6/50  loss=0.6942  bal_acc=0.5816
  epoch   7/50  loss=0.6307  bal_acc=0.5312
  epoch   8/50  loss=0.5925  bal_acc=0.5330
  epoch   9/50  loss=0.5408  bal_acc=0.5434
  epoch  10/50  loss=0.5027  bal_acc=0.5955
  epoch  11/50  loss=0.4998  bal_acc=0.5521
  epoch  12/50  loss=0.4549  bal_acc=0.5556
  epoch  13/50  loss=0.4423  bal_acc=0.5486
  epoch  14/50  loss=0.4010  bal_acc=0.5625
  epoch  15/50  loss=0.3734  bal_acc=0.5625
  epoch  16/50  loss=0.3527  bal_acc=0.5677
  epoch  17/50  loss=0.3461  bal_acc=0.5608
  epoch  18/50  loss=0.3120  bal_acc=0.5417
  epoch  19/50  loss=0.3012  bal_acc=0.5868
  epoch  20/50  loss=0.2885  bal_acc=0.5816
  epoch  21/50  loss=0.2711  bal_acc=0.5816
  epoch  22/50  loss=0.2603  bal_acc=0.5573
  epoch  23/50  loss=0.2593  bal_acc=0.5955
  epoch  24/50  loss=0.2409  bal_acc=0.6007
  epoch  25/50  loss=0.2200  bal_acc=0.5955
  epoch  26/50  loss=0.2148  bal_acc=0.5851
  epoch  27/50  loss=0.2350  bal_acc=0.5573
  epoch  28/50  loss=0.1910  bal_acc=0.5868
  epoch  29/50  loss=0.1996  bal_acc=0.6042
  epoch  30/50  loss=0.1997  bal_acc=0.5851
  epoch  31/50  loss=0.1836  bal_acc=0.5330
  epoch  32/50  loss=0.2000  bal_acc=0.5851
  epoch  33/50  loss=0.1784  bal_acc=0.5816
  epoch  34/50  loss=0.1938  bal_acc=0.5747
  epoch  35/50  loss=0.1897  bal_acc=0.5833
  epoch  36/50  loss=0.1717  bal_acc=0.6042
  epoch  37/50  loss=0.1663  bal_acc=0.6076
  epoch  38/50  loss=0.1590  bal_acc=0.5590
  epoch  39/50  loss=0.1576  bal_acc=0.6181
  epoch  40/50  loss=0.1502  bal_acc=0.5556
  epoch  41/50  loss=0.1338  bal_acc=0.5764
  epoch  42/50  loss=0.1569  bal_acc=0.5851
  epoch  43/50  loss=0.1519  bal_acc=0.5990
  epoch  44/50  loss=0.1310  bal_acc=0.5712
  epoch  45/50  loss=0.1504  bal_acc=0.5764
  epoch  46/50  loss=0.1263  bal_acc=0.5590
  epoch  47/50  loss=0.1273  bal_acc=0.5799
  epoch  48/50  loss=0.1258  bal_acc=0.5538
  epoch  49/50  loss=0.1449  bal_acc=0.5781
  epoch  50/50  loss=0.1299  bal_acc=0.5747
  [LOSO 7/9] subject 6: acc=0.5747  running_mean=0.5186

=== LOSO (hold out subject 7) ===
  Train: 4608 trials  |  Test: 576 trials
  Model params: 22,846
  epoch   1/50  loss=1.2943  bal_acc=0.5000
  epoch   2/50  loss=1.0756  bal_acc=0.5451
  epoch   3/50  loss=0.9436  bal_acc=0.5972
  epoch   4/50  loss=0.8184  bal_acc=0.5712
  epoch   5/50  loss=0.7581  bal_acc=0.6094
  epoch   6/50  loss=0.6894  bal_acc=0.6181
  epoch   7/50  loss=0.6226  bal_acc=0.6319
  epoch   8/50  loss=0.5875  bal_acc=0.6476
  epoch   9/50  loss=0.5600  bal_acc=0.6424
  epoch  10/50  loss=0.5108  bal_acc=0.6267
  epoch  11/50  loss=0.4680  bal_acc=0.6615
  epoch  12/50  loss=0.4362  bal_acc=0.6094
  epoch  13/50  loss=0.3996  bal_acc=0.6424
  epoch  14/50  loss=0.3965  bal_acc=0.6771
  epoch  15/50  loss=0.3802  bal_acc=0.6806
  epoch  16/50  loss=0.3589  bal_acc=0.6562
  epoch  17/50  loss=0.3224  bal_acc=0.6424
  epoch  18/50  loss=0.2995  bal_acc=0.6354
  epoch  19/50  loss=0.2879  bal_acc=0.6267
  epoch  20/50  loss=0.2951  bal_acc=0.6406
  epoch  21/50  loss=0.2762  bal_acc=0.6753
  epoch  22/50  loss=0.2573  bal_acc=0.6545
  epoch  23/50  loss=0.2455  bal_acc=0.6163
  epoch  24/50  loss=0.2489  bal_acc=0.6458
  epoch  25/50  loss=0.2368  bal_acc=0.6545
  epoch  26/50  loss=0.2342  bal_acc=0.6632
  epoch  27/50  loss=0.2183  bal_acc=0.6476
  epoch  28/50  loss=0.2131  bal_acc=0.6701
  epoch  29/50  loss=0.2189  bal_acc=0.6545
  epoch  30/50  loss=0.1743  bal_acc=0.6528
  epoch  31/50  loss=0.1950  bal_acc=0.6198
  epoch  32/50  loss=0.2043  bal_acc=0.6389
  epoch  33/50  loss=0.1833  bal_acc=0.6476
  epoch  34/50  loss=0.1624  bal_acc=0.6597
  epoch  35/50  loss=0.1641  bal_acc=0.6649
  epoch  36/50  loss=0.1583  bal_acc=0.6233
  epoch  37/50  loss=0.1597  bal_acc=0.6580
  epoch  38/50  loss=0.1587  bal_acc=0.6545
  epoch  39/50  loss=0.1651  bal_acc=0.6545
  epoch  40/50  loss=0.1639  bal_acc=0.6528
  epoch  41/50  loss=0.1464  bal_acc=0.6458
  epoch  42/50  loss=0.1482  bal_acc=0.6302
  epoch  43/50  loss=0.1349  bal_acc=0.6215
  epoch  44/50  loss=0.1276  bal_acc=0.6493
  epoch  45/50  loss=0.1317  bal_acc=0.6163
  epoch  46/50  loss=0.1475  bal_acc=0.6510
  epoch  47/50  loss=0.1249  bal_acc=0.6476
  epoch  48/50  loss=0.1389  bal_acc=0.6580
  epoch  49/50  loss=0.1232  bal_acc=0.6649
  epoch  50/50  loss=0.1157  bal_acc=0.6562
  [LOSO 8/9] subject 7: acc=0.6562  running_mean=0.5358

=== LOSO (hold out subject 8) ===
  Train: 4608 trials  |  Test: 576 trials
  Model params: 22,846
  epoch   1/50  loss=1.2846  bal_acc=0.4045
  epoch   2/50  loss=1.0854  bal_acc=0.4340
  epoch   3/50  loss=0.9414  bal_acc=0.4792
  epoch   4/50  loss=0.8290  bal_acc=0.5399
  epoch   5/50  loss=0.7716  bal_acc=0.5590
  epoch   6/50  loss=0.7072  bal_acc=0.5799
  epoch   7/50  loss=0.6595  bal_acc=0.5382
  epoch   8/50  loss=0.6004  bal_acc=0.5556
  epoch   9/50  loss=0.5579  bal_acc=0.5399
  epoch  10/50  loss=0.5287  bal_acc=0.5573
  epoch  11/50  loss=0.4847  bal_acc=0.5295
  epoch  12/50  loss=0.4701  bal_acc=0.5729
  epoch  13/50  loss=0.4305  bal_acc=0.5833
  epoch  14/50  loss=0.3888  bal_acc=0.5417
  epoch  15/50  loss=0.3947  bal_acc=0.5590
  epoch  16/50  loss=0.3660  bal_acc=0.6042
  epoch  17/50  loss=0.3283  bal_acc=0.5260
  epoch  18/50  loss=0.3299  bal_acc=0.5694
  epoch  19/50  loss=0.3013  bal_acc=0.5781
  epoch  20/50  loss=0.3268  bal_acc=0.5764
  epoch  21/50  loss=0.2773  bal_acc=0.5521
  epoch  22/50  loss=0.2652  bal_acc=0.5382
  epoch  23/50  loss=0.2705  bal_acc=0.5642
  epoch  24/50  loss=0.2359  bal_acc=0.5851
  epoch  25/50  loss=0.2348  bal_acc=0.5330
  epoch  26/50  loss=0.2288  bal_acc=0.5764
  epoch  27/50  loss=0.2303  bal_acc=0.5156
  epoch  28/50  loss=0.2239  bal_acc=0.5677
  epoch  29/50  loss=0.2052  bal_acc=0.5556
  epoch  30/50  loss=0.1941  bal_acc=0.5903
  epoch  31/50  loss=0.1900  bal_acc=0.5312
  epoch  32/50  loss=0.1753  bal_acc=0.5729
  epoch  33/50  loss=0.1855  bal_acc=0.5764
  epoch  34/50  loss=0.1670  bal_acc=0.5521
  epoch  35/50  loss=0.1693  bal_acc=0.5590
  epoch  36/50  loss=0.1575  bal_acc=0.5625
  epoch  37/50  loss=0.1781  bal_acc=0.5399
  epoch  38/50  loss=0.1735  bal_acc=0.5087
  epoch  39/50  loss=0.1486  bal_acc=0.5573
  epoch  40/50  loss=0.1361  bal_acc=0.5833
  epoch  41/50  loss=0.1572  bal_acc=0.5208
  epoch  42/50  loss=0.1384  bal_acc=0.5677
  epoch  43/50  loss=0.1396  bal_acc=0.5399
  epoch  44/50  loss=0.1324  bal_acc=0.5694
  epoch  45/50  loss=0.1431  bal_acc=0.5191
  epoch  46/50  loss=0.1262  bal_acc=0.5521
  epoch  47/50  loss=0.1335  bal_acc=0.5694
  epoch  48/50  loss=0.1377  bal_acc=0.5885
  epoch  49/50  loss=0.1483  bal_acc=0.5694
  epoch  50/50  loss=0.1311  bal_acc=0.5469
  [LOSO 9/9] subject 8: acc=0.5469  running_mean=0.5370
Results saved to results/BNCI2014_001/results_trial_48.json
Trial logged to results/BNCI2014_001/trials.csv
[status] trial 48 done (state=COMPLETE, value=0.537037037037037) -- 40 completed total
Device: cuda
[BNCI2014_001] loading from cache: /home/aleksander.berezowsk/.cache/spiking_eegnet/BNCI2014_001_af1ccf3e92f684d8a93c057082b654d7.npz
[BNCI2014_001] cache hit: (5184, 1, 22, 1001), classes=['feet', 'left_hand', 'right_hand', 'tongue'], subjects=9
Dataset meta: {'n_classes': 4, 'n_channels': 22, 'n_samples': 1001, 'class_names': ['feet', 'left_hand', 'right_hand', 'tongue'], 'subject_list': [1, 2, 3, 4, 5, 6, 7, 8, 9], 'n_subjects': 9, 'sfreq': 250.0}

=== LOSO (hold out subject 0) ===
  Train: 4608 trials  |  Test: 576 trials
  Model params: 8,220
  epoch   1/50  loss=1.3355  bal_acc=0.3819
  epoch   2/50  loss=1.1843  bal_acc=0.4705
  epoch   3/50  loss=1.0715  bal_acc=0.4826
  epoch   4/50  loss=0.9903  bal_acc=0.5295
  epoch   5/50  loss=0.9282  bal_acc=0.5608
  epoch   6/50  loss=0.8685  bal_acc=0.5868
  epoch   7/50  loss=0.8268  bal_acc=0.5417
  epoch   8/50  loss=0.7877  bal_acc=0.5938
  epoch   9/50  loss=0.7527  bal_acc=0.5955
  epoch  10/50  loss=0.7304  bal_acc=0.6267
  epoch  11/50  loss=0.7177  bal_acc=0.6198
  epoch  12/50  loss=0.6915  bal_acc=0.5990
  epoch  13/50  loss=0.6634  bal_acc=0.6163
  epoch  14/50  loss=0.6662  bal_acc=0.5764
  epoch  15/50  loss=0.6295  bal_acc=0.6128
  epoch  16/50  loss=0.6188  bal_acc=0.5938
  epoch  17/50  loss=0.6138  bal_acc=0.6076
  epoch  18/50  loss=0.6022  bal_acc=0.5990
  epoch  19/50  loss=0.5883  bal_acc=0.6024
  epoch  20/50  loss=0.5911  bal_acc=0.6163
  epoch  21/50  loss=0.5645  bal_acc=0.5990
  epoch  22/50  loss=0.5685  bal_acc=0.6007
  epoch  23/50  loss=0.5513  bal_acc=0.5990
  epoch  24/50  loss=0.5542  bal_acc=0.5955
  epoch  25/50  loss=0.5461  bal_acc=0.6198
  epoch  26/50  loss=0.5241  bal_acc=0.6163
  epoch  27/50  loss=0.5307  bal_acc=0.5938
  epoch  28/50  loss=0.5192  bal_acc=0.5972
  epoch  29/50  loss=0.5138  bal_acc=0.5972
  epoch  30/50  loss=0.5046  bal_acc=0.5955
  epoch  31/50  loss=0.4891  bal_acc=0.5833
  epoch  32/50  loss=0.5035  bal_acc=0.6059
  epoch  33/50  loss=0.4887  bal_acc=0.6111
  epoch  34/50  loss=0.4868  bal_acc=0.6215
  epoch  35/50  loss=0.4924  bal_acc=0.5885
  epoch  36/50  loss=0.4798  bal_acc=0.6215
  epoch  37/50  loss=0.4692  bal_acc=0.5712
  epoch  38/50  loss=0.4639  bal_acc=0.5972
  epoch  39/50  loss=0.4650  bal_acc=0.6076
  epoch  40/50  loss=0.4600  bal_acc=0.5816
  epoch  41/50  loss=0.4448  bal_acc=0.5990
  epoch  42/50  loss=0.4389  bal_acc=0.6042
  epoch  43/50  loss=0.4442  bal_acc=0.5799
  epoch  44/50  loss=0.4451  bal_acc=0.5729
  epoch  45/50  loss=0.4335  bal_acc=0.5972
  epoch  46/50  loss=0.4296  bal_acc=0.6146
  epoch  47/50  loss=0.4251  bal_acc=0.5851
  epoch  48/50  loss=0.4198  bal_acc=0.6302
  epoch  49/50  loss=0.4147  bal_acc=0.5885
  epoch  50/50  loss=0.4173  bal_acc=0.5799
  [LOSO 1/9] subject 0: acc=0.5799  running_mean=0.5799

=== LOSO (hold out subject 1) ===
  Train: 4608 trials  |  Test: 576 trials
  Model params: 8,220
  epoch   1/50  loss=1.3426  bal_acc=0.3559
  epoch   2/50  loss=1.1784  bal_acc=0.3681
  epoch   3/50  loss=1.0743  bal_acc=0.3681
  epoch   4/50  loss=0.9922  bal_acc=0.3958
  epoch   5/50  loss=0.9194  bal_acc=0.3698
  epoch   6/50  loss=0.8646  bal_acc=0.4028
  epoch   7/50  loss=0.8168  bal_acc=0.3993
  epoch   8/50  loss=0.7810  bal_acc=0.4358
  epoch   9/50  loss=0.7265  bal_acc=0.4149
  epoch  10/50  loss=0.7254  bal_acc=0.4323
  epoch  11/50  loss=0.6853  bal_acc=0.4132
  epoch  12/50  loss=0.6576  bal_acc=0.4132
  epoch  13/50  loss=0.6381  bal_acc=0.4427
  epoch  14/50  loss=0.6357  bal_acc=0.4028
  epoch  15/50  loss=0.6162  bal_acc=0.4236
  epoch  16/50  loss=0.6011  bal_acc=0.4115
  epoch  17/50  loss=0.5755  bal_acc=0.4201
  epoch  18/50  loss=0.5709  bal_acc=0.4497
  epoch  19/50  loss=0.5782  bal_acc=0.4358
  epoch  20/50  loss=0.5354  bal_acc=0.4444
  epoch  21/50  loss=0.5513  bal_acc=0.4653
  epoch  22/50  loss=0.5274  bal_acc=0.4201
  epoch  23/50  loss=0.5132  bal_acc=0.4184
  epoch  24/50  loss=0.5154  bal_acc=0.4010
  epoch  25/50  loss=0.5096  bal_acc=0.4497
  epoch  26/50  loss=0.4965  bal_acc=0.4236
  epoch  27/50  loss=0.4879  bal_acc=0.4375
  epoch  28/50  loss=0.4803  bal_acc=0.4184
  epoch  29/50  loss=0.4931  bal_acc=0.4358
  epoch  30/50  loss=0.4795  bal_acc=0.4167
  epoch  31/50  loss=0.4742  bal_acc=0.4115
  epoch  32/50  loss=0.4641  bal_acc=0.4080
  epoch  33/50  loss=0.4630  bal_acc=0.4288
  epoch  34/50  loss=0.4529  bal_acc=0.4323
  epoch  35/50  loss=0.4495  bal_acc=0.4340
  epoch  36/50  loss=0.4321  bal_acc=0.4115
  epoch  37/50  loss=0.4373  bal_acc=0.4358
  epoch  38/50  loss=0.4386  bal_acc=0.4253
  epoch  39/50  loss=0.4261  bal_acc=0.4236
  epoch  40/50  loss=0.4163  bal_acc=0.4306
  epoch  41/50  loss=0.4268  bal_acc=0.4670
  epoch  42/50  loss=0.4209  bal_acc=0.4236
  epoch  43/50  loss=0.3992  bal_acc=0.4080
  epoch  44/50  loss=0.4017  bal_acc=0.4271
  epoch  45/50  loss=0.4071  bal_acc=0.4184
  epoch  46/50  loss=0.3997  bal_acc=0.3958
  epoch  47/50  loss=0.4182  bal_acc=0.4045
  epoch  48/50  loss=0.3892  bal_acc=0.3941
  epoch  49/50  loss=0.3996  bal_acc=0.4427
  epoch  50/50  loss=0.3981  bal_acc=0.4132
  [LOSO 2/9] subject 1: acc=0.4132  running_mean=0.4965

=== LOSO (hold out subject 2) ===
  Train: 4608 trials  |  Test: 576 trials
  Model params: 8,220
  epoch   1/50  loss=1.3265  bal_acc=0.4670
  epoch   2/50  loss=1.1440  bal_acc=0.5312
  epoch   3/50  loss=1.0533  bal_acc=0.5382
  epoch   4/50  loss=0.9878  bal_acc=0.5538
  epoch   5/50  loss=0.9565  bal_acc=0.5486
  epoch   6/50  loss=0.9036  bal_acc=0.6181
  epoch   7/50  loss=0.8574  bal_acc=0.6441
  epoch   8/50  loss=0.8299  bal_acc=0.6319
  epoch   9/50  loss=0.8005  bal_acc=0.7014
  epoch  10/50  loss=0.7741  bal_acc=0.6944
  epoch  11/50  loss=0.7553  bal_acc=0.6944
  epoch  12/50  loss=0.7378  bal_acc=0.6510
  epoch  13/50  loss=0.7167  bal_acc=0.7083
  epoch  14/50  loss=0.6907  bal_acc=0.7031
  epoch  15/50  loss=0.6868  bal_acc=0.6892
  epoch  16/50  loss=0.6683  bal_acc=0.7135
  epoch  17/50  loss=0.6605  bal_acc=0.6163
  epoch  18/50  loss=0.6493  bal_acc=0.7274
  epoch  19/50  loss=0.6253  bal_acc=0.6823
  epoch  20/50  loss=0.6193  bal_acc=0.7083
  epoch  21/50  loss=0.6140  bal_acc=0.6753
  epoch  22/50  loss=0.5929  bal_acc=0.6806
  epoch  23/50  loss=0.5825  bal_acc=0.7205
  epoch  24/50  loss=0.5790  bal_acc=0.7344
  epoch  25/50  loss=0.5718  bal_acc=0.7014
  epoch  26/50  loss=0.5755  bal_acc=0.7257
  epoch  27/50  loss=0.5572  bal_acc=0.7309
  epoch  28/50  loss=0.5603  bal_acc=0.7222
  epoch  29/50  loss=0.5457  bal_acc=0.6875
  epoch  30/50  loss=0.5483  bal_acc=0.6962
  epoch  31/50  loss=0.5322  bal_acc=0.7014
  epoch  32/50  loss=0.5242  bal_acc=0.7274
  epoch  33/50  loss=0.5226  bal_acc=0.6944
  epoch  34/50  loss=0.5116  bal_acc=0.6788
  epoch  35/50  loss=0.5141  bal_acc=0.7274
  epoch  36/50  loss=0.5005  bal_acc=0.7604
  epoch  37/50  loss=0.5073  bal_acc=0.7066
  epoch  38/50  loss=0.4855  bal_acc=0.6944
  epoch  39/50  loss=0.4811  bal_acc=0.6771
  epoch  40/50  loss=0.4828  bal_acc=0.7205
  epoch  41/50  loss=0.4878  bal_acc=0.7222
  epoch  42/50  loss=0.4814  bal_acc=0.7031
  epoch  43/50  loss=0.4773  bal_acc=0.7361
  epoch  44/50  loss=0.4729  bal_acc=0.7049
  epoch  45/50  loss=0.4732  bal_acc=0.7031
  epoch  46/50  loss=0.4619  bal_acc=0.7083
  epoch  47/50  loss=0.4493  bal_acc=0.7205
  epoch  48/50  loss=0.4662  bal_acc=0.7222
  epoch  49/50  loss=0.4561  bal_acc=0.6736
  epoch  50/50  loss=0.4528  bal_acc=0.7014
  [LOSO 3/9] subject 2: acc=0.7014  running_mean=0.5648

=== LOSO (hold out subject 3) ===
  Train: 4608 trials  |  Test: 576 trials
  Model params: 8,220
  epoch   1/50  loss=1.3364  bal_acc=0.3507
  epoch   2/50  loss=1.1930  bal_acc=0.3646
  epoch   3/50  loss=1.0784  bal_acc=0.4080
  epoch   4/50  loss=0.9948  bal_acc=0.4410
  epoch   5/50  loss=0.9317  bal_acc=0.4497
  epoch   6/50  loss=0.8577  bal_acc=0.4410
  epoch   7/50  loss=0.7996  bal_acc=0.4444
  epoch   8/50  loss=0.7609  bal_acc=0.4635
  epoch   9/50  loss=0.7157  bal_acc=0.4514
  epoch  10/50  loss=0.6910  bal_acc=0.4271
  epoch  11/50  loss=0.6681  bal_acc=0.4028
  epoch  12/50  loss=0.6435  bal_acc=0.4618
  epoch  13/50  loss=0.6154  bal_acc=0.4670
  epoch  14/50  loss=0.6011  bal_acc=0.4774
  epoch  15/50  loss=0.5946  bal_acc=0.4913
  epoch  16/50  loss=0.5839  bal_acc=0.5052
  epoch  17/50  loss=0.5704  bal_acc=0.4757
  epoch  18/50  loss=0.5519  bal_acc=0.4913
  epoch  19/50  loss=0.5446  bal_acc=0.4757
  epoch  20/50  loss=0.5457  bal_acc=0.4566
  epoch  21/50  loss=0.5324  bal_acc=0.4635
  epoch  22/50  loss=0.5174  bal_acc=0.4740
  epoch  23/50  loss=0.5107  bal_acc=0.4983
  epoch  24/50  loss=0.5008  bal_acc=0.4861
  epoch  25/50  loss=0.4873  bal_acc=0.4774
  epoch  26/50  loss=0.4927  bal_acc=0.4549
  epoch  27/50  loss=0.4753  bal_acc=0.4844
  epoch  28/50  loss=0.4810  bal_acc=0.4913
  epoch  29/50  loss=0.4565  bal_acc=0.4844
  epoch  30/50  loss=0.4536  bal_acc=0.4444
  epoch  31/50  loss=0.4410  bal_acc=0.4514
  epoch  32/50  loss=0.4464  bal_acc=0.4618
  epoch  33/50  loss=0.4464  bal_acc=0.4635
  epoch  34/50  loss=0.4369  bal_acc=0.4444
  epoch  35/50  loss=0.4298  bal_acc=0.4740
  epoch  36/50  loss=0.4224  bal_acc=0.4705
  epoch  37/50  loss=0.4251  bal_acc=0.4566
  epoch  38/50  loss=0.4208  bal_acc=0.4549
  epoch  39/50  loss=0.4145  bal_acc=0.4792
  epoch  40/50  loss=0.4027  bal_acc=0.4549
  epoch  41/50  loss=0.3916  bal_acc=0.4497
  epoch  42/50  loss=0.4031  bal_acc=0.4566
  epoch  43/50  loss=0.4143  bal_acc=0.4913
  epoch  44/50  loss=0.3886  bal_acc=0.4948
  epoch  45/50  loss=0.3913  bal_acc=0.4774
  epoch  46/50  loss=0.3983  bal_acc=0.4670
  epoch  47/50  loss=0.3734  bal_acc=0.4618
  epoch  48/50  loss=0.3872  bal_acc=0.4601
  epoch  49/50  loss=0.3783  bal_acc=0.4844
  epoch  50/50  loss=0.3842  bal_acc=0.4566
  [LOSO 4/9] subject 3: acc=0.4566  running_mean=0.5378

=== LOSO (hold out subject 4) ===
  Train: 4608 trials  |  Test: 576 trials
  Model params: 8,220
  epoch   1/50  loss=1.3394  bal_acc=0.3854
  epoch   2/50  loss=1.1627  bal_acc=0.4323
  epoch   3/50  loss=1.0443  bal_acc=0.4115
  epoch   4/50  loss=0.9419  bal_acc=0.4219
  epoch   5/50  loss=0.8879  bal_acc=0.4618
  epoch   6/50  loss=0.8315  bal_acc=0.4080
  epoch   7/50  loss=0.7876  bal_acc=0.4774
  epoch   8/50  loss=0.7641  bal_acc=0.5243
  epoch   9/50  loss=0.7283  bal_acc=0.4167
  epoch  10/50  loss=0.7055  bal_acc=0.4688
  epoch  11/50  loss=0.6849  bal_acc=0.4774
  epoch  12/50  loss=0.6625  bal_acc=0.4705
  epoch  13/50  loss=0.6466  bal_acc=0.4219
  epoch  14/50  loss=0.6205  bal_acc=0.4635
  epoch  15/50  loss=0.6029  bal_acc=0.4410
  epoch  16/50  loss=0.5890  bal_acc=0.4618
  epoch  17/50  loss=0.5798  bal_acc=0.4740
  epoch  18/50  loss=0.5778  bal_acc=0.3611
  epoch  19/50  loss=0.5686  bal_acc=0.4844
  epoch  20/50  loss=0.5392  bal_acc=0.4635
  epoch  21/50  loss=0.5310  bal_acc=0.4323
  epoch  22/50  loss=0.5248  bal_acc=0.4896
  epoch  23/50  loss=0.5050  bal_acc=0.4618
  epoch  24/50  loss=0.5150  bal_acc=0.4062
  epoch  25/50  loss=0.4969  bal_acc=0.4549
  epoch  26/50  loss=0.4963  bal_acc=0.4688
  epoch  27/50  loss=0.4788  bal_acc=0.4774
  epoch  28/50  loss=0.4833  bal_acc=0.4844
  epoch  29/50  loss=0.4888  bal_acc=0.4896
  epoch  30/50  loss=0.4639  bal_acc=0.4948
  epoch  31/50  loss=0.4581  bal_acc=0.4514
  epoch  32/50  loss=0.4648  bal_acc=0.4653
  epoch  33/50  loss=0.4413  bal_acc=0.4965
  epoch  34/50  loss=0.4536  bal_acc=0.4931
  epoch  35/50  loss=0.4369  bal_acc=0.4253
  epoch  36/50  loss=0.4407  bal_acc=0.4167
  epoch  37/50  loss=0.4309  bal_acc=0.4826
  epoch  38/50  loss=0.4162  bal_acc=0.4688
  epoch  39/50  loss=0.4205  bal_acc=0.4757
  epoch  40/50  loss=0.4130  bal_acc=0.4705
  epoch  41/50  loss=0.4267  bal_acc=0.4653
  epoch  42/50  loss=0.4027  bal_acc=0.4566
  epoch  43/50  loss=0.4269  bal_acc=0.4670
  epoch  44/50  loss=0.3997  bal_acc=0.4774
  epoch  45/50  loss=0.4136  bal_acc=0.4774
  epoch  46/50  loss=0.4052  bal_acc=0.4688
  epoch  47/50  loss=0.3929  bal_acc=0.4444
  epoch  48/50  loss=0.3888  bal_acc=0.4844
  epoch  49/50  loss=0.3833  bal_acc=0.4566
  epoch  50/50  loss=0.3815  bal_acc=0.4427
  [LOSO 5/9] subject 4: acc=0.4427  running_mean=0.5188

=== LOSO (hold out subject 5) ===
  Train: 4608 trials  |  Test: 576 trials
  Model params: 8,220
  epoch   1/50  loss=1.3211  bal_acc=0.3628
  epoch   2/50  loss=1.1347  bal_acc=0.4323
  epoch   3/50  loss=0.9718  bal_acc=0.4271
  epoch   4/50  loss=0.8862  bal_acc=0.3958
  epoch   5/50  loss=0.8211  bal_acc=0.4670
  epoch   6/50  loss=0.7937  bal_acc=0.4358
  epoch   7/50  loss=0.7473  bal_acc=0.4410
  epoch   8/50  loss=0.7283  bal_acc=0.4531
  epoch   9/50  loss=0.7090  bal_acc=0.4375
  epoch  10/50  loss=0.6807  bal_acc=0.4566
  epoch  11/50  loss=0.6539  bal_acc=0.4722
  epoch  12/50  loss=0.6425  bal_acc=0.4236
  epoch  13/50  loss=0.6173  bal_acc=0.4306
  epoch  14/50  loss=0.6071  bal_acc=0.4427
  epoch  15/50  loss=0.5876  bal_acc=0.4792
  epoch  16/50  loss=0.5779  bal_acc=0.4340
  epoch  17/50  loss=0.5606  bal_acc=0.4618
  epoch  18/50  loss=0.5531  bal_acc=0.4531
  epoch  19/50  loss=0.5480  bal_acc=0.4479
  epoch  20/50  loss=0.5306  bal_acc=0.4392
  epoch  21/50  loss=0.5388  bal_acc=0.4566
  epoch  22/50  loss=0.5156  bal_acc=0.4444
  epoch  23/50  loss=0.5154  bal_acc=0.4670
  epoch  24/50  loss=0.5034  bal_acc=0.4583
  epoch  25/50  loss=0.4957  bal_acc=0.4253
  epoch  26/50  loss=0.4971  bal_acc=0.4549
  epoch  27/50  loss=0.4920  bal_acc=0.4479
  epoch  28/50  loss=0.4779  bal_acc=0.4201
  epoch  29/50  loss=0.4680  bal_acc=0.4288
  epoch  30/50  loss=0.4575  bal_acc=0.4514
  epoch  31/50  loss=0.4597  bal_acc=0.4392
  epoch  32/50  loss=0.4514  bal_acc=0.4323
  epoch  33/50  loss=0.4473  bal_acc=0.4653
  epoch  34/50  loss=0.4506  bal_acc=0.4514
  epoch  35/50  loss=0.4337  bal_acc=0.4479
  epoch  36/50  loss=0.4136  bal_acc=0.4340
  epoch  37/50  loss=0.4265  bal_acc=0.4253
  epoch  38/50  loss=0.4066  bal_acc=0.4410
  epoch  39/50  loss=0.4193  bal_acc=0.4306
  epoch  40/50  loss=0.4134  bal_acc=0.4462
  epoch  41/50  loss=0.4037  bal_acc=0.4462
  epoch  42/50  loss=0.4089  bal_acc=0.4444
  epoch  43/50  loss=0.4042  bal_acc=0.4392
  epoch  44/50  loss=0.3932  bal_acc=0.4566
  epoch  45/50  loss=0.3934  bal_acc=0.4271
  epoch  46/50  loss=0.3842  bal_acc=0.4427
  epoch  47/50  loss=0.3858  bal_acc=0.4340
  epoch  48/50  loss=0.3829  bal_acc=0.4358
  epoch  49/50  loss=0.3769  bal_acc=0.4497
  epoch  50/50  loss=0.3793  bal_acc=0.4583
  [LOSO 6/9] subject 5: acc=0.4583  running_mean=0.5087

=== LOSO (hold out subject 6) ===
  Train: 4608 trials  |  Test: 576 trials
  Model params: 8,220
  epoch   1/50  loss=1.3419  bal_acc=0.4358
  epoch   2/50  loss=1.2099  bal_acc=0.5417
  epoch   3/50  loss=1.0788  bal_acc=0.6042
  epoch   4/50  loss=0.9914  bal_acc=0.6042
  epoch   5/50  loss=0.9156  bal_acc=0.5938
  epoch   6/50  loss=0.8577  bal_acc=0.6042
  epoch   7/50  loss=0.8168  bal_acc=0.6181
  epoch   8/50  loss=0.7981  bal_acc=0.5920
  epoch   9/50  loss=0.7601  bal_acc=0.6441
  epoch  10/50  loss=0.7327  bal_acc=0.6319
  epoch  11/50  loss=0.7194  bal_acc=0.6181
  epoch  12/50  loss=0.7024  bal_acc=0.6111
  epoch  13/50  loss=0.6703  bal_acc=0.6267
  epoch  14/50  loss=0.6535  bal_acc=0.5694
  epoch  15/50  loss=0.6410  bal_acc=0.6059
  epoch  16/50  loss=0.6359  bal_acc=0.6250
  epoch  17/50  loss=0.6119  bal_acc=0.5903
  epoch  18/50  loss=0.6044  bal_acc=0.6267
  epoch  19/50  loss=0.5878  bal_acc=0.5868
  epoch  20/50  loss=0.5901  bal_acc=0.6111
  epoch  21/50  loss=0.5905  bal_acc=0.5955
  epoch  22/50  loss=0.5560  bal_acc=0.6163
  epoch  23/50  loss=0.5433  bal_acc=0.6181
  epoch  24/50  loss=0.5521  bal_acc=0.6181
  epoch  25/50  loss=0.5335  bal_acc=0.6042
  epoch  26/50  loss=0.5319  bal_acc=0.6128
  epoch  27/50  loss=0.5328  bal_acc=0.5903
  epoch  28/50  loss=0.5128  bal_acc=0.6337
  epoch  29/50  loss=0.5086  bal_acc=0.5920
  epoch  30/50  loss=0.5177  bal_acc=0.6215
  epoch  31/50  loss=0.4921  bal_acc=0.6059
  epoch  32/50  loss=0.5022  bal_acc=0.5903
  epoch  33/50  loss=0.4925  bal_acc=0.6215
  epoch  34/50  loss=0.4836  bal_acc=0.6233
  epoch  35/50  loss=0.4835  bal_acc=0.6406
  epoch  36/50  loss=0.4793  bal_acc=0.5955
  epoch  37/50  loss=0.4594  bal_acc=0.5538
  epoch  38/50  loss=0.4490  bal_acc=0.5868
  epoch  39/50  loss=0.4488  bal_acc=0.6146
  epoch  40/50  loss=0.4413  bal_acc=0.6146
  epoch  41/50  loss=0.4417  bal_acc=0.5972
  epoch  42/50  loss=0.4394  bal_acc=0.5365
  epoch  43/50  loss=0.4480  bal_acc=0.6250
  epoch  44/50  loss=0.4285  bal_acc=0.6267
  epoch  45/50  loss=0.4422  bal_acc=0.6059
  epoch  46/50  loss=0.4286  bal_acc=0.5920
  epoch  47/50  loss=0.4232  bal_acc=0.6059
  epoch  48/50  loss=0.4124  bal_acc=0.6042
  epoch  49/50  loss=0.4048  bal_acc=0.5938
  epoch  50/50  loss=0.4070  bal_acc=0.5920
  [LOSO 7/9] subject 6: acc=0.5920  running_mean=0.5206

=== LOSO (hold out subject 7) ===
  Train: 4608 trials  |  Test: 576 trials
  Model params: 8,220
  epoch   1/50  loss=1.3445  bal_acc=0.4427
  epoch   2/50  loss=1.1871  bal_acc=0.4913
  epoch   3/50  loss=1.0566  bal_acc=0.5469
  epoch   4/50  loss=0.9695  bal_acc=0.5399
  epoch   5/50  loss=0.9100  bal_acc=0.6233
  epoch   6/50  loss=0.8630  bal_acc=0.6684
  epoch   7/50  loss=0.8134  bal_acc=0.6198
  epoch   8/50  loss=0.7844  bal_acc=0.5990
  epoch   9/50  loss=0.7496  bal_acc=0.6128
  epoch  10/50  loss=0.7420  bal_acc=0.6528
  epoch  11/50  loss=0.7203  bal_acc=0.6545
  epoch  12/50  loss=0.6895  bal_acc=0.6858
  epoch  13/50  loss=0.6844  bal_acc=0.6562
  epoch  14/50  loss=0.6673  bal_acc=0.6424
  epoch  15/50  loss=0.6468  bal_acc=0.6649
  epoch  16/50  loss=0.6333  bal_acc=0.6632
  epoch  17/50  loss=0.6284  bal_acc=0.6701
  epoch  18/50  loss=0.5976  bal_acc=0.6823
  epoch  19/50  loss=0.5972  bal_acc=0.6649
  epoch  20/50  loss=0.5875  bal_acc=0.6806
  epoch  21/50  loss=0.5722  bal_acc=0.6823
  epoch  22/50  loss=0.5638  bal_acc=0.6875
  epoch  23/50  loss=0.5463  bal_acc=0.6979
  epoch  24/50  loss=0.5466  bal_acc=0.6962
  epoch  25/50  loss=0.5405  bal_acc=0.6858
  epoch  26/50  loss=0.5354  bal_acc=0.6545
  epoch  27/50  loss=0.5320  bal_acc=0.7014
  epoch  28/50  loss=0.5338  bal_acc=0.6649
  epoch  29/50  loss=0.5245  bal_acc=0.6736
  epoch  30/50  loss=0.5084  bal_acc=0.6632
  epoch  31/50  loss=0.4890  bal_acc=0.6684
  epoch  32/50  loss=0.5098  bal_acc=0.6476
  epoch  33/50  loss=0.4702  bal_acc=0.6788
  epoch  34/50  loss=0.4824  bal_acc=0.6528
  epoch  35/50  loss=0.4677  bal_acc=0.6597
  epoch  36/50  loss=0.4716  bal_acc=0.6719
  epoch  37/50  loss=0.4620  bal_acc=0.6875
  epoch  38/50  loss=0.4615  bal_acc=0.6562
  epoch  39/50  loss=0.4569  bal_acc=0.6684
  epoch  40/50  loss=0.4468  bal_acc=0.6562
  epoch  41/50  loss=0.4517  bal_acc=0.6545
  epoch  42/50  loss=0.4563  bal_acc=0.6562
  epoch  43/50  loss=0.4479  bal_acc=0.6649
  epoch  44/50  loss=0.4365  bal_acc=0.6476
  epoch  45/50  loss=0.4390  bal_acc=0.6441
  epoch  46/50  loss=0.4307  bal_acc=0.6545
  epoch  47/50  loss=0.4370  bal_acc=0.6858
  epoch  48/50  loss=0.4212  bal_acc=0.6927
  epoch  49/50  loss=0.4228  bal_acc=0.6545
  epoch  50/50  loss=0.4206  bal_acc=0.6406
  [LOSO 8/9] subject 7: acc=0.6406  running_mean=0.5356

=== LOSO (hold out subject 8) ===
  Train: 4608 trials  |  Test: 576 trials
  Model params: 8,220
  epoch   1/50  loss=1.3172  bal_acc=0.4306
  epoch   2/50  loss=1.1442  bal_acc=0.4740
  epoch   3/50  loss=1.0445  bal_acc=0.4913
  epoch   4/50  loss=0.9771  bal_acc=0.4809
  epoch   5/50  loss=0.9207  bal_acc=0.5208
  epoch   6/50  loss=0.8714  bal_acc=0.5347
  epoch   7/50  loss=0.8305  bal_acc=0.5156
  epoch   8/50  loss=0.7922  bal_acc=0.5330
  epoch   9/50  loss=0.7478  bal_acc=0.5451
  epoch  10/50  loss=0.7261  bal_acc=0.5660
  epoch  11/50  loss=0.7106  bal_acc=0.5660
  epoch  12/50  loss=0.6736  bal_acc=0.5781
  epoch  13/50  loss=0.6659  bal_acc=0.5712
  epoch  14/50  loss=0.6443  bal_acc=0.5747
  epoch  15/50  loss=0.6232  bal_acc=0.5625
  epoch  16/50  loss=0.6266  bal_acc=0.5868
  epoch  17/50  loss=0.6122  bal_acc=0.5833
  epoch  18/50  loss=0.5897  bal_acc=0.5712
  epoch  19/50  loss=0.5801  bal_acc=0.5712
  epoch  20/50  loss=0.5751  bal_acc=0.5677
  epoch  21/50  loss=0.5598  bal_acc=0.5833
  epoch  22/50  loss=0.5465  bal_acc=0.5938
  epoch  23/50  loss=0.5402  bal_acc=0.5833
  epoch  24/50  loss=0.5245  bal_acc=0.5608
  epoch  25/50  loss=0.5312  bal_acc=0.5677
  epoch  26/50  loss=0.5219  bal_acc=0.5694
  epoch  27/50  loss=0.5187  bal_acc=0.6076
  epoch  28/50  loss=0.4926  bal_acc=0.5712
  epoch  29/50  loss=0.5065  bal_acc=0.5556
  epoch  30/50  loss=0.4985  bal_acc=0.5903
  epoch  31/50  loss=0.4891  bal_acc=0.5694
  epoch  32/50  loss=0.4861  bal_acc=0.5712
  epoch  33/50  loss=0.4844  bal_acc=0.5851
  epoch  34/50  loss=0.4777  bal_acc=0.5868
  epoch  35/50  loss=0.4576  bal_acc=0.5781
  epoch  36/50  loss=0.4558  bal_acc=0.5712
  epoch  37/50  loss=0.4606  bal_acc=0.5451
  epoch  38/50  loss=0.4566  bal_acc=0.5712
  epoch  39/50  loss=0.4511  bal_acc=0.5833
  epoch  40/50  loss=0.4466  bal_acc=0.5747
  epoch  41/50  loss=0.4499  bal_acc=0.5903
  epoch  42/50  loss=0.4452  bal_acc=0.5747
  epoch  43/50  loss=0.4226  bal_acc=0.5590
  epoch  44/50  loss=0.4351  bal_acc=0.5816
  epoch  45/50  loss=0.4186  bal_acc=0.5799
  epoch  46/50  loss=0.4242  bal_acc=0.5573
  epoch  47/50  loss=0.4298  bal_acc=0.5938
  epoch  48/50  loss=0.4097  bal_acc=0.5903
  epoch  49/50  loss=0.4200  bal_acc=0.5816
  epoch  50/50  loss=0.4121  bal_acc=0.5885
  [LOSO 9/9] subject 8: acc=0.5885  running_mean=0.5415
Results saved to results/BNCI2014_001/results_trial_49.json
Trial logged to results/BNCI2014_001/trials.csv
[status] trial 49 done (state=COMPLETE, value=0.5414737654320987) -- 41 completed total
Device: cuda
[BNCI2014_001] loading from cache: /home/aleksander.berezowsk/.cache/spiking_eegnet/BNCI2014_001_af1ccf3e92f684d8a93c057082b654d7.npz
[BNCI2014_001] cache hit: (5184, 1, 22, 1001), classes=['feet', 'left_hand', 'right_hand', 'tongue'], subjects=9
Dataset meta: {'n_classes': 4, 'n_channels': 22, 'n_samples': 1001, 'class_names': ['feet', 'left_hand', 'right_hand', 'tongue'], 'subject_list': [1, 2, 3, 4, 5, 6, 7, 8, 9], 'n_subjects': 9, 'sfreq': 250.0}

=== LOSO (hold out subject 0) ===
  Train: 4608 trials  |  Test: 576 trials
  Model params: 22,536
  epoch   1/50  loss=1.3445  bal_acc=0.3455
  epoch   2/50  loss=1.2556  bal_acc=0.3455
  epoch   3/50  loss=1.1664  bal_acc=0.3819
  epoch   4/50  loss=1.0789  bal_acc=0.3785
  epoch   5/50  loss=1.0164  bal_acc=0.4167
  epoch   6/50  loss=0.9570  bal_acc=0.4271
  epoch   7/50  loss=0.9096  bal_acc=0.4167
  epoch   8/50  loss=0.8720  bal_acc=0.4583
  epoch   9/50  loss=0.8391  bal_acc=0.4444
  epoch  10/50  loss=0.8005  bal_acc=0.4740
  epoch  11/50  loss=0.7662  bal_acc=0.4635
  epoch  12/50  loss=0.7304  bal_acc=0.4705
  epoch  13/50  loss=0.7116  bal_acc=0.4931
  epoch  14/50  loss=0.6811  bal_acc=0.5191
  epoch  15/50  loss=0.6603  bal_acc=0.5087
  epoch  16/50  loss=0.6349  bal_acc=0.5174
  epoch  17/50  loss=0.6191  bal_acc=0.5087
  epoch  18/50  loss=0.5923  bal_acc=0.5052
  epoch  19/50  loss=0.5751  bal_acc=0.5382
  epoch  20/50  loss=0.5641  bal_acc=0.5382
  epoch  21/50  loss=0.5471  bal_acc=0.5104
  epoch  22/50  loss=0.5217  bal_acc=0.5260
  epoch  23/50  loss=0.5115  bal_acc=0.5087
  epoch  24/50  loss=0.4947  bal_acc=0.5260
  epoch  25/50  loss=0.4807  bal_acc=0.5243
  epoch  26/50  loss=0.4617  bal_acc=0.5017
  epoch  27/50  loss=0.4553  bal_acc=0.5087
  epoch  28/50  loss=0.4390  bal_acc=0.5156
  epoch  29/50  loss=0.4210  bal_acc=0.5035
  epoch  30/50  loss=0.4323  bal_acc=0.5122
  epoch  31/50  loss=0.4031  bal_acc=0.5156
  epoch  32/50  loss=0.3876  bal_acc=0.5174
  epoch  33/50  loss=0.3751  bal_acc=0.5382
  epoch  34/50  loss=0.3744  bal_acc=0.5434
  epoch  35/50  loss=0.3666  bal_acc=0.5347
  epoch  36/50  loss=0.3520  bal_acc=0.5434
  epoch  37/50  loss=0.3373  bal_acc=0.5625
  epoch  38/50  loss=0.3312  bal_acc=0.5087
  epoch  39/50  loss=0.3261  bal_acc=0.5104
  epoch  40/50  loss=0.3154  bal_acc=0.5226
  epoch  41/50  loss=0.3090  bal_acc=0.5365
  epoch  42/50  loss=0.3000  bal_acc=0.5122
  epoch  43/50  loss=0.2884  bal_acc=0.5521
  epoch  44/50  loss=0.2798  bal_acc=0.5625
  epoch  45/50  loss=0.2746  bal_acc=0.5278
  epoch  46/50  loss=0.2634  bal_acc=0.5399
  epoch  47/50  loss=0.2560  bal_acc=0.5469
  epoch  48/50  loss=0.2521  bal_acc=0.5347
  epoch  49/50  loss=0.2471  bal_acc=0.5139
  epoch  50/50  loss=0.2462  bal_acc=0.5712
  [LOSO 1/9] subject 0: acc=0.5712  running_mean=0.5712

=== LOSO (hold out subject 1) ===
  Train: 4608 trials  |  Test: 576 trials
  Model params: 22,536
  epoch   1/50  loss=1.3550  bal_acc=0.3264
  epoch   2/50  loss=1.2519  bal_acc=0.3385
  epoch   3/50  loss=1.1540  bal_acc=0.3247
  epoch   4/50  loss=1.0572  bal_acc=0.2899
  epoch   5/50  loss=0.9696  bal_acc=0.3333
  epoch   6/50  loss=0.9002  bal_acc=0.3524
  epoch   7/50  loss=0.8305  bal_acc=0.2917
  epoch   8/50  loss=0.7768  bal_acc=0.3264
  epoch   9/50  loss=0.7356  bal_acc=0.3299
  epoch  10/50  loss=0.7044  bal_acc=0.2812
  epoch  11/50  loss=0.6699  bal_acc=0.3194
  epoch  12/50  loss=0.6438  bal_acc=0.3212
  epoch  13/50  loss=0.6115  bal_acc=0.3247
  epoch  14/50  loss=0.5978  bal_acc=0.2830
  epoch  15/50  loss=0.5776  bal_acc=0.3003
  epoch  16/50  loss=0.5480  bal_acc=0.3333
  epoch  17/50  loss=0.5354  bal_acc=0.3802
  epoch  18/50  loss=0.5157  bal_acc=0.3368
  epoch  19/50  loss=0.4997  bal_acc=0.2622
  epoch  20/50  loss=0.4778  bal_acc=0.3368
  epoch  21/50  loss=0.4635  bal_acc=0.3177
  epoch  22/50  loss=0.4587  bal_acc=0.3247
  epoch  23/50  loss=0.4372  bal_acc=0.2986
  epoch  24/50  loss=0.4229  bal_acc=0.3767
  epoch  25/50  loss=0.4136  bal_acc=0.3733
  epoch  26/50  loss=0.4009  bal_acc=0.4028
  epoch  27/50  loss=0.3915  bal_acc=0.2587
  epoch  28/50  loss=0.3779  bal_acc=0.3108
  epoch  29/50  loss=0.3668  bal_acc=0.3507
  epoch  30/50  loss=0.3522  bal_acc=0.2760
  epoch  31/50  loss=0.3521  bal_acc=0.3663
  epoch  32/50  loss=0.3317  bal_acc=0.3646
  epoch  33/50  loss=0.3305  bal_acc=0.3160
  epoch  34/50  loss=0.3151  bal_acc=0.2899
  epoch  35/50  loss=0.3119  bal_acc=0.3681
  epoch  36/50  loss=0.3015  bal_acc=0.3906
  epoch  37/50  loss=0.2830  bal_acc=0.2604
  epoch  38/50  loss=0.2868  bal_acc=0.3698
  epoch  39/50  loss=0.2783  bal_acc=0.4097
  epoch  40/50  loss=0.2640  bal_acc=0.3767
  epoch  41/50  loss=0.2567  bal_acc=0.3941
  epoch  42/50  loss=0.2478  bal_acc=0.2969
  epoch  43/50  loss=0.2389  bal_acc=0.2882
  epoch  44/50  loss=0.2388  bal_acc=0.3628
  epoch  45/50  loss=0.2313  bal_acc=0.3385
  epoch  46/50  loss=0.2192  bal_acc=0.2917
  epoch  47/50  loss=0.2197  bal_acc=0.4306
  epoch  48/50  loss=0.2093  bal_acc=0.3056
  epoch  49/50  loss=0.2094  bal_acc=0.3351
  epoch  50/50  loss=0.2036  bal_acc=0.3646
  [LOSO 2/9] subject 1: acc=0.3646  running_mean=0.4679

=== LOSO (hold out subject 2) ===
  Train: 4608 trials  |  Test: 576 trials
  Model params: 22,536
  epoch   1/50  loss=1.3612  bal_acc=0.4080
  epoch   2/50  loss=1.2744  bal_acc=0.4601
  epoch   3/50  loss=1.2061  bal_acc=0.4427
  epoch   4/50  loss=1.1272  bal_acc=0.4549
  epoch   5/50  loss=1.0550  bal_acc=0.5417
  epoch   6/50  loss=0.9962  bal_acc=0.5660
  epoch   7/50  loss=0.9408  bal_acc=0.5816
  epoch   8/50  loss=0.8959  bal_acc=0.5434
  epoch   9/50  loss=0.8637  bal_acc=0.5833
  epoch  10/50  loss=0.8330  bal_acc=0.6198
  epoch  11/50  loss=0.7927  bal_acc=0.5990
  epoch  12/50  loss=0.7649  bal_acc=0.6128
  epoch  13/50  loss=0.7336  bal_acc=0.5521
  epoch  14/50  loss=0.7070  bal_acc=0.5399
  epoch  15/50  loss=0.6825  bal_acc=0.5295
  epoch  16/50  loss=0.6578  bal_acc=0.5938
  epoch  17/50  loss=0.6347  bal_acc=0.5556
  epoch  18/50  loss=0.6103  bal_acc=0.6007
  epoch  19/50  loss=0.5869  bal_acc=0.6545
  epoch  20/50  loss=0.5666  bal_acc=0.6337
  epoch  21/50  loss=0.5517  bal_acc=0.6441
  epoch  22/50  loss=0.5356  bal_acc=0.6198
  epoch  23/50  loss=0.5207  bal_acc=0.6267
  epoch  24/50  loss=0.5074  bal_acc=0.5972
  epoch  25/50  loss=0.4876  bal_acc=0.6562
  epoch  26/50  loss=0.4751  bal_acc=0.6788
  epoch  27/50  loss=0.4581  bal_acc=0.6840
  epoch  28/50  loss=0.4381  bal_acc=0.6615
  epoch  29/50  loss=0.4294  bal_acc=0.6354
  epoch  30/50  loss=0.4229  bal_acc=0.6806
  epoch  31/50  loss=0.4089  bal_acc=0.6562
  epoch  32/50  loss=0.3904  bal_acc=0.6389
  epoch  33/50  loss=0.3815  bal_acc=0.6701
  epoch  34/50  loss=0.3709  bal_acc=0.6580
  epoch  35/50  loss=0.3622  bal_acc=0.6771
  epoch  36/50  loss=0.3497  bal_acc=0.6736
  epoch  37/50  loss=0.3396  bal_acc=0.6753
  epoch  38/50  loss=0.3329  bal_acc=0.6701
  epoch  39/50  loss=0.3234  bal_acc=0.6858
  epoch  40/50  loss=0.3103  bal_acc=0.6076
  epoch  41/50  loss=0.3066  bal_acc=0.6753
  epoch  42/50  loss=0.2865  bal_acc=0.6476
  epoch  43/50  loss=0.2898  bal_acc=0.6528
  epoch  44/50  loss=0.2739  bal_acc=0.6806
  epoch  45/50  loss=0.2711  bal_acc=0.6233
  epoch  46/50  loss=0.2657  bal_acc=0.6476
  epoch  47/50  loss=0.2579  bal_acc=0.6441
  epoch  48/50  loss=0.2490  bal_acc=0.6840
  epoch  49/50  loss=0.2416  bal_acc=0.6927
  epoch  50/50  loss=0.2387  bal_acc=0.6736
  [LOSO 3/9] subject 2: acc=0.6736  running_mean=0.5365

=== LOSO (hold out subject 3) ===
  Train: 4608 trials  |  Test: 576 trials
  Model params: 22,536
  epoch   1/50  loss=1.3659  bal_acc=0.3073
  epoch   2/50  loss=1.2700  bal_acc=0.3403
  epoch   3/50  loss=1.1807  bal_acc=0.3576
  epoch   4/50  loss=1.0787  bal_acc=0.3611
  epoch   5/50  loss=0.9760  bal_acc=0.3993
  epoch   6/50  loss=0.8963  bal_acc=0.4931
  epoch   7/50  loss=0.8336  bal_acc=0.4705
  epoch   8/50  loss=0.7759  bal_acc=0.4201
  epoch   9/50  loss=0.7406  bal_acc=0.5087
  epoch  10/50  loss=0.7034  bal_acc=0.4757
  epoch  11/50  loss=0.6716  bal_acc=0.4913
  epoch  12/50  loss=0.6408  bal_acc=0.4618
  epoch  13/50  loss=0.6138  bal_acc=0.5017
  epoch  14/50  loss=0.5909  bal_acc=0.4948
  epoch  15/50  loss=0.5697  bal_acc=0.5122
  epoch  16/50  loss=0.5602  bal_acc=0.5104
  epoch  17/50  loss=0.5311  bal_acc=0.5243
  epoch  18/50  loss=0.5121  bal_acc=0.5017
  epoch  19/50  loss=0.4943  bal_acc=0.5087
  epoch  20/50  loss=0.4789  bal_acc=0.5000
  epoch  21/50  loss=0.4646  bal_acc=0.5417
  epoch  22/50  loss=0.4493  bal_acc=0.5139
  epoch  23/50  loss=0.4350  bal_acc=0.5260
  epoch  24/50  loss=0.4218  bal_acc=0.4601
  epoch  25/50  loss=0.4097  bal_acc=0.5191
  epoch  26/50  loss=0.3961  bal_acc=0.5260
  epoch  27/50  loss=0.3811  bal_acc=0.5087
  epoch  28/50  loss=0.3754  bal_acc=0.5156
  epoch  29/50  loss=0.3647  bal_acc=0.4983
  epoch  30/50  loss=0.3460  bal_acc=0.5243
  epoch  31/50  loss=0.3379  bal_acc=0.5069
  epoch  32/50  loss=0.3282  bal_acc=0.5000
  epoch  33/50  loss=0.3209  bal_acc=0.5052
  epoch  34/50  loss=0.3156  bal_acc=0.5174
  epoch  35/50  loss=0.3028  bal_acc=0.4549
  epoch  36/50  loss=0.2925  bal_acc=0.4844
  epoch  37/50  loss=0.2810  bal_acc=0.5017
  epoch  38/50  loss=0.2739  bal_acc=0.5035
  epoch  39/50  loss=0.2650  bal_acc=0.4826
  epoch  40/50  loss=0.2569  bal_acc=0.4878
  epoch  41/50  loss=0.2601  bal_acc=0.5087
  epoch  42/50  loss=0.2442  bal_acc=0.4774
  epoch  43/50  loss=0.2397  bal_acc=0.5069
  epoch  44/50  loss=0.2295  bal_acc=0.4965
  epoch  45/50  loss=0.2196  bal_acc=0.5174
  epoch  46/50  loss=0.2142  bal_acc=0.4965
  epoch  47/50  loss=0.2127  bal_acc=0.5122
  epoch  48/50  loss=0.2010  bal_acc=0.5069
  epoch  49/50  loss=0.2052  bal_acc=0.4965
  epoch  50/50  loss=0.1896  bal_acc=0.4861
  [LOSO 4/9] subject 3: acc=0.4861  running_mean=0.5239

=== LOSO (hold out subject 4) ===
  Train: 4608 trials  |  Test: 576 trials
  Model params: 22,536
  epoch   1/50  loss=1.3507  bal_acc=0.3038
  epoch   2/50  loss=1.2451  bal_acc=0.3264
  epoch   3/50  loss=1.1645  bal_acc=0.3472
  epoch   4/50  loss=1.0852  bal_acc=0.3576
  epoch   5/50  loss=1.0150  bal_acc=0.4201
  epoch   6/50  loss=0.9539  bal_acc=0.4167
  epoch   7/50  loss=0.8971  bal_acc=0.4184
  epoch   8/50  loss=0.8455  bal_acc=0.4062
  epoch   9/50  loss=0.8005  bal_acc=0.3628
  epoch  10/50  loss=0.7568  bal_acc=0.3594
  epoch  11/50  loss=0.7251  bal_acc=0.4340
  epoch  12/50  loss=0.7009  bal_acc=0.4219
  epoch  13/50  loss=0.6655  bal_acc=0.3646
  epoch  14/50  loss=0.6472  bal_acc=0.4167
  epoch  15/50  loss=0.6130  bal_acc=0.4028
  epoch  16/50  loss=0.5957  bal_acc=0.3542
  epoch  17/50  loss=0.5769  bal_acc=0.3976
  epoch  18/50  loss=0.5546  bal_acc=0.3958
  epoch  19/50  loss=0.5336  bal_acc=0.3715
  epoch  20/50  loss=0.5173  bal_acc=0.3681
  epoch  21/50  loss=0.5090  bal_acc=0.3889
  epoch  22/50  loss=0.4803  bal_acc=0.4132
  epoch  23/50  loss=0.4694  bal_acc=0.3767
  epoch  24/50  loss=0.4549  bal_acc=0.3785
  epoch  25/50  loss=0.4439  bal_acc=0.3802
  epoch  26/50  loss=0.4246  bal_acc=0.3715
  epoch  27/50  loss=0.4101  bal_acc=0.3663
  epoch  28/50  loss=0.4095  bal_acc=0.3750
  epoch  29/50  loss=0.3964  bal_acc=0.3663
  epoch  30/50  loss=0.3785  bal_acc=0.3576
  epoch  31/50  loss=0.3654  bal_acc=0.3681
  epoch  32/50  loss=0.3553  bal_acc=0.3524
  epoch  33/50  loss=0.3433  bal_acc=0.3646
  epoch  34/50  loss=0.3298  bal_acc=0.4097
  epoch  35/50  loss=0.3277  bal_acc=0.3976
  epoch  36/50  loss=0.3223  bal_acc=0.4045
  epoch  37/50  loss=0.3023  bal_acc=0.4028
  epoch  38/50  loss=0.3044  bal_acc=0.4097
  epoch  39/50  loss=0.2890  bal_acc=0.4115
  epoch  40/50  loss=0.2774  bal_acc=0.4201
  epoch  41/50  loss=0.2713  bal_acc=0.4184
  epoch  42/50  loss=0.2683  bal_acc=0.4167
  epoch  43/50  loss=0.2611  bal_acc=0.4132
  epoch  44/50  loss=0.2523  bal_acc=0.4167
  epoch  45/50  loss=0.2467  bal_acc=0.4375
  epoch  46/50  loss=0.2320  bal_acc=0.4167
  epoch  47/50  loss=0.2295  bal_acc=0.4167
  epoch  48/50  loss=0.2269  bal_acc=0.4149
  epoch  49/50  loss=0.2177  bal_acc=0.4271
  epoch  50/50  loss=0.2085  bal_acc=0.4462
  [LOSO 5/9] subject 4: acc=0.4462  running_mean=0.5083

=== LOSO (hold out subject 5) ===
  Train: 4608 trials  |  Test: 576 trials
  Model params: 22,536
  epoch   1/50  loss=1.3548  bal_acc=0.3455
  epoch   2/50  loss=1.2425  bal_acc=0.4288
  epoch   3/50  loss=1.1401  bal_acc=0.4497
  epoch   4/50  loss=1.0473  bal_acc=0.4306
  epoch   5/50  loss=0.9709  bal_acc=0.4635
  epoch   6/50  loss=0.9118  bal_acc=0.4340
  epoch   7/50  loss=0.8617  bal_acc=0.4722
  epoch   8/50  loss=0.8137  bal_acc=0.4253
  epoch   9/50  loss=0.7714  bal_acc=0.4514
  epoch  10/50  loss=0.7322  bal_acc=0.3958
  epoch  11/50  loss=0.6993  bal_acc=0.4462
  epoch  12/50  loss=0.6737  bal_acc=0.4132
  epoch  13/50  loss=0.6398  bal_acc=0.3889
  epoch  14/50  loss=0.6153  bal_acc=0.4149
  epoch  15/50  loss=0.5999  bal_acc=0.3837
  epoch  16/50  loss=0.5712  bal_acc=0.3906
  epoch  17/50  loss=0.5502  bal_acc=0.3767
  epoch  18/50  loss=0.5252  bal_acc=0.4080
  epoch  19/50  loss=0.5149  bal_acc=0.4097
  epoch  20/50  loss=0.4936  bal_acc=0.4028
  epoch  21/50  loss=0.4843  bal_acc=0.4062
  epoch  22/50  loss=0.4618  bal_acc=0.4201
  epoch  23/50  loss=0.4483  bal_acc=0.3785
  epoch  24/50  loss=0.4374  bal_acc=0.3733
  epoch  25/50  loss=0.4260  bal_acc=0.3420
  epoch  26/50  loss=0.4085  bal_acc=0.3628
  epoch  27/50  loss=0.3979  bal_acc=0.4236
  epoch  28/50  loss=0.3858  bal_acc=0.3490
  epoch  29/50  loss=0.3793  bal_acc=0.3819
  epoch  30/50  loss=0.3631  bal_acc=0.3490
  epoch  31/50  loss=0.3500  bal_acc=0.3889
  epoch  32/50  loss=0.3413  bal_acc=0.3490
  epoch  33/50  loss=0.3311  bal_acc=0.3542
  epoch  34/50  loss=0.3194  bal_acc=0.4028
  epoch  35/50  loss=0.3100  bal_acc=0.3177
  epoch  36/50  loss=0.3075  bal_acc=0.3663
  epoch  37/50  loss=0.2951  bal_acc=0.3819
  epoch  38/50  loss=0.2840  bal_acc=0.4149
  epoch  39/50  loss=0.2849  bal_acc=0.3854
  epoch  40/50  loss=0.2769  bal_acc=0.3646
  epoch  41/50  loss=0.2632  bal_acc=0.3785
  epoch  42/50  loss=0.2533  bal_acc=0.4045
  epoch  43/50  loss=0.2532  bal_acc=0.3958
  epoch  44/50  loss=0.2397  bal_acc=0.3542
  epoch  45/50  loss=0.2383  bal_acc=0.3455
  epoch  46/50  loss=0.2298  bal_acc=0.3698
  epoch  47/50  loss=0.2257  bal_acc=0.4132
  epoch  48/50  loss=0.2171  bal_acc=0.4010
  epoch  49/50  loss=0.2129  bal_acc=0.4028
  epoch  50/50  loss=0.2046  bal_acc=0.4132
  [LOSO 6/9] subject 5: acc=0.4132  running_mean=0.4925

=== LOSO (hold out subject 6) ===
  Train: 4608 trials  |  Test: 576 trials
  Model params: 22,536
  epoch   1/50  loss=1.3649  bal_acc=0.3906
  epoch   2/50  loss=1.2803  bal_acc=0.4149
  epoch   3/50  loss=1.2093  bal_acc=0.4792
  epoch   4/50  loss=1.1322  bal_acc=0.5503
  epoch   5/50  loss=1.0544  bal_acc=0.5694
  epoch   6/50  loss=0.9917  bal_acc=0.5330
  epoch   7/50  loss=0.9249  bal_acc=0.5625
  epoch   8/50  loss=0.8777  bal_acc=0.5990
  epoch   9/50  loss=0.8249  bal_acc=0.5729
  epoch  10/50  loss=0.7843  bal_acc=0.5295
  epoch  11/50  loss=0.7485  bal_acc=0.5556
  epoch  12/50  loss=0.7168  bal_acc=0.5226
  epoch  13/50  loss=0.6817  bal_acc=0.4792
  epoch  14/50  loss=0.6525  bal_acc=0.5608
  epoch  15/50  loss=0.6329  bal_acc=0.4722
  epoch  16/50  loss=0.6136  bal_acc=0.4722
  epoch  17/50  loss=0.5888  bal_acc=0.4913
  epoch  18/50  loss=0.5700  bal_acc=0.5260
  epoch  19/50  loss=0.5538  bal_acc=0.5000
  epoch  20/50  loss=0.5305  bal_acc=0.5330
  epoch  21/50  loss=0.5138  bal_acc=0.5538
  epoch  22/50  loss=0.5081  bal_acc=0.5729
  epoch  23/50  loss=0.4906  bal_acc=0.5330
  epoch  24/50  loss=0.4678  bal_acc=0.5330
  epoch  25/50  loss=0.4596  bal_acc=0.5642
  epoch  26/50  loss=0.4448  bal_acc=0.5243
  epoch  27/50  loss=0.4273  bal_acc=0.5434
  epoch  28/50  loss=0.4229  bal_acc=0.5538
  epoch  29/50  loss=0.4077  bal_acc=0.5069
  epoch  30/50  loss=0.3968  bal_acc=0.5139
  epoch  31/50  loss=0.3827  bal_acc=0.4948
  epoch  32/50  loss=0.3727  bal_acc=0.5243
  epoch  33/50  loss=0.3604  bal_acc=0.4913
  epoch  34/50  loss=0.3506  bal_acc=0.4774
  epoch  35/50  loss=0.3430  bal_acc=0.5156
  epoch  36/50  loss=0.3371  bal_acc=0.5191
  epoch  37/50  loss=0.3254  bal_acc=0.4948
  epoch  38/50  loss=0.3167  bal_acc=0.4913
  epoch  39/50  loss=0.3054  bal_acc=0.5035
  epoch  40/50  loss=0.2976  bal_acc=0.4861
  epoch  41/50  loss=0.2907  bal_acc=0.5052
  epoch  42/50  loss=0.2851  bal_acc=0.4965
  epoch  43/50  loss=0.2815  bal_acc=0.4497
  epoch  44/50  loss=0.2708  bal_acc=0.4948
  epoch  45/50  loss=0.2604  bal_acc=0.4931
  epoch  46/50  loss=0.2519  bal_acc=0.5017
  epoch  47/50  loss=0.2501  bal_acc=0.5295
  epoch  48/50  loss=0.2404  bal_acc=0.4878
  epoch  49/50  loss=0.2336  bal_acc=0.5139
  epoch  50/50  loss=0.2314  bal_acc=0.4861
  [LOSO 7/9] subject 6: acc=0.4861  running_mean=0.4916

=== LOSO (hold out subject 7) ===
  Train: 4608 trials  |  Test: 576 trials
  Model params: 22,536
  epoch   1/50  loss=1.3507  bal_acc=0.3194
  epoch   2/50  loss=1.2498  bal_acc=0.4184
  epoch   3/50  loss=1.1553  bal_acc=0.4549
  epoch   4/50  loss=1.0643  bal_acc=0.5122
  epoch   5/50  loss=0.9990  bal_acc=0.5087
  epoch   6/50  loss=0.9466  bal_acc=0.5139
  epoch   7/50  loss=0.8995  bal_acc=0.4861
  epoch   8/50  loss=0.8642  bal_acc=0.5139
  epoch   9/50  loss=0.8207  bal_acc=0.4705
  epoch  10/50  loss=0.7836  bal_acc=0.4444
  epoch  11/50  loss=0.7611  bal_acc=0.4826
  epoch  12/50  loss=0.7242  bal_acc=0.4931
  epoch  13/50  loss=0.7014  bal_acc=0.4271
  epoch  14/50  loss=0.6723  bal_acc=0.3785
  epoch  15/50  loss=0.6522  bal_acc=0.4878
  epoch  16/50  loss=0.6232  bal_acc=0.5139
  epoch  17/50  loss=0.5998  bal_acc=0.5000
  epoch  18/50  loss=0.5829  bal_acc=0.5503
  epoch  19/50  loss=0.5654  bal_acc=0.5174
  epoch  20/50  loss=0.5493  bal_acc=0.5712
  epoch  21/50  loss=0.5302  bal_acc=0.5625
  epoch  22/50  loss=0.5125  bal_acc=0.5382
  epoch  23/50  loss=0.4862  bal_acc=0.5694
  epoch  24/50  loss=0.4738  bal_acc=0.5625
  epoch  25/50  loss=0.4647  bal_acc=0.5486
  epoch  26/50  loss=0.4401  bal_acc=0.5885
  epoch  27/50  loss=0.4301  bal_acc=0.5799
  epoch  28/50  loss=0.4237  bal_acc=0.5920
  epoch  29/50  loss=0.4198  bal_acc=0.5469
  epoch  30/50  loss=0.4002  bal_acc=0.5208
  epoch  31/50  loss=0.3890  bal_acc=0.5712
  epoch  32/50  loss=0.3746  bal_acc=0.5833
  epoch  33/50  loss=0.3685  bal_acc=0.5747
  epoch  34/50  loss=0.3491  bal_acc=0.5729
  epoch  35/50  loss=0.3533  bal_acc=0.6007
  epoch  36/50  loss=0.3366  bal_acc=0.5538
  epoch  37/50  loss=0.3201  bal_acc=0.5990
  epoch  38/50  loss=0.3095  bal_acc=0.5868
  epoch  39/50  loss=0.3065  bal_acc=0.6250
  epoch  40/50  loss=0.2978  bal_acc=0.5781
  epoch  41/50  loss=0.2975  bal_acc=0.6094
  epoch  42/50  loss=0.2856  bal_acc=0.6094
  epoch  43/50  loss=0.2794  bal_acc=0.6128
  epoch  44/50  loss=0.2723  bal_acc=0.6146
  epoch  45/50  loss=0.2583  bal_acc=0.6181
  epoch  46/50  loss=0.2568  bal_acc=0.6111
  epoch  47/50  loss=0.2500  bal_acc=0.5781
  epoch  48/50  loss=0.2385  bal_acc=0.5642
  epoch  49/50  loss=0.2349  bal_acc=0.6458
  epoch  50/50  loss=0.2284  bal_acc=0.6233
  [LOSO 8/9] subject 7: acc=0.6233  running_mean=0.5080

=== LOSO (hold out subject 8) ===
  Train: 4608 trials  |  Test: 576 trials
  Model params: 22,536
  epoch   1/50  loss=1.3538  bal_acc=0.3438
  epoch   2/50  loss=1.2630  bal_acc=0.4028
  epoch   3/50  loss=1.1800  bal_acc=0.4201
  epoch   4/50  loss=1.0996  bal_acc=0.4236
  epoch   5/50  loss=1.0281  bal_acc=0.4792
  epoch   6/50  loss=0.9753  bal_acc=0.4601
  epoch   7/50  loss=0.9197  bal_acc=0.4740
  epoch   8/50  loss=0.8738  bal_acc=0.4913
  epoch   9/50  loss=0.8319  bal_acc=0.4931
  epoch  10/50  loss=0.8000  bal_acc=0.5260
  epoch  11/50  loss=0.7687  bal_acc=0.4722
  epoch  12/50  loss=0.7351  bal_acc=0.4948
  epoch  13/50  loss=0.7087  bal_acc=0.5208
  epoch  14/50  loss=0.6868  bal_acc=0.5069
  epoch  15/50  loss=0.6619  bal_acc=0.5347
  epoch  16/50  loss=0.6407  bal_acc=0.5556
  epoch  17/50  loss=0.6119  bal_acc=0.5503
  epoch  18/50  loss=0.6051  bal_acc=0.5625
  epoch  19/50  loss=0.5817  bal_acc=0.5712
  epoch  20/50  loss=0.5645  bal_acc=0.5434
  epoch  21/50  loss=0.5413  bal_acc=0.5260
  epoch  22/50  loss=0.5261  bal_acc=0.5365
  epoch  23/50  loss=0.5168  bal_acc=0.5625
  epoch  24/50  loss=0.5018  bal_acc=0.5625
  epoch  25/50  loss=0.4766  bal_acc=0.5868
  epoch  26/50  loss=0.4698  bal_acc=0.5712
  epoch  27/50  loss=0.4556  bal_acc=0.5451
  epoch  28/50  loss=0.4459  bal_acc=0.5677
  epoch  29/50  loss=0.4252  bal_acc=0.5642
  epoch  30/50  loss=0.4146  bal_acc=0.5938
  epoch  31/50  loss=0.4070  bal_acc=0.5590
  epoch  32/50  loss=0.3958  bal_acc=0.5729
  epoch  33/50  loss=0.3807  bal_acc=0.5764
  epoch  34/50  loss=0.3759  bal_acc=0.5486
  epoch  35/50  loss=0.3644  bal_acc=0.5972
  epoch  36/50  loss=0.3564  bal_acc=0.5590
  epoch  37/50  loss=0.3457  bal_acc=0.5399
  epoch  38/50  loss=0.3373  bal_acc=0.5781
  epoch  39/50  loss=0.3305  bal_acc=0.5781
  epoch  40/50  loss=0.3216  bal_acc=0.5781
  epoch  41/50  loss=0.3098  bal_acc=0.5538
  epoch  42/50  loss=0.2963  bal_acc=0.5608
  epoch  43/50  loss=0.2887  bal_acc=0.5851
  epoch  44/50  loss=0.2899  bal_acc=0.5747
  epoch  45/50  loss=0.2762  bal_acc=0.5729
  epoch  46/50  loss=0.2733  bal_acc=0.5694
  epoch  47/50  loss=0.2671  bal_acc=0.5747
  epoch  48/50  loss=0.2508  bal_acc=0.6024
  epoch  49/50  loss=0.2576  bal_acc=0.5538
  epoch  50/50  loss=0.2435  bal_acc=0.5764
  [LOSO 9/9] subject 8: acc=0.5764  running_mean=0.5156
Results saved to results/BNCI2014_001/results_trial_50.json
Trial logged to results/BNCI2014_001/trials.csv
[status] trial 50 done (state=COMPLETE, value=0.515625) -- 46 completed total
Device: cuda
[BNCI2014_001] loading from cache: /home/aleksander.berezowsk/.cache/spiking_eegnet/BNCI2014_001_af1ccf3e92f684d8a93c057082b654d7.npz
[BNCI2014_001] cache hit: (5184, 1, 22, 1001), classes=['feet', 'left_hand', 'right_hand', 'tongue'], subjects=9
Dataset meta: {'n_classes': 4, 'n_channels': 22, 'n_samples': 1001, 'class_names': ['feet', 'left_hand', 'right_hand', 'tongue'], 'subject_list': [1, 2, 3, 4, 5, 6, 7, 8, 9], 'n_subjects': 9, 'sfreq': 250.0}

=== LOSO (hold out subject 0) ===
  Train: 4608 trials  |  Test: 576 trials
  Model params: 15,887
  epoch   1/50  loss=1.2197  bal_acc=0.4670
  epoch   2/50  loss=0.9715  bal_acc=0.5469
  epoch   3/50  loss=0.8115  bal_acc=0.6094
  epoch   4/50  loss=0.7120  bal_acc=0.5729
  epoch   5/50  loss=0.6318  bal_acc=0.5503
  epoch   6/50  loss=0.5805  bal_acc=0.6285
  epoch   7/50  loss=0.5278  bal_acc=0.6302
  epoch   8/50  loss=0.4700  bal_acc=0.6042
  epoch   9/50  loss=0.4459  bal_acc=0.5260
  epoch  10/50  loss=0.3982  bal_acc=0.5920
  epoch  11/50  loss=0.3566  bal_acc=0.6146
  epoch  12/50  loss=0.3324  bal_acc=0.5451
  epoch  13/50  loss=0.3044  bal_acc=0.6372
  epoch  14/50  loss=0.2793  bal_acc=0.6007
  epoch  15/50  loss=0.2428  bal_acc=0.6111
  epoch  16/50  loss=0.2431  bal_acc=0.5625
  epoch  17/50  loss=0.2373  bal_acc=0.5972
  epoch  18/50  loss=0.1951  bal_acc=0.6389
  epoch  19/50  loss=0.1946  bal_acc=0.5990
  epoch  20/50  loss=0.1699  bal_acc=0.6007
  epoch  21/50  loss=0.1622  bal_acc=0.5938
  epoch  22/50  loss=0.1428  bal_acc=0.5608
  epoch  23/50  loss=0.1322  bal_acc=0.6111
  epoch  24/50  loss=0.1287  bal_acc=0.6024
  epoch  25/50  loss=0.1069  bal_acc=0.6250
  epoch  26/50  loss=0.1011  bal_acc=0.5990
  epoch  27/50  loss=0.0932  bal_acc=0.5920
  epoch  28/50  loss=0.0924  bal_acc=0.6007
  epoch  29/50  loss=0.0914  bal_acc=0.5747
  epoch  30/50  loss=0.0950  bal_acc=0.5868
  epoch  31/50  loss=0.0919  bal_acc=0.5885
  epoch  32/50  loss=0.1004  bal_acc=0.6094
  epoch  33/50  loss=0.0848  bal_acc=0.6007
  epoch  34/50  loss=0.0789  bal_acc=0.5573
  epoch  35/50  loss=0.0749  bal_acc=0.5903
  epoch  36/50  loss=0.0672  bal_acc=0.6007
  epoch  37/50  loss=0.0686  bal_acc=0.5885
  epoch  38/50  loss=0.0686  bal_acc=0.6128
  epoch  39/50  loss=0.0609  bal_acc=0.6042
  epoch  40/50  loss=0.0572  bal_acc=0.5972
  epoch  41/50  loss=0.0856  bal_acc=0.5816
  epoch  42/50  loss=0.0704  bal_acc=0.5903
  epoch  43/50  loss=0.0551  bal_acc=0.6042
  epoch  44/50  loss=0.0598  bal_acc=0.5694
  epoch  45/50  loss=0.0494  bal_acc=0.5990
  epoch  46/50  loss=0.0619  bal_acc=0.5868
  epoch  47/50  loss=0.0547  bal_acc=0.5712
  epoch  48/50  loss=0.0474  bal_acc=0.6076
  epoch  49/50  loss=0.0595  bal_acc=0.5799
  epoch  50/50  loss=0.0685  bal_acc=0.5625
  [LOSO 1/9] subject 0: acc=0.5625  running_mean=0.5625

=== LOSO (hold out subject 1) ===
  Train: 4608 trials  |  Test: 576 trials
  Model params: 15,887
  epoch   1/50  loss=1.2195  bal_acc=0.3281
  epoch   2/50  loss=0.8928  bal_acc=0.4549
  epoch   3/50  loss=0.7356  bal_acc=0.4097
  epoch   4/50  loss=0.6356  bal_acc=0.3906
  epoch   5/50  loss=0.5574  bal_acc=0.4410
  epoch   6/50  loss=0.5102  bal_acc=0.4253
  epoch   7/50  loss=0.4485  bal_acc=0.4514
  epoch   8/50  loss=0.3962  bal_acc=0.4479
  epoch   9/50  loss=0.3639  bal_acc=0.4861
  epoch  10/50  loss=0.3340  bal_acc=0.4271
  epoch  11/50  loss=0.2992  bal_acc=0.4340
  epoch  12/50  loss=0.2639  bal_acc=0.5087
  epoch  13/50  loss=0.2395  bal_acc=0.4097
  epoch  14/50  loss=0.2523  bal_acc=0.4479
  epoch  15/50  loss=0.2070  bal_acc=0.4097
  epoch  16/50  loss=0.1742  bal_acc=0.4549
  epoch  17/50  loss=0.1616  bal_acc=0.4479
  epoch  18/50  loss=0.1493  bal_acc=0.4757
  epoch  19/50  loss=0.1336  bal_acc=0.4410
  epoch  20/50  loss=0.1243  bal_acc=0.4722
  epoch  21/50  loss=0.1361  bal_acc=0.4601
  epoch  22/50  loss=0.1043  bal_acc=0.4740
  epoch  23/50  loss=0.0979  bal_acc=0.4375
  epoch  24/50  loss=0.1109  bal_acc=0.4514
  epoch  25/50  loss=0.0926  bal_acc=0.4531
  epoch  26/50  loss=0.0847  bal_acc=0.4792
  epoch  27/50  loss=0.0682  bal_acc=0.4392
  epoch  28/50  loss=0.0803  bal_acc=0.4653
  epoch  29/50  loss=0.0790  bal_acc=0.4653
  epoch  30/50  loss=0.0858  bal_acc=0.4601
  epoch  31/50  loss=0.0917  bal_acc=0.4340
  epoch  32/50  loss=0.0891  bal_acc=0.4375
  epoch  33/50  loss=0.0767  bal_acc=0.4566
  epoch  34/50  loss=0.0573  bal_acc=0.4618
  epoch  35/50  loss=0.0442  bal_acc=0.4913
  epoch  36/50  loss=0.0564  bal_acc=0.4306
  epoch  37/50  loss=0.0596  bal_acc=0.4219
  epoch  38/50  loss=0.0572  bal_acc=0.4392
  epoch  39/50  loss=0.0574  bal_acc=0.4549
  epoch  40/50  loss=0.0526  bal_acc=0.4444
  epoch  41/50  loss=0.0576  bal_acc=0.4740
  epoch  42/50  loss=0.0816  bal_acc=0.4323
  epoch  43/50  loss=0.0698  bal_acc=0.4010
  epoch  44/50  loss=0.0497  bal_acc=0.4618
  epoch  45/50  loss=0.0532  bal_acc=0.4688
  epoch  46/50  loss=0.0313  bal_acc=0.4375
  epoch  47/50  loss=0.0384  bal_acc=0.4601
  epoch  48/50  loss=0.0536  bal_acc=0.4531
  epoch  49/50  loss=0.0323  bal_acc=0.4549
  epoch  50/50  loss=0.0356  bal_acc=0.4583
  [LOSO 2/9] subject 1: acc=0.4583  running_mean=0.5104

=== LOSO (hold out subject 2) ===
  Train: 4608 trials  |  Test: 576 trials
  Model params: 15,887
  epoch   1/50  loss=1.2592  bal_acc=0.5122
  epoch   2/50  loss=0.9956  bal_acc=0.6215
  epoch   3/50  loss=0.8656  bal_acc=0.7448
  epoch   4/50  loss=0.7542  bal_acc=0.7292
  epoch   5/50  loss=0.6783  bal_acc=0.6910
  epoch   6/50  loss=0.6141  bal_acc=0.7135
  epoch   7/50  loss=0.5611  bal_acc=0.7483
  epoch   8/50  loss=0.4869  bal_acc=0.6007
  epoch   9/50  loss=0.4298  bal_acc=0.7101
  epoch  10/50  loss=0.4035  bal_acc=0.6441
  epoch  11/50  loss=0.3570  bal_acc=0.6667
  epoch  12/50  loss=0.3389  bal_acc=0.7240
  epoch  13/50  loss=0.3044  bal_acc=0.5851
  epoch  14/50  loss=0.2711  bal_acc=0.7396
  epoch  15/50  loss=0.2423  bal_acc=0.6910
  epoch  16/50  loss=0.2202  bal_acc=0.6215
  epoch  17/50  loss=0.2019  bal_acc=0.6493
  epoch  18/50  loss=0.2016  bal_acc=0.6927
  epoch  19/50  loss=0.1999  bal_acc=0.6615
  epoch  20/50  loss=0.1671  bal_acc=0.6545
  epoch  21/50  loss=0.1399  bal_acc=0.6875
  epoch  22/50  loss=0.1330  bal_acc=0.6493
  epoch  23/50  loss=0.1262  bal_acc=0.6510
  epoch  24/50  loss=0.1236  bal_acc=0.6944
  epoch  25/50  loss=0.1213  bal_acc=0.7188
  epoch  26/50  loss=0.1006  bal_acc=0.7205
  epoch  27/50  loss=0.0884  bal_acc=0.7274
  epoch  28/50  loss=0.0965  bal_acc=0.6806
  epoch  29/50  loss=0.0849  bal_acc=0.6441
  epoch  30/50  loss=0.0973  bal_acc=0.6476
  epoch  31/50  loss=0.0797  bal_acc=0.7153
  epoch  32/50  loss=0.0676  bal_acc=0.6944
  epoch  33/50  loss=0.0760  bal_acc=0.6667
  epoch  34/50  loss=0.1059  bal_acc=0.7135
  epoch  35/50  loss=0.0874  bal_acc=0.6771
  epoch  36/50  loss=0.0687  bal_acc=0.6615
  epoch  37/50  loss=0.0707  bal_acc=0.6094
  epoch  38/50  loss=0.0625  bal_acc=0.6684
  epoch  39/50  loss=0.0560  bal_acc=0.7014
  epoch  40/50  loss=0.0543  bal_acc=0.6858
  epoch  41/50  loss=0.0552  bal_acc=0.7135
  epoch  42/50  loss=0.0516  bal_acc=0.7049
  epoch  43/50  loss=0.0632  bal_acc=0.7049
  epoch  44/50  loss=0.0714  bal_acc=0.7188
  epoch  45/50  loss=0.0657  bal_acc=0.6927
  epoch  46/50  loss=0.0684  bal_acc=0.6372
  epoch  47/50  loss=0.0637  bal_acc=0.7292
  epoch  48/50  loss=0.0556  bal_acc=0.7083
  epoch  49/50  loss=0.0457  bal_acc=0.6806
  epoch  50/50  loss=0.0510  bal_acc=0.7326
  [LOSO 3/9] subject 2: acc=0.7326  running_mean=0.5845

=== LOSO (hold out subject 3) ===
  Train: 4608 trials  |  Test: 576 trials
  Model params: 15,887
  epoch   1/50  loss=1.2220  bal_acc=0.4653
  epoch   2/50  loss=0.8953  bal_acc=0.3819
  epoch   3/50  loss=0.7541  bal_acc=0.4757
  epoch   4/50  loss=0.6704  bal_acc=0.4479
  epoch   5/50  loss=0.5873  bal_acc=0.4549
  epoch   6/50  loss=0.5513  bal_acc=0.4583
  epoch   7/50  loss=0.4983  bal_acc=0.5122
  epoch   8/50  loss=0.4612  bal_acc=0.4271
  epoch   9/50  loss=0.4019  bal_acc=0.4757
  epoch  10/50  loss=0.3610  bal_acc=0.4913
  epoch  11/50  loss=0.3221  bal_acc=0.4774
  epoch  12/50  loss=0.2924  bal_acc=0.4497
  epoch  13/50  loss=0.2659  bal_acc=0.4618
  epoch  14/50  loss=0.2437  bal_acc=0.5295
  epoch  15/50  loss=0.2386  bal_acc=0.4306
  epoch  16/50  loss=0.2066  bal_acc=0.4306
  epoch  17/50  loss=0.1807  bal_acc=0.4740
  epoch  18/50  loss=0.1832  bal_acc=0.4271
  epoch  19/50  loss=0.1682  bal_acc=0.4705
  epoch  20/50  loss=0.1345  bal_acc=0.5208
  epoch  21/50  loss=0.1249  bal_acc=0.4826
  epoch  22/50  loss=0.1035  bal_acc=0.4462
  epoch  23/50  loss=0.1240  bal_acc=0.4878
  epoch  24/50  loss=0.1023  bal_acc=0.4410
  epoch  25/50  loss=0.1030  bal_acc=0.4340
  epoch  26/50  loss=0.1024  bal_acc=0.4375
  epoch  27/50  loss=0.0872  bal_acc=0.4844
  epoch  28/50  loss=0.0816  bal_acc=0.4583
  epoch  29/50  loss=0.0925  bal_acc=0.4809
  epoch  30/50  loss=0.0814  bal_acc=0.4983
  epoch  31/50  loss=0.0856  bal_acc=0.4878
  epoch  32/50  loss=0.0878  bal_acc=0.4965
  epoch  33/50  loss=0.0621  bal_acc=0.4670
  epoch  34/50  loss=0.0506  bal_acc=0.4757
  epoch  35/50  loss=0.0568  bal_acc=0.4826
  epoch  36/50  loss=0.0681  bal_acc=0.4844
  epoch  37/50  loss=0.0841  bal_acc=0.4809
  epoch  38/50  loss=0.0873  bal_acc=0.4497
  epoch  39/50  loss=0.0586  bal_acc=0.4844
  epoch  40/50  loss=0.0421  bal_acc=0.4601
  epoch  41/50  loss=0.0360  bal_acc=0.4774
  epoch  42/50  loss=0.0361  bal_acc=0.4618
  epoch  43/50  loss=0.0401  bal_acc=0.4601
  epoch  44/50  loss=0.0850  bal_acc=0.5000
  epoch  45/50  loss=0.0672  bal_acc=0.4462
  epoch  46/50  loss=0.0562  bal_acc=0.4653
  epoch  47/50  loss=0.0409  bal_acc=0.4635
  epoch  48/50  loss=0.0426  bal_acc=0.4948
  epoch  49/50  loss=0.0509  bal_acc=0.4479
  epoch  50/50  loss=0.0456  bal_acc=0.4427
  [LOSO 4/9] subject 3: acc=0.4427  running_mean=0.5490

=== LOSO (hold out subject 4) ===
  Train: 4608 trials  |  Test: 576 trials
  Model params: 15,887
  epoch   1/50  loss=1.2042  bal_acc=0.4375
  epoch   2/50  loss=0.9072  bal_acc=0.4410
  epoch   3/50  loss=0.7808  bal_acc=0.5608
  epoch   4/50  loss=0.6866  bal_acc=0.5017
  epoch   5/50  loss=0.6045  bal_acc=0.4635
  epoch   6/50  loss=0.5413  bal_acc=0.5052
  epoch   7/50  loss=0.4920  bal_acc=0.5365
  epoch   8/50  loss=0.4417  bal_acc=0.4861
  epoch   9/50  loss=0.3954  bal_acc=0.4549
  epoch  10/50  loss=0.3954  bal_acc=0.5243
  epoch  11/50  loss=0.3457  bal_acc=0.5469
  epoch  12/50  loss=0.2972  bal_acc=0.5174
  epoch  13/50  loss=0.2677  bal_acc=0.5417
  epoch  14/50  loss=0.2421  bal_acc=0.5052
  epoch  15/50  loss=0.2246  bal_acc=0.5000
  epoch  16/50  loss=0.2029  bal_acc=0.5434
  epoch  17/50  loss=0.1784  bal_acc=0.5087
  epoch  18/50  loss=0.1649  bal_acc=0.5208
  epoch  19/50  loss=0.1616  bal_acc=0.4271
  epoch  20/50  loss=0.1654  bal_acc=0.5122
  epoch  21/50  loss=0.1325  bal_acc=0.5000
  epoch  22/50  loss=0.1297  bal_acc=0.4323
  epoch  23/50  loss=0.1227  bal_acc=0.5191
  epoch  24/50  loss=0.1043  bal_acc=0.5399
  epoch  25/50  loss=0.1025  bal_acc=0.4965
  epoch  26/50  loss=0.0974  bal_acc=0.4965
  epoch  27/50  loss=0.0967  bal_acc=0.4931
  epoch  28/50  loss=0.0908  bal_acc=0.5469
  epoch  29/50  loss=0.0897  bal_acc=0.5035
  epoch  30/50  loss=0.0911  bal_acc=0.5312
  epoch  31/50  loss=0.0654  bal_acc=0.5104
  epoch  32/50  loss=0.0584  bal_acc=0.5799
  epoch  33/50  loss=0.0669  bal_acc=0.5399
  epoch  34/50  loss=0.0775  bal_acc=0.5191
  epoch  35/50  loss=0.0785  bal_acc=0.5486
  epoch  36/50  loss=0.0539  bal_acc=0.5243
  epoch  37/50  loss=0.0667  bal_acc=0.5260
  epoch  38/50  loss=0.0614  bal_acc=0.5278
  epoch  39/50  loss=0.0617  bal_acc=0.5139
  epoch  40/50  loss=0.0600  bal_acc=0.5069
  epoch  41/50  loss=0.0473  bal_acc=0.5382
  epoch  42/50  loss=0.0418  bal_acc=0.5660
  epoch  43/50  loss=0.0541  bal_acc=0.4774
  epoch  44/50  loss=0.0631  bal_acc=0.5000
  epoch  45/50  loss=0.0671  bal_acc=0.5347
  epoch  46/50  loss=0.0553  bal_acc=0.4566
  epoch  47/50  loss=0.0741  bal_acc=0.4757
  epoch  48/50  loss=0.0712  bal_acc=0.5521
  epoch  49/50  loss=0.0407  bal_acc=0.5521
  epoch  50/50  loss=0.0579  bal_acc=0.5434
  [LOSO 5/9] subject 4: acc=0.5434  running_mean=0.5479

=== LOSO (hold out subject 5) ===
  Train: 4608 trials  |  Test: 576 trials
  Model params: 15,887
  epoch   1/50  loss=1.2153  bal_acc=0.4149
  epoch   2/50  loss=0.8981  bal_acc=0.4514
  epoch   3/50  loss=0.7547  bal_acc=0.4236
  epoch   4/50  loss=0.6440  bal_acc=0.4427
  epoch   5/50  loss=0.5842  bal_acc=0.5000
  epoch   6/50  loss=0.5274  bal_acc=0.4323
  epoch   7/50  loss=0.4682  bal_acc=0.4219
  epoch   8/50  loss=0.4007  bal_acc=0.3767
  epoch   9/50  loss=0.3732  bal_acc=0.4253
  epoch  10/50  loss=0.3406  bal_acc=0.4601
  epoch  11/50  loss=0.3125  bal_acc=0.4618
  epoch  12/50  loss=0.2787  bal_acc=0.3958
  epoch  13/50  loss=0.2779  bal_acc=0.3594
  epoch  14/50  loss=0.2310  bal_acc=0.4844
  epoch  15/50  loss=0.2228  bal_acc=0.4410
  epoch  16/50  loss=0.1868  bal_acc=0.4045
  epoch  17/50  loss=0.1667  bal_acc=0.4670
  epoch  18/50  loss=0.1600  bal_acc=0.3976
  epoch  19/50  loss=0.1303  bal_acc=0.5191
  epoch  20/50  loss=0.1430  bal_acc=0.4115
  epoch  21/50  loss=0.1184  bal_acc=0.4514
  epoch  22/50  loss=0.1121  bal_acc=0.4097
  epoch  23/50  loss=0.1005  bal_acc=0.4983
  epoch  24/50  loss=0.1044  bal_acc=0.4635
  epoch  25/50  loss=0.1109  bal_acc=0.4288
  epoch  26/50  loss=0.1020  bal_acc=0.4149
  epoch  27/50  loss=0.0735  bal_acc=0.4340
  epoch  28/50  loss=0.0829  bal_acc=0.4670
  epoch  29/50  loss=0.0702  bal_acc=0.4340
  epoch  30/50  loss=0.0741  bal_acc=0.5174
  epoch  31/50  loss=0.0806  bal_acc=0.4965
  epoch  32/50  loss=0.0769  bal_acc=0.4809
  epoch  33/50  loss=0.0642  bal_acc=0.4514
  epoch  34/50  loss=0.0672  bal_acc=0.3976
  epoch  35/50  loss=0.0627  bal_acc=0.4427
  epoch  36/50  loss=0.0654  bal_acc=0.3906
  epoch  37/50  loss=0.0614  bal_acc=0.4392
  epoch  38/50  loss=0.0675  bal_acc=0.4531
  epoch  39/50  loss=0.0592  bal_acc=0.4288
  epoch  40/50  loss=0.0565  bal_acc=0.4167
  epoch  41/50  loss=0.0376  bal_acc=0.4583
  epoch  42/50  loss=0.0388  bal_acc=0.4705
  epoch  43/50  loss=0.0419  bal_acc=0.5052
  epoch  44/50  loss=0.0528  bal_acc=0.4045
  epoch  45/50  loss=0.0534  bal_acc=0.4410
  epoch  46/50  loss=0.0653  bal_acc=0.3837
  epoch  47/50  loss=0.0627  bal_acc=0.4184
  epoch  48/50  loss=0.0500  bal_acc=0.4479
  epoch  49/50  loss=0.0537  bal_acc=0.4010
  epoch  50/50  loss=0.0448  bal_acc=0.4028
  [LOSO 6/9] subject 5: acc=0.4028  running_mean=0.5237

=== LOSO (hold out subject 6) ===
  Train: 4608 trials  |  Test: 576 trials
  Model params: 15,887
  epoch   1/50  loss=1.2051  bal_acc=0.5503
  epoch   2/50  loss=0.9261  bal_acc=0.5295
  epoch   3/50  loss=0.8008  bal_acc=0.5729
  epoch   4/50  loss=0.6945  bal_acc=0.5642
  epoch   5/50  loss=0.6284  bal_acc=0.5694
  epoch   6/50  loss=0.5702  bal_acc=0.6163
  epoch   7/50  loss=0.5223  bal_acc=0.5677
  epoch   8/50  loss=0.4842  bal_acc=0.6042
  epoch   9/50  loss=0.4313  bal_acc=0.5955
  epoch  10/50  loss=0.3933  bal_acc=0.5903
  epoch  11/50  loss=0.3659  bal_acc=0.5625
  epoch  12/50  loss=0.3316  bal_acc=0.5434
  epoch  13/50  loss=0.3093  bal_acc=0.5972
  epoch  14/50  loss=0.2599  bal_acc=0.5851
  epoch  15/50  loss=0.2536  bal_acc=0.5365
  epoch  16/50  loss=0.2349  bal_acc=0.5747
  epoch  17/50  loss=0.2195  bal_acc=0.5417
  epoch  18/50  loss=0.2141  bal_acc=0.5677
  epoch  19/50  loss=0.1824  bal_acc=0.5451
  epoch  20/50  loss=0.1634  bal_acc=0.5990
  epoch  21/50  loss=0.1444  bal_acc=0.5799
  epoch  22/50  loss=0.1275  bal_acc=0.5625
  epoch  23/50  loss=0.1492  bal_acc=0.5920
  epoch  24/50  loss=0.1106  bal_acc=0.5990
  epoch  25/50  loss=0.1150  bal_acc=0.5972
  epoch  26/50  loss=0.1043  bal_acc=0.5816
  epoch  27/50  loss=0.0939  bal_acc=0.5642
  epoch  28/50  loss=0.0935  bal_acc=0.5833
  epoch  29/50  loss=0.1006  bal_acc=0.6042
  epoch  30/50  loss=0.0910  bal_acc=0.5712
  epoch  31/50  loss=0.0875  bal_acc=0.5625
  epoch  32/50  loss=0.0707  bal_acc=0.5747
  epoch  33/50  loss=0.0685  bal_acc=0.5642
  epoch  34/50  loss=0.0796  bal_acc=0.5278
  epoch  35/50  loss=0.0886  bal_acc=0.5660
  epoch  36/50  loss=0.0855  bal_acc=0.5938
  epoch  37/50  loss=0.0846  bal_acc=0.5608
  epoch  38/50  loss=0.0735  bal_acc=0.6007
  epoch  39/50  loss=0.0609  bal_acc=0.5799
  epoch  40/50  loss=0.0541  bal_acc=0.5573
  epoch  41/50  loss=0.0601  bal_acc=0.6042
  epoch  42/50  loss=0.0752  bal_acc=0.5851
  epoch  43/50  loss=0.0485  bal_acc=0.5712
  epoch  44/50  loss=0.0791  bal_acc=0.5833
  epoch  45/50  loss=0.0999  bal_acc=0.5712
  epoch  46/50  loss=0.0750  bal_acc=0.5556
  epoch  47/50  loss=0.0619  bal_acc=0.5677
  epoch  48/50  loss=0.0519  bal_acc=0.5660
  epoch  49/50  loss=0.0368  bal_acc=0.5729
  epoch  50/50  loss=0.0527  bal_acc=0.5521
  [LOSO 7/9] subject 6: acc=0.5521  running_mean=0.5278

=== LOSO (hold out subject 7) ===
  Train: 4608 trials  |  Test: 576 trials
  Model params: 15,887
  epoch   1/50  loss=1.2233  bal_acc=0.4809
  epoch   2/50  loss=0.9505  bal_acc=0.5330
  epoch   3/50  loss=0.8114  bal_acc=0.6372
  epoch   4/50  loss=0.7017  bal_acc=0.6267
  epoch   5/50  loss=0.6412  bal_acc=0.6528
  epoch   6/50  loss=0.5528  bal_acc=0.6615
  epoch   7/50  loss=0.5288  bal_acc=0.6146
  epoch   8/50  loss=0.4659  bal_acc=0.6076
  epoch   9/50  loss=0.4114  bal_acc=0.6458
  epoch  10/50  loss=0.3813  bal_acc=0.6233
  epoch  11/50  loss=0.3463  bal_acc=0.6198
  epoch  12/50  loss=0.3022  bal_acc=0.6615
  epoch  13/50  loss=0.2754  bal_acc=0.6684
  epoch  14/50  loss=0.2486  bal_acc=0.6319
  epoch  15/50  loss=0.2267  bal_acc=0.6337
  epoch  16/50  loss=0.2110  bal_acc=0.5990
  epoch  17/50  loss=0.1988  bal_acc=0.6354
  epoch  18/50  loss=0.1839  bal_acc=0.6580
  epoch  19/50  loss=0.1610  bal_acc=0.6771
  epoch  20/50  loss=0.1596  bal_acc=0.6389
  epoch  21/50  loss=0.1369  bal_acc=0.6337
  epoch  22/50  loss=0.1327  bal_acc=0.6042
  epoch  23/50  loss=0.1210  bal_acc=0.6111
  epoch  24/50  loss=0.1106  bal_acc=0.6128
  epoch  25/50  loss=0.1059  bal_acc=0.6632
  epoch  26/50  loss=0.1002  bal_acc=0.6215
  epoch  27/50  loss=0.1046  bal_acc=0.6597
  epoch  28/50  loss=0.0951  bal_acc=0.6736
  epoch  29/50  loss=0.0954  bal_acc=0.6389
  epoch  30/50  loss=0.0883  bal_acc=0.6545
  epoch  31/50  loss=0.0828  bal_acc=0.6354
  epoch  32/50  loss=0.0858  bal_acc=0.5538
  epoch  33/50  loss=0.0895  bal_acc=0.6337
  epoch  34/50  loss=0.0719  bal_acc=0.6146
  epoch  35/50  loss=0.0679  bal_acc=0.5816
  epoch  36/50  loss=0.0658  bal_acc=0.6250
  epoch  37/50  loss=0.0643  bal_acc=0.6788
  epoch  38/50  loss=0.0675  bal_acc=0.6476
  epoch  39/50  loss=0.0880  bal_acc=0.6267
  epoch  40/50  loss=0.0826  bal_acc=0.6076
  epoch  41/50  loss=0.0569  bal_acc=0.6198
  epoch  42/50  loss=0.0476  bal_acc=0.6701
  epoch  43/50  loss=0.0456  bal_acc=0.6285
  epoch  44/50  loss=0.0544  bal_acc=0.6649
  epoch  45/50  loss=0.0816  bal_acc=0.6319
  epoch  46/50  loss=0.0839  bal_acc=0.6181
  epoch  47/50  loss=0.0544  bal_acc=0.6146
  epoch  48/50  loss=0.0445  bal_acc=0.6059
  epoch  49/50  loss=0.0451  bal_acc=0.6649
  epoch  50/50  loss=0.0369  bal_acc=0.6372
  [LOSO 8/9] subject 7: acc=0.6372  running_mean=0.5414

=== LOSO (hold out subject 8) ===
  Train: 4608 trials  |  Test: 576 trials
  Model params: 15,887
  epoch   1/50  loss=1.2292  bal_acc=0.5069
  epoch   2/50  loss=0.9835  bal_acc=0.5486
  epoch   3/50  loss=0.8204  bal_acc=0.5486
  epoch   4/50  loss=0.7208  bal_acc=0.5729
  epoch   5/50  loss=0.6552  bal_acc=0.5642
  epoch   6/50  loss=0.5935  bal_acc=0.5972
  epoch   7/50  loss=0.5323  bal_acc=0.5243
  epoch   8/50  loss=0.4959  bal_acc=0.5990
  epoch   9/50  loss=0.4361  bal_acc=0.5747
  epoch  10/50  loss=0.3916  bal_acc=0.4878
  epoch  11/50  loss=0.3648  bal_acc=0.5382
  epoch  12/50  loss=0.3322  bal_acc=0.6024
  epoch  13/50  loss=0.2944  bal_acc=0.5851
  epoch  14/50  loss=0.2691  bal_acc=0.6146
  epoch  15/50  loss=0.2504  bal_acc=0.5174
  epoch  16/50  loss=0.2095  bal_acc=0.5469
  epoch  17/50  loss=0.1959  bal_acc=0.5243
  epoch  18/50  loss=0.1838  bal_acc=0.5938
  epoch  19/50  loss=0.1770  bal_acc=0.5625
  epoch  20/50  loss=0.1772  bal_acc=0.5868
  epoch  21/50  loss=0.1468  bal_acc=0.5747
  epoch  22/50  loss=0.1391  bal_acc=0.6007
  epoch  23/50  loss=0.1316  bal_acc=0.5677
  epoch  24/50  loss=0.1026  bal_acc=0.5642
  epoch  25/50  loss=0.1063  bal_acc=0.5972
  epoch  26/50  loss=0.1037  bal_acc=0.6146
  epoch  27/50  loss=0.1059  bal_acc=0.5694
  epoch  28/50  loss=0.0957  bal_acc=0.5868
  epoch  29/50  loss=0.0720  bal_acc=0.5087
  epoch  30/50  loss=0.0848  bal_acc=0.5330
  epoch  31/50  loss=0.0708  bal_acc=0.5642
  epoch  32/50  loss=0.0790  bal_acc=0.6059
  epoch  33/50  loss=0.0867  bal_acc=0.5955
  epoch  34/50  loss=0.0615  bal_acc=0.5712
  epoch  35/50  loss=0.0641  bal_acc=0.5556
  epoch  36/50  loss=0.0718  bal_acc=0.5677
  epoch  37/50  loss=0.0889  bal_acc=0.5747
  epoch  38/50  loss=0.0794  bal_acc=0.5660
  epoch  39/50  loss=0.0681  bal_acc=0.5694
  epoch  40/50  loss=0.0536  bal_acc=0.5885
  epoch  41/50  loss=0.0675  bal_acc=0.5885
  epoch  42/50  loss=0.0612  bal_acc=0.5729
  epoch  43/50  loss=0.0539  bal_acc=0.6337
  epoch  44/50  loss=0.0569  bal_acc=0.6059
  epoch  45/50  loss=0.0581  bal_acc=0.6198
  epoch  46/50  loss=0.0539  bal_acc=0.5573
  epoch  47/50  loss=0.0717  bal_acc=0.5417
  epoch  48/50  loss=0.0658  bal_acc=0.6024
  epoch  49/50  loss=0.0522  bal_acc=0.5660
  epoch  50/50  loss=0.0427  bal_acc=0.5729
  [LOSO 9/9] subject 8: acc=0.5729  running_mean=0.5449
Results saved to results/BNCI2014_001/results_trial_55.json
Trial logged to results/BNCI2014_001/trials.csv
[status] trial 55 done (state=COMPLETE, value=0.5449459876543209) -- 49 completed total
Device: cuda
[BNCI2014_001] loading from cache: /home/aleksander.berezowsk/.cache/spiking_eegnet/BNCI2014_001_af1ccf3e92f684d8a93c057082b654d7.npz
[BNCI2014_001] cache hit: (5184, 1, 22, 1001), classes=['feet', 'left_hand', 'right_hand', 'tongue'], subjects=9
Dataset meta: {'n_classes': 4, 'n_channels': 22, 'n_samples': 1001, 'class_names': ['feet', 'left_hand', 'right_hand', 'tongue'], 'subject_list': [1, 2, 3, 4, 5, 6, 7, 8, 9], 'n_subjects': 9, 'sfreq': 250.0}

=== LOSO (hold out subject 0) ===
  Train: 4608 trials  |  Test: 576 trials
  Model params: 42,375
  epoch   1/50  loss=1.3859  bal_acc=0.3472
  epoch   2/50  loss=1.3656  bal_acc=0.3594
  epoch   3/50  loss=1.3481  bal_acc=0.3715
  epoch   4/50  loss=1.3267  bal_acc=0.3681
  epoch   5/50  loss=1.3100  bal_acc=0.3993
  epoch   6/50  loss=1.2922  bal_acc=0.3733
  epoch   7/50  loss=1.2767  bal_acc=0.3715
  epoch   8/50  loss=1.2644  bal_acc=0.3837
  epoch   9/50  loss=1.2480  bal_acc=0.3854
  epoch  10/50  loss=1.2346  bal_acc=0.4132
  epoch  11/50  loss=1.2184  bal_acc=0.4097
  epoch  12/50  loss=1.1997  bal_acc=0.4115
  epoch  13/50  loss=1.1811  bal_acc=0.4201
  epoch  14/50  loss=1.1611  bal_acc=0.4253
  epoch  15/50  loss=1.1420  bal_acc=0.4358
  epoch  16/50  loss=1.1162  bal_acc=0.4462
  epoch  17/50  loss=1.0939  bal_acc=0.4583
  epoch  18/50  loss=1.0731  bal_acc=0.4740
  epoch  19/50  loss=1.0510  bal_acc=0.4688
  epoch  20/50  loss=1.0330  bal_acc=0.4896
  epoch  21/50  loss=1.0159  bal_acc=0.4844
  epoch  22/50  loss=0.9980  bal_acc=0.4861
  epoch  23/50  loss=0.9811  bal_acc=0.4861
  epoch  24/50  loss=0.9666  bal_acc=0.4983
  epoch  25/50  loss=0.9519  bal_acc=0.5017
  epoch  26/50  loss=0.9380  bal_acc=0.5052
  epoch  27/50  loss=0.9251  bal_acc=0.5069
  epoch  28/50  loss=0.9130  bal_acc=0.5087
  epoch  29/50  loss=0.9010  bal_acc=0.5052
  epoch  30/50  loss=0.8849  bal_acc=0.5208
  epoch  31/50  loss=0.8754  bal_acc=0.5069
  epoch  32/50  loss=0.8659  bal_acc=0.5052
  epoch  33/50  loss=0.8547  bal_acc=0.5139
  epoch  34/50  loss=0.8445  bal_acc=0.5156
  epoch  35/50  loss=0.8328  bal_acc=0.5069
  epoch  36/50  loss=0.8184  bal_acc=0.5191
  epoch  37/50  loss=0.8120  bal_acc=0.5312
  epoch  38/50  loss=0.8053  bal_acc=0.5365
  epoch  39/50  loss=0.7924  bal_acc=0.5295
  epoch  40/50  loss=0.7829  bal_acc=0.5208
  epoch  41/50  loss=0.7754  bal_acc=0.5139
  epoch  42/50  loss=0.7653  bal_acc=0.5312
  epoch  43/50  loss=0.7503  bal_acc=0.5295
  epoch  44/50  loss=0.7485  bal_acc=0.5312
  epoch  45/50  loss=0.7320  bal_acc=0.5243
  epoch  46/50  loss=0.7295  bal_acc=0.5312
  epoch  47/50  loss=0.7190  bal_acc=0.5208
  epoch  48/50  loss=0.7154  bal_acc=0.5330
  epoch  49/50  loss=0.7078  bal_acc=0.5503
  epoch  50/50  loss=0.6987  bal_acc=0.5330
  [LOSO 1/9] subject 0: acc=0.5330  running_mean=0.5330

=== LOSO (hold out subject 1) ===
  Train: 4608 trials  |  Test: 576 trials
  Model params: 42,375
  epoch   1/50  loss=1.3831  bal_acc=0.3056
  epoch   2/50  loss=1.3659  bal_acc=0.3229
  epoch   3/50  loss=1.3479  bal_acc=0.3438
  epoch   4/50  loss=1.3312  bal_acc=0.3472
  epoch   5/50  loss=1.3160  bal_acc=0.3698
  epoch   6/50  loss=1.2953  bal_acc=0.3542
  epoch   7/50  loss=1.2809  bal_acc=0.3733
  epoch   8/50  loss=1.2671  bal_acc=0.3854
  epoch   9/50  loss=1.2532  bal_acc=0.3924
  epoch  10/50  loss=1.2406  bal_acc=0.3889
  epoch  11/50  loss=1.2263  bal_acc=0.3924
  epoch  12/50  loss=1.2093  bal_acc=0.3941
  epoch  13/50  loss=1.1939  bal_acc=0.3872
  epoch  14/50  loss=1.1741  bal_acc=0.4045
  epoch  15/50  loss=1.1549  bal_acc=0.4219
  epoch  16/50  loss=1.1342  bal_acc=0.4288
  epoch  17/50  loss=1.1136  bal_acc=0.4201
  epoch  18/50  loss=1.0897  bal_acc=0.4201
  epoch  19/50  loss=1.0682  bal_acc=0.4219
  epoch  20/50  loss=1.0457  bal_acc=0.4062
  epoch  21/50  loss=1.0230  bal_acc=0.4201
  epoch  22/50  loss=1.0048  bal_acc=0.4010
  epoch  23/50  loss=0.9832  bal_acc=0.4045
  epoch  24/50  loss=0.9683  bal_acc=0.4132
  epoch  25/50  loss=0.9504  bal_acc=0.4149
  epoch  26/50  loss=0.9365  bal_acc=0.4115
  epoch  27/50  loss=0.9204  bal_acc=0.4271
  epoch  28/50  loss=0.9031  bal_acc=0.4219
  epoch  29/50  loss=0.8902  bal_acc=0.4358
  epoch  30/50  loss=0.8724  bal_acc=0.4375
  epoch  31/50  loss=0.8641  bal_acc=0.4306
  epoch  32/50  loss=0.8528  bal_acc=0.4340
  epoch  33/50  loss=0.8378  bal_acc=0.4427
  epoch  34/50  loss=0.8237  bal_acc=0.4375
  epoch  35/50  loss=0.8115  bal_acc=0.4323
  epoch  36/50  loss=0.7995  bal_acc=0.4392
  epoch  37/50  loss=0.7899  bal_acc=0.4375
  epoch  38/50  loss=0.7752  bal_acc=0.4392
  epoch  39/50  loss=0.7723  bal_acc=0.4358
  epoch  40/50  loss=0.7550  bal_acc=0.4340
  epoch  41/50  loss=0.7466  bal_acc=0.4410
  epoch  42/50  loss=0.7351  bal_acc=0.4340
  epoch  43/50  loss=0.7240  bal_acc=0.4392
  epoch  44/50  loss=0.7137  bal_acc=0.4306
  epoch  45/50  loss=0.7017  bal_acc=0.4253
  epoch  46/50  loss=0.6958  bal_acc=0.4306
  epoch  47/50  loss=0.6881  bal_acc=0.4479
  epoch  48/50  loss=0.6739  bal_acc=0.4340
  epoch  49/50  loss=0.6669  bal_acc=0.4323
  epoch  50/50  loss=0.6616  bal_acc=0.4410
  [LOSO 2/9] subject 1: acc=0.4410  running_mean=0.4870

=== LOSO (hold out subject 2) ===
  Train: 4608 trials  |  Test: 576 trials
  Model params: 42,375
  epoch   1/50  loss=1.3849  bal_acc=0.3524
  epoch   2/50  loss=1.3655  bal_acc=0.3889
  epoch   3/50  loss=1.3445  bal_acc=0.4201
  epoch   4/50  loss=1.3292  bal_acc=0.3906
  epoch   5/50  loss=1.3118  bal_acc=0.3767
  epoch   6/50  loss=1.2971  bal_acc=0.3819
  epoch   7/50  loss=1.2825  bal_acc=0.4062
  epoch   8/50  loss=1.2686  bal_acc=0.4097
  epoch   9/50  loss=1.2566  bal_acc=0.4028
  epoch  10/50  loss=1.2412  bal_acc=0.4167
  epoch  11/50  loss=1.2287  bal_acc=0.4444
  epoch  12/50  loss=1.2101  bal_acc=0.4462
  epoch  13/50  loss=1.1926  bal_acc=0.4271
  epoch  14/50  loss=1.1776  bal_acc=0.4479
  epoch  15/50  loss=1.1555  bal_acc=0.4601
  epoch  16/50  loss=1.1348  bal_acc=0.4705
  epoch  17/50  loss=1.1130  bal_acc=0.4618
  epoch  18/50  loss=1.0919  bal_acc=0.5000
  epoch  19/50  loss=1.0760  bal_acc=0.5278
  epoch  20/50  loss=1.0572  bal_acc=0.5174
  epoch  21/50  loss=1.0422  bal_acc=0.5330
  epoch  22/50  loss=1.0296  bal_acc=0.5347
  epoch  23/50  loss=1.0122  bal_acc=0.5434
  epoch  24/50  loss=0.9972  bal_acc=0.5503
  epoch  25/50  loss=0.9902  bal_acc=0.5521
  epoch  26/50  loss=0.9740  bal_acc=0.5590
  epoch  27/50  loss=0.9660  bal_acc=0.5660
  epoch  28/50  loss=0.9529  bal_acc=0.5660
  epoch  29/50  loss=0.9384  bal_acc=0.5729
  epoch  30/50  loss=0.9277  bal_acc=0.5642
  epoch  31/50  loss=0.9197  bal_acc=0.5764
  epoch  32/50  loss=0.9066  bal_acc=0.5747
  epoch  33/50  loss=0.8974  bal_acc=0.5868
  epoch  34/50  loss=0.8864  bal_acc=0.5816
  epoch  35/50  loss=0.8782  bal_acc=0.5955
  epoch  36/50  loss=0.8721  bal_acc=0.5990
  epoch  37/50  loss=0.8561  bal_acc=0.6042
  epoch  38/50  loss=0.8497  bal_acc=0.5938
  epoch  39/50  loss=0.8438  bal_acc=0.6163
  epoch  40/50  loss=0.8359  bal_acc=0.6181
  epoch  41/50  loss=0.8259  bal_acc=0.6146
  epoch  42/50  loss=0.8151  bal_acc=0.6250
  epoch  43/50  loss=0.8047  bal_acc=0.6198
  epoch  44/50  loss=0.8007  bal_acc=0.6458
  epoch  45/50  loss=0.7946  bal_acc=0.6528
  epoch  46/50  loss=0.7850  bal_acc=0.6476
  epoch  47/50  loss=0.7749  bal_acc=0.6632
  epoch  48/50  loss=0.7693  bal_acc=0.6615
  epoch  49/50  loss=0.7544  bal_acc=0.6649
  epoch  50/50  loss=0.7538  bal_acc=0.6632
  [LOSO 3/9] subject 2: acc=0.6632  running_mean=0.5457

=== LOSO (hold out subject 3) ===
  Train: 4608 trials  |  Test: 576 trials
  Model params: 42,375
  epoch   1/50  loss=1.3812  bal_acc=0.2986
  epoch   2/50  loss=1.3570  bal_acc=0.3281
  epoch   3/50  loss=1.3332  bal_acc=0.3594
  epoch   4/50  loss=1.3106  bal_acc=0.3594
  epoch   5/50  loss=1.2895  bal_acc=0.3576
  epoch   6/50  loss=1.2688  bal_acc=0.3733
  epoch   7/50  loss=1.2519  bal_acc=0.3941
  epoch   8/50  loss=1.2328  bal_acc=0.3837
  epoch   9/50  loss=1.2144  bal_acc=0.4045
  epoch  10/50  loss=1.1965  bal_acc=0.4045
  epoch  11/50  loss=1.1773  bal_acc=0.4010
  epoch  12/50  loss=1.1577  bal_acc=0.4132
  epoch  13/50  loss=1.1392  bal_acc=0.4115
  epoch  14/50  loss=1.1186  bal_acc=0.4236
  epoch  15/50  loss=1.0989  bal_acc=0.4375
  epoch  16/50  loss=1.0821  bal_acc=0.4253
  epoch  17/50  loss=1.0659  bal_acc=0.4392
  epoch  18/50  loss=1.0473  bal_acc=0.4444
  epoch  19/50  loss=1.0331  bal_acc=0.4462
  epoch  20/50  loss=1.0194  bal_acc=0.4514
  epoch  21/50  loss=1.0020  bal_acc=0.4601
  epoch  22/50  loss=0.9903  bal_acc=0.4601
  epoch  23/50  loss=0.9760  bal_acc=0.4757
  epoch  24/50  loss=0.9585  bal_acc=0.4740
  epoch  25/50  loss=0.9453  bal_acc=0.4757
  epoch  26/50  loss=0.9306  bal_acc=0.4896
  epoch  27/50  loss=0.9183  bal_acc=0.4861
  epoch  28/50  loss=0.9077  bal_acc=0.4722
  epoch  29/50  loss=0.8934  bal_acc=0.4878
  epoch  30/50  loss=0.8800  bal_acc=0.4809
  epoch  31/50  loss=0.8682  bal_acc=0.4757
  epoch  32/50  loss=0.8529  bal_acc=0.4653
  epoch  33/50  loss=0.8418  bal_acc=0.4844
  epoch  34/50  loss=0.8338  bal_acc=0.4896
  epoch  35/50  loss=0.8236  bal_acc=0.5069
  epoch  36/50  loss=0.8058  bal_acc=0.5035
  epoch  37/50  loss=0.8042  bal_acc=0.5035
  epoch  38/50  loss=0.7866  bal_acc=0.5017
  epoch  39/50  loss=0.7782  bal_acc=0.5000
  epoch  40/50  loss=0.7669  bal_acc=0.5191
  epoch  41/50  loss=0.7612  bal_acc=0.5035
  epoch  42/50  loss=0.7510  bal_acc=0.5069
  epoch  43/50  loss=0.7365  bal_acc=0.4983
  epoch  44/50  loss=0.7278  bal_acc=0.4983
  epoch  45/50  loss=0.7222  bal_acc=0.4948
  epoch  46/50  loss=0.7124  bal_acc=0.5052
  epoch  47/50  loss=0.7040  bal_acc=0.5104
  epoch  48/50  loss=0.6906  bal_acc=0.5122
  epoch  49/50  loss=0.6842  bal_acc=0.5052
  epoch  50/50  loss=0.6773  bal_acc=0.5035
  [LOSO 4/9] subject 3: acc=0.5035  running_mean=0.5352

=== LOSO (hold out subject 4) ===
  Train: 4608 trials  |  Test: 576 trials
  Model params: 42,375
  epoch   1/50  loss=1.3841  bal_acc=0.2882
  epoch   2/50  loss=1.3615  bal_acc=0.2986
  epoch   3/50  loss=1.3414  bal_acc=0.2934
  epoch   4/50  loss=1.3229  bal_acc=0.3021
  epoch   5/50  loss=1.3043  bal_acc=0.3420
  epoch   6/50  loss=1.2897  bal_acc=0.3333
  epoch   7/50  loss=1.2738  bal_acc=0.3264
  epoch   8/50  loss=1.2591  bal_acc=0.3698
  epoch   9/50  loss=1.2436  bal_acc=0.3559
  epoch  10/50  loss=1.2288  bal_acc=0.3681
  epoch  11/50  loss=1.2137  bal_acc=0.3628
  epoch  12/50  loss=1.1986  bal_acc=0.3802
  epoch  13/50  loss=1.1804  bal_acc=0.3767
  epoch  14/50  loss=1.1607  bal_acc=0.3854
  epoch  15/50  loss=1.1467  bal_acc=0.4062
  epoch  16/50  loss=1.1268  bal_acc=0.4132
  epoch  17/50  loss=1.1094  bal_acc=0.4253
  epoch  18/50  loss=1.0911  bal_acc=0.4358
  epoch  19/50  loss=1.0721  bal_acc=0.4392
  epoch  20/50  loss=1.0530  bal_acc=0.4618
  epoch  21/50  loss=1.0355  bal_acc=0.4601
  epoch  22/50  loss=1.0193  bal_acc=0.4757
  epoch  23/50  loss=0.9998  bal_acc=0.4774
  epoch  24/50  loss=0.9827  bal_acc=0.4948
  epoch  25/50  loss=0.9693  bal_acc=0.5087
  epoch  26/50  loss=0.9505  bal_acc=0.5139
  epoch  27/50  loss=0.9331  bal_acc=0.5035
  epoch  28/50  loss=0.9169  bal_acc=0.5243
  epoch  29/50  loss=0.9025  bal_acc=0.5365
  epoch  30/50  loss=0.8859  bal_acc=0.5191
  epoch  31/50  loss=0.8675  bal_acc=0.5278
  epoch  32/50  loss=0.8597  bal_acc=0.5295
  epoch  33/50  loss=0.8453  bal_acc=0.5260
  epoch  34/50  loss=0.8317  bal_acc=0.5243
  epoch  35/50  loss=0.8175  bal_acc=0.5174
  epoch  36/50  loss=0.8113  bal_acc=0.5191
  epoch  37/50  loss=0.7931  bal_acc=0.5347
  epoch  38/50  loss=0.7848  bal_acc=0.5278
  epoch  39/50  loss=0.7716  bal_acc=0.5208
  epoch  40/50  loss=0.7637  bal_acc=0.5052
  epoch  41/50  loss=0.7516  bal_acc=0.5104
  epoch  42/50  loss=0.7422  bal_acc=0.5069
  epoch  43/50  loss=0.7297  bal_acc=0.5382
  epoch  44/50  loss=0.7182  bal_acc=0.5139
  epoch  45/50  loss=0.7171  bal_acc=0.5139
  epoch  46/50  loss=0.7044  bal_acc=0.5122
  epoch  47/50  loss=0.6982  bal_acc=0.5052
  epoch  48/50  loss=0.6886  bal_acc=0.5000
  epoch  49/50  loss=0.6795  bal_acc=0.5087
  epoch  50/50  loss=0.6762  bal_acc=0.4948
  [LOSO 5/9] subject 4: acc=0.4948  running_mean=0.5271

=== LOSO (hold out subject 5) ===
  Train: 4608 trials  |  Test: 576 trials
  Model params: 42,375
  epoch   1/50  loss=1.3864  bal_acc=0.3177
  epoch   2/50  loss=1.3680  bal_acc=0.3490
  epoch   3/50  loss=1.3498  bal_acc=0.3646
  epoch   4/50  loss=1.3330  bal_acc=0.3733
  epoch   5/50  loss=1.3126  bal_acc=0.3802
  epoch   6/50  loss=1.2946  bal_acc=0.3854
  epoch   7/50  loss=1.2765  bal_acc=0.3715
  epoch   8/50  loss=1.2571  bal_acc=0.3733
  epoch   9/50  loss=1.2368  bal_acc=0.3854
  epoch  10/50  loss=1.2198  bal_acc=0.3958
  epoch  11/50  loss=1.1998  bal_acc=0.3924
  epoch  12/50  loss=1.1817  bal_acc=0.3993
  epoch  13/50  loss=1.1627  bal_acc=0.4062
  epoch  14/50  loss=1.1395  bal_acc=0.4149
  epoch  15/50  loss=1.1146  bal_acc=0.4306
  epoch  16/50  loss=1.0945  bal_acc=0.4184
  epoch  17/50  loss=1.0693  bal_acc=0.4375
  epoch  18/50  loss=1.0490  bal_acc=0.4444
  epoch  19/50  loss=1.0296  bal_acc=0.4410
  epoch  20/50  loss=1.0107  bal_acc=0.4479
  epoch  21/50  loss=0.9918  bal_acc=0.4444
  epoch  22/50  loss=0.9763  bal_acc=0.4566
  epoch  23/50  loss=0.9614  bal_acc=0.4531
  epoch  24/50  loss=0.9480  bal_acc=0.4583
  epoch  25/50  loss=0.9315  bal_acc=0.4653
  epoch  26/50  loss=0.9222  bal_acc=0.4566
  epoch  27/50  loss=0.9072  bal_acc=0.4531
  epoch  28/50  loss=0.8918  bal_acc=0.4601
  epoch  29/50  loss=0.8813  bal_acc=0.4531
  epoch  30/50  loss=0.8691  bal_acc=0.4670
  epoch  31/50  loss=0.8567  bal_acc=0.4479
  epoch  32/50  loss=0.8405  bal_acc=0.4688
  epoch  33/50  loss=0.8320  bal_acc=0.4531
  epoch  34/50  loss=0.8188  bal_acc=0.4462
  epoch  35/50  loss=0.8062  bal_acc=0.4653
  epoch  36/50  loss=0.8013  bal_acc=0.4740
  epoch  37/50  loss=0.7880  bal_acc=0.4653
  epoch  38/50  loss=0.7762  bal_acc=0.4497
  epoch  39/50  loss=0.7631  bal_acc=0.4410
  epoch  40/50  loss=0.7606  bal_acc=0.4462
  epoch  41/50  loss=0.7502  bal_acc=0.4392
  epoch  42/50  loss=0.7397  bal_acc=0.4444
  epoch  43/50  loss=0.7286  bal_acc=0.4427
  epoch  44/50  loss=0.7185  bal_acc=0.4306
  epoch  45/50  loss=0.7091  bal_acc=0.4514
  epoch  46/50  loss=0.7025  bal_acc=0.4444
  epoch  47/50  loss=0.6908  bal_acc=0.4601
  epoch  48/50  loss=0.6827  bal_acc=0.4514
  epoch  49/50  loss=0.6735  bal_acc=0.4358
  epoch  50/50  loss=0.6656  bal_acc=0.4323
  [LOSO 6/9] subject 5: acc=0.4323  running_mean=0.5113

=== LOSO (hold out subject 6) ===
  Train: 4608 trials  |  Test: 576 trials
  Model params: 42,375
  epoch   1/50  loss=1.3820  bal_acc=0.3125
  epoch   2/50  loss=1.3629  bal_acc=0.3750
  epoch   3/50  loss=1.3431  bal_acc=0.4010
  epoch   4/50  loss=1.3249  bal_acc=0.4167
  epoch   5/50  loss=1.3062  bal_acc=0.4462
  epoch   6/50  loss=1.2898  bal_acc=0.4583
  epoch   7/50  loss=1.2732  bal_acc=0.4514
  epoch   8/50  loss=1.2590  bal_acc=0.4601
  epoch   9/50  loss=1.2431  bal_acc=0.4635
  epoch  10/50  loss=1.2271  bal_acc=0.4826
  epoch  11/50  loss=1.2103  bal_acc=0.4913
  epoch  12/50  loss=1.1891  bal_acc=0.5052
  epoch  13/50  loss=1.1730  bal_acc=0.5174
  epoch  14/50  loss=1.1516  bal_acc=0.5486
  epoch  15/50  loss=1.1333  bal_acc=0.5625
  epoch  16/50  loss=1.1117  bal_acc=0.5729
  epoch  17/50  loss=1.0920  bal_acc=0.5868
  epoch  18/50  loss=1.0704  bal_acc=0.5938
  epoch  19/50  loss=1.0500  bal_acc=0.6094
  epoch  20/50  loss=1.0367  bal_acc=0.6163
  epoch  21/50  loss=1.0187  bal_acc=0.6163
  epoch  22/50  loss=1.0040  bal_acc=0.6233
  epoch  23/50  loss=0.9909  bal_acc=0.6111
  epoch  24/50  loss=0.9739  bal_acc=0.6128
  epoch  25/50  loss=0.9591  bal_acc=0.6215
  epoch  26/50  loss=0.9467  bal_acc=0.6354
  epoch  27/50  loss=0.9342  bal_acc=0.6319
  epoch  28/50  loss=0.9226  bal_acc=0.6406
  epoch  29/50  loss=0.9099  bal_acc=0.6389
  epoch  30/50  loss=0.8955  bal_acc=0.6354
  epoch  31/50  loss=0.8896  bal_acc=0.6285
  epoch  32/50  loss=0.8750  bal_acc=0.6233
  epoch  33/50  loss=0.8660  bal_acc=0.6285
  epoch  34/50  loss=0.8496  bal_acc=0.6302
  epoch  35/50  loss=0.8391  bal_acc=0.6267
  epoch  36/50  loss=0.8287  bal_acc=0.6250
  epoch  37/50  loss=0.8184  bal_acc=0.6389
  epoch  38/50  loss=0.8054  bal_acc=0.6337
  epoch  39/50  loss=0.7968  bal_acc=0.6545
  epoch  40/50  loss=0.7866  bal_acc=0.6267
  epoch  41/50  loss=0.7762  bal_acc=0.6580
  epoch  42/50  loss=0.7598  bal_acc=0.6372
  epoch  43/50  loss=0.7580  bal_acc=0.6597
  epoch  44/50  loss=0.7500  bal_acc=0.6406
  epoch  45/50  loss=0.7357  bal_acc=0.6024
  epoch  46/50  loss=0.7307  bal_acc=0.6372
  epoch  47/50  loss=0.7231  bal_acc=0.6128
  epoch  48/50  loss=0.7135  bal_acc=0.6424
  epoch  49/50  loss=0.7045  bal_acc=0.6302
  epoch  50/50  loss=0.6956  bal_acc=0.6458
  [LOSO 7/9] subject 6: acc=0.6458  running_mean=0.5305

=== LOSO (hold out subject 7) ===
  Train: 4608 trials  |  Test: 576 trials
  Model params: 42,375
  epoch   1/50  loss=1.3828  bal_acc=0.2778
  epoch   2/50  loss=1.3652  bal_acc=0.3229
  epoch   3/50  loss=1.3487  bal_acc=0.3472
  epoch   4/50  loss=1.3295  bal_acc=0.3229
  epoch   5/50  loss=1.3125  bal_acc=0.3646
  epoch   6/50  loss=1.2942  bal_acc=0.3611
  epoch   7/50  loss=1.2798  bal_acc=0.3785
  epoch   8/50  loss=1.2640  bal_acc=0.4028
  epoch   9/50  loss=1.2484  bal_acc=0.3941
  epoch  10/50  loss=1.2287  bal_acc=0.3837
  epoch  11/50  loss=1.2132  bal_acc=0.4132
  epoch  12/50  loss=1.1939  bal_acc=0.4115
  epoch  13/50  loss=1.1734  bal_acc=0.4427
  epoch  14/50  loss=1.1499  bal_acc=0.4444
  epoch  15/50  loss=1.1293  bal_acc=0.4583
  epoch  16/50  loss=1.1076  bal_acc=0.4722
  epoch  17/50  loss=1.0886  bal_acc=0.4722
  epoch  18/50  loss=1.0683  bal_acc=0.4722
  epoch  19/50  loss=1.0464  bal_acc=0.4861
  epoch  20/50  loss=1.0320  bal_acc=0.4948
  epoch  21/50  loss=1.0135  bal_acc=0.5069
  epoch  22/50  loss=0.9990  bal_acc=0.5139
  epoch  23/50  loss=0.9853  bal_acc=0.5069
  epoch  24/50  loss=0.9726  bal_acc=0.5191
  epoch  25/50  loss=0.9549  bal_acc=0.5174
  epoch  26/50  loss=0.9420  bal_acc=0.5295
  epoch  27/50  loss=0.9263  bal_acc=0.5295
  epoch  28/50  loss=0.9193  bal_acc=0.5451
  epoch  29/50  loss=0.9054  bal_acc=0.5260
  epoch  30/50  loss=0.8931  bal_acc=0.5226
  epoch  31/50  loss=0.8800  bal_acc=0.5156
  epoch  32/50  loss=0.8687  bal_acc=0.5347
  epoch  33/50  loss=0.8581  bal_acc=0.5590
  epoch  34/50  loss=0.8526  bal_acc=0.5538
  epoch  35/50  loss=0.8379  bal_acc=0.5295
  epoch  36/50  loss=0.8309  bal_acc=0.5694
  epoch  37/50  loss=0.8206  bal_acc=0.5347
  epoch  38/50  loss=0.8062  bal_acc=0.5660
  epoch  39/50  loss=0.7973  bal_acc=0.5799
  epoch  40/50  loss=0.7877  bal_acc=0.5694
  epoch  41/50  loss=0.7803  bal_acc=0.5677
  epoch  42/50  loss=0.7701  bal_acc=0.5903
  epoch  43/50  loss=0.7642  bal_acc=0.5903
  epoch  44/50  loss=0.7530  bal_acc=0.5903
  epoch  45/50  loss=0.7436  bal_acc=0.6128
  epoch  46/50  loss=0.7376  bal_acc=0.5781
  epoch  47/50  loss=0.7281  bal_acc=0.5955
  epoch  48/50  loss=0.7233  bal_acc=0.6042
  epoch  49/50  loss=0.7149  bal_acc=0.6094
  epoch  50/50  loss=0.7063  bal_acc=0.6059
  [LOSO 8/9] subject 7: acc=0.6059  running_mean=0.5399

=== LOSO (hold out subject 8) ===
  Train: 4608 trials  |  Test: 576 trials
  Model params: 42,375
  epoch   1/50  loss=1.3842  bal_acc=0.3125
  epoch   2/50  loss=1.3628  bal_acc=0.3438
  epoch   3/50  loss=1.3384  bal_acc=0.3281
  epoch   4/50  loss=1.3173  bal_acc=0.3594
  epoch   5/50  loss=1.2960  bal_acc=0.3507
  epoch   6/50  loss=1.2784  bal_acc=0.3299
  epoch   7/50  loss=1.2676  bal_acc=0.3837
  epoch   8/50  loss=1.2502  bal_acc=0.3785
  epoch   9/50  loss=1.2358  bal_acc=0.3646
  epoch  10/50  loss=1.2156  bal_acc=0.3767
  epoch  11/50  loss=1.1998  bal_acc=0.3368
  epoch  12/50  loss=1.1778  bal_acc=0.3750
  epoch  13/50  loss=1.1585  bal_acc=0.3837
  epoch  14/50  loss=1.1374  bal_acc=0.3906
  epoch  15/50  loss=1.1146  bal_acc=0.3941
  epoch  16/50  loss=1.0976  bal_acc=0.4219
  epoch  17/50  loss=1.0760  bal_acc=0.4236
  epoch  18/50  loss=1.0563  bal_acc=0.4392
  epoch  19/50  loss=1.0377  bal_acc=0.4601
  epoch  20/50  loss=1.0185  bal_acc=0.4479
  epoch  21/50  loss=1.0041  bal_acc=0.4271
  epoch  22/50  loss=0.9851  bal_acc=0.4618
  epoch  23/50  loss=0.9715  bal_acc=0.4792
  epoch  24/50  loss=0.9576  bal_acc=0.4774
  epoch  25/50  loss=0.9449  bal_acc=0.4792
  epoch  26/50  loss=0.9269  bal_acc=0.4792
  epoch  27/50  loss=0.9152  bal_acc=0.4931
  epoch  28/50  loss=0.9031  bal_acc=0.5000
  epoch  29/50  loss=0.8899  bal_acc=0.4948
  epoch  30/50  loss=0.8740  bal_acc=0.4983
  epoch  31/50  loss=0.8624  bal_acc=0.4913
  epoch  32/50  loss=0.8524  bal_acc=0.5174
  epoch  33/50  loss=0.8380  bal_acc=0.4983
  epoch  34/50  loss=0.8315  bal_acc=0.5087
  epoch  35/50  loss=0.8141  bal_acc=0.5139
  epoch  36/50  loss=0.8064  bal_acc=0.4948
  epoch  37/50  loss=0.7952  bal_acc=0.5174
  epoch  38/50  loss=0.7881  bal_acc=0.5278
  epoch  39/50  loss=0.7772  bal_acc=0.5035
  epoch  40/50  loss=0.7701  bal_acc=0.5139
  epoch  41/50  loss=0.7582  bal_acc=0.5208
  epoch  42/50  loss=0.7498  bal_acc=0.5122
  epoch  43/50  loss=0.7374  bal_acc=0.5069
  epoch  44/50  loss=0.7307  bal_acc=0.5278
  epoch  45/50  loss=0.7276  bal_acc=0.5243
  epoch  46/50  loss=0.7148  bal_acc=0.5260
  epoch  47/50  loss=0.7154  bal_acc=0.5243
  epoch  48/50  loss=0.7008  bal_acc=0.5191
  epoch  49/50  loss=0.6952  bal_acc=0.5312
  epoch  50/50  loss=0.6886  bal_acc=0.5295
  [LOSO 9/9] subject 8: acc=0.5295  running_mean=0.5388
Results saved to results/BNCI2014_001/results_trial_58.json
Trial logged to results/BNCI2014_001/trials.csv
[status] trial 58 done (state=COMPLETE, value=0.5387731481481481) -- 54 completed total
Device: cuda
[BNCI2014_001] loading from cache: /home/aleksander.berezowsk/.cache/spiking_eegnet/BNCI2014_001_af1ccf3e92f684d8a93c057082b654d7.npz
[BNCI2014_001] cache hit: (5184, 1, 22, 1001), classes=['feet', 'left_hand', 'right_hand', 'tongue'], subjects=9
Dataset meta: {'n_classes': 4, 'n_channels': 22, 'n_samples': 1001, 'class_names': ['feet', 'left_hand', 'right_hand', 'tongue'], 'subject_list': [1, 2, 3, 4, 5, 6, 7, 8, 9], 'n_subjects': 9, 'sfreq': 250.0}

=== LOSO (hold out subject 0) ===
  Train: 4608 trials  |  Test: 576 trials
  Model params: 7,466
  epoch   1/50  loss=1.2547  bal_acc=0.4410
  epoch   2/50  loss=1.0365  bal_acc=0.4566
  epoch   3/50  loss=0.9116  bal_acc=0.4844
  epoch   4/50  loss=0.8519  bal_acc=0.5816
  epoch   5/50  loss=0.7969  bal_acc=0.5556
  epoch   6/50  loss=0.7372  bal_acc=0.5503
  epoch   7/50  loss=0.6987  bal_acc=0.5677
  epoch   8/50  loss=0.6770  bal_acc=0.6059
  epoch   9/50  loss=0.6219  bal_acc=0.5747
  epoch  10/50  loss=0.6244  bal_acc=0.6146
  epoch  11/50  loss=0.5998  bal_acc=0.5764
  epoch  12/50  loss=0.5831  bal_acc=0.6007
  epoch  13/50  loss=0.5639  bal_acc=0.5868
  epoch  14/50  loss=0.5461  bal_acc=0.6233
  epoch  15/50  loss=0.5162  bal_acc=0.5972
  epoch  16/50  loss=0.5234  bal_acc=0.6024
  epoch  17/50  loss=0.4991  bal_acc=0.6372
  epoch  18/50  loss=0.4840  bal_acc=0.6128
  epoch  19/50  loss=0.4937  bal_acc=0.5920
  epoch  20/50  loss=0.4621  bal_acc=0.6042
  epoch  21/50  loss=0.4573  bal_acc=0.5990
  epoch  22/50  loss=0.4516  bal_acc=0.6250
  epoch  23/50  loss=0.4240  bal_acc=0.6181
  epoch  24/50  loss=0.4336  bal_acc=0.6128
  epoch  25/50  loss=0.4234  bal_acc=0.6337
  epoch  26/50  loss=0.4218  bal_acc=0.6215
  epoch  27/50  loss=0.4224  bal_acc=0.6059
  epoch  28/50  loss=0.4129  bal_acc=0.6267
  epoch  29/50  loss=0.3859  bal_acc=0.6007
  epoch  30/50  loss=0.3817  bal_acc=0.6111
  epoch  31/50  loss=0.3903  bal_acc=0.6111
  epoch  32/50  loss=0.3660  bal_acc=0.6337
  epoch  33/50  loss=0.3548  bal_acc=0.5938
  epoch  34/50  loss=0.3643  bal_acc=0.5903
  epoch  35/50  loss=0.3862  bal_acc=0.6007
  epoch  36/50  loss=0.3758  bal_acc=0.6181
  epoch  37/50  loss=0.3597  bal_acc=0.6181
  epoch  38/50  loss=0.3427  bal_acc=0.6302
  epoch  39/50  loss=0.3367  bal_acc=0.6319
  epoch  40/50  loss=0.3479  bal_acc=0.6024
  epoch  41/50  loss=0.3457  bal_acc=0.6042
  epoch  42/50  loss=0.3347  bal_acc=0.6111
  epoch  43/50  loss=0.3398  bal_acc=0.6163
  epoch  44/50  loss=0.3294  bal_acc=0.6111
  epoch  45/50  loss=0.3334  bal_acc=0.6094
  epoch  46/50  loss=0.3055  bal_acc=0.6024
  epoch  47/50  loss=0.3264  bal_acc=0.6076
  epoch  48/50  loss=0.3233  bal_acc=0.5938
  epoch  49/50  loss=0.3034  bal_acc=0.5920
  epoch  50/50  loss=0.3007  bal_acc=0.6181
  [LOSO 1/9] subject 0: acc=0.6181  running_mean=0.6181

=== LOSO (hold out subject 1) ===
  Train: 4608 trials  |  Test: 576 trials
  Model params: 7,466
  epoch   1/50  loss=1.2749  bal_acc=0.3889
  epoch   2/50  loss=1.0250  bal_acc=0.3750
  epoch   3/50  loss=0.8934  bal_acc=0.3819
  epoch   4/50  loss=0.7973  bal_acc=0.4670
  epoch   5/50  loss=0.7522  bal_acc=0.4792
  epoch   6/50  loss=0.6874  bal_acc=0.4410
  epoch   7/50  loss=0.6766  bal_acc=0.4514
  epoch   8/50  loss=0.6357  bal_acc=0.4497
  epoch   9/50  loss=0.5986  bal_acc=0.4392
  epoch  10/50  loss=0.5880  bal_acc=0.4375
  epoch  11/50  loss=0.5431  bal_acc=0.4566
  epoch  12/50  loss=0.5462  bal_acc=0.4479
  epoch  13/50  loss=0.5338  bal_acc=0.4635
  epoch  14/50  loss=0.5020  bal_acc=0.4358
  epoch  15/50  loss=0.4873  bal_acc=0.4878
  epoch  16/50  loss=0.4643  bal_acc=0.4410
  epoch  17/50  loss=0.4325  bal_acc=0.4253
  epoch  18/50  loss=0.4444  bal_acc=0.4844
  epoch  19/50  loss=0.4239  bal_acc=0.4392
  epoch  20/50  loss=0.4260  bal_acc=0.4340
  epoch  21/50  loss=0.4287  bal_acc=0.4549
  epoch  22/50  loss=0.4106  bal_acc=0.4601
  epoch  23/50  loss=0.4095  bal_acc=0.4375
  epoch  24/50  loss=0.3951  bal_acc=0.4618
  epoch  25/50  loss=0.3954  bal_acc=0.4462
  epoch  26/50  loss=0.3782  bal_acc=0.4688
  epoch  27/50  loss=0.3857  bal_acc=0.4288
  epoch  28/50  loss=0.3585  bal_acc=0.4549
  epoch  29/50  loss=0.3491  bal_acc=0.4861
  epoch  30/50  loss=0.3400  bal_acc=0.4497
  epoch  31/50  loss=0.3406  bal_acc=0.4757
  epoch  32/50  loss=0.3503  bal_acc=0.4705
  epoch  33/50  loss=0.3578  bal_acc=0.4323
  epoch  34/50  loss=0.3319  bal_acc=0.4566
  epoch  35/50  loss=0.3443  bal_acc=0.4583
  epoch  36/50  loss=0.3484  bal_acc=0.4635
  epoch  37/50  loss=0.3136  bal_acc=0.4462
  epoch  38/50  loss=0.3235  bal_acc=0.4392
  epoch  39/50  loss=0.3124  bal_acc=0.4514
  epoch  40/50  loss=0.3095  bal_acc=0.4670
  epoch  41/50  loss=0.3182  bal_acc=0.4115
  epoch  42/50  loss=0.3068  bal_acc=0.4635
  epoch  43/50  loss=0.2768  bal_acc=0.4549
  epoch  44/50  loss=0.3048  bal_acc=0.4792
  epoch  45/50  loss=0.3224  bal_acc=0.4531
  epoch  46/50  loss=0.2994  bal_acc=0.4653
  epoch  47/50  loss=0.2875  bal_acc=0.4392
  epoch  48/50  loss=0.2905  bal_acc=0.4531
  epoch  49/50  loss=0.2712  bal_acc=0.4479
  epoch  50/50  loss=0.2623  bal_acc=0.4705
  [LOSO 2/9] subject 1: acc=0.4705  running_mean=0.5443

=== LOSO (hold out subject 2) ===
  Train: 4608 trials  |  Test: 576 trials
  Model params: 7,466
  epoch   1/50  loss=1.2886  bal_acc=0.4740
  epoch   2/50  loss=1.0969  bal_acc=0.5451
  epoch   3/50  loss=0.9877  bal_acc=0.5885
  epoch   4/50  loss=0.9110  bal_acc=0.6198
  epoch   5/50  loss=0.8250  bal_acc=0.6562
  epoch   6/50  loss=0.7811  bal_acc=0.7049
  epoch   7/50  loss=0.7444  bal_acc=0.6233
  epoch   8/50  loss=0.7174  bal_acc=0.7205
  epoch   9/50  loss=0.6900  bal_acc=0.6285
  epoch  10/50  loss=0.6304  bal_acc=0.6875
  epoch  11/50  loss=0.6384  bal_acc=0.7205
  epoch  12/50  loss=0.6274  bal_acc=0.6979
  epoch  13/50  loss=0.5978  bal_acc=0.6667
  epoch  14/50  loss=0.5871  bal_acc=0.7049
  epoch  15/50  loss=0.5651  bal_acc=0.7326
  epoch  16/50  loss=0.5419  bal_acc=0.7188
  epoch  17/50  loss=0.5456  bal_acc=0.7257
  epoch  18/50  loss=0.5227  bal_acc=0.7066
  epoch  19/50  loss=0.5161  bal_acc=0.6858
  epoch  20/50  loss=0.5039  bal_acc=0.7066
  epoch  21/50  loss=0.4910  bal_acc=0.6788
  epoch  22/50  loss=0.4799  bal_acc=0.6806
  epoch  23/50  loss=0.4629  bal_acc=0.7344
  epoch  24/50  loss=0.4519  bal_acc=0.7222
  epoch  25/50  loss=0.4601  bal_acc=0.7309
  epoch  26/50  loss=0.4409  bal_acc=0.6858
  epoch  27/50  loss=0.4399  bal_acc=0.6997
  epoch  28/50  loss=0.4383  bal_acc=0.7118
  epoch  29/50  loss=0.4255  bal_acc=0.6997
  epoch  30/50  loss=0.4208  bal_acc=0.6979
  epoch  31/50  loss=0.4085  bal_acc=0.7014
  epoch  32/50  loss=0.4133  bal_acc=0.7083
  epoch  33/50  loss=0.3859  bal_acc=0.7274
  epoch  34/50  loss=0.3689  bal_acc=0.7378
  epoch  35/50  loss=0.3699  bal_acc=0.7604
  epoch  36/50  loss=0.3649  bal_acc=0.7101
  epoch  37/50  loss=0.3836  bal_acc=0.6979
  epoch  38/50  loss=0.3690  bal_acc=0.6997
  epoch  39/50  loss=0.3739  bal_acc=0.6962
  epoch  40/50  loss=0.3600  bal_acc=0.7188
  epoch  41/50  loss=0.3486  bal_acc=0.7344
  epoch  42/50  loss=0.3369  bal_acc=0.7344
  epoch  43/50  loss=0.3642  bal_acc=0.7170
  epoch  44/50  loss=0.3676  bal_acc=0.7118
  epoch  45/50  loss=0.3342  bal_acc=0.7101
  epoch  46/50  loss=0.3470  bal_acc=0.7205
  epoch  47/50  loss=0.3377  bal_acc=0.7396
  epoch  48/50  loss=0.3421  bal_acc=0.7465
  epoch  49/50  loss=0.3620  bal_acc=0.7031
  epoch  50/50  loss=0.3438  bal_acc=0.7274
  [LOSO 3/9] subject 2: acc=0.7274  running_mean=0.6053

=== LOSO (hold out subject 3) ===
  Train: 4608 trials  |  Test: 576 trials
  Model params: 7,466
  epoch   1/50  loss=1.2511  bal_acc=0.3802
  epoch   2/50  loss=1.0092  bal_acc=0.4063
  epoch   3/50  loss=0.8811  bal_acc=0.4062
  epoch   4/50  loss=0.7872  bal_acc=0.4566
  epoch   5/50  loss=0.7399  bal_acc=0.4653
  epoch   6/50  loss=0.7047  bal_acc=0.4253
  epoch   7/50  loss=0.6687  bal_acc=0.4583
  epoch   8/50  loss=0.6503  bal_acc=0.4670
  epoch   9/50  loss=0.6103  bal_acc=0.4705
  epoch  10/50  loss=0.5966  bal_acc=0.4670
  epoch  11/50  loss=0.5663  bal_acc=0.5191
  epoch  12/50  loss=0.5503  bal_acc=0.4340
  epoch  13/50  loss=0.5477  bal_acc=0.4705
  epoch  14/50  loss=0.5378  bal_acc=0.4462
  epoch  15/50  loss=0.4920  bal_acc=0.5035
  epoch  16/50  loss=0.5140  bal_acc=0.4583
  epoch  17/50  loss=0.4914  bal_acc=0.4826
  epoch  18/50  loss=0.4693  bal_acc=0.4722
  epoch  19/50  loss=0.4620  bal_acc=0.4722
  epoch  20/50  loss=0.4691  bal_acc=0.4757
  epoch  21/50  loss=0.4372  bal_acc=0.5208
  epoch  22/50  loss=0.4063  bal_acc=0.4861
  epoch  23/50  loss=0.4334  bal_acc=0.5260
  epoch  24/50  loss=0.4096  bal_acc=0.4722
  epoch  25/50  loss=0.4078  bal_acc=0.4965
  epoch  26/50  loss=0.4098  bal_acc=0.4809
  epoch  27/50  loss=0.3902  bal_acc=0.4618
  epoch  28/50  loss=0.3887  bal_acc=0.5243
  epoch  29/50  loss=0.3832  bal_acc=0.4757
  epoch  30/50  loss=0.3918  bal_acc=0.4931
  epoch  31/50  loss=0.3906  bal_acc=0.4635
  epoch  32/50  loss=0.3655  bal_acc=0.4583
  epoch  33/50  loss=0.3623  bal_acc=0.4757
  epoch  34/50  loss=0.3615  bal_acc=0.5069
  epoch  35/50  loss=0.3537  bal_acc=0.4670
  epoch  36/50  loss=0.3306  bal_acc=0.4792
  epoch  37/50  loss=0.3425  bal_acc=0.5035
  epoch  38/50  loss=0.3248  bal_acc=0.4826
  epoch  39/50  loss=0.3318  bal_acc=0.4861
  epoch  40/50  loss=0.3249  bal_acc=0.4913
  epoch  41/50  loss=0.3368  bal_acc=0.4601
  epoch  42/50  loss=0.3188  bal_acc=0.4896
  epoch  43/50  loss=0.3190  bal_acc=0.4861
  epoch  44/50  loss=0.2956  bal_acc=0.4826
  epoch  45/50  loss=0.3138  bal_acc=0.4566
  epoch  46/50  loss=0.3150  bal_acc=0.4531
  epoch  47/50  loss=0.2966  bal_acc=0.4635
  epoch  48/50  loss=0.3143  bal_acc=0.4740
  epoch  49/50  loss=0.3183  bal_acc=0.4740
  epoch  50/50  loss=0.3018  bal_acc=0.4844
  [LOSO 4/9] subject 3: acc=0.4844  running_mean=0.5751

=== LOSO (hold out subject 4) ===
  Train: 4608 trials  |  Test: 576 trials
  Model params: 7,466
  epoch   1/50  loss=1.2602  bal_acc=0.4184
  epoch   2/50  loss=1.0063  bal_acc=0.4826
  epoch   3/50  loss=0.9107  bal_acc=0.4306
  epoch   4/50  loss=0.8019  bal_acc=0.3924
  epoch   5/50  loss=0.7498  bal_acc=0.4896
  epoch   6/50  loss=0.7000  bal_acc=0.5087
  epoch   7/50  loss=0.6841  bal_acc=0.4653
  epoch   8/50  loss=0.6260  bal_acc=0.4497
  epoch   9/50  loss=0.6102  bal_acc=0.5434
  epoch  10/50  loss=0.5880  bal_acc=0.4705
  epoch  11/50  loss=0.5517  bal_acc=0.4149
  epoch  12/50  loss=0.5540  bal_acc=0.4149
  epoch  13/50  loss=0.5347  bal_acc=0.5052
  epoch  14/50  loss=0.5176  bal_acc=0.4878
  epoch  15/50  loss=0.5139  bal_acc=0.4809
  epoch  16/50  loss=0.4786  bal_acc=0.5347
  epoch  17/50  loss=0.4705  bal_acc=0.5434
  epoch  18/50  loss=0.4691  bal_acc=0.5642
  epoch  19/50  loss=0.4409  bal_acc=0.4514
  epoch  20/50  loss=0.4529  bal_acc=0.5399
  epoch  21/50  loss=0.4416  bal_acc=0.4913
  epoch  22/50  loss=0.4412  bal_acc=0.5608
  epoch  23/50  loss=0.4178  bal_acc=0.5312
  epoch  24/50  loss=0.4327  bal_acc=0.4948
  epoch  25/50  loss=0.4069  bal_acc=0.5139
  epoch  26/50  loss=0.4142  bal_acc=0.5069
  epoch  27/50  loss=0.3996  bal_acc=0.5052
  epoch  28/50  loss=0.3632  bal_acc=0.5694
  epoch  29/50  loss=0.3770  bal_acc=0.5694
  epoch  30/50  loss=0.3756  bal_acc=0.5208
  epoch  31/50  loss=0.3497  bal_acc=0.5087
  epoch  32/50  loss=0.3633  bal_acc=0.5191
  epoch  33/50  loss=0.3650  bal_acc=0.5191
  epoch  34/50  loss=0.3653  bal_acc=0.6007
  epoch  35/50  loss=0.3397  bal_acc=0.5469
  epoch  36/50  loss=0.3608  bal_acc=0.5833
  epoch  37/50  loss=0.3380  bal_acc=0.5330
  epoch  38/50  loss=0.3201  bal_acc=0.5399
  epoch  39/50  loss=0.3299  bal_acc=0.5035
  epoch  40/50  loss=0.3237  bal_acc=0.5156
  epoch  41/50  loss=0.3318  bal_acc=0.5556
  epoch  42/50  loss=0.3448  bal_acc=0.5521
  epoch  43/50  loss=0.3176  bal_acc=0.5590
  epoch  44/50  loss=0.3151  bal_acc=0.5556
  epoch  45/50  loss=0.3277  bal_acc=0.5608
  epoch  46/50  loss=0.2926  bal_acc=0.5920
  epoch  47/50  loss=0.3120  bal_acc=0.5642
  epoch  48/50  loss=0.3112  bal_acc=0.5990
  epoch  49/50  loss=0.3064  bal_acc=0.5799
  epoch  50/50  loss=0.3200  bal_acc=0.5955
  [LOSO 5/9] subject 4: acc=0.5955  running_mean=0.5792

=== LOSO (hold out subject 5) ===
  Train: 4608 trials  |  Test: 576 trials
  Model params: 7,466
  epoch   1/50  loss=1.2428  bal_acc=0.4583
  epoch   2/50  loss=0.9935  bal_acc=0.4323
  epoch   3/50  loss=0.8337  bal_acc=0.4288
  epoch   4/50  loss=0.7834  bal_acc=0.3906
  epoch   5/50  loss=0.7281  bal_acc=0.4375
  epoch   6/50  loss=0.7002  bal_acc=0.3646
  epoch   7/50  loss=0.6646  bal_acc=0.4045
  epoch   8/50  loss=0.6312  bal_acc=0.4132
  epoch   9/50  loss=0.5967  bal_acc=0.4566
  epoch  10/50  loss=0.5931  bal_acc=0.3785
  epoch  11/50  loss=0.5633  bal_acc=0.3802
  epoch  12/50  loss=0.5551  bal_acc=0.3924
  epoch  13/50  loss=0.5343  bal_acc=0.4149
  epoch  14/50  loss=0.5244  bal_acc=0.4149
  epoch  15/50  loss=0.5102  bal_acc=0.3976
  epoch  16/50  loss=0.4746  bal_acc=0.3542
  epoch  17/50  loss=0.4914  bal_acc=0.4253
  epoch  18/50  loss=0.4386  bal_acc=0.4253
  epoch  19/50  loss=0.4622  bal_acc=0.4844
  epoch  20/50  loss=0.4268  bal_acc=0.3785
  epoch  21/50  loss=0.4232  bal_acc=0.4080
  epoch  22/50  loss=0.4264  bal_acc=0.3681
  epoch  23/50  loss=0.4097  bal_acc=0.3559
  epoch  24/50  loss=0.4116  bal_acc=0.4149
  epoch  25/50  loss=0.3863  bal_acc=0.3663
  epoch  26/50  loss=0.3940  bal_acc=0.4062
  epoch  27/50  loss=0.3720  bal_acc=0.4132
  epoch  28/50  loss=0.3862  bal_acc=0.3472
  epoch  29/50  loss=0.3747  bal_acc=0.3628
  epoch  30/50  loss=0.3732  bal_acc=0.3507
  epoch  31/50  loss=0.3732  bal_acc=0.3628
  epoch  32/50  loss=0.3536  bal_acc=0.3646
  epoch  33/50  loss=0.3555  bal_acc=0.3785
  epoch  34/50  loss=0.3381  bal_acc=0.4306
  epoch  35/50  loss=0.3487  bal_acc=0.3802
  epoch  36/50  loss=0.3291  bal_acc=0.4358
  epoch  37/50  loss=0.3212  bal_acc=0.3854
  epoch  38/50  loss=0.3267  bal_acc=0.4115
  epoch  39/50  loss=0.2901  bal_acc=0.4479
  epoch  40/50  loss=0.3209  bal_acc=0.3958
  epoch  41/50  loss=0.3022  bal_acc=0.4253
  epoch  42/50  loss=0.2935  bal_acc=0.4306
  epoch  43/50  loss=0.3007  bal_acc=0.3993
  epoch  44/50  loss=0.2970  bal_acc=0.3906
  epoch  45/50  loss=0.2784  bal_acc=0.4219
  epoch  46/50  loss=0.3005  bal_acc=0.4201
  epoch  47/50  loss=0.2949  bal_acc=0.3663
  epoch  48/50  loss=0.2860  bal_acc=0.3628
  epoch  49/50  loss=0.2963  bal_acc=0.3715
  epoch  50/50  loss=0.2938  bal_acc=0.3854
  [LOSO 6/9] subject 5: acc=0.3854  running_mean=0.5469

=== LOSO (hold out subject 6) ===
  Train: 4608 trials  |  Test: 576 trials
  Model params: 7,466
  epoch   1/50  loss=1.2723  bal_acc=0.5486
  epoch   2/50  loss=1.0364  bal_acc=0.5417
  epoch   3/50  loss=0.9194  bal_acc=0.5799
  epoch   4/50  loss=0.8419  bal_acc=0.5764
  epoch   5/50  loss=0.8026  bal_acc=0.6042
  epoch   6/50  loss=0.7414  bal_acc=0.6007
  epoch   7/50  loss=0.7084  bal_acc=0.6059
  epoch   8/50  loss=0.6582  bal_acc=0.5885
  epoch   9/50  loss=0.6414  bal_acc=0.5260
  epoch  10/50  loss=0.6230  bal_acc=0.5955
  epoch  11/50  loss=0.5886  bal_acc=0.6111
  epoch  12/50  loss=0.5727  bal_acc=0.5868
  epoch  13/50  loss=0.5497  bal_acc=0.6389
  epoch  14/50  loss=0.5395  bal_acc=0.6389
  epoch  15/50  loss=0.5154  bal_acc=0.6389
  epoch  16/50  loss=0.5126  bal_acc=0.5990
  epoch  17/50  loss=0.4865  bal_acc=0.5972
  epoch  18/50  loss=0.4819  bal_acc=0.6267
  epoch  19/50  loss=0.4819  bal_acc=0.6736
  epoch  20/50  loss=0.4470  bal_acc=0.6094
  epoch  21/50  loss=0.4500  bal_acc=0.6424
  epoch  22/50  loss=0.4340  bal_acc=0.6528
  epoch  23/50  loss=0.4426  bal_acc=0.5451
  epoch  24/50  loss=0.4276  bal_acc=0.6406
  epoch  25/50  loss=0.4097  bal_acc=0.5885
  epoch  26/50  loss=0.4179  bal_acc=0.6094
  epoch  27/50  loss=0.4004  bal_acc=0.6319
  epoch  28/50  loss=0.3917  bal_acc=0.6198
  epoch  29/50  loss=0.3897  bal_acc=0.6094
  epoch  30/50  loss=0.3730  bal_acc=0.6476
  epoch  31/50  loss=0.3807  bal_acc=0.6198
  epoch  32/50  loss=0.3511  bal_acc=0.6406
  epoch  33/50  loss=0.3809  bal_acc=0.6354
  epoch  34/50  loss=0.3816  bal_acc=0.6163
  epoch  35/50  loss=0.3616  bal_acc=0.6562
  epoch  36/50  loss=0.3417  bal_acc=0.6076
  epoch  37/50  loss=0.3384  bal_acc=0.5573
  epoch  38/50  loss=0.3419  bal_acc=0.6285
  epoch  39/50  loss=0.3358  bal_acc=0.6528
  epoch  40/50  loss=0.3267  bal_acc=0.6181
  epoch  41/50  loss=0.3287  bal_acc=0.5885
  epoch  42/50  loss=0.3135  bal_acc=0.6128
  epoch  43/50  loss=0.3114  bal_acc=0.6389
  epoch  44/50  loss=0.3233  bal_acc=0.6198
  epoch  45/50  loss=0.3324  bal_acc=0.6372
  epoch  46/50  loss=0.3044  bal_acc=0.5833
  epoch  47/50  loss=0.3079  bal_acc=0.6198
  epoch  48/50  loss=0.3069  bal_acc=0.6684
  epoch  49/50  loss=0.2999  bal_acc=0.5851
  epoch  50/50  loss=0.2897  bal_acc=0.6007
  [LOSO 7/9] subject 6: acc=0.6007  running_mean=0.5546

=== LOSO (hold out subject 7) ===
  Train: 4608 trials  |  Test: 576 trials
  Model params: 7,466
  epoch   1/50  loss=1.2468  bal_acc=0.4878
  epoch   2/50  loss=1.0517  bal_acc=0.5122
  epoch   3/50  loss=0.9399  bal_acc=0.5295
  epoch   4/50  loss=0.8776  bal_acc=0.6285
  epoch   5/50  loss=0.7892  bal_acc=0.6042
  epoch   6/50  loss=0.7527  bal_acc=0.6337
  epoch   7/50  loss=0.7032  bal_acc=0.6406
  epoch   8/50  loss=0.6836  bal_acc=0.6597
  epoch   9/50  loss=0.6554  bal_acc=0.6736
  epoch  10/50  loss=0.6165  bal_acc=0.5833
  epoch  11/50  loss=0.5894  bal_acc=0.6354
  epoch  12/50  loss=0.5567  bal_acc=0.6510
  epoch  13/50  loss=0.5616  bal_acc=0.6615
  epoch  14/50  loss=0.5296  bal_acc=0.6771
  epoch  15/50  loss=0.5188  bal_acc=0.6806
  epoch  16/50  loss=0.5077  bal_acc=0.6771
  epoch  17/50  loss=0.4886  bal_acc=0.6476
  epoch  18/50  loss=0.4900  bal_acc=0.6510
  epoch  19/50  loss=0.4848  bal_acc=0.6632
  epoch  20/50  loss=0.4629  bal_acc=0.6319
  epoch  21/50  loss=0.4458  bal_acc=0.6615
  epoch  22/50  loss=0.4390  bal_acc=0.6163
  epoch  23/50  loss=0.4301  bal_acc=0.6406
  epoch  24/50  loss=0.4380  bal_acc=0.6302
  epoch  25/50  loss=0.4265  bal_acc=0.6198
  epoch  26/50  loss=0.4104  bal_acc=0.6493
  epoch  27/50  loss=0.4347  bal_acc=0.6823
  epoch  28/50  loss=0.4159  bal_acc=0.6424
  epoch  29/50  loss=0.4026  bal_acc=0.6753
  epoch  30/50  loss=0.3846  bal_acc=0.6545
  epoch  31/50  loss=0.3926  bal_acc=0.6146
  epoch  32/50  loss=0.3647  bal_acc=0.6372
  epoch  33/50  loss=0.3658  bal_acc=0.6580
  epoch  34/50  loss=0.3736  bal_acc=0.6580
  epoch  35/50  loss=0.3725  bal_acc=0.6580
  epoch  36/50  loss=0.3652  bal_acc=0.6528
  epoch  37/50  loss=0.3600  bal_acc=0.6024
  epoch  38/50  loss=0.3606  bal_acc=0.6719
  epoch  39/50  loss=0.3364  bal_acc=0.6441
  epoch  40/50  loss=0.3199  bal_acc=0.6649
  epoch  41/50  loss=0.3429  bal_acc=0.6285
  epoch  42/50  loss=0.3432  bal_acc=0.6597
  epoch  43/50  loss=0.3219  bal_acc=0.6441
  epoch  44/50  loss=0.3077  bal_acc=0.6476
  epoch  45/50  loss=0.2990  bal_acc=0.6441
  epoch  46/50  loss=0.3192  bal_acc=0.6788
  epoch  47/50  loss=0.3111  bal_acc=0.6510
  epoch  48/50  loss=0.3287  bal_acc=0.6337
  epoch  49/50  loss=0.3076  bal_acc=0.6181
  epoch  50/50  loss=0.3159  bal_acc=0.5955
  [LOSO 8/9] subject 7: acc=0.5955  running_mean=0.5597

=== LOSO (hold out subject 8) ===
  Train: 4608 trials  |  Test: 576 trials
  Model params: 7,466
  epoch   1/50  loss=1.2578  bal_acc=0.4010
  epoch   2/50  loss=1.0400  bal_acc=0.5017
  epoch   3/50  loss=0.9400  bal_acc=0.4896
  epoch   4/50  loss=0.8774  bal_acc=0.5278
  epoch   5/50  loss=0.8054  bal_acc=0.5451
  epoch   6/50  loss=0.7701  bal_acc=0.5312
  epoch   7/50  loss=0.7270  bal_acc=0.5330
  epoch   8/50  loss=0.7147  bal_acc=0.6059
  epoch   9/50  loss=0.6582  bal_acc=0.5660
  epoch  10/50  loss=0.6400  bal_acc=0.5712
  epoch  11/50  loss=0.6285  bal_acc=0.5399
  epoch  12/50  loss=0.6039  bal_acc=0.5260
  epoch  13/50  loss=0.5827  bal_acc=0.5417
  epoch  14/50  loss=0.5758  bal_acc=0.5851
  epoch  15/50  loss=0.5568  bal_acc=0.5625
  epoch  16/50  loss=0.5400  bal_acc=0.6024
  epoch  17/50  loss=0.5283  bal_acc=0.5747
  epoch  18/50  loss=0.5024  bal_acc=0.5538
  epoch  19/50  loss=0.4917  bal_acc=0.5972
  epoch  20/50  loss=0.4851  bal_acc=0.6007
  epoch  21/50  loss=0.4636  bal_acc=0.5799
  epoch  22/50  loss=0.4642  bal_acc=0.5521
  epoch  23/50  loss=0.4467  bal_acc=0.5521
  epoch  24/50  loss=0.4459  bal_acc=0.5833
  epoch  25/50  loss=0.4300  bal_acc=0.6024
  epoch  26/50  loss=0.4354  bal_acc=0.5747
  epoch  27/50  loss=0.4294  bal_acc=0.5816
  epoch  28/50  loss=0.4296  bal_acc=0.5868
  epoch  29/50  loss=0.4091  bal_acc=0.5521
  epoch  30/50  loss=0.3942  bal_acc=0.5833
  epoch  31/50  loss=0.3976  bal_acc=0.5851
  epoch  32/50  loss=0.3796  bal_acc=0.5833
  epoch  33/50  loss=0.3860  bal_acc=0.5920
  epoch  34/50  loss=0.3932  bal_acc=0.5608
  epoch  35/50  loss=0.3835  bal_acc=0.5833
  epoch  36/50  loss=0.3812  bal_acc=0.5799
  epoch  37/50  loss=0.3652  bal_acc=0.5885
  epoch  38/50  loss=0.3616  bal_acc=0.5694
  epoch  39/50  loss=0.3593  bal_acc=0.5920
  epoch  40/50  loss=0.3585  bal_acc=0.5503
  epoch  41/50  loss=0.3413  bal_acc=0.5990
  epoch  42/50  loss=0.3343  bal_acc=0.5694
  epoch  43/50  loss=0.3306  bal_acc=0.5972
  epoch  44/50  loss=0.3293  bal_acc=0.6233
  epoch  45/50  loss=0.3183  bal_acc=0.6059
  epoch  46/50  loss=0.3519  bal_acc=0.6042
  epoch  47/50  loss=0.3560  bal_acc=0.5972
  epoch  48/50  loss=0.3248  bal_acc=0.5712
  epoch  49/50  loss=0.3118  bal_acc=0.6059
  epoch  50/50  loss=0.3205  bal_acc=0.5781
  [LOSO 9/9] subject 8: acc=0.5781  running_mean=0.5617
Results saved to results/BNCI2014_001/results_trial_64.json
Trial logged to results/BNCI2014_001/trials.csv
[status] trial 64 done (state=COMPLETE, value=0.5617283950617283) -- 57 completed total
Device: cuda
[BNCI2014_001] loading from cache: /home/aleksander.berezowsk/.cache/spiking_eegnet/BNCI2014_001_af1ccf3e92f684d8a93c057082b654d7.npz
[BNCI2014_001] cache hit: (5184, 1, 22, 1001), classes=['feet', 'left_hand', 'right_hand', 'tongue'], subjects=9
Dataset meta: {'n_classes': 4, 'n_channels': 22, 'n_samples': 1001, 'class_names': ['feet', 'left_hand', 'right_hand', 'tongue'], 'subject_list': [1, 2, 3, 4, 5, 6, 7, 8, 9], 'n_subjects': 9, 'sfreq': 250.0}

=== LOSO (hold out subject 0) ===
  Train: 4608 trials  |  Test: 576 trials
  Model params: 12,770
  epoch   1/50  loss=1.2636  bal_acc=0.4497
  epoch   2/50  loss=0.9962  bal_acc=0.5312
  epoch   3/50  loss=0.8515  bal_acc=0.4688
  epoch   4/50  loss=0.7637  bal_acc=0.5035
  epoch   5/50  loss=0.7040  bal_acc=0.5208
  epoch   6/50  loss=0.6286  bal_acc=0.5694
  epoch   7/50  loss=0.5694  bal_acc=0.5816
  epoch   8/50  loss=0.5407  bal_acc=0.5920
  epoch   9/50  loss=0.4974  bal_acc=0.5938
  epoch  10/50  loss=0.4814  bal_acc=0.6233
  epoch  11/50  loss=0.4469  bal_acc=0.6198
  epoch  12/50  loss=0.3962  bal_acc=0.5938
  epoch  13/50  loss=0.3789  bal_acc=0.6076
  epoch  14/50  loss=0.3747  bal_acc=0.6146
  epoch  15/50  loss=0.3316  bal_acc=0.6181
  epoch  16/50  loss=0.3149  bal_acc=0.5747
  epoch  17/50  loss=0.3023  bal_acc=0.6024
  epoch  18/50  loss=0.2758  bal_acc=0.6337
  epoch  19/50  loss=0.2734  bal_acc=0.5885
  epoch  20/50  loss=0.2408  bal_acc=0.6389
  epoch  21/50  loss=0.2367  bal_acc=0.5885
  epoch  22/50  loss=0.2421  bal_acc=0.6493
  epoch  23/50  loss=0.2290  bal_acc=0.5990
  epoch  24/50  loss=0.2002  bal_acc=0.6181
  epoch  25/50  loss=0.2004  bal_acc=0.5799
  epoch  26/50  loss=0.1949  bal_acc=0.6146
  epoch  27/50  loss=0.1769  bal_acc=0.5833
  epoch  28/50  loss=0.2002  bal_acc=0.6094
  epoch  29/50  loss=0.1944  bal_acc=0.6042
  epoch  30/50  loss=0.1842  bal_acc=0.6302
  epoch  31/50  loss=0.1624  bal_acc=0.6267
  epoch  32/50  loss=0.1544  bal_acc=0.5955
  epoch  33/50  loss=0.1508  bal_acc=0.6250
  epoch  34/50  loss=0.1606  bal_acc=0.6250
  epoch  35/50  loss=0.1439  bal_acc=0.6302
  epoch  36/50  loss=0.1477  bal_acc=0.6094
  epoch  37/50  loss=0.1420  bal_acc=0.6267
  epoch  38/50  loss=0.1380  bal_acc=0.6198
  epoch  39/50  loss=0.1380  bal_acc=0.6163
  epoch  40/50  loss=0.1176  bal_acc=0.6076
  epoch  41/50  loss=0.1177  bal_acc=0.6076
  epoch  42/50  loss=0.1320  bal_acc=0.6250
  epoch  43/50  loss=0.1326  bal_acc=0.6458
  epoch  44/50  loss=0.1062  bal_acc=0.6059
  epoch  45/50  loss=0.1209  bal_acc=0.6215
  epoch  46/50  loss=0.1353  bal_acc=0.6319
  epoch  47/50  loss=0.1432  bal_acc=0.6510
  epoch  48/50  loss=0.1052  bal_acc=0.6059
  epoch  49/50  loss=0.0983  bal_acc=0.6024
  epoch  50/50  loss=0.0912  bal_acc=0.5990
  [LOSO 1/9] subject 0: acc=0.5990  running_mean=0.5990

=== LOSO (hold out subject 1) ===
  Train: 4608 trials  |  Test: 576 trials
  Model params: 12,770
  epoch   1/50  loss=1.2428  bal_acc=0.3646
  epoch   2/50  loss=0.9396  bal_acc=0.3976
  epoch   3/50  loss=0.8164  bal_acc=0.4514
  epoch   4/50  loss=0.7196  bal_acc=0.4497
  epoch   5/50  loss=0.6415  bal_acc=0.4670
  epoch   6/50  loss=0.5874  bal_acc=0.4340
  epoch   7/50  loss=0.5373  bal_acc=0.4358
  epoch   8/50  loss=0.4988  bal_acc=0.4549
  epoch   9/50  loss=0.4686  bal_acc=0.4358
  epoch  10/50  loss=0.4416  bal_acc=0.3767
  epoch  11/50  loss=0.4093  bal_acc=0.4479
  epoch  12/50  loss=0.3750  bal_acc=0.4444
  epoch  13/50  loss=0.3434  bal_acc=0.4358
  epoch  14/50  loss=0.3299  bal_acc=0.3854
  epoch  15/50  loss=0.3203  bal_acc=0.4375
  epoch  16/50  loss=0.2921  bal_acc=0.4566
  epoch  17/50  loss=0.2794  bal_acc=0.4635
  epoch  18/50  loss=0.2797  bal_acc=0.4340
  epoch  19/50  loss=0.2756  bal_acc=0.4601
  epoch  20/50  loss=0.2280  bal_acc=0.4670
  epoch  21/50  loss=0.2400  bal_acc=0.4670
  epoch  22/50  loss=0.2318  bal_acc=0.4497
  epoch  23/50  loss=0.2140  bal_acc=0.4392
  epoch  24/50  loss=0.1900  bal_acc=0.4479
  epoch  25/50  loss=0.2088  bal_acc=0.4427
  epoch  26/50  loss=0.1988  bal_acc=0.4497
  epoch  27/50  loss=0.1943  bal_acc=0.4618
  epoch  28/50  loss=0.1810  bal_acc=0.4479
  epoch  29/50  loss=0.1603  bal_acc=0.4427
  epoch  30/50  loss=0.1495  bal_acc=0.4184
  epoch  31/50  loss=0.1514  bal_acc=0.4653
  epoch  32/50  loss=0.1565  bal_acc=0.4670
  epoch  33/50  loss=0.1531  bal_acc=0.4705
  epoch  34/50  loss=0.1589  bal_acc=0.4549
  epoch  35/50  loss=0.1395  bal_acc=0.4618
  epoch  36/50  loss=0.1277  bal_acc=0.4306
  epoch  37/50  loss=0.1200  bal_acc=0.4566
  epoch  38/50  loss=0.1370  bal_acc=0.4566
  epoch  39/50  loss=0.1305  bal_acc=0.4931
  epoch  40/50  loss=0.1182  bal_acc=0.4479
  epoch  41/50  loss=0.1209  bal_acc=0.4358
  epoch  42/50  loss=0.1182  bal_acc=0.4479
  epoch  43/50  loss=0.1114  bal_acc=0.4809
  epoch  44/50  loss=0.1256  bal_acc=0.4722
  epoch  45/50  loss=0.1127  bal_acc=0.4444
  epoch  46/50  loss=0.1271  bal_acc=0.4410
  epoch  47/50  loss=0.1154  bal_acc=0.4306
  epoch  48/50  loss=0.1170  bal_acc=0.4878
  epoch  49/50  loss=0.1009  bal_acc=0.4722
  epoch  50/50  loss=0.0996  bal_acc=0.4722
  [LOSO 2/9] subject 1: acc=0.4722  running_mean=0.5356

=== LOSO (hold out subject 2) ===
  Train: 4608 trials  |  Test: 576 trials
  Model params: 12,770
Finished : Sun Jul  5 19:56:52 MDT 2026
Exit code: 0
